question,answer,contexts,ground_truth,question_type,latencia_total_s,ttft_s,faithfulness,answer_relevancy,context_recall,context_precision
"Minha senha bloqueou, como desbloqueio pelo site?
[Dados coletados via clarificação: canal_tentado=site; codigo_bloqueio=U]","Para o desbloqueio da sua senha de 8 dígitos pelo site institucional, é importante observar as condições de segurança e o tipo de bloqueio informado:

*   **Bloqueio ""U"":** De acordo com as normas de segurança, o desbloqueio da senha de 8 dígitos com bloqueio ""U"" (bloqueio por monitoramento de segurança) **não está disponível** através do site institucional.
*   **Procedimento:** Como o desbloqueio não é possível pelo site neste caso, você deve utilizar outros canais de atendimento para realizar a alteração/recuperação da senha, o que regularizará a situação do bloqueio. As opções disponíveis são:
    *   **TAA (Terminal de Autoatendimento):** Permite a alteração da senha de 8 dígitos com ou sem a senha atual.
    *   **Agência:** Atendimento presencial, sendo necessário levar um documento de identificação e, preferencialmente, o seu cartão.
    *   **SAC:** O suporte para bloqueio ""U"" é realizado por células específicas (SAC Receptivo/Segurança ou SAC Soluções, dependendo do seu perfil de cliente).

**Observações importantes:**
*   Caso você possua o **Alfa Code** habilitado, o site institucional permite o desbloqueio de senhas em situações de bloqueio diferentes de ""U"", seguindo o caminho: *Segurança > Senhas > Desbloquear*. No entanto, para o bloqueio ""U"", esta opção não se aplica.
*   Se você não possui a senha anterior, o procedimento de desbloqueio segue as mesmas etapas de uma alteração de senha.

### References

- [1] POP – Gestão de Senhas e Código de Acesso – Pessoa Física","['# POP – Gestão de Senhas e Código de Acesso – Pessoa Física\n### [Versão anonimizada/pseudonimizada — documento complementar ao POP de CDC]\n\n> **Nota metodológica:** este documento usa a mesma metodologia e os mesmos pseudônimos institucionais do POP de CDC anonimizado anteriormente (Banco Alfa, SISALFA, App Alfa etc.). Termos novos e específicos deste documento (produtos de cartão, plataformas, rotinas) foram adicionados à mesma chave de correspondência (arquivo único, cumulativo). A lógica processual e as condições originais foram mantidas integralmente.\n\n**Sumário:** Notas iniciais · 1. Resumo das senhas · 2. Situação das senhas · 3. Correntistas e poupadores · 4. Não correntista · 5. Código de acesso · 6. Geração de senha PF · 7. Cliente no exterior · 8. Senha do portador adicional · 9. Acesso ao gov.br · 10. Central de Senhas PF · 11. Fontes de informação · 12. Rotinas absorvidas\n\n---\n\n## Notas iniciais\n\na) **Transferência de saldo/produtos entre agências:** a senha da agência de origem não é alterada; o cliente acessa normalmente a conta na agência de destino.\n\nb) Os procedimentos desta rotina não se aplicam a clientes PJ ou Setor Público. Para chave J e senhas (Alfa Digital PJ), ver rotina 50129.\n\nc) **Titulares solidários:** as senhas (6 e 8 dígitos) e o código de acesso são os mesmos para todos os titulares. Se um titular bloquear a senha, os demais ficam impossibilitados de realizar transações.\n\nd) **Push:** notificação recebida diretamente no App Alfa. Para ativar: 1) autorizar o App Alfa no sistema do celular (Android: Configurações > Receber Notificações; iOS: Ajustes > Receber Notificações); 2) ativar pelo App Alfa (área logada) em Perfil > Geral > Receber notificações.\n\ne) **Bloqueio de Canal:** consulte na plataforma em Segurança > Bloqueio de segurança > Histórico. Havendo bloqueio, o desbloqueio ocorre após a alteração das senhas de 6 e 8 dígitos — é obrigatório alterar primeiro a de 8 dígitos, depois a de 6. Use os itens 3 e/ou 4 para orientar os canais.\n\n---\n\n## 1. Resumo da utilização das senhas\n\n| Tipo de senha | Canais de utilização |\n|---|---|\n| Senha de 4 dígitos | Descontinuada |\n| Senha de 6 dígitos | Confirma transações de cartão débito e crédito. Plataforma de Relacionamento/URA: acesso, consulta e confirmação de transações da mesma titularidade. Site institucional (sem Alfa Code): confirmação de transações financeiras. App Alfa: confirmação de transações financeiras. WhatsApp Alfa: pode ser solicitada para confirmação de algumas transações. TCX, TAD, POS, correspondente bancário: confirmação de transações. TAA: confirmação de transações de beneficiários do INSS e de portadores de deficiência visual sem código de acesso. Banco 24 Horas e rede compartilhada (Banco Parceiro Beta): confirmação de transações de portadores de deficiência visual sem código de acesso. |\n| Senha de 8 dígitos | Site institucional, App Alfa, App Cartão Alfa e WhatsApp: acesso, consultas, transações financeiras e aquisição de produtos/serviços. |\n| Código de Acesso (letras, sílabas ou alfanumérico) | TAA, Banco 24 Horas e rede compartilhada: confirma transações, inclusive saques na função crédito do cartão. |\n| Conta de Acesso (senha alfanumérica) | Utilizada por não correntistas no App Alfa (versão não correntista). |\n\n---\n\n## 2. Situação das Senhas\n\n### 2.1. Consultas\n- Senhas de 6/8 dígitos e código de acesso — Quadro Próprio e Quadro Contratado: `SISALFA > SISRET > X69 > 2` (correntistas: agência e conta; não correntistas: número do cartão), campo STATUS (pode ser informado ao cliente).\n- Conta de Acesso (Quadro Próprio): `SISALFA > ACESSO > 32 > 01 > CPF`.\n\n### 2.2. Códigos aplicáveis a TODOS os tipos de senha\n| Código | Significado | Situação |\n|---|---|---|\n| 0 | Sem ocorrência de erro de digitação | Ativa |\n| 1 | Cliente errou a digitação uma vez | — |\n| 2 | Cliente errou a digitação duas vezes | — |\n| 3 | Cliente errou a digitação três vezes (se ocorrer na senha de 6 dígitos via APF, Mobile ou WhatsApp, o bloqueio ""3"" é aplicado também à senha de 8 dígitos) | Bloqueada |\n| 6 | Senha (PJ e Governo) cadastrada no Alfa Digital PJ, aguardando confirmação de um funcionário da agência | — |\n| 7 | Senha (PJ e Governo) cadastrada no Alfa Digital PJ, aguardando confirmação de dois funcionários da agência | — |\n| Q | Senha alterada no APF Internet sem Alfa Code, ou no APF Celular sem fotografar cartão válido (aguardando confirmação na TAA com biometria cadastrada há mais de 7 dias) | — |\n| U | Senha bloqueada pelo monitoramento de segurança dos canais de autoatendimento | — |\n\n### 2.3. Códigos exclusivos da senha de 6 dígitos\n| Código | Significado | Situação |\n|---|---|---|\n| A | Senha digitada errada 3 vezes | Bloqueada |\n| D | Erro na tentativa de desbloqueio na TAA, ou bloqueio feito pelo próprio cliente via APF Celular/Internet | — |\n\n### 2.4. Códigos exclusivos da senha de 8 dígitos\n| Código | Significado | Situação |\n|---|---|---|\n| T | Senha registrada antes de 2012 e bloqueada por não uso nos últimos 90 dias | Bloqueada |\n| D | Alteração iniciada via APF Celular, com falha na confirmação via TAA sem biometria | — |\n| P | Senha cadastrada via APF Internet/Celular, aguardando confirmação na TAA | — |\n| 4 | Erro na tentativa de desbloqueio via Mobile | — |\n| 8 | Senha bloqueada pela agência ou pelo próprio cliente nos canais de autoatendimento | — |\n\n### 2.5. Situações do código de acesso\nCódigo ""4"" = tentativa de desbloqueio na TAA; CAA = letras; CAS = sílabas; CAN = alfanumérico.\n\n### 2.6. Situações da senha alfanumérica (Conta de Acesso)\n*Solicitado* = cadastramento/alteração pedidos; *Ativa* = cadastrada e ativa; *Bloqueado* = bloqueada por erro de digitação ou por segurança.\n> Essa confirmação ocorre por oferta ativa, sem necessidade de navegar pelo menu da TAA.\n\n---\n\n## 3. Correntistas e Poupadores\n\n### 3.1. Senha de 6 dígitos (conta e cartão)\n\nUsada para autorizar transações em: terminais de caixa das agências, TAA, site institucional (sem Alfa Code), App Alfa, correspondente bancário, transações de cartão (débito e crédito) e acesso à Central de Relacionamento/SAC. Vinculada à agência/conta (correntista) ou ao CPF (não correntista).\n\n**3.1.1. Cadastramento**\n\n| Canal | Procedimento |\n|---|---|\n| Agência | Correntistas e poupadores: no fluxo de abertura de conta, em qualquer agência. Beneficiários do INSS: em qualquer agência. Clientes de conta digital: no fluxo de abertura pelo App Alfa. |\n\n> **Atenção:** se o cliente quiser encerrar a conta corrente e ficar só com o cartão de crédito, cadastre nova senha como não correntista — obrigatório para não deixar pendente a emissão dos cartões.\n\n**3.1.2. Alteração**\n\n> Para cartões com chip, após a alteração, oriente o cliente a atualizar o chip de todos os plásticos em qualquer TAA (sob risco da senha não funcionar). Verifique a possibilidade de enviar senha provisória por SMS (item 6).\n\n| Canal | Requisitos/Condição | Procedimento |\n|---|---|---|\n| App Alfa | Celular autorizado há mais de 30 dias; Alfa Code ou Push habilitado; geolocalização ativa e autorizada; cartão ativo; senha de 8 dígitos ativa (códigos 0, 1 e/ou 2). Não disponível se bloqueada por ""8"". | **Com a senha anterior:** área logada > Perfil > Segurança > Central de senhas > Senha de 6 dígitos > Alterar. **Sem a senha anterior:** área logada > Perfil > Segurança > Central de senhas > Senha de 6 dígitos > Esqueci a senha > ""Agora utilizando o cartão"" (dados do cartão) — confirmação por: (i) biometria na TAA (cadastrada há mais de 7 dias): App Alfa > Menu > Perfil > Central de senhas > Senha de 6 dígitos > Esqueci a senha > No caixa eletrônico, depois na TAA em Segurança e Senhas > Senhas > Liberação de Senha Provisória > Senha da conta e cartão (6 dígitos); ou (ii) WhatsApp (telefone cadastrado no ATO): área logada > Perfil > Central de senhas > Senha de 6 dígitos > Esqueci a senha > Por WhatsApp. |\n| Site institucional | Senha de 8 dígitos ativa (códigos 0, 1 e/ou 2). Não disponível para quem não usa Alfa Code e não tem biometria cadastrada há mais de 7 dias (ou de forma assistida), nem para bloqueio ""U"" ou ""8"" da senha de 6 dígitos. | Em computador autorizado, com ou sem a senha anterior: **com adesão ao Alfa Code:** área logada > Segurança > Senhas > Alterar > Senha do cartão (6 dígitos) (exige código de autorização do Alfa Code). **Sem adesão ao Alfa Code, com biometria cadastrada:** mesmo caminho, confirmando em uma TAA com biometria cadastrada há mais de 7 dias. |\n| Agências (inclusive bloqueio ""U"") | — | Mediante identificação; recomendar que o cliente leve o cartão. |\n| SAC | Bloqueio ""U"": SAC Receptivo QP/QC (Célula de Segurança) → rotina 50130; SAC Soluções QP → rotina 50131; SAC Quadro Contratado → rotina 50112. Outros bloqueios: SAC Quadro Próprio → procedimento de Geração de Senha (item 6); SAC Quadro Contratado → rotina 50112. | — |\n| Plataforma de Relacionamento / ATA | Exceto bloqueio ""U"": Quadro Próprio → Geração de Senha; Quadro Contratado (não correntista portador de cartão) → Geração de Senha; correntistas/poupadores → demais canais. | — |\n\n**3.1.3. Bloqueio**\n\nCanais por iniciativa do cliente: TAA; SAC QC/QP; Plataforma de Relacionamento; site institucional (com Alfa Code); App Alfa (dispositivo autorizado, com Alfa Code ou push); agências.\n> Se o cliente detectar lançamentos indevidos na conta (inclusive por invasão do site), utilize também a rotina 50136, item 5.1. Bloqueio por um titular solidário impede os demais de transacionar. O bloqueio do código de acesso implica bloqueio da senha de 6 dígitos.\n\n**3.1.4. Desbloqueio**\n\nFeito COM conhecimento da senha anterior (sem isso, é preciso fazer a Alteração). Bloqueio ""U"" não admite desbloqueio, só Alteração.\n\n| Canal | Requisitos | Procedimento |\n|---|---|---|\n| App Alfa | Celular autorizado >30 dias; Alfa Code/Push habilitado; geolocalização ativa; cartão ativo; senha de 8 dígitos ativa (0,1,2). | Área logada > Perfil > Segurança > Central de senhas > Senha de 6 dígitos > Desbloquear. |\n| Site institucional | Senha de 8 dígitos ativa (0,1,2). | Em computador autorizado — com Alfa Code: Segurança > Senhas > Desbloquear (código de autorização); sem Alfa Code: mesmo caminho, confirmando em TAA com biometria (>7 dias). |\n| TAA | Biometria, ou cartão + código de acesso. | Menu > Segurança e Senhas > Senhas > Desbloqueio > Senha da conta e cartão (6 dígitos). |\n| Agência | Identificação (recomendar levar o cartão). | — |\n\n> Erro de digitação na tentativa de desbloqueio na TAA: só pode ser desbloqueada em agência. Bloqueio por iniciativa da agência/cliente: desbloqueio em qualquer agência. Bloqueio por erro de identificação positiva na TAA: só desbloqueia em agência (se o cliente souber a senha); usar a TAA para essa operação não é possível. Desbloqueio exige código de acesso ou biometria; sem nenhum dos dois, é necessário comparecer a uma agência.\n\n### 3.2. Senha de 8 dígitos\n\nAcessa o site institucional e o App Alfa; pode ser provisória¹ ou definitiva. Confirmação de transações financeiras via Alfa Code; sem Alfa Code, usa-se a senha de 6 dígitos (oriente o cadastramento do Alfa Code). Senha única — não precisa ser cadastrada por cada titular.\n\n> ¹ Provisória: só senhas antigas; acesso restrito a consultas. Para movimentações financeiras, deve ser liberada em uma TAA.\n\n**3.2.1. Cadastramento**\n\n| Canal | Procedimento |\n|---|---|\n| App Alfa | Correntistas/poupadores: ""Esqueci ou não tenho a senha"" na tela de login (clientes sem histórico de equipamento autorizado no ATO); o equipamento fica em carência (há um link de liberação). Clientes de conta digital: cadastram no fluxo de abertura via Mobile. |\n| TAA | Com biometria cadastrada há mais de 7 dias: Menu > Segurança e Senhas > Senhas > Cadastramento. |\n| Agência | Qualquer agência, informando a senha de 6 dígitos. |\n\n**3.2.2. Alteração**\n\n| Canal | Condição | Procedimento |\n|---|---|---|\n| App Alfa | Celular autorizado >30 dias; Alfa Code/Push; geolocalização; cartão ativo. | **Com a senha atual:** área logada > Perfil > Segurança > Central de senhas > Senha de 8 dígitos > Alterar (digitar a senha atual). **Sem a senha atual (inclusive bloqueio ≠ ""U""), ou bloqueio ""U"":** ""Esqueci minha senha"" (tela de login ou tela inicial não logada) > Recuperar senha > Senha de 8 dígitos > Esqueci a senha, com 3 opções: (i) ""Agora utilizando o cartão"" (dados do cartão, dispositivo autorizado, Alfa Code ou Push); (ii) ""No caixa eletrônico"" (confirmação por biometria na TAA, cadastrada há mais de 7 dias); (iii) por WhatsApp (telefone cadastrado no ATO + versão mínima do app + reconhecimento facial). *A opção ""recuperar senha"" só aparece em celular autorizado onde o cliente já acessou a conta ao menos uma vez.* |\n| Site institucional (computador autorizado) | Com a senha atual: exigida a senha de 8 dígitos atual. | **Com Alfa Code:** Segurança > Senhas > Alterar > Senha da internet (8 dígitos) (código de autorização). **Sem Alfa Code:** mesmo caminho, confirmando em TAA com biometria (>7 dias). Sem a senha atual (inclusive bloqueio ≠ ""U""), ou bloqueio ""U"": não disponível neste canal. |\n| TAA | Com ou sem a senha atual (inclusive bloqueios). | Menu > Segurança e Senhas > Senhas > Alteração > Senha de acesso à internet e ao celular (8 dígitos). Com biometria: qualquer horário (cadastrada há mais de 7 dias, ou de forma assistida). Sem biometria, com cartão com chip + código de acesso: das 10h às 16h em dias úteis. |\n| Agência | Com ou sem a senha atual (inclusive bloqueios). | Atendimento presencial, exigindo a senha de 6 dígitos; recomendar levar o cartão. |\n| SAC | Com a senha atual, ou sem ela (exceto ""U""): Quadro Próprio → Geração de Senha; Quadro Contratado → rotina 50112. Bloqueio ""U"": SAC Receptivo (Célula de Segurança) → rotina 50130; SAC Soluções QP → rotina 50131; SAC QC → rotina 50112. | — |\n| Plataforma de Relacionamento / ATA | Com a senha atual, ou sem ela (exceto ""U""): Quadro Próprio → Geração de Senha; Quadro Contratado (não correntista com cartão) → Geração de Senha; correntistas/poupadores → demais canais. Bloqueio ""U"": não disponível neste canal. | — |\n\n**3.2.3. Bloqueio**\n\nCanais por iniciativa do cliente: TAA; SAC; agências; site institucional (com Alfa Code); App Alfa (dispositivo autorizado, com Alfa Code ou push). Bloqueio de segurança ocorre quando há indício de violação da senha. Bloqueio ""T"": não é mais aplicado — restam apenas registros até 2012.\n\n**3.2.4. Desbloqueio**\n\n> Sem conhecimento da senha anterior, bloqueio ""U"" (segurança) ou bloqueio ""4"": seguir os procedimentos de Alteração.\n\nConsulte em `SISRET X69 > 02` (correntistas: agência/conta; não correntistas: número do cartão), campo STATUS, ou pela Plataforma (Segurança > Senhas > Gerenciamento de Senhas). Não pergunte data de validade nem CVV ao cliente — preencha o número do cartão, use o mês/ano do contato como validade e ""000"" no CVV2.\n\n| Tipo de bloqueio | Canal | Procedimento |\n|---|---|---|\n| Por iniciativa da agência ou do cliente | Agência | Com a senha de 6 dígitos (recomendar levar o cartão). |\n| | TAA | Com código de acesso ou biometria. |\n| Por motivo ""T"" | Agência | Idem acima. |\n| | TAA | Idem acima. |\n| Por digitação incorreta 3 vezes | App Alfa (dispositivo autorizado >30 dias, Alfa Code/Push, geolocalização, cartão ativo) | Recuperar Senhas > Senha de 8 dígitos > Desbloquear (digitar a senha atual). |\n| | Agência | Com a senha de 6 dígitos. |\n| | TAA | Com código de acesso ou biometria. |\n| Por erro na tentativa de desbloqueio na TAA | Agência | Com a senha de 6 dígitos. |\n\n---\n\n## 4. Não Correntista\n\n### 4.1. Senha de 6 dígitos\n\n**4.1.1. Cadastramento:** clientes não correntistas que solicitam Cartão Alfa via App ou web cadastram no próprio fluxo de solicitação. Private Label → rotina 50133. Cartões de programa de fidelidade parceiro → rotina 50134.\n\n**4.1.2. Alteração:** Agência (qualquer uma, com cartão válido e identificação); SAC e Plataforma de Relacionamento → item 6 desta rotina.\n\n**4.1.3. Bloqueio:** por iniciativa do cliente — TAA; SAC QC/QP; Plataforma de Relacionamento; agências.\n\n**4.1.4. Desbloqueio:** Agência (qualquer uma, com a senha de 6 dígitos); TAA (com o código de acesso).\n\n### 4.2. Conta de Acesso e Senha de 8 dígitos\n\n**Demanda:** dificuldade para acessar o App Alfa ou o App Cartão Alfa com a senha de 8 dígitos.\n\n> **Atenção:** há 2 tipos de senha de 8 dígitos para não correntista — **Conta de Acesso** (acessa o App Alfa) e **Senha-8** (acessa o App Cartão Alfa). O cliente normalmente não sabe dessa distinção. Para identificar o tipo, siga o item 4.2.1.\n\n**4.2.1. Identificação do tipo de senha**\n\n*4.2.1.1. Sistema Alfa:*\n- a) Senha Conta de Acesso: `SISRET X69 > 02 > nº do cartão`. Se ""não localizado"" ou se o cliente tiver os dois tipos, siga para (b). Se possuir só Conta de Acesso: Quadro Contratado → siga para 4.2.2; Quadro Próprio → confira a situação (se ""Ativo"", tecle F9 para mais detalhes) e siga para 4.2.2.\n- b) Senha-8: `SISALFA > SISRET X69 > 02 > nº do cartão`. Cliente com só Senha-8, ou com as duas → oriente conforme 4.2.2 (Quadro Próprio e Contratado).\n\n*4.2.1.2. Plataforma:* não pergunte data de validade nem CVV. `Plataforma de Negócios > Segurança > Senhas > Gerenciamento de Senhas 3.0` — preencha o número do cartão, use o mês/ano do contato como validade e ""000"" no CVV2.\n\n**4.2.2. Procedimentos** (se o cliente tiver os dois tipos, pergunte qual app ele quer acessar):\n\n| Senha | Cadastramento | Alteração | Bloqueio | Desbloqueio |\n|---|---|---|---|---|\n| **Conta de Acesso** (App Alfa) | No momento da contratação do cartão (App Alfa/onboarding digital) | App Alfa (Central de Senhas) ou link de recuperação; Agência (cartão válido e previamente liberado) | Agência | Agência (cartão válido e previamente liberado) |\n| **Senha-8** (App Cartão Alfa) | No momento da contratação do cartão (lojas parceiras, correspondentes, agências) | TAA; SAC e Plataforma de Relacionamento (Geração de Senha, ou outros canais); App Cartão Alfa ""Esqueci minha senha"" (sem bloqueio vigente); Agência | TAA; APF; Mobile; agências; **se o cliente foi vítima de assalto, roubo ou sequestro:** SAC QP/QC e Plataforma de Relacionamento → `SISRET X98`, código de rota 800050, conta = nº da conta do cartão | TAA; Agência |\n\n> Não correntistas com Conta de Acesso também podem acessar o App Cartão Alfa, mas precisam cadastrar uma senha de 8 dígitos separada via ""Esqueci senha"" — explique que serão duas senhas diferentes, uma para cada app. Quem possui só a Senha-8 NÃO consegue acessar o App Alfa.\n\n---\n\n## 5. Código de Acesso (Alfanumérico)\n\na) **Deficientes visuais:** o cliente com deficiência visual total pode ser dispensado da exigência do código de acesso, mediante registro da característica no cadastro pela agência. Em conta conjunta, a dispensa vale só para o titular com a deficiência.\n\nb) **Tipos:** CAA (letras), CAS (sílabas), CAN (alfanumérico). Emitido quando o cliente usa a TAA com cartão pela primeira vez, tentando uma transação/consulta — o cliente é avisado do novo código, que substitui o anterior.\n\nc) Se o cliente disser que não tem/não anotou o código: oriente conforme a tabela abaixo, ou informe que TAAs com biometria dispensam o código de acesso (rotina 50132, itens 1 e 9).\n\n**5.1. O que é:** código aleatório (letras, sílabas e/ou números), não escolhido pelo cliente; para PF e PJ, correntistas, não correntistas e poupadores portadores de cartão; necessário em: TAA, Banco 24 Horas e rede compartilhada (Banco Parceiro Beta).\n\n**5.2. Cadastramento:** gerado e impresso automaticamente no primeiro uso do cartão na TAA; regenerado em migração de conta (mesmo cartão) ou quando o código antigo é cancelado. Se a impressora estiver inoperante, é mostrado só em tela. Código único para todos os titulares solidários.\n\n**5.3. Alteração:** não existe alteração direta — o código deve ser cancelado (canais abaixo); a nova combinação é gerada automaticamente no próximo acesso à TAA. *(O código não muda se a senha da conta corrente for alterada.)*\n\n| Canal | Procedimento |\n|---|---|\n| App Alfa | Área logada > Perfil > Segurança > Central de senhas > Código de Acesso > Solicitar novo código. |\n| Site institucional | Área logada — confirmação via Alfa Code; sem Alfa Code, confirma na TAA com biometria cadastrada há mais de 7 dias. |\n| Agência | Com a senha de 6 dígitos (recomendar levar o cartão). |\n\n**5.4. Bloqueio:** após 3 tentativas seguidas incorretas. Bloqueio da senha de 6 dígitos ou do código de acesso mantém o uso da TAA com biometria. Bloqueio da senha de 6 dígitos mantém o uso do código de acesso, exceto nos bloqueios ""U"" ou ""8"".\n\n**5.5. Desbloqueio:** pelo próprio cliente na TAA, usando o próprio código de acesso. Se houver novo erro, o código deve ser cancelado (site institucional com Alfa Code, App Alfa, ou qualquer agência) para gerar um novo.\n\n---\n\n## 6. Geração de Senha PF – Procedimentos\n\nEnvio de senha (6 e 8 dígitos) por SMS para PF — só para ALTERAÇÃO (não para cadastro de primeira senha, que segue outros canais). Não disponível para senhas ""não cadastradas""/""a cadastrar"" ou bloqueio ""U"". Faça as consultas do item 6.2 antes.\n\n### 6.1. Atendimento\n\n| Frente | Quem atende | Identificação |\n|---|---|---|\n| SAC QP | Correntistas e não correntistas | Cliente autenticado (URA, Token ou Identificação Positiva) |\n| SAC QC | Não correntistas portadores de cartão (correntistas/poupadores: transferir para a Célula de Segurança via rotina 50106) | — |\n| Plataforma de Relacionamento QP | Correntistas e não correntistas | Autenticado por CPF+senha, agência/conta+senha ou Token: IP dispensada. Atendimentos ATA, Consultoria e Texto: exigem IP. Bancada Cartão: Checklist Maior Risco. |\n| Plataforma de Relacionamento QC | Não correntistas portadores de cartão (correntistas/poupadores: demais canais, itens 3 e 4) | — |\n\n### 6.2. Consultas\n\n1. Verifique o cadastro da senha em `SISRET X69 > 02` ou pela Plataforma (Segurança > Senhas > Gerenciamento de Senhas) — correntistas: agência/conta; não correntistas: número do cartão (não pedir validade/CVV; usar mês/ano do contato e ""000"" no CVV2).\n2. Resultado ""Não cadastrada""/""A cadastrar"" → cliente não correntista com entrada via onboarding digital; não é possível enviar senha; oriente: 8 dígitos via App Alfa (se dispositivo autorizado com Alfa Code/push); 6 dígitos, comparecer a uma agência.\n3. Resultado ""U Bloqueado"" → SAC Receptivo (Célula de Segurança) → rotina 50130; SAC Soluções QP → rotina 50131; SAC Receptivo QC → rotina 50112; Plataforma de Relacionamento → orientar contato com o SAC.\n4. Demais situações → prossiga: pergunte o celular atual do cliente (não informe outros números cadastrados) e confira no cadastro (agência/conta ou MCI) se é o mesmo já registrado. Se divergente, ou se houver mais de um número/duplicidade cadastrada → oriente comparecimento a uma agência. Se for o mesmo e único número → siga para 6.3.\n\n### 6.3. Geração de Senha\n\na) Acesse Plataforma > Segurança > Senhas > Envio de Senha por SMS.\nb) Consulte por tipo de cliente: correntista (CPF, agência e conta, ou MCI); não correntista (CPF); na aba Cartão, informe o número (via `Cartão > 11 > 1` ou `17 > 01 > 01`) — se houver mais de um cartão, peça modalidade e os 4 últimos dígitos.\nc) Selecione a conta/cartão do cliente.\nd) Selecione o envio de senha de 8 e/ou 6 dígitos — o sistema gera uma senha aleatória e envia por SMS.\ne) Informe que a senha chega por SMS ao celular cadastrado, sem prazo de expiração, e que deve ser alterada assim que possível por segurança.\nf) Se for senha de 6 dígitos, informe que, após a alteração, é preciso validar o chip do cartão em qualquer TAA — caso contrário, a nova senha não funcionará com o cartão com chip.\n\n---\n\n## 7. Cliente no Exterior\n\na) **Central de Senhas** (no App Alfa; exige cartão ativo, dispositivo liberado e Alfa Code/Push): permite alterar/bloquear/desbloquear/criar senha de 8 dígitos; alterar/bloquear/desbloquear senha de 6 dígitos; solicitar novo código de acesso. Acesso com a senha atual: área logada > Perfil > Central de senhas. Sem a senha: tela inicial não logada > Recuperar senha.\n\nb) **Agências no exterior:** procedimento de senhas disponível somente na agência de Tóquio.\n\nc) Solicitar a um representante legal (com procuração com firma reconhecida) que realize a operação na agência de relacionamento do cliente no Brasil.\n\nd) A agência de relacionamento envia ao e-mail cadastrado no MCI uma declaração para o cliente assinar e digitalizar — válido apenas para senhas bloqueadas por erro, não para bloqueio ""U"" (suspeita de fraude). O pedido pode começar por qualquer canal de contato, mas a declaração assinada só pode retornar pelo e-mail cadastrado no MCI. A agência de relacionamento pode ser confirmada com o cliente durante a ligação, na aba lateral da Plataforma de Relacionamento.\n\ne) **Cartões com chip:** após a alteração da senha de 6 dígitos, oriente o cliente a atualizar o chip de todos os plásticos ao voltar ao Brasil (em uma TAA), sob risco de impacto em transações presenciais; carteiras digitais funcionam normalmente após a troca.\n\nf) **Uso da senha no exterior:** alguns terminais usam PIN de 4 e/ou 6 dígitos. Nos de 4 dígitos, o cliente informa os 4 primeiros dígitos da sua senha de 6. No exterior, o cliente tem as mesmas opções dos demais clientes, pelo site institucional ou pelo App Alfa.\n\n---\n\n## 8. Senha do Portador Adicional\n\n| Portador | Solicitação | Alteração/reposição |\n|---|---|---|\n| **Adicional não correntista** | Presencial: senha de 6 dígitos cadastrada na hora. Demais canais: senha enviada por correio ao endereço do portador titular. | Se perder, esquecer ou não receber, cadastrar nova em qualquer agência. |\n| **Adicional correntista** | Usa a mesma senha pessoal de 6 dígitos de sua própria conta. Sem senha gravada: modalidades Doméstico/Internacional → sistema não gera o cartão; modalidades Gold e superiores → senha enviada por correio, cartão gerado após o recebimento. | Se perder, esquecer ou não receber, seguir as orientações do item 3. |\n\n---\n\n## 9. Acesso ao gov.br com credenciais do Banco Alfa\n\nVer rotina 50135.\n\n---\n\n## 10. Central de Senhas PF\n\nSolução de segurança no App Alfa para o cliente gerenciar suas senhas.\n- **Área logada:** Perfil > Segurança > Central de Segurança > Central de senhas; Perfil > Segurança > Central de senhas; Menu > Segurança > Central de Segurança > Central de Senhas.\n- **Área não logada:** Tela inicial > Recuperar Senha; ou role a tela para cima > Recuperar Senha.\n\n**Requisitos:** celular autorizado há mais de 30 dias; telefone cadastrado no ATO; Alfa Code ou Push habilitado; geolocalização ativa e autorizada; permissão de câmera concedida ao app; cartão ativo.\n\n> **Atenção:** não correntistas usam a Central de Senhas apenas para alterar a senha ""Conta de Acesso"" (ver item 4.2.2).\n\n---\n\n## 11. Fontes de informação\n\nUGS – Unidade de Gestão de Segurança (código 800040) · Normativo interno 5001 · Normativo interno 5002\n\n---\n\n## 12. Rotinas absorvidas\n\nO conteúdo das seguintes rotinas foi absorvido por este documento:\n\n| Código (anonimizado) | Assunto |\n|---|---|\n| 50137 | Senhas – Orientações (Código de Acesso) |\n| 50138 | Senhas – Orientações (Não correntista) |\n| 50139 | Senhas – Correntistas (Internet e Celular) |\n| 50140 | Arquivada – Senhas – Orientações (Conta-corrente) |\n| 50141 | POP UP – Senhas – Tipos de bloqueio |\n| 50142 | Modalidade de conta simplificada – Senhas |\n| 50143 | Senhas – Orientações – Poupador não correntista |\n| 50144 | Acesso do cliente à plataforma digital gov.br (parceria Banco Alfa e Governo Federal) |\n| 50145 | Senhas – Alfa Digital PJ |\n| 50146 | Atendimento para clientes não participantes do modelo ATA |\n| 50147 | Geração de senha PF – Procedimentos |\n']","Não consegue pelo site: bloqueio 'U' da senha de 6 dígitos não admite desbloqueio, só alteração; site exige Alfa Code ou biometria há mais de 7 dias; biometria com 5 dias é insuficiente. Regularizar presencial na agência, alterando primeiro a de 8 dígitos e depois a de 6.",CONDITIONAL_WORKFLOW,26.4945,,0.8823529411764706,0.8352793209496674,1.0,0.9999999999
"Fui assaltado, preciso bloquear minha senha do cartão. Como faço?
[Dados coletados via clarificação: canal_tentado=app; tipo_cliente=não correntista]","Para casos de assalto, roubo ou sequestro envolvendo clientes não correntistas, o bloqueio da senha deve ser realizado através dos seguintes canais:

*   **Canais de atendimento:** SAC (QP/QC) e Plataforma de Relacionamento.
*   **Procedimento no sistema:** Deve ser utilizada a transação `SISRET X98`, com o código de rota 800050, informando o número da conta do cartão.

Além disso, o bloqueio da **Senha-8** (utilizada para acessar o App Cartão Alfa) também pode ser efetuado via TAA, APF, Mobile ou em agências.

### Referências

- [1] POP – Gestão de Senhas e Código de Acesso – Pessoa Física","['# POP – Gestão de Senhas e Código de Acesso – Pessoa Física\n### [Versão anonimizada/pseudonimizada — documento complementar ao POP de CDC]\n\n> **Nota metodológica:** este documento usa a mesma metodologia e os mesmos pseudônimos institucionais do POP de CDC anonimizado anteriormente (Banco Alfa, SISALFA, App Alfa etc.). Termos novos e específicos deste documento (produtos de cartão, plataformas, rotinas) foram adicionados à mesma chave de correspondência (arquivo único, cumulativo). A lógica processual e as condições originais foram mantidas integralmente.\n\n**Sumário:** Notas iniciais · 1. Resumo das senhas · 2. Situação das senhas · 3. Correntistas e poupadores · 4. Não correntista · 5. Código de acesso · 6. Geração de senha PF · 7. Cliente no exterior · 8. Senha do portador adicional · 9. Acesso ao gov.br · 10. Central de Senhas PF · 11. Fontes de informação · 12. Rotinas absorvidas\n\n---\n\n## Notas iniciais\n\na) **Transferência de saldo/produtos entre agências:** a senha da agência de origem não é alterada; o cliente acessa normalmente a conta na agência de destino.\n\nb) Os procedimentos desta rotina não se aplicam a clientes PJ ou Setor Público. Para chave J e senhas (Alfa Digital PJ), ver rotina 50129.\n\nc) **Titulares solidários:** as senhas (6 e 8 dígitos) e o código de acesso são os mesmos para todos os titulares. Se um titular bloquear a senha, os demais ficam impossibilitados de realizar transações.\n\nd) **Push:** notificação recebida diretamente no App Alfa. Para ativar: 1) autorizar o App Alfa no sistema do celular (Android: Configurações > Receber Notificações; iOS: Ajustes > Receber Notificações); 2) ativar pelo App Alfa (área logada) em Perfil > Geral > Receber notificações.\n\ne) **Bloqueio de Canal:** consulte na plataforma em Segurança > Bloqueio de segurança > Histórico. Havendo bloqueio, o desbloqueio ocorre após a alteração das senhas de 6 e 8 dígitos — é obrigatório alterar primeiro a de 8 dígitos, depois a de 6. Use os itens 3 e/ou 4 para orientar os canais.\n\n---\n\n## 1. Resumo da utilização das senhas\n\n| Tipo de senha | Canais de utilização |\n|---|---|\n| Senha de 4 dígitos | Descontinuada |\n| Senha de 6 dígitos | Confirma transações de cartão débito e crédito. Plataforma de Relacionamento/URA: acesso, consulta e confirmação de transações da mesma titularidade. Site institucional (sem Alfa Code): confirmação de transações financeiras. App Alfa: confirmação de transações financeiras. WhatsApp Alfa: pode ser solicitada para confirmação de algumas transações. TCX, TAD, POS, correspondente bancário: confirmação de transações. TAA: confirmação de transações de beneficiários do INSS e de portadores de deficiência visual sem código de acesso. Banco 24 Horas e rede compartilhada (Banco Parceiro Beta): confirmação de transações de portadores de deficiência visual sem código de acesso. |\n| Senha de 8 dígitos | Site institucional, App Alfa, App Cartão Alfa e WhatsApp: acesso, consultas, transações financeiras e aquisição de produtos/serviços. |\n| Código de Acesso (letras, sílabas ou alfanumérico) | TAA, Banco 24 Horas e rede compartilhada: confirma transações, inclusive saques na função crédito do cartão. |\n| Conta de Acesso (senha alfanumérica) | Utilizada por não correntistas no App Alfa (versão não correntista). |\n\n---\n\n## 2. Situação das Senhas\n\n### 2.1. Consultas\n- Senhas de 6/8 dígitos e código de acesso — Quadro Próprio e Quadro Contratado: `SISALFA > SISRET > X69 > 2` (correntistas: agência e conta; não correntistas: número do cartão), campo STATUS (pode ser informado ao cliente).\n- Conta de Acesso (Quadro Próprio): `SISALFA > ACESSO > 32 > 01 > CPF`.\n\n### 2.2. Códigos aplicáveis a TODOS os tipos de senha\n| Código | Significado | Situação |\n|---|---|---|\n| 0 | Sem ocorrência de erro de digitação | Ativa |\n| 1 | Cliente errou a digitação uma vez | — |\n| 2 | Cliente errou a digitação duas vezes | — |\n| 3 | Cliente errou a digitação três vezes (se ocorrer na senha de 6 dígitos via APF, Mobile ou WhatsApp, o bloqueio ""3"" é aplicado também à senha de 8 dígitos) | Bloqueada |\n| 6 | Senha (PJ e Governo) cadastrada no Alfa Digital PJ, aguardando confirmação de um funcionário da agência | — |\n| 7 | Senha (PJ e Governo) cadastrada no Alfa Digital PJ, aguardando confirmação de dois funcionários da agência | — |\n| Q | Senha alterada no APF Internet sem Alfa Code, ou no APF Celular sem fotografar cartão válido (aguardando confirmação na TAA com biometria cadastrada há mais de 7 dias) | — |\n| U | Senha bloqueada pelo monitoramento de segurança dos canais de autoatendimento | — |\n\n### 2.3. Códigos exclusivos da senha de 6 dígitos\n| Código | Significado | Situação |\n|---|---|---|\n| A | Senha digitada errada 3 vezes | Bloqueada |\n| D | Erro na tentativa de desbloqueio na TAA, ou bloqueio feito pelo próprio cliente via APF Celular/Internet | — |\n\n### 2.4. Códigos exclusivos da senha de 8 dígitos\n| Código | Significado | Situação |\n|---|---|---|\n| T | Senha registrada antes de 2012 e bloqueada por não uso nos últimos 90 dias | Bloqueada |\n| D | Alteração iniciada via APF Celular, com falha na confirmação via TAA sem biometria | — |\n| P | Senha cadastrada via APF Internet/Celular, aguardando confirmação na TAA | — |\n| 4 | Erro na tentativa de desbloqueio via Mobile | — |\n| 8 | Senha bloqueada pela agência ou pelo próprio cliente nos canais de autoatendimento | — |\n\n### 2.5. Situações do código de acesso\nCódigo ""4"" = tentativa de desbloqueio na TAA; CAA = letras; CAS = sílabas; CAN = alfanumérico.\n\n### 2.6. Situações da senha alfanumérica (Conta de Acesso)\n*Solicitado* = cadastramento/alteração pedidos; *Ativa* = cadastrada e ativa; *Bloqueado* = bloqueada por erro de digitação ou por segurança.\n> Essa confirmação ocorre por oferta ativa, sem necessidade de navegar pelo menu da TAA.\n\n---\n\n## 3. Correntistas e Poupadores\n\n### 3.1. Senha de 6 dígitos (conta e cartão)\n\nUsada para autorizar transações em: terminais de caixa das agências, TAA, site institucional (sem Alfa Code), App Alfa, correspondente bancário, transações de cartão (débito e crédito) e acesso à Central de Relacionamento/SAC. Vinculada à agência/conta (correntista) ou ao CPF (não correntista).\n\n**3.1.1. Cadastramento**\n\n| Canal | Procedimento |\n|---|---|\n| Agência | Correntistas e poupadores: no fluxo de abertura de conta, em qualquer agência. Beneficiários do INSS: em qualquer agência. Clientes de conta digital: no fluxo de abertura pelo App Alfa. |\n\n> **Atenção:** se o cliente quiser encerrar a conta corrente e ficar só com o cartão de crédito, cadastre nova senha como não correntista — obrigatório para não deixar pendente a emissão dos cartões.\n\n**3.1.2. Alteração**\n\n> Para cartões com chip, após a alteração, oriente o cliente a atualizar o chip de todos os plásticos em qualquer TAA (sob risco da senha não funcionar). Verifique a possibilidade de enviar senha provisória por SMS (item 6).\n\n| Canal | Requisitos/Condição | Procedimento |\n|---|---|---|\n| App Alfa | Celular autorizado há mais de 30 dias; Alfa Code ou Push habilitado; geolocalização ativa e autorizada; cartão ativo; senha de 8 dígitos ativa (códigos 0, 1 e/ou 2). Não disponível se bloqueada por ""8"". | **Com a senha anterior:** área logada > Perfil > Segurança > Central de senhas > Senha de 6 dígitos > Alterar. **Sem a senha anterior:** área logada > Perfil > Segurança > Central de senhas > Senha de 6 dígitos > Esqueci a senha > ""Agora utilizando o cartão"" (dados do cartão) — confirmação por: (i) biometria na TAA (cadastrada há mais de 7 dias): App Alfa > Menu > Perfil > Central de senhas > Senha de 6 dígitos > Esqueci a senha > No caixa eletrônico, depois na TAA em Segurança e Senhas > Senhas > Liberação de Senha Provisória > Senha da conta e cartão (6 dígitos); ou (ii) WhatsApp (telefone cadastrado no ATO): área logada > Perfil > Central de senhas > Senha de 6 dígitos > Esqueci a senha > Por WhatsApp. |\n| Site institucional | Senha de 8 dígitos ativa (códigos 0, 1 e/ou 2). Não disponível para quem não usa Alfa Code e não tem biometria cadastrada há mais de 7 dias (ou de forma assistida), nem para bloqueio ""U"" ou ""8"" da senha de 6 dígitos. | Em computador autorizado, com ou sem a senha anterior: **com adesão ao Alfa Code:** área logada > Segurança > Senhas > Alterar > Senha do cartão (6 dígitos) (exige código de autorização do Alfa Code). **Sem adesão ao Alfa Code, com biometria cadastrada:** mesmo caminho, confirmando em uma TAA com biometria cadastrada há mais de 7 dias. |\n| Agências (inclusive bloqueio ""U"") | — | Mediante identificação; recomendar que o cliente leve o cartão. |\n| SAC | Bloqueio ""U"": SAC Receptivo QP/QC (Célula de Segurança) → rotina 50130; SAC Soluções QP → rotina 50131; SAC Quadro Contratado → rotina 50112. Outros bloqueios: SAC Quadro Próprio → procedimento de Geração de Senha (item 6); SAC Quadro Contratado → rotina 50112. | — |\n| Plataforma de Relacionamento / ATA | Exceto bloqueio ""U"": Quadro Próprio → Geração de Senha; Quadro Contratado (não correntista portador de cartão) → Geração de Senha; correntistas/poupadores → demais canais. | — |\n\n**3.1.3. Bloqueio**\n\nCanais por iniciativa do cliente: TAA; SAC QC/QP; Plataforma de Relacionamento; site institucional (com Alfa Code); App Alfa (dispositivo autorizado, com Alfa Code ou push); agências.\n> Se o cliente detectar lançamentos indevidos na conta (inclusive por invasão do site), utilize também a rotina 50136, item 5.1. Bloqueio por um titular solidário impede os demais de transacionar. O bloqueio do código de acesso implica bloqueio da senha de 6 dígitos.\n\n**3.1.4. Desbloqueio**\n\nFeito COM conhecimento da senha anterior (sem isso, é preciso fazer a Alteração). Bloqueio ""U"" não admite desbloqueio, só Alteração.\n\n| Canal | Requisitos | Procedimento |\n|---|---|---|\n| App Alfa | Celular autorizado >30 dias; Alfa Code/Push habilitado; geolocalização ativa; cartão ativo; senha de 8 dígitos ativa (0,1,2). | Área logada > Perfil > Segurança > Central de senhas > Senha de 6 dígitos > Desbloquear. |\n| Site institucional | Senha de 8 dígitos ativa (0,1,2). | Em computador autorizado — com Alfa Code: Segurança > Senhas > Desbloquear (código de autorização); sem Alfa Code: mesmo caminho, confirmando em TAA com biometria (>7 dias). |\n| TAA | Biometria, ou cartão + código de acesso. | Menu > Segurança e Senhas > Senhas > Desbloqueio > Senha da conta e cartão (6 dígitos). |\n| Agência | Identificação (recomendar levar o cartão). | — |\n\n> Erro de digitação na tentativa de desbloqueio na TAA: só pode ser desbloqueada em agência. Bloqueio por iniciativa da agência/cliente: desbloqueio em qualquer agência. Bloqueio por erro de identificação positiva na TAA: só desbloqueia em agência (se o cliente souber a senha); usar a TAA para essa operação não é possível. Desbloqueio exige código de acesso ou biometria; sem nenhum dos dois, é necessário comparecer a uma agência.\n\n### 3.2. Senha de 8 dígitos\n\nAcessa o site institucional e o App Alfa; pode ser provisória¹ ou definitiva. Confirmação de transações financeiras via Alfa Code; sem Alfa Code, usa-se a senha de 6 dígitos (oriente o cadastramento do Alfa Code). Senha única — não precisa ser cadastrada por cada titular.\n\n> ¹ Provisória: só senhas antigas; acesso restrito a consultas. Para movimentações financeiras, deve ser liberada em uma TAA.\n\n**3.2.1. Cadastramento**\n\n| Canal | Procedimento |\n|---|---|\n| App Alfa | Correntistas/poupadores: ""Esqueci ou não tenho a senha"" na tela de login (clientes sem histórico de equipamento autorizado no ATO); o equipamento fica em carência (há um link de liberação). Clientes de conta digital: cadastram no fluxo de abertura via Mobile. |\n| TAA | Com biometria cadastrada há mais de 7 dias: Menu > Segurança e Senhas > Senhas > Cadastramento. |\n| Agência | Qualquer agência, informando a senha de 6 dígitos. |\n\n**3.2.2. Alteração**\n\n| Canal | Condição | Procedimento |\n|---|---|---|\n| App Alfa | Celular autorizado >30 dias; Alfa Code/Push; geolocalização; cartão ativo. | **Com a senha atual:** área logada > Perfil > Segurança > Central de senhas > Senha de 8 dígitos > Alterar (digitar a senha atual). **Sem a senha atual (inclusive bloqueio ≠ ""U""), ou bloqueio ""U"":** ""Esqueci minha senha"" (tela de login ou tela inicial não logada) > Recuperar senha > Senha de 8 dígitos > Esqueci a senha, com 3 opções: (i) ""Agora utilizando o cartão"" (dados do cartão, dispositivo autorizado, Alfa Code ou Push); (ii) ""No caixa eletrônico"" (confirmação por biometria na TAA, cadastrada há mais de 7 dias); (iii) por WhatsApp (telefone cadastrado no ATO + versão mínima do app + reconhecimento facial). *A opção ""recuperar senha"" só aparece em celular autorizado onde o cliente já acessou a conta ao menos uma vez.* |\n| Site institucional (computador autorizado) | Com a senha atual: exigida a senha de 8 dígitos atual. | **Com Alfa Code:** Segurança > Senhas > Alterar > Senha da internet (8 dígitos) (código de autorização). **Sem Alfa Code:** mesmo caminho, confirmando em TAA com biometria (>7 dias). Sem a senha atual (inclusive bloqueio ≠ ""U""), ou bloqueio ""U"": não disponível neste canal. |\n| TAA | Com ou sem a senha atual (inclusive bloqueios). | Menu > Segurança e Senhas > Senhas > Alteração > Senha de acesso à internet e ao celular (8 dígitos). Com biometria: qualquer horário (cadastrada há mais de 7 dias, ou de forma assistida). Sem biometria, com cartão com chip + código de acesso: das 10h às 16h em dias úteis. |\n| Agência | Com ou sem a senha atual (inclusive bloqueios). | Atendimento presencial, exigindo a senha de 6 dígitos; recomendar levar o cartão. |\n| SAC | Com a senha atual, ou sem ela (exceto ""U""): Quadro Próprio → Geração de Senha; Quadro Contratado → rotina 50112. Bloqueio ""U"": SAC Receptivo (Célula de Segurança) → rotina 50130; SAC Soluções QP → rotina 50131; SAC QC → rotina 50112. | — |\n| Plataforma de Relacionamento / ATA | Com a senha atual, ou sem ela (exceto ""U""): Quadro Próprio → Geração de Senha; Quadro Contratado (não correntista com cartão) → Geração de Senha; correntistas/poupadores → demais canais. Bloqueio ""U"": não disponível neste canal. | — |\n\n**3.2.3. Bloqueio**\n\nCanais por iniciativa do cliente: TAA; SAC; agências; site institucional (com Alfa Code); App Alfa (dispositivo autorizado, com Alfa Code ou push). Bloqueio de segurança ocorre quando há indício de violação da senha. Bloqueio ""T"": não é mais aplicado — restam apenas registros até 2012.\n\n**3.2.4. Desbloqueio**\n\n> Sem conhecimento da senha anterior, bloqueio ""U"" (segurança) ou bloqueio ""4"": seguir os procedimentos de Alteração.\n\nConsulte em `SISRET X69 > 02` (correntistas: agência/conta; não correntistas: número do cartão), campo STATUS, ou pela Plataforma (Segurança > Senhas > Gerenciamento de Senhas). Não pergunte data de validade nem CVV ao cliente — preencha o número do cartão, use o mês/ano do contato como validade e ""000"" no CVV2.\n\n| Tipo de bloqueio | Canal | Procedimento |\n|---|---|---|\n| Por iniciativa da agência ou do cliente | Agência | Com a senha de 6 dígitos (recomendar levar o cartão). |\n| | TAA | Com código de acesso ou biometria. |\n| Por motivo ""T"" | Agência | Idem acima. |\n| | TAA | Idem acima. |\n| Por digitação incorreta 3 vezes | App Alfa (dispositivo autorizado >30 dias, Alfa Code/Push, geolocalização, cartão ativo) | Recuperar Senhas > Senha de 8 dígitos > Desbloquear (digitar a senha atual). |\n| | Agência | Com a senha de 6 dígitos. |\n| | TAA | Com código de acesso ou biometria. |\n| Por erro na tentativa de desbloqueio na TAA | Agência | Com a senha de 6 dígitos. |\n\n---\n\n## 4. Não Correntista\n\n### 4.1. Senha de 6 dígitos\n\n**4.1.1. Cadastramento:** clientes não correntistas que solicitam Cartão Alfa via App ou web cadastram no próprio fluxo de solicitação. Private Label → rotina 50133. Cartões de programa de fidelidade parceiro → rotina 50134.\n\n**4.1.2. Alteração:** Agência (qualquer uma, com cartão válido e identificação); SAC e Plataforma de Relacionamento → item 6 desta rotina.\n\n**4.1.3. Bloqueio:** por iniciativa do cliente — TAA; SAC QC/QP; Plataforma de Relacionamento; agências.\n\n**4.1.4. Desbloqueio:** Agência (qualquer uma, com a senha de 6 dígitos); TAA (com o código de acesso).\n\n### 4.2. Conta de Acesso e Senha de 8 dígitos\n\n**Demanda:** dificuldade para acessar o App Alfa ou o App Cartão Alfa com a senha de 8 dígitos.\n\n> **Atenção:** há 2 tipos de senha de 8 dígitos para não correntista — **Conta de Acesso** (acessa o App Alfa) e **Senha-8** (acessa o App Cartão Alfa). O cliente normalmente não sabe dessa distinção. Para identificar o tipo, siga o item 4.2.1.\n\n**4.2.1. Identificação do tipo de senha**\n\n*4.2.1.1. Sistema Alfa:*\n- a) Senha Conta de Acesso: `SISRET X69 > 02 > nº do cartão`. Se ""não localizado"" ou se o cliente tiver os dois tipos, siga para (b). Se possuir só Conta de Acesso: Quadro Contratado → siga para 4.2.2; Quadro Próprio → confira a situação (se ""Ativo"", tecle F9 para mais detalhes) e siga para 4.2.2.\n- b) Senha-8: `SISALFA > SISRET X69 > 02 > nº do cartão`. Cliente com só Senha-8, ou com as duas → oriente conforme 4.2.2 (Quadro Próprio e Contratado).\n\n*4.2.1.2. Plataforma:* não pergunte data de validade nem CVV. `Plataforma de Negócios > Segurança > Senhas > Gerenciamento de Senhas 3.0` — preencha o número do cartão, use o mês/ano do contato como validade e ""000"" no CVV2.\n\n**4.2.2. Procedimentos** (se o cliente tiver os dois tipos, pergunte qual app ele quer acessar):\n\n| Senha | Cadastramento | Alteração | Bloqueio | Desbloqueio |\n|---|---|---|---|---|\n| **Conta de Acesso** (App Alfa) | No momento da contratação do cartão (App Alfa/onboarding digital) | App Alfa (Central de Senhas) ou link de recuperação; Agência (cartão válido e previamente liberado) | Agência | Agência (cartão válido e previamente liberado) |\n| **Senha-8** (App Cartão Alfa) | No momento da contratação do cartão (lojas parceiras, correspondentes, agências) | TAA; SAC e Plataforma de Relacionamento (Geração de Senha, ou outros canais); App Cartão Alfa ""Esqueci minha senha"" (sem bloqueio vigente); Agência | TAA; APF; Mobile; agências; **se o cliente foi vítima de assalto, roubo ou sequestro:** SAC QP/QC e Plataforma de Relacionamento → `SISRET X98`, código de rota 800050, conta = nº da conta do cartão | TAA; Agência |\n\n> Não correntistas com Conta de Acesso também podem acessar o App Cartão Alfa, mas precisam cadastrar uma senha de 8 dígitos separada via ""Esqueci senha"" — explique que serão duas senhas diferentes, uma para cada app. Quem possui só a Senha-8 NÃO consegue acessar o App Alfa.\n\n---\n\n## 5. Código de Acesso (Alfanumérico)\n\na) **Deficientes visuais:** o cliente com deficiência visual total pode ser dispensado da exigência do código de acesso, mediante registro da característica no cadastro pela agência. Em conta conjunta, a dispensa vale só para o titular com a deficiência.\n\nb) **Tipos:** CAA (letras), CAS (sílabas), CAN (alfanumérico). Emitido quando o cliente usa a TAA com cartão pela primeira vez, tentando uma transação/consulta — o cliente é avisado do novo código, que substitui o anterior.\n\nc) Se o cliente disser que não tem/não anotou o código: oriente conforme a tabela abaixo, ou informe que TAAs com biometria dispensam o código de acesso (rotina 50132, itens 1 e 9).\n\n**5.1. O que é:** código aleatório (letras, sílabas e/ou números), não escolhido pelo cliente; para PF e PJ, correntistas, não correntistas e poupadores portadores de cartão; necessário em: TAA, Banco 24 Horas e rede compartilhada (Banco Parceiro Beta).\n\n**5.2. Cadastramento:** gerado e impresso automaticamente no primeiro uso do cartão na TAA; regenerado em migração de conta (mesmo cartão) ou quando o código antigo é cancelado. Se a impressora estiver inoperante, é mostrado só em tela. Código único para todos os titulares solidários.\n\n**5.3. Alteração:** não existe alteração direta — o código deve ser cancelado (canais abaixo); a nova combinação é gerada automaticamente no próximo acesso à TAA. *(O código não muda se a senha da conta corrente for alterada.)*\n\n| Canal | Procedimento |\n|---|---|\n| App Alfa | Área logada > Perfil > Segurança > Central de senhas > Código de Acesso > Solicitar novo código. |\n| Site institucional | Área logada — confirmação via Alfa Code; sem Alfa Code, confirma na TAA com biometria cadastrada há mais de 7 dias. |\n| Agência | Com a senha de 6 dígitos (recomendar levar o cartão). |\n\n**5.4. Bloqueio:** após 3 tentativas seguidas incorretas. Bloqueio da senha de 6 dígitos ou do código de acesso mantém o uso da TAA com biometria. Bloqueio da senha de 6 dígitos mantém o uso do código de acesso, exceto nos bloqueios ""U"" ou ""8"".\n\n**5.5. Desbloqueio:** pelo próprio cliente na TAA, usando o próprio código de acesso. Se houver novo erro, o código deve ser cancelado (site institucional com Alfa Code, App Alfa, ou qualquer agência) para gerar um novo.\n\n---\n\n## 6. Geração de Senha PF – Procedimentos\n\nEnvio de senha (6 e 8 dígitos) por SMS para PF — só para ALTERAÇÃO (não para cadastro de primeira senha, que segue outros canais). Não disponível para senhas ""não cadastradas""/""a cadastrar"" ou bloqueio ""U"". Faça as consultas do item 6.2 antes.\n\n### 6.1. Atendimento\n\n| Frente | Quem atende | Identificação |\n|---|---|---|\n| SAC QP | Correntistas e não correntistas | Cliente autenticado (URA, Token ou Identificação Positiva) |\n| SAC QC | Não correntistas portadores de cartão (correntistas/poupadores: transferir para a Célula de Segurança via rotina 50106) | — |\n| Plataforma de Relacionamento QP | Correntistas e não correntistas | Autenticado por CPF+senha, agência/conta+senha ou Token: IP dispensada. Atendimentos ATA, Consultoria e Texto: exigem IP. Bancada Cartão: Checklist Maior Risco. |\n| Plataforma de Relacionamento QC | Não correntistas portadores de cartão (correntistas/poupadores: demais canais, itens 3 e 4) | — |\n\n### 6.2. Consultas\n\n1. Verifique o cadastro da senha em `SISRET X69 > 02` ou pela Plataforma (Segurança > Senhas > Gerenciamento de Senhas) — correntistas: agência/conta; não correntistas: número do cartão (não pedir validade/CVV; usar mês/ano do contato e ""000"" no CVV2).\n2. Resultado ""Não cadastrada""/""A cadastrar"" → cliente não correntista com entrada via onboarding digital; não é possível enviar senha; oriente: 8 dígitos via App Alfa (se dispositivo autorizado com Alfa Code/push); 6 dígitos, comparecer a uma agência.\n3. Resultado ""U Bloqueado"" → SAC Receptivo (Célula de Segurança) → rotina 50130; SAC Soluções QP → rotina 50131; SAC Receptivo QC → rotina 50112; Plataforma de Relacionamento → orientar contato com o SAC.\n4. Demais situações → prossiga: pergunte o celular atual do cliente (não informe outros números cadastrados) e confira no cadastro (agência/conta ou MCI) se é o mesmo já registrado. Se divergente, ou se houver mais de um número/duplicidade cadastrada → oriente comparecimento a uma agência. Se for o mesmo e único número → siga para 6.3.\n\n### 6.3. Geração de Senha\n\na) Acesse Plataforma > Segurança > Senhas > Envio de Senha por SMS.\nb) Consulte por tipo de cliente: correntista (CPF, agência e conta, ou MCI); não correntista (CPF); na aba Cartão, informe o número (via `Cartão > 11 > 1` ou `17 > 01 > 01`) — se houver mais de um cartão, peça modalidade e os 4 últimos dígitos.\nc) Selecione a conta/cartão do cliente.\nd) Selecione o envio de senha de 8 e/ou 6 dígitos — o sistema gera uma senha aleatória e envia por SMS.\ne) Informe que a senha chega por SMS ao celular cadastrado, sem prazo de expiração, e que deve ser alterada assim que possível por segurança.\nf) Se for senha de 6 dígitos, informe que, após a alteração, é preciso validar o chip do cartão em qualquer TAA — caso contrário, a nova senha não funcionará com o cartão com chip.\n\n---\n\n## 7. Cliente no Exterior\n\na) **Central de Senhas** (no App Alfa; exige cartão ativo, dispositivo liberado e Alfa Code/Push): permite alterar/bloquear/desbloquear/criar senha de 8 dígitos; alterar/bloquear/desbloquear senha de 6 dígitos; solicitar novo código de acesso. Acesso com a senha atual: área logada > Perfil > Central de senhas. Sem a senha: tela inicial não logada > Recuperar senha.\n\nb) **Agências no exterior:** procedimento de senhas disponível somente na agência de Tóquio.\n\nc) Solicitar a um representante legal (com procuração com firma reconhecida) que realize a operação na agência de relacionamento do cliente no Brasil.\n\nd) A agência de relacionamento envia ao e-mail cadastrado no MCI uma declaração para o cliente assinar e digitalizar — válido apenas para senhas bloqueadas por erro, não para bloqueio ""U"" (suspeita de fraude). O pedido pode começar por qualquer canal de contato, mas a declaração assinada só pode retornar pelo e-mail cadastrado no MCI. A agência de relacionamento pode ser confirmada com o cliente durante a ligação, na aba lateral da Plataforma de Relacionamento.\n\ne) **Cartões com chip:** após a alteração da senha de 6 dígitos, oriente o cliente a atualizar o chip de todos os plásticos ao voltar ao Brasil (em uma TAA), sob risco de impacto em transações presenciais; carteiras digitais funcionam normalmente após a troca.\n\nf) **Uso da senha no exterior:** alguns terminais usam PIN de 4 e/ou 6 dígitos. Nos de 4 dígitos, o cliente informa os 4 primeiros dígitos da sua senha de 6. No exterior, o cliente tem as mesmas opções dos demais clientes, pelo site institucional ou pelo App Alfa.\n\n---\n\n## 8. Senha do Portador Adicional\n\n| Portador | Solicitação | Alteração/reposição |\n|---|---|---|\n| **Adicional não correntista** | Presencial: senha de 6 dígitos cadastrada na hora. Demais canais: senha enviada por correio ao endereço do portador titular. | Se perder, esquecer ou não receber, cadastrar nova em qualquer agência. |\n| **Adicional correntista** | Usa a mesma senha pessoal de 6 dígitos de sua própria conta. Sem senha gravada: modalidades Doméstico/Internacional → sistema não gera o cartão; modalidades Gold e superiores → senha enviada por correio, cartão gerado após o recebimento. | Se perder, esquecer ou não receber, seguir as orientações do item 3. |\n\n---\n\n## 9. Acesso ao gov.br com credenciais do Banco Alfa\n\nVer rotina 50135.\n\n---\n\n## 10. Central de Senhas PF\n\nSolução de segurança no App Alfa para o cliente gerenciar suas senhas.\n- **Área logada:** Perfil > Segurança > Central de Segurança > Central de senhas; Perfil > Segurança > Central de senhas; Menu > Segurança > Central de Segurança > Central de Senhas.\n- **Área não logada:** Tela inicial > Recuperar Senha; ou role a tela para cima > Recuperar Senha.\n\n**Requisitos:** celular autorizado há mais de 30 dias; telefone cadastrado no ATO; Alfa Code ou Push habilitado; geolocalização ativa e autorizada; permissão de câmera concedida ao app; cartão ativo.\n\n> **Atenção:** não correntistas usam a Central de Senhas apenas para alterar a senha ""Conta de Acesso"" (ver item 4.2.2).\n\n---\n\n## 11. Fontes de informação\n\nUGS – Unidade de Gestão de Segurança (código 800040) · Normativo interno 5001 · Normativo interno 5002\n\n---\n\n## 12. Rotinas absorvidas\n\nO conteúdo das seguintes rotinas foi absorvido por este documento:\n\n| Código (anonimizado) | Assunto |\n|---|---|\n| 50137 | Senhas – Orientações (Código de Acesso) |\n| 50138 | Senhas – Orientações (Não correntista) |\n| 50139 | Senhas – Correntistas (Internet e Celular) |\n| 50140 | Arquivada – Senhas – Orientações (Conta-corrente) |\n| 50141 | POP UP – Senhas – Tipos de bloqueio |\n| 50142 | Modalidade de conta simplificada – Senhas |\n| 50143 | Senhas – Orientações – Poupador não correntista |\n| 50144 | Acesso do cliente à plataforma digital gov.br (parceria Banco Alfa e Governo Federal) |\n| 50145 | Senhas – Alfa Digital PJ |\n| 50146 | Atendimento para clientes não participantes do modelo ATA |\n| 50147 | Geração de senha PF – Procedimentos |\n']","Em assalto/roubo/sequestro, contatar SAC QP/QC ou Plataforma de Relacionamento para rotina de segurança no SISRET X98, rota 800050, informando a conta do cartão. O bloqueio da Senha-8 não bloqueia automaticamente a Conta de Acesso, pois são credenciais de apps distintos.",ROLE_RESTRICTION,212.4085,,0.8333333333333334,0.8370867664017513,0.5,0.9999999999
"Meu marido bloqueou a senha, por que não consigo usar a minha?
[Dados coletados via clarificação: canal_tentado=agência; tipo_cliente=correntista]","Como você é uma cliente correntista, o bloqueio da sua senha ocorre devido à regra de **titularidade solidária**.

De acordo com as normas da instituição, em contas conjuntas, as senhas (de 6 e 8 dígitos) e o código de acesso são os mesmos para todos os titulares. Por esse motivo, se um dos titulares realizar o bloqueio da senha, os demais titulares ficam automaticamente impossibilitados de realizar transações.

Para regularizar a situação, como você mencionou que tentou utilizar o canal de **agência**, saiba que este é o local adequado para o atendimento presencial. Ao comparecer a uma agência, recomenda-se levar o seu cartão para que o atendente possa realizar os procedimentos necessários de desbloqueio ou alteração.

### Referências

- [2] POP – Gestão de Senhas e Código de Acesso – Pessoa Física","['# POP – Gestão de Senhas e Código de Acesso – Pessoa Física\n### [Versão anonimizada/pseudonimizada — documento complementar ao POP de CDC]\n\n> **Nota metodológica:** este documento usa a mesma metodologia e os mesmos pseudônimos institucionais do POP de CDC anonimizado anteriormente (Banco Alfa, SISALFA, App Alfa etc.). Termos novos e específicos deste documento (produtos de cartão, plataformas, rotinas) foram adicionados à mesma chave de correspondência (arquivo único, cumulativo). A lógica processual e as condições originais foram mantidas integralmente.\n\n**Sumário:** Notas iniciais · 1. Resumo das senhas · 2. Situação das senhas · 3. Correntistas e poupadores · 4. Não correntista · 5. Código de acesso · 6. Geração de senha PF · 7. Cliente no exterior · 8. Senha do portador adicional · 9. Acesso ao gov.br · 10. Central de Senhas PF · 11. Fontes de informação · 12. Rotinas absorvidas\n\n---\n\n## Notas iniciais\n\na) **Transferência de saldo/produtos entre agências:** a senha da agência de origem não é alterada; o cliente acessa normalmente a conta na agência de destino.\n\nb) Os procedimentos desta rotina não se aplicam a clientes PJ ou Setor Público. Para chave J e senhas (Alfa Digital PJ), ver rotina 50129.\n\nc) **Titulares solidários:** as senhas (6 e 8 dígitos) e o código de acesso são os mesmos para todos os titulares. Se um titular bloquear a senha, os demais ficam impossibilitados de realizar transações.\n\nd) **Push:** notificação recebida diretamente no App Alfa. Para ativar: 1) autorizar o App Alfa no sistema do celular (Android: Configurações > Receber Notificações; iOS: Ajustes > Receber Notificações); 2) ativar pelo App Alfa (área logada) em Perfil > Geral > Receber notificações.\n\ne) **Bloqueio de Canal:** consulte na plataforma em Segurança > Bloqueio de segurança > Histórico. Havendo bloqueio, o desbloqueio ocorre após a alteração das senhas de 6 e 8 dígitos — é obrigatório alterar primeiro a de 8 dígitos, depois a de 6. Use os itens 3 e/ou 4 para orientar os canais.\n\n---\n\n## 1. Resumo da utilização das senhas\n\n| Tipo de senha | Canais de utilização |\n|---|---|\n| Senha de 4 dígitos | Descontinuada |\n| Senha de 6 dígitos | Confirma transações de cartão débito e crédito. Plataforma de Relacionamento/URA: acesso, consulta e confirmação de transações da mesma titularidade. Site institucional (sem Alfa Code): confirmação de transações financeiras. App Alfa: confirmação de transações financeiras. WhatsApp Alfa: pode ser solicitada para confirmação de algumas transações. TCX, TAD, POS, correspondente bancário: confirmação de transações. TAA: confirmação de transações de beneficiários do INSS e de portadores de deficiência visual sem código de acesso. Banco 24 Horas e rede compartilhada (Banco Parceiro Beta): confirmação de transações de portadores de deficiência visual sem código de acesso. |\n| Senha de 8 dígitos | Site institucional, App Alfa, App Cartão Alfa e WhatsApp: acesso, consultas, transações financeiras e aquisição de produtos/serviços. |\n| Código de Acesso (letras, sílabas ou alfanumérico) | TAA, Banco 24 Horas e rede compartilhada: confirma transações, inclusive saques na função crédito do cartão. |\n| Conta de Acesso (senha alfanumérica) | Utilizada por não correntistas no App Alfa (versão não correntista). |\n\n---\n\n## 2. Situação das Senhas\n\n### 2.1. Consultas\n- Senhas de 6/8 dígitos e código de acesso — Quadro Próprio e Quadro Contratado: `SISALFA > SISRET > X69 > 2` (correntistas: agência e conta; não correntistas: número do cartão), campo STATUS (pode ser informado ao cliente).\n- Conta de Acesso (Quadro Próprio): `SISALFA > ACESSO > 32 > 01 > CPF`.\n\n### 2.2. Códigos aplicáveis a TODOS os tipos de senha\n| Código | Significado | Situação |\n|---|---|---|\n| 0 | Sem ocorrência de erro de digitação | Ativa |\n| 1 | Cliente errou a digitação uma vez | — |\n| 2 | Cliente errou a digitação duas vezes | — |\n| 3 | Cliente errou a digitação três vezes (se ocorrer na senha de 6 dígitos via APF, Mobile ou WhatsApp, o bloqueio ""3"" é aplicado também à senha de 8 dígitos) | Bloqueada |\n| 6 | Senha (PJ e Governo) cadastrada no Alfa Digital PJ, aguardando confirmação de um funcionário da agência | — |\n| 7 | Senha (PJ e Governo) cadastrada no Alfa Digital PJ, aguardando confirmação de dois funcionários da agência | — |\n| Q | Senha alterada no APF Internet sem Alfa Code, ou no APF Celular sem fotografar cartão válido (aguardando confirmação na TAA com biometria cadastrada há mais de 7 dias) | — |\n| U | Senha bloqueada pelo monitoramento de segurança dos canais de autoatendimento | — |\n\n### 2.3. Códigos exclusivos da senha de 6 dígitos\n| Código | Significado | Situação |\n|---|---|---|\n| A | Senha digitada errada 3 vezes | Bloqueada |\n| D | Erro na tentativa de desbloqueio na TAA, ou bloqueio feito pelo próprio cliente via APF Celular/Internet | — |\n\n### 2.4. Códigos exclusivos da senha de 8 dígitos\n| Código | Significado | Situação |\n|---|---|---|\n| T | Senha registrada antes de 2012 e bloqueada por não uso nos últimos 90 dias | Bloqueada |\n| D | Alteração iniciada via APF Celular, com falha na confirmação via TAA sem biometria | — |\n| P | Senha cadastrada via APF Internet/Celular, aguardando confirmação na TAA | — |\n| 4 | Erro na tentativa de desbloqueio via Mobile | — |\n| 8 | Senha bloqueada pela agência ou pelo próprio cliente nos canais de autoatendimento | — |\n\n### 2.5. Situações do código de acesso\nCódigo ""4"" = tentativa de desbloqueio na TAA; CAA = letras; CAS = sílabas; CAN = alfanumérico.\n\n### 2.6. Situações da senha alfanumérica (Conta de Acesso)\n*Solicitado* = cadastramento/alteração pedidos; *Ativa* = cadastrada e ativa; *Bloqueado* = bloqueada por erro de digitação ou por segurança.\n> Essa confirmação ocorre por oferta ativa, sem necessidade de navegar pelo menu da TAA.\n\n---\n\n## 3. Correntistas e Poupadores\n\n### 3.1. Senha de 6 dígitos (conta e cartão)\n\nUsada para autorizar transações em: terminais de caixa das agências, TAA, site institucional (sem Alfa Code), App Alfa, correspondente bancário, transações de cartão (débito e crédito) e acesso à Central de Relacionamento/SAC. Vinculada à agência/conta (correntista) ou ao CPF (não correntista).\n\n**3.1.1. Cadastramento**\n\n| Canal | Procedimento |\n|---|---|\n| Agência | Correntistas e poupadores: no fluxo de abertura de conta, em qualquer agência. Beneficiários do INSS: em qualquer agência. Clientes de conta digital: no fluxo de abertura pelo App Alfa. |\n\n> **Atenção:** se o cliente quiser encerrar a conta corrente e ficar só com o cartão de crédito, cadastre nova senha como não correntista — obrigatório para não deixar pendente a emissão dos cartões.\n\n**3.1.2. Alteração**\n\n> Para cartões com chip, após a alteração, oriente o cliente a atualizar o chip de todos os plásticos em qualquer TAA (sob risco da senha não funcionar). Verifique a possibilidade de enviar senha provisória por SMS (item 6).\n\n| Canal | Requisitos/Condição | Procedimento |\n|---|---|---|\n| App Alfa | Celular autorizado há mais de 30 dias; Alfa Code ou Push habilitado; geolocalização ativa e autorizada; cartão ativo; senha de 8 dígitos ativa (códigos 0, 1 e/ou 2). Não disponível se bloqueada por ""8"". | **Com a senha anterior:** área logada > Perfil > Segurança > Central de senhas > Senha de 6 dígitos > Alterar. **Sem a senha anterior:** área logada > Perfil > Segurança > Central de senhas > Senha de 6 dígitos > Esqueci a senha > ""Agora utilizando o cartão"" (dados do cartão) — confirmação por: (i) biometria na TAA (cadastrada há mais de 7 dias): App Alfa > Menu > Perfil > Central de senhas > Senha de 6 dígitos > Esqueci a senha > No caixa eletrônico, depois na TAA em Segurança e Senhas > Senhas > Liberação de Senha Provisória > Senha da conta e cartão (6 dígitos); ou (ii) WhatsApp (telefone cadastrado no ATO): área logada > Perfil > Central de senhas > Senha de 6 dígitos > Esqueci a senha > Por WhatsApp. |\n| Site institucional | Senha de 8 dígitos ativa (códigos 0, 1 e/ou 2). Não disponível para quem não usa Alfa Code e não tem biometria cadastrada há mais de 7 dias (ou de forma assistida), nem para bloqueio ""U"" ou ""8"" da senha de 6 dígitos. | Em computador autorizado, com ou sem a senha anterior: **com adesão ao Alfa Code:** área logada > Segurança > Senhas > Alterar > Senha do cartão (6 dígitos) (exige código de autorização do Alfa Code). **Sem adesão ao Alfa Code, com biometria cadastrada:** mesmo caminho, confirmando em uma TAA com biometria cadastrada há mais de 7 dias. |\n| Agências (inclusive bloqueio ""U"") | — | Mediante identificação; recomendar que o cliente leve o cartão. |\n| SAC | Bloqueio ""U"": SAC Receptivo QP/QC (Célula de Segurança) → rotina 50130; SAC Soluções QP → rotina 50131; SAC Quadro Contratado → rotina 50112. Outros bloqueios: SAC Quadro Próprio → procedimento de Geração de Senha (item 6); SAC Quadro Contratado → rotina 50112. | — |\n| Plataforma de Relacionamento / ATA | Exceto bloqueio ""U"": Quadro Próprio → Geração de Senha; Quadro Contratado (não correntista portador de cartão) → Geração de Senha; correntistas/poupadores → demais canais. | — |\n\n**3.1.3. Bloqueio**\n\nCanais por iniciativa do cliente: TAA; SAC QC/QP; Plataforma de Relacionamento; site institucional (com Alfa Code); App Alfa (dispositivo autorizado, com Alfa Code ou push); agências.\n> Se o cliente detectar lançamentos indevidos na conta (inclusive por invasão do site), utilize também a rotina 50136, item 5.1. Bloqueio por um titular solidário impede os demais de transacionar. O bloqueio do código de acesso implica bloqueio da senha de 6 dígitos.\n\n**3.1.4. Desbloqueio**\n\nFeito COM conhecimento da senha anterior (sem isso, é preciso fazer a Alteração). Bloqueio ""U"" não admite desbloqueio, só Alteração.\n\n| Canal | Requisitos | Procedimento |\n|---|---|---|\n| App Alfa | Celular autorizado >30 dias; Alfa Code/Push habilitado; geolocalização ativa; cartão ativo; senha de 8 dígitos ativa (0,1,2). | Área logada > Perfil > Segurança > Central de senhas > Senha de 6 dígitos > Desbloquear. |\n| Site institucional | Senha de 8 dígitos ativa (0,1,2). | Em computador autorizado — com Alfa Code: Segurança > Senhas > Desbloquear (código de autorização); sem Alfa Code: mesmo caminho, confirmando em TAA com biometria (>7 dias). |\n| TAA | Biometria, ou cartão + código de acesso. | Menu > Segurança e Senhas > Senhas > Desbloqueio > Senha da conta e cartão (6 dígitos). |\n| Agência | Identificação (recomendar levar o cartão). | — |\n\n> Erro de digitação na tentativa de desbloqueio na TAA: só pode ser desbloqueada em agência. Bloqueio por iniciativa da agência/cliente: desbloqueio em qualquer agência. Bloqueio por erro de identificação positiva na TAA: só desbloqueia em agência (se o cliente souber a senha); usar a TAA para essa operação não é possível. Desbloqueio exige código de acesso ou biometria; sem nenhum dos dois, é necessário comparecer a uma agência.\n\n### 3.2. Senha de 8 dígitos\n\nAcessa o site institucional e o App Alfa; pode ser provisória¹ ou definitiva. Confirmação de transações financeiras via Alfa Code; sem Alfa Code, usa-se a senha de 6 dígitos (oriente o cadastramento do Alfa Code). Senha única — não precisa ser cadastrada por cada titular.\n\n> ¹ Provisória: só senhas antigas; acesso restrito a consultas. Para movimentações financeiras, deve ser liberada em uma TAA.\n\n**3.2.1. Cadastramento**\n\n| Canal | Procedimento |\n|---|---|\n| App Alfa | Correntistas/poupadores: ""Esqueci ou não tenho a senha"" na tela de login (clientes sem histórico de equipamento autorizado no ATO); o equipamento fica em carência (há um link de liberação). Clientes de conta digital: cadastram no fluxo de abertura via Mobile. |\n| TAA | Com biometria cadastrada há mais de 7 dias: Menu > Segurança e Senhas > Senhas > Cadastramento. |\n| Agência | Qualquer agência, informando a senha de 6 dígitos. |\n\n**3.2.2. Alteração**\n\n| Canal | Condição | Procedimento |\n|---|---|---|\n| App Alfa | Celular autorizado >30 dias; Alfa Code/Push; geolocalização; cartão ativo. | **Com a senha atual:** área logada > Perfil > Segurança > Central de senhas > Senha de 8 dígitos > Alterar (digitar a senha atual). **Sem a senha atual (inclusive bloqueio ≠ ""U""), ou bloqueio ""U"":** ""Esqueci minha senha"" (tela de login ou tela inicial não logada) > Recuperar senha > Senha de 8 dígitos > Esqueci a senha, com 3 opções: (i) ""Agora utilizando o cartão"" (dados do cartão, dispositivo autorizado, Alfa Code ou Push); (ii) ""No caixa eletrônico"" (confirmação por biometria na TAA, cadastrada há mais de 7 dias); (iii) por WhatsApp (telefone cadastrado no ATO + versão mínima do app + reconhecimento facial). *A opção ""recuperar senha"" só aparece em celular autorizado onde o cliente já acessou a conta ao menos uma vez.* |\n| Site institucional (computador autorizado) | Com a senha atual: exigida a senha de 8 dígitos atual. | **Com Alfa Code:** Segurança > Senhas > Alterar > Senha da internet (8 dígitos) (código de autorização). **Sem Alfa Code:** mesmo caminho, confirmando em TAA com biometria (>7 dias). Sem a senha atual (inclusive bloqueio ≠ ""U""), ou bloqueio ""U"": não disponível neste canal. |\n| TAA | Com ou sem a senha atual (inclusive bloqueios). | Menu > Segurança e Senhas > Senhas > Alteração > Senha de acesso à internet e ao celular (8 dígitos). Com biometria: qualquer horário (cadastrada há mais de 7 dias, ou de forma assistida). Sem biometria, com cartão com chip + código de acesso: das 10h às 16h em dias úteis. |\n| Agência | Com ou sem a senha atual (inclusive bloqueios). | Atendimento presencial, exigindo a senha de 6 dígitos; recomendar levar o cartão. |\n| SAC | Com a senha atual, ou sem ela (exceto ""U""): Quadro Próprio → Geração de Senha; Quadro Contratado → rotina 50112. Bloqueio ""U"": SAC Receptivo (Célula de Segurança) → rotina 50130; SAC Soluções QP → rotina 50131; SAC QC → rotina 50112. | — |\n| Plataforma de Relacionamento / ATA | Com a senha atual, ou sem ela (exceto ""U""): Quadro Próprio → Geração de Senha; Quadro Contratado (não correntista com cartão) → Geração de Senha; correntistas/poupadores → demais canais. Bloqueio ""U"": não disponível neste canal. | — |\n\n**3.2.3. Bloqueio**\n\nCanais por iniciativa do cliente: TAA; SAC; agências; site institucional (com Alfa Code); App Alfa (dispositivo autorizado, com Alfa Code ou push). Bloqueio de segurança ocorre quando há indício de violação da senha. Bloqueio ""T"": não é mais aplicado — restam apenas registros até 2012.\n\n**3.2.4. Desbloqueio**\n\n> Sem conhecimento da senha anterior, bloqueio ""U"" (segurança) ou bloqueio ""4"": seguir os procedimentos de Alteração.\n\nConsulte em `SISRET X69 > 02` (correntistas: agência/conta; não correntistas: número do cartão), campo STATUS, ou pela Plataforma (Segurança > Senhas > Gerenciamento de Senhas). Não pergunte data de validade nem CVV ao cliente — preencha o número do cartão, use o mês/ano do contato como validade e ""000"" no CVV2.\n\n| Tipo de bloqueio | Canal | Procedimento |\n|---|---|---|\n| Por iniciativa da agência ou do cliente | Agência | Com a senha de 6 dígitos (recomendar levar o cartão). |\n| | TAA | Com código de acesso ou biometria. |\n| Por motivo ""T"" | Agência | Idem acima. |\n| | TAA | Idem acima. |\n| Por digitação incorreta 3 vezes | App Alfa (dispositivo autorizado >30 dias, Alfa Code/Push, geolocalização, cartão ativo) | Recuperar Senhas > Senha de 8 dígitos > Desbloquear (digitar a senha atual). |\n| | Agência | Com a senha de 6 dígitos. |\n| | TAA | Com código de acesso ou biometria. |\n| Por erro na tentativa de desbloqueio na TAA | Agência | Com a senha de 6 dígitos. |\n\n---\n\n## 4. Não Correntista\n\n### 4.1. Senha de 6 dígitos\n\n**4.1.1. Cadastramento:** clientes não correntistas que solicitam Cartão Alfa via App ou web cadastram no próprio fluxo de solicitação. Private Label → rotina 50133. Cartões de programa de fidelidade parceiro → rotina 50134.\n\n**4.1.2. Alteração:** Agência (qualquer uma, com cartão válido e identificação); SAC e Plataforma de Relacionamento → item 6 desta rotina.\n\n**4.1.3. Bloqueio:** por iniciativa do cliente — TAA; SAC QC/QP; Plataforma de Relacionamento; agências.\n\n**4.1.4. Desbloqueio:** Agência (qualquer uma, com a senha de 6 dígitos); TAA (com o código de acesso).\n\n### 4.2. Conta de Acesso e Senha de 8 dígitos\n\n**Demanda:** dificuldade para acessar o App Alfa ou o App Cartão Alfa com a senha de 8 dígitos.\n\n> **Atenção:** há 2 tipos de senha de 8 dígitos para não correntista — **Conta de Acesso** (acessa o App Alfa) e **Senha-8** (acessa o App Cartão Alfa). O cliente normalmente não sabe dessa distinção. Para identificar o tipo, siga o item 4.2.1.\n\n**4.2.1. Identificação do tipo de senha**\n\n*4.2.1.1. Sistema Alfa:*\n- a) Senha Conta de Acesso: `SISRET X69 > 02 > nº do cartão`. Se ""não localizado"" ou se o cliente tiver os dois tipos, siga para (b). Se possuir só Conta de Acesso: Quadro Contratado → siga para 4.2.2; Quadro Próprio → confira a situação (se ""Ativo"", tecle F9 para mais detalhes) e siga para 4.2.2.\n- b) Senha-8: `SISALFA > SISRET X69 > 02 > nº do cartão`. Cliente com só Senha-8, ou com as duas → oriente conforme 4.2.2 (Quadro Próprio e Contratado).\n\n*4.2.1.2. Plataforma:* não pergunte data de validade nem CVV. `Plataforma de Negócios > Segurança > Senhas > Gerenciamento de Senhas 3.0` — preencha o número do cartão, use o mês/ano do contato como validade e ""000"" no CVV2.\n\n**4.2.2. Procedimentos** (se o cliente tiver os dois tipos, pergunte qual app ele quer acessar):\n\n| Senha | Cadastramento | Alteração | Bloqueio | Desbloqueio |\n|---|---|---|---|---|\n| **Conta de Acesso** (App Alfa) | No momento da contratação do cartão (App Alfa/onboarding digital) | App Alfa (Central de Senhas) ou link de recuperação; Agência (cartão válido e previamente liberado) | Agência | Agência (cartão válido e previamente liberado) |\n| **Senha-8** (App Cartão Alfa) | No momento da contratação do cartão (lojas parceiras, correspondentes, agências) | TAA; SAC e Plataforma de Relacionamento (Geração de Senha, ou outros canais); App Cartão Alfa ""Esqueci minha senha"" (sem bloqueio vigente); Agência | TAA; APF; Mobile; agências; **se o cliente foi vítima de assalto, roubo ou sequestro:** SAC QP/QC e Plataforma de Relacionamento → `SISRET X98`, código de rota 800050, conta = nº da conta do cartão | TAA; Agência |\n\n> Não correntistas com Conta de Acesso também podem acessar o App Cartão Alfa, mas precisam cadastrar uma senha de 8 dígitos separada via ""Esqueci senha"" — explique que serão duas senhas diferentes, uma para cada app. Quem possui só a Senha-8 NÃO consegue acessar o App Alfa.\n\n---\n\n## 5. Código de Acesso (Alfanumérico)\n\na) **Deficientes visuais:** o cliente com deficiência visual total pode ser dispensado da exigência do código de acesso, mediante registro da característica no cadastro pela agência. Em conta conjunta, a dispensa vale só para o titular com a deficiência.\n\nb) **Tipos:** CAA (letras), CAS (sílabas), CAN (alfanumérico). Emitido quando o cliente usa a TAA com cartão pela primeira vez, tentando uma transação/consulta — o cliente é avisado do novo código, que substitui o anterior.\n\nc) Se o cliente disser que não tem/não anotou o código: oriente conforme a tabela abaixo, ou informe que TAAs com biometria dispensam o código de acesso (rotina 50132, itens 1 e 9).\n\n**5.1. O que é:** código aleatório (letras, sílabas e/ou números), não escolhido pelo cliente; para PF e PJ, correntistas, não correntistas e poupadores portadores de cartão; necessário em: TAA, Banco 24 Horas e rede compartilhada (Banco Parceiro Beta).\n\n**5.2. Cadastramento:** gerado e impresso automaticamente no primeiro uso do cartão na TAA; regenerado em migração de conta (mesmo cartão) ou quando o código antigo é cancelado. Se a impressora estiver inoperante, é mostrado só em tela. Código único para todos os titulares solidários.\n\n**5.3. Alteração:** não existe alteração direta — o código deve ser cancelado (canais abaixo); a nova combinação é gerada automaticamente no próximo acesso à TAA. *(O código não muda se a senha da conta corrente for alterada.)*\n\n| Canal | Procedimento |\n|---|---|\n| App Alfa | Área logada > Perfil > Segurança > Central de senhas > Código de Acesso > Solicitar novo código. |\n| Site institucional | Área logada — confirmação via Alfa Code; sem Alfa Code, confirma na TAA com biometria cadastrada há mais de 7 dias. |\n| Agência | Com a senha de 6 dígitos (recomendar levar o cartão). |\n\n**5.4. Bloqueio:** após 3 tentativas seguidas incorretas. Bloqueio da senha de 6 dígitos ou do código de acesso mantém o uso da TAA com biometria. Bloqueio da senha de 6 dígitos mantém o uso do código de acesso, exceto nos bloqueios ""U"" ou ""8"".\n\n**5.5. Desbloqueio:** pelo próprio cliente na TAA, usando o próprio código de acesso. Se houver novo erro, o código deve ser cancelado (site institucional com Alfa Code, App Alfa, ou qualquer agência) para gerar um novo.\n\n---\n\n## 6. Geração de Senha PF – Procedimentos\n\nEnvio de senha (6 e 8 dígitos) por SMS para PF — só para ALTERAÇÃO (não para cadastro de primeira senha, que segue outros canais). Não disponível para senhas ""não cadastradas""/""a cadastrar"" ou bloqueio ""U"". Faça as consultas do item 6.2 antes.\n\n### 6.1. Atendimento\n\n| Frente | Quem atende | Identificação |\n|---|---|---|\n| SAC QP | Correntistas e não correntistas | Cliente autenticado (URA, Token ou Identificação Positiva) |\n| SAC QC | Não correntistas portadores de cartão (correntistas/poupadores: transferir para a Célula de Segurança via rotina 50106) | — |\n| Plataforma de Relacionamento QP | Correntistas e não correntistas | Autenticado por CPF+senha, agência/conta+senha ou Token: IP dispensada. Atendimentos ATA, Consultoria e Texto: exigem IP. Bancada Cartão: Checklist Maior Risco. |\n| Plataforma de Relacionamento QC | Não correntistas portadores de cartão (correntistas/poupadores: demais canais, itens 3 e 4) | — |\n\n### 6.2. Consultas\n\n1. Verifique o cadastro da senha em `SISRET X69 > 02` ou pela Plataforma (Segurança > Senhas > Gerenciamento de Senhas) — correntistas: agência/conta; não correntistas: número do cartão (não pedir validade/CVV; usar mês/ano do contato e ""000"" no CVV2).\n2. Resultado ""Não cadastrada""/""A cadastrar"" → cliente não correntista com entrada via onboarding digital; não é possível enviar senha; oriente: 8 dígitos via App Alfa (se dispositivo autorizado com Alfa Code/push); 6 dígitos, comparecer a uma agência.\n3. Resultado ""U Bloqueado"" → SAC Receptivo (Célula de Segurança) → rotina 50130; SAC Soluções QP → rotina 50131; SAC Receptivo QC → rotina 50112; Plataforma de Relacionamento → orientar contato com o SAC.\n4. Demais situações → prossiga: pergunte o celular atual do cliente (não informe outros números cadastrados) e confira no cadastro (agência/conta ou MCI) se é o mesmo já registrado. Se divergente, ou se houver mais de um número/duplicidade cadastrada → oriente comparecimento a uma agência. Se for o mesmo e único número → siga para 6.3.\n\n### 6.3. Geração de Senha\n\na) Acesse Plataforma > Segurança > Senhas > Envio de Senha por SMS.\nb) Consulte por tipo de cliente: correntista (CPF, agência e conta, ou MCI); não correntista (CPF); na aba Cartão, informe o número (via `Cartão > 11 > 1` ou `17 > 01 > 01`) — se houver mais de um cartão, peça modalidade e os 4 últimos dígitos.\nc) Selecione a conta/cartão do cliente.\nd) Selecione o envio de senha de 8 e/ou 6 dígitos — o sistema gera uma senha aleatória e envia por SMS.\ne) Informe que a senha chega por SMS ao celular cadastrado, sem prazo de expiração, e que deve ser alterada assim que possível por segurança.\nf) Se for senha de 6 dígitos, informe que, após a alteração, é preciso validar o chip do cartão em qualquer TAA — caso contrário, a nova senha não funcionará com o cartão com chip.\n\n---\n\n## 7. Cliente no Exterior\n\na) **Central de Senhas** (no App Alfa; exige cartão ativo, dispositivo liberado e Alfa Code/Push): permite alterar/bloquear/desbloquear/criar senha de 8 dígitos; alterar/bloquear/desbloquear senha de 6 dígitos; solicitar novo código de acesso. Acesso com a senha atual: área logada > Perfil > Central de senhas. Sem a senha: tela inicial não logada > Recuperar senha.\n\nb) **Agências no exterior:** procedimento de senhas disponível somente na agência de Tóquio.\n\nc) Solicitar a um representante legal (com procuração com firma reconhecida) que realize a operação na agência de relacionamento do cliente no Brasil.\n\nd) A agência de relacionamento envia ao e-mail cadastrado no MCI uma declaração para o cliente assinar e digitalizar — válido apenas para senhas bloqueadas por erro, não para bloqueio ""U"" (suspeita de fraude). O pedido pode começar por qualquer canal de contato, mas a declaração assinada só pode retornar pelo e-mail cadastrado no MCI. A agência de relacionamento pode ser confirmada com o cliente durante a ligação, na aba lateral da Plataforma de Relacionamento.\n\ne) **Cartões com chip:** após a alteração da senha de 6 dígitos, oriente o cliente a atualizar o chip de todos os plásticos ao voltar ao Brasil (em uma TAA), sob risco de impacto em transações presenciais; carteiras digitais funcionam normalmente após a troca.\n\nf) **Uso da senha no exterior:** alguns terminais usam PIN de 4 e/ou 6 dígitos. Nos de 4 dígitos, o cliente informa os 4 primeiros dígitos da sua senha de 6. No exterior, o cliente tem as mesmas opções dos demais clientes, pelo site institucional ou pelo App Alfa.\n\n---\n\n## 8. Senha do Portador Adicional\n\n| Portador | Solicitação | Alteração/reposição |\n|---|---|---|\n| **Adicional não correntista** | Presencial: senha de 6 dígitos cadastrada na hora. Demais canais: senha enviada por correio ao endereço do portador titular. | Se perder, esquecer ou não receber, cadastrar nova em qualquer agência. |\n| **Adicional correntista** | Usa a mesma senha pessoal de 6 dígitos de sua própria conta. Sem senha gravada: modalidades Doméstico/Internacional → sistema não gera o cartão; modalidades Gold e superiores → senha enviada por correio, cartão gerado após o recebimento. | Se perder, esquecer ou não receber, seguir as orientações do item 3. |\n\n---\n\n## 9. Acesso ao gov.br com credenciais do Banco Alfa\n\nVer rotina 50135.\n\n---\n\n## 10. Central de Senhas PF\n\nSolução de segurança no App Alfa para o cliente gerenciar suas senhas.\n- **Área logada:** Perfil > Segurança > Central de Segurança > Central de senhas; Perfil > Segurança > Central de senhas; Menu > Segurança > Central de Segurança > Central de Senhas.\n- **Área não logada:** Tela inicial > Recuperar Senha; ou role a tela para cima > Recuperar Senha.\n\n**Requisitos:** celular autorizado há mais de 30 dias; telefone cadastrado no ATO; Alfa Code ou Push habilitado; geolocalização ativa e autorizada; permissão de câmera concedida ao app; cartão ativo.\n\n> **Atenção:** não correntistas usam a Central de Senhas apenas para alterar a senha ""Conta de Acesso"" (ver item 4.2.2).\n\n---\n\n## 11. Fontes de informação\n\nUGS – Unidade de Gestão de Segurança (código 800040) · Normativo interno 5001 · Normativo interno 5002\n\n---\n\n## 12. Rotinas absorvidas\n\nO conteúdo das seguintes rotinas foi absorvido por este documento:\n\n| Código (anonimizado) | Assunto |\n|---|---|\n| 50137 | Senhas – Orientações (Código de Acesso) |\n| 50138 | Senhas – Orientações (Não correntista) |\n| 50139 | Senhas – Correntistas (Internet e Celular) |\n| 50140 | Arquivada – Senhas – Orientações (Conta-corrente) |\n| 50141 | POP UP – Senhas – Tipos de bloqueio |\n| 50142 | Modalidade de conta simplificada – Senhas |\n| 50143 | Senhas – Orientações – Poupador não correntista |\n| 50144 | Acesso do cliente à plataforma digital gov.br (parceria Banco Alfa e Governo Federal) |\n| 50145 | Senhas – Alfa Digital PJ |\n| 50146 | Atendimento para clientes não participantes do modelo ATA |\n| 50147 | Geração de senha PF – Procedimentos |\n']",Titulares solidários compartilham as mesmas senhas de 6 e 8 dígitos e código de acesso; o bloqueio por um titular impede os demais de transacionar. Resolver por alteração das senhas nos canais competentes (agência resolve inclusive bloqueio 'U').,EDGE_CASE,44.7105,,0.7142857142857143,0.8108128611281714,1.0,0.9999999999
"Sou deficiente visual, preciso mesmo de código de acesso?
[Dados coletados via clarificação: codigo_bloqueio=D; tipo_cliente=correntista]","Para clientes com deficiência visual total, existe a possibilidade de dispensa da exigência do código de acesso.

De acordo com as normas estabelecidas, o procedimento é o seguinte:

*   **Dispensa da exigência:** O cliente com deficiência visual total pode ser dispensado da obrigatoriedade do código de acesso, desde que essa característica esteja devidamente registrada no cadastro pelo atendimento em uma agência.
*   **Conta Conjunta:** Caso a conta seja conjunta, a dispensa da exigência do código de acesso é válida apenas para o titular que possui a deficiência.
*   **Alternativas:** Além da dispensa, o uso de terminais de autoatendimento (TAA) com biometria também dispensa a necessidade do código de acesso.

Como você informou que o seu código de bloqueio é ""D"" e você é correntista, lembre-se que, para transações em terminais de autoatendimento (TAA) e redes compartilhadas (como o Banco 24 Horas), a senha de 6 dígitos é utilizada para confirmar transações por portadores de deficiência visual que não utilizam o código de acesso.

### Referências

- [1] POP – Gestão de Senhas e Código de Acesso – Pessoa Física","['# POP – Gestão de Senhas e Código de Acesso – Pessoa Física\n### [Versão anonimizada/pseudonimizada — documento complementar ao POP de CDC]\n\n> **Nota metodológica:** este documento usa a mesma metodologia e os mesmos pseudônimos institucionais do POP de CDC anonimizado anteriormente (Banco Alfa, SISALFA, App Alfa etc.). Termos novos e específicos deste documento (produtos de cartão, plataformas, rotinas) foram adicionados à mesma chave de correspondência (arquivo único, cumulativo). A lógica processual e as condições originais foram mantidas integralmente.\n\n**Sumário:** Notas iniciais · 1. Resumo das senhas · 2. Situação das senhas · 3. Correntistas e poupadores · 4. Não correntista · 5. Código de acesso · 6. Geração de senha PF · 7. Cliente no exterior · 8. Senha do portador adicional · 9. Acesso ao gov.br · 10. Central de Senhas PF · 11. Fontes de informação · 12. Rotinas absorvidas\n\n---\n\n## Notas iniciais\n\na) **Transferência de saldo/produtos entre agências:** a senha da agência de origem não é alterada; o cliente acessa normalmente a conta na agência de destino.\n\nb) Os procedimentos desta rotina não se aplicam a clientes PJ ou Setor Público. Para chave J e senhas (Alfa Digital PJ), ver rotina 50129.\n\nc) **Titulares solidários:** as senhas (6 e 8 dígitos) e o código de acesso são os mesmos para todos os titulares. Se um titular bloquear a senha, os demais ficam impossibilitados de realizar transações.\n\nd) **Push:** notificação recebida diretamente no App Alfa. Para ativar: 1) autorizar o App Alfa no sistema do celular (Android: Configurações > Receber Notificações; iOS: Ajustes > Receber Notificações); 2) ativar pelo App Alfa (área logada) em Perfil > Geral > Receber notificações.\n\ne) **Bloqueio de Canal:** consulte na plataforma em Segurança > Bloqueio de segurança > Histórico. Havendo bloqueio, o desbloqueio ocorre após a alteração das senhas de 6 e 8 dígitos — é obrigatório alterar primeiro a de 8 dígitos, depois a de 6. Use os itens 3 e/ou 4 para orientar os canais.\n\n---\n\n## 1. Resumo da utilização das senhas\n\n| Tipo de senha | Canais de utilização |\n|---|---|\n| Senha de 4 dígitos | Descontinuada |\n| Senha de 6 dígitos | Confirma transações de cartão débito e crédito. Plataforma de Relacionamento/URA: acesso, consulta e confirmação de transações da mesma titularidade. Site institucional (sem Alfa Code): confirmação de transações financeiras. App Alfa: confirmação de transações financeiras. WhatsApp Alfa: pode ser solicitada para confirmação de algumas transações. TCX, TAD, POS, correspondente bancário: confirmação de transações. TAA: confirmação de transações de beneficiários do INSS e de portadores de deficiência visual sem código de acesso. Banco 24 Horas e rede compartilhada (Banco Parceiro Beta): confirmação de transações de portadores de deficiência visual sem código de acesso. |\n| Senha de 8 dígitos | Site institucional, App Alfa, App Cartão Alfa e WhatsApp: acesso, consultas, transações financeiras e aquisição de produtos/serviços. |\n| Código de Acesso (letras, sílabas ou alfanumérico) | TAA, Banco 24 Horas e rede compartilhada: confirma transações, inclusive saques na função crédito do cartão. |\n| Conta de Acesso (senha alfanumérica) | Utilizada por não correntistas no App Alfa (versão não correntista). |\n\n---\n\n## 2. Situação das Senhas\n\n### 2.1. Consultas\n- Senhas de 6/8 dígitos e código de acesso — Quadro Próprio e Quadro Contratado: `SISALFA > SISRET > X69 > 2` (correntistas: agência e conta; não correntistas: número do cartão), campo STATUS (pode ser informado ao cliente).\n- Conta de Acesso (Quadro Próprio): `SISALFA > ACESSO > 32 > 01 > CPF`.\n\n### 2.2. Códigos aplicáveis a TODOS os tipos de senha\n| Código | Significado | Situação |\n|---|---|---|\n| 0 | Sem ocorrência de erro de digitação | Ativa |\n| 1 | Cliente errou a digitação uma vez | — |\n| 2 | Cliente errou a digitação duas vezes | — |\n| 3 | Cliente errou a digitação três vezes (se ocorrer na senha de 6 dígitos via APF, Mobile ou WhatsApp, o bloqueio ""3"" é aplicado também à senha de 8 dígitos) | Bloqueada |\n| 6 | Senha (PJ e Governo) cadastrada no Alfa Digital PJ, aguardando confirmação de um funcionário da agência | — |\n| 7 | Senha (PJ e Governo) cadastrada no Alfa Digital PJ, aguardando confirmação de dois funcionários da agência | — |\n| Q | Senha alterada no APF Internet sem Alfa Code, ou no APF Celular sem fotografar cartão válido (aguardando confirmação na TAA com biometria cadastrada há mais de 7 dias) | — |\n| U | Senha bloqueada pelo monitoramento de segurança dos canais de autoatendimento | — |\n\n### 2.3. Códigos exclusivos da senha de 6 dígitos\n| Código | Significado | Situação |\n|---|---|---|\n| A | Senha digitada errada 3 vezes | Bloqueada |\n| D | Erro na tentativa de desbloqueio na TAA, ou bloqueio feito pelo próprio cliente via APF Celular/Internet | — |\n\n### 2.4. Códigos exclusivos da senha de 8 dígitos\n| Código | Significado | Situação |\n|---|---|---|\n| T | Senha registrada antes de 2012 e bloqueada por não uso nos últimos 90 dias | Bloqueada |\n| D | Alteração iniciada via APF Celular, com falha na confirmação via TAA sem biometria | — |\n| P | Senha cadastrada via APF Internet/Celular, aguardando confirmação na TAA | — |\n| 4 | Erro na tentativa de desbloqueio via Mobile | — |\n| 8 | Senha bloqueada pela agência ou pelo próprio cliente nos canais de autoatendimento | — |\n\n### 2.5. Situações do código de acesso\nCódigo ""4"" = tentativa de desbloqueio na TAA; CAA = letras; CAS = sílabas; CAN = alfanumérico.\n\n### 2.6. Situações da senha alfanumérica (Conta de Acesso)\n*Solicitado* = cadastramento/alteração pedidos; *Ativa* = cadastrada e ativa; *Bloqueado* = bloqueada por erro de digitação ou por segurança.\n> Essa confirmação ocorre por oferta ativa, sem necessidade de navegar pelo menu da TAA.\n\n---\n\n## 3. Correntistas e Poupadores\n\n### 3.1. Senha de 6 dígitos (conta e cartão)\n\nUsada para autorizar transações em: terminais de caixa das agências, TAA, site institucional (sem Alfa Code), App Alfa, correspondente bancário, transações de cartão (débito e crédito) e acesso à Central de Relacionamento/SAC. Vinculada à agência/conta (correntista) ou ao CPF (não correntista).\n\n**3.1.1. Cadastramento**\n\n| Canal | Procedimento |\n|---|---|\n| Agência | Correntistas e poupadores: no fluxo de abertura de conta, em qualquer agência. Beneficiários do INSS: em qualquer agência. Clientes de conta digital: no fluxo de abertura pelo App Alfa. |\n\n> **Atenção:** se o cliente quiser encerrar a conta corrente e ficar só com o cartão de crédito, cadastre nova senha como não correntista — obrigatório para não deixar pendente a emissão dos cartões.\n\n**3.1.2. Alteração**\n\n> Para cartões com chip, após a alteração, oriente o cliente a atualizar o chip de todos os plásticos em qualquer TAA (sob risco da senha não funcionar). Verifique a possibilidade de enviar senha provisória por SMS (item 6).\n\n| Canal | Requisitos/Condição | Procedimento |\n|---|---|---|\n| App Alfa | Celular autorizado há mais de 30 dias; Alfa Code ou Push habilitado; geolocalização ativa e autorizada; cartão ativo; senha de 8 dígitos ativa (códigos 0, 1 e/ou 2). Não disponível se bloqueada por ""8"". | **Com a senha anterior:** área logada > Perfil > Segurança > Central de senhas > Senha de 6 dígitos > Alterar. **Sem a senha anterior:** área logada > Perfil > Segurança > Central de senhas > Senha de 6 dígitos > Esqueci a senha > ""Agora utilizando o cartão"" (dados do cartão) — confirmação por: (i) biometria na TAA (cadastrada há mais de 7 dias): App Alfa > Menu > Perfil > Central de senhas > Senha de 6 dígitos > Esqueci a senha > No caixa eletrônico, depois na TAA em Segurança e Senhas > Senhas > Liberação de Senha Provisória > Senha da conta e cartão (6 dígitos); ou (ii) WhatsApp (telefone cadastrado no ATO): área logada > Perfil > Central de senhas > Senha de 6 dígitos > Esqueci a senha > Por WhatsApp. |\n| Site institucional | Senha de 8 dígitos ativa (códigos 0, 1 e/ou 2). Não disponível para quem não usa Alfa Code e não tem biometria cadastrada há mais de 7 dias (ou de forma assistida), nem para bloqueio ""U"" ou ""8"" da senha de 6 dígitos. | Em computador autorizado, com ou sem a senha anterior: **com adesão ao Alfa Code:** área logada > Segurança > Senhas > Alterar > Senha do cartão (6 dígitos) (exige código de autorização do Alfa Code). **Sem adesão ao Alfa Code, com biometria cadastrada:** mesmo caminho, confirmando em uma TAA com biometria cadastrada há mais de 7 dias. |\n| Agências (inclusive bloqueio ""U"") | — | Mediante identificação; recomendar que o cliente leve o cartão. |\n| SAC | Bloqueio ""U"": SAC Receptivo QP/QC (Célula de Segurança) → rotina 50130; SAC Soluções QP → rotina 50131; SAC Quadro Contratado → rotina 50112. Outros bloqueios: SAC Quadro Próprio → procedimento de Geração de Senha (item 6); SAC Quadro Contratado → rotina 50112. | — |\n| Plataforma de Relacionamento / ATA | Exceto bloqueio ""U"": Quadro Próprio → Geração de Senha; Quadro Contratado (não correntista portador de cartão) → Geração de Senha; correntistas/poupadores → demais canais. | — |\n\n**3.1.3. Bloqueio**\n\nCanais por iniciativa do cliente: TAA; SAC QC/QP; Plataforma de Relacionamento; site institucional (com Alfa Code); App Alfa (dispositivo autorizado, com Alfa Code ou push); agências.\n> Se o cliente detectar lançamentos indevidos na conta (inclusive por invasão do site), utilize também a rotina 50136, item 5.1. Bloqueio por um titular solidário impede os demais de transacionar. O bloqueio do código de acesso implica bloqueio da senha de 6 dígitos.\n\n**3.1.4. Desbloqueio**\n\nFeito COM conhecimento da senha anterior (sem isso, é preciso fazer a Alteração). Bloqueio ""U"" não admite desbloqueio, só Alteração.\n\n| Canal | Requisitos | Procedimento |\n|---|---|---|\n| App Alfa | Celular autorizado >30 dias; Alfa Code/Push habilitado; geolocalização ativa; cartão ativo; senha de 8 dígitos ativa (0,1,2). | Área logada > Perfil > Segurança > Central de senhas > Senha de 6 dígitos > Desbloquear. |\n| Site institucional | Senha de 8 dígitos ativa (0,1,2). | Em computador autorizado — com Alfa Code: Segurança > Senhas > Desbloquear (código de autorização); sem Alfa Code: mesmo caminho, confirmando em TAA com biometria (>7 dias). |\n| TAA | Biometria, ou cartão + código de acesso. | Menu > Segurança e Senhas > Senhas > Desbloqueio > Senha da conta e cartão (6 dígitos). |\n| Agência | Identificação (recomendar levar o cartão). | — |\n\n> Erro de digitação na tentativa de desbloqueio na TAA: só pode ser desbloqueada em agência. Bloqueio por iniciativa da agência/cliente: desbloqueio em qualquer agência. Bloqueio por erro de identificação positiva na TAA: só desbloqueia em agência (se o cliente souber a senha); usar a TAA para essa operação não é possível. Desbloqueio exige código de acesso ou biometria; sem nenhum dos dois, é necessário comparecer a uma agência.\n\n### 3.2. Senha de 8 dígitos\n\nAcessa o site institucional e o App Alfa; pode ser provisória¹ ou definitiva. Confirmação de transações financeiras via Alfa Code; sem Alfa Code, usa-se a senha de 6 dígitos (oriente o cadastramento do Alfa Code). Senha única — não precisa ser cadastrada por cada titular.\n\n> ¹ Provisória: só senhas antigas; acesso restrito a consultas. Para movimentações financeiras, deve ser liberada em uma TAA.\n\n**3.2.1. Cadastramento**\n\n| Canal | Procedimento |\n|---|---|\n| App Alfa | Correntistas/poupadores: ""Esqueci ou não tenho a senha"" na tela de login (clientes sem histórico de equipamento autorizado no ATO); o equipamento fica em carência (há um link de liberação). Clientes de conta digital: cadastram no fluxo de abertura via Mobile. |\n| TAA | Com biometria cadastrada há mais de 7 dias: Menu > Segurança e Senhas > Senhas > Cadastramento. |\n| Agência | Qualquer agência, informando a senha de 6 dígitos. |\n\n**3.2.2. Alteração**\n\n| Canal | Condição | Procedimento |\n|---|---|---|\n| App Alfa | Celular autorizado >30 dias; Alfa Code/Push; geolocalização; cartão ativo. | **Com a senha atual:** área logada > Perfil > Segurança > Central de senhas > Senha de 8 dígitos > Alterar (digitar a senha atual). **Sem a senha atual (inclusive bloqueio ≠ ""U""), ou bloqueio ""U"":** ""Esqueci minha senha"" (tela de login ou tela inicial não logada) > Recuperar senha > Senha de 8 dígitos > Esqueci a senha, com 3 opções: (i) ""Agora utilizando o cartão"" (dados do cartão, dispositivo autorizado, Alfa Code ou Push); (ii) ""No caixa eletrônico"" (confirmação por biometria na TAA, cadastrada há mais de 7 dias); (iii) por WhatsApp (telefone cadastrado no ATO + versão mínima do app + reconhecimento facial). *A opção ""recuperar senha"" só aparece em celular autorizado onde o cliente já acessou a conta ao menos uma vez.* |\n| Site institucional (computador autorizado) | Com a senha atual: exigida a senha de 8 dígitos atual. | **Com Alfa Code:** Segurança > Senhas > Alterar > Senha da internet (8 dígitos) (código de autorização). **Sem Alfa Code:** mesmo caminho, confirmando em TAA com biometria (>7 dias). Sem a senha atual (inclusive bloqueio ≠ ""U""), ou bloqueio ""U"": não disponível neste canal. |\n| TAA | Com ou sem a senha atual (inclusive bloqueios). | Menu > Segurança e Senhas > Senhas > Alteração > Senha de acesso à internet e ao celular (8 dígitos). Com biometria: qualquer horário (cadastrada há mais de 7 dias, ou de forma assistida). Sem biometria, com cartão com chip + código de acesso: das 10h às 16h em dias úteis. |\n| Agência | Com ou sem a senha atual (inclusive bloqueios). | Atendimento presencial, exigindo a senha de 6 dígitos; recomendar levar o cartão. |\n| SAC | Com a senha atual, ou sem ela (exceto ""U""): Quadro Próprio → Geração de Senha; Quadro Contratado → rotina 50112. Bloqueio ""U"": SAC Receptivo (Célula de Segurança) → rotina 50130; SAC Soluções QP → rotina 50131; SAC QC → rotina 50112. | — |\n| Plataforma de Relacionamento / ATA | Com a senha atual, ou sem ela (exceto ""U""): Quadro Próprio → Geração de Senha; Quadro Contratado (não correntista com cartão) → Geração de Senha; correntistas/poupadores → demais canais. Bloqueio ""U"": não disponível neste canal. | — |\n\n**3.2.3. Bloqueio**\n\nCanais por iniciativa do cliente: TAA; SAC; agências; site institucional (com Alfa Code); App Alfa (dispositivo autorizado, com Alfa Code ou push). Bloqueio de segurança ocorre quando há indício de violação da senha. Bloqueio ""T"": não é mais aplicado — restam apenas registros até 2012.\n\n**3.2.4. Desbloqueio**\n\n> Sem conhecimento da senha anterior, bloqueio ""U"" (segurança) ou bloqueio ""4"": seguir os procedimentos de Alteração.\n\nConsulte em `SISRET X69 > 02` (correntistas: agência/conta; não correntistas: número do cartão), campo STATUS, ou pela Plataforma (Segurança > Senhas > Gerenciamento de Senhas). Não pergunte data de validade nem CVV ao cliente — preencha o número do cartão, use o mês/ano do contato como validade e ""000"" no CVV2.\n\n| Tipo de bloqueio | Canal | Procedimento |\n|---|---|---|\n| Por iniciativa da agência ou do cliente | Agência | Com a senha de 6 dígitos (recomendar levar o cartão). |\n| | TAA | Com código de acesso ou biometria. |\n| Por motivo ""T"" | Agência | Idem acima. |\n| | TAA | Idem acima. |\n| Por digitação incorreta 3 vezes | App Alfa (dispositivo autorizado >30 dias, Alfa Code/Push, geolocalização, cartão ativo) | Recuperar Senhas > Senha de 8 dígitos > Desbloquear (digitar a senha atual). |\n| | Agência | Com a senha de 6 dígitos. |\n| | TAA | Com código de acesso ou biometria. |\n| Por erro na tentativa de desbloqueio na TAA | Agência | Com a senha de 6 dígitos. |\n\n---\n\n## 4. Não Correntista\n\n### 4.1. Senha de 6 dígitos\n\n**4.1.1. Cadastramento:** clientes não correntistas que solicitam Cartão Alfa via App ou web cadastram no próprio fluxo de solicitação. Private Label → rotina 50133. Cartões de programa de fidelidade parceiro → rotina 50134.\n\n**4.1.2. Alteração:** Agência (qualquer uma, com cartão válido e identificação); SAC e Plataforma de Relacionamento → item 6 desta rotina.\n\n**4.1.3. Bloqueio:** por iniciativa do cliente — TAA; SAC QC/QP; Plataforma de Relacionamento; agências.\n\n**4.1.4. Desbloqueio:** Agência (qualquer uma, com a senha de 6 dígitos); TAA (com o código de acesso).\n\n### 4.2. Conta de Acesso e Senha de 8 dígitos\n\n**Demanda:** dificuldade para acessar o App Alfa ou o App Cartão Alfa com a senha de 8 dígitos.\n\n> **Atenção:** há 2 tipos de senha de 8 dígitos para não correntista — **Conta de Acesso** (acessa o App Alfa) e **Senha-8** (acessa o App Cartão Alfa). O cliente normalmente não sabe dessa distinção. Para identificar o tipo, siga o item 4.2.1.\n\n**4.2.1. Identificação do tipo de senha**\n\n*4.2.1.1. Sistema Alfa:*\n- a) Senha Conta de Acesso: `SISRET X69 > 02 > nº do cartão`. Se ""não localizado"" ou se o cliente tiver os dois tipos, siga para (b). Se possuir só Conta de Acesso: Quadro Contratado → siga para 4.2.2; Quadro Próprio → confira a situação (se ""Ativo"", tecle F9 para mais detalhes) e siga para 4.2.2.\n- b) Senha-8: `SISALFA > SISRET X69 > 02 > nº do cartão`. Cliente com só Senha-8, ou com as duas → oriente conforme 4.2.2 (Quadro Próprio e Contratado).\n\n*4.2.1.2. Plataforma:* não pergunte data de validade nem CVV. `Plataforma de Negócios > Segurança > Senhas > Gerenciamento de Senhas 3.0` — preencha o número do cartão, use o mês/ano do contato como validade e ""000"" no CVV2.\n\n**4.2.2. Procedimentos** (se o cliente tiver os dois tipos, pergunte qual app ele quer acessar):\n\n| Senha | Cadastramento | Alteração | Bloqueio | Desbloqueio |\n|---|---|---|---|---|\n| **Conta de Acesso** (App Alfa) | No momento da contratação do cartão (App Alfa/onboarding digital) | App Alfa (Central de Senhas) ou link de recuperação; Agência (cartão válido e previamente liberado) | Agência | Agência (cartão válido e previamente liberado) |\n| **Senha-8** (App Cartão Alfa) | No momento da contratação do cartão (lojas parceiras, correspondentes, agências) | TAA; SAC e Plataforma de Relacionamento (Geração de Senha, ou outros canais); App Cartão Alfa ""Esqueci minha senha"" (sem bloqueio vigente); Agência | TAA; APF; Mobile; agências; **se o cliente foi vítima de assalto, roubo ou sequestro:** SAC QP/QC e Plataforma de Relacionamento → `SISRET X98`, código de rota 800050, conta = nº da conta do cartão | TAA; Agência |\n\n> Não correntistas com Conta de Acesso também podem acessar o App Cartão Alfa, mas precisam cadastrar uma senha de 8 dígitos separada via ""Esqueci senha"" — explique que serão duas senhas diferentes, uma para cada app. Quem possui só a Senha-8 NÃO consegue acessar o App Alfa.\n\n---\n\n## 5. Código de Acesso (Alfanumérico)\n\na) **Deficientes visuais:** o cliente com deficiência visual total pode ser dispensado da exigência do código de acesso, mediante registro da característica no cadastro pela agência. Em conta conjunta, a dispensa vale só para o titular com a deficiência.\n\nb) **Tipos:** CAA (letras), CAS (sílabas), CAN (alfanumérico). Emitido quando o cliente usa a TAA com cartão pela primeira vez, tentando uma transação/consulta — o cliente é avisado do novo código, que substitui o anterior.\n\nc) Se o cliente disser que não tem/não anotou o código: oriente conforme a tabela abaixo, ou informe que TAAs com biometria dispensam o código de acesso (rotina 50132, itens 1 e 9).\n\n**5.1. O que é:** código aleatório (letras, sílabas e/ou números), não escolhido pelo cliente; para PF e PJ, correntistas, não correntistas e poupadores portadores de cartão; necessário em: TAA, Banco 24 Horas e rede compartilhada (Banco Parceiro Beta).\n\n**5.2. Cadastramento:** gerado e impresso automaticamente no primeiro uso do cartão na TAA; regenerado em migração de conta (mesmo cartão) ou quando o código antigo é cancelado. Se a impressora estiver inoperante, é mostrado só em tela. Código único para todos os titulares solidários.\n\n**5.3. Alteração:** não existe alteração direta — o código deve ser cancelado (canais abaixo); a nova combinação é gerada automaticamente no próximo acesso à TAA. *(O código não muda se a senha da conta corrente for alterada.)*\n\n| Canal | Procedimento |\n|---|---|\n| App Alfa | Área logada > Perfil > Segurança > Central de senhas > Código de Acesso > Solicitar novo código. |\n| Site institucional | Área logada — confirmação via Alfa Code; sem Alfa Code, confirma na TAA com biometria cadastrada há mais de 7 dias. |\n| Agência | Com a senha de 6 dígitos (recomendar levar o cartão). |\n\n**5.4. Bloqueio:** após 3 tentativas seguidas incorretas. Bloqueio da senha de 6 dígitos ou do código de acesso mantém o uso da TAA com biometria. Bloqueio da senha de 6 dígitos mantém o uso do código de acesso, exceto nos bloqueios ""U"" ou ""8"".\n\n**5.5. Desbloqueio:** pelo próprio cliente na TAA, usando o próprio código de acesso. Se houver novo erro, o código deve ser cancelado (site institucional com Alfa Code, App Alfa, ou qualquer agência) para gerar um novo.\n\n---\n\n## 6. Geração de Senha PF – Procedimentos\n\nEnvio de senha (6 e 8 dígitos) por SMS para PF — só para ALTERAÇÃO (não para cadastro de primeira senha, que segue outros canais). Não disponível para senhas ""não cadastradas""/""a cadastrar"" ou bloqueio ""U"". Faça as consultas do item 6.2 antes.\n\n### 6.1. Atendimento\n\n| Frente | Quem atende | Identificação |\n|---|---|---|\n| SAC QP | Correntistas e não correntistas | Cliente autenticado (URA, Token ou Identificação Positiva) |\n| SAC QC | Não correntistas portadores de cartão (correntistas/poupadores: transferir para a Célula de Segurança via rotina 50106) | — |\n| Plataforma de Relacionamento QP | Correntistas e não correntistas | Autenticado por CPF+senha, agência/conta+senha ou Token: IP dispensada. Atendimentos ATA, Consultoria e Texto: exigem IP. Bancada Cartão: Checklist Maior Risco. |\n| Plataforma de Relacionamento QC | Não correntistas portadores de cartão (correntistas/poupadores: demais canais, itens 3 e 4) | — |\n\n### 6.2. Consultas\n\n1. Verifique o cadastro da senha em `SISRET X69 > 02` ou pela Plataforma (Segurança > Senhas > Gerenciamento de Senhas) — correntistas: agência/conta; não correntistas: número do cartão (não pedir validade/CVV; usar mês/ano do contato e ""000"" no CVV2).\n2. Resultado ""Não cadastrada""/""A cadastrar"" → cliente não correntista com entrada via onboarding digital; não é possível enviar senha; oriente: 8 dígitos via App Alfa (se dispositivo autorizado com Alfa Code/push); 6 dígitos, comparecer a uma agência.\n3. Resultado ""U Bloqueado"" → SAC Receptivo (Célula de Segurança) → rotina 50130; SAC Soluções QP → rotina 50131; SAC Receptivo QC → rotina 50112; Plataforma de Relacionamento → orientar contato com o SAC.\n4. Demais situações → prossiga: pergunte o celular atual do cliente (não informe outros números cadastrados) e confira no cadastro (agência/conta ou MCI) se é o mesmo já registrado. Se divergente, ou se houver mais de um número/duplicidade cadastrada → oriente comparecimento a uma agência. Se for o mesmo e único número → siga para 6.3.\n\n### 6.3. Geração de Senha\n\na) Acesse Plataforma > Segurança > Senhas > Envio de Senha por SMS.\nb) Consulte por tipo de cliente: correntista (CPF, agência e conta, ou MCI); não correntista (CPF); na aba Cartão, informe o número (via `Cartão > 11 > 1` ou `17 > 01 > 01`) — se houver mais de um cartão, peça modalidade e os 4 últimos dígitos.\nc) Selecione a conta/cartão do cliente.\nd) Selecione o envio de senha de 8 e/ou 6 dígitos — o sistema gera uma senha aleatória e envia por SMS.\ne) Informe que a senha chega por SMS ao celular cadastrado, sem prazo de expiração, e que deve ser alterada assim que possível por segurança.\nf) Se for senha de 6 dígitos, informe que, após a alteração, é preciso validar o chip do cartão em qualquer TAA — caso contrário, a nova senha não funcionará com o cartão com chip.\n\n---\n\n## 7. Cliente no Exterior\n\na) **Central de Senhas** (no App Alfa; exige cartão ativo, dispositivo liberado e Alfa Code/Push): permite alterar/bloquear/desbloquear/criar senha de 8 dígitos; alterar/bloquear/desbloquear senha de 6 dígitos; solicitar novo código de acesso. Acesso com a senha atual: área logada > Perfil > Central de senhas. Sem a senha: tela inicial não logada > Recuperar senha.\n\nb) **Agências no exterior:** procedimento de senhas disponível somente na agência de Tóquio.\n\nc) Solicitar a um representante legal (com procuração com firma reconhecida) que realize a operação na agência de relacionamento do cliente no Brasil.\n\nd) A agência de relacionamento envia ao e-mail cadastrado no MCI uma declaração para o cliente assinar e digitalizar — válido apenas para senhas bloqueadas por erro, não para bloqueio ""U"" (suspeita de fraude). O pedido pode começar por qualquer canal de contato, mas a declaração assinada só pode retornar pelo e-mail cadastrado no MCI. A agência de relacionamento pode ser confirmada com o cliente durante a ligação, na aba lateral da Plataforma de Relacionamento.\n\ne) **Cartões com chip:** após a alteração da senha de 6 dígitos, oriente o cliente a atualizar o chip de todos os plásticos ao voltar ao Brasil (em uma TAA), sob risco de impacto em transações presenciais; carteiras digitais funcionam normalmente após a troca.\n\nf) **Uso da senha no exterior:** alguns terminais usam PIN de 4 e/ou 6 dígitos. Nos de 4 dígitos, o cliente informa os 4 primeiros dígitos da sua senha de 6. No exterior, o cliente tem as mesmas opções dos demais clientes, pelo site institucional ou pelo App Alfa.\n\n---\n\n## 8. Senha do Portador Adicional\n\n| Portador | Solicitação | Alteração/reposição |\n|---|---|---|\n| **Adicional não correntista** | Presencial: senha de 6 dígitos cadastrada na hora. Demais canais: senha enviada por correio ao endereço do portador titular. | Se perder, esquecer ou não receber, cadastrar nova em qualquer agência. |\n| **Adicional correntista** | Usa a mesma senha pessoal de 6 dígitos de sua própria conta. Sem senha gravada: modalidades Doméstico/Internacional → sistema não gera o cartão; modalidades Gold e superiores → senha enviada por correio, cartão gerado após o recebimento. | Se perder, esquecer ou não receber, seguir as orientações do item 3. |\n\n---\n\n## 9. Acesso ao gov.br com credenciais do Banco Alfa\n\nVer rotina 50135.\n\n---\n\n## 10. Central de Senhas PF\n\nSolução de segurança no App Alfa para o cliente gerenciar suas senhas.\n- **Área logada:** Perfil > Segurança > Central de Segurança > Central de senhas; Perfil > Segurança > Central de senhas; Menu > Segurança > Central de Segurança > Central de Senhas.\n- **Área não logada:** Tela inicial > Recuperar Senha; ou role a tela para cima > Recuperar Senha.\n\n**Requisitos:** celular autorizado há mais de 30 dias; telefone cadastrado no ATO; Alfa Code ou Push habilitado; geolocalização ativa e autorizada; permissão de câmera concedida ao app; cartão ativo.\n\n> **Atenção:** não correntistas usam a Central de Senhas apenas para alterar a senha ""Conta de Acesso"" (ver item 4.2.2).\n\n---\n\n## 11. Fontes de informação\n\nUGS – Unidade de Gestão de Segurança (código 800040) · Normativo interno 5001 · Normativo interno 5002\n\n---\n\n## 12. Rotinas absorvidas\n\nO conteúdo das seguintes rotinas foi absorvido por este documento:\n\n| Código (anonimizado) | Assunto |\n|---|---|\n| 50137 | Senhas – Orientações (Código de Acesso) |\n| 50138 | Senhas – Orientações (Não correntista) |\n| 50139 | Senhas – Correntistas (Internet e Celular) |\n| 50140 | Arquivada – Senhas – Orientações (Conta-corrente) |\n| 50141 | POP UP – Senhas – Tipos de bloqueio |\n| 50142 | Modalidade de conta simplificada – Senhas |\n| 50143 | Senhas – Orientações – Poupador não correntista |\n| 50144 | Acesso do cliente à plataforma digital gov.br (parceria Banco Alfa e Governo Federal) |\n| 50145 | Senhas – Alfa Digital PJ |\n| 50146 | Atendimento para clientes não participantes do modelo ATA |\n| 50147 | Geração de senha PF – Procedimentos |\n']","Cliente com deficiência visual total pode ser dispensado do código de acesso mediante registro da característica no cadastro pela agência. Em conta conjunta, a dispensa vale somente para o titular com a deficiência.",ROLE_RESTRICTION,6.6187,,1.0,0.8547060908652313,1.0,0.9999999999
"Estou fora do país e minha senha bloqueou. E agora?
[Dados coletados via clarificação: codigo_bloqueio=U]","Para clientes no exterior com a senha bloqueada sob o código **""U""** (que indica suspeita de fraude ou bloqueio pelo monitoramento de segurança), os procedimentos são restritos, pois este tipo de bloqueio não permite o desbloqueio via declaração assinada por e-mail.

Siga as orientações abaixo conforme a sua situação:

*   **Central de Senhas (App Alfa):** Se você possui um dispositivo autorizado, cartão ativo e Alfa Code/Push habilitado, tente acessar a ""Central de Senhas"" no App Alfa (na tela inicial não logada, selecione ""Recuperar senha""). No entanto, esteja ciente de que o bloqueio ""U"" é uma medida de segurança rigorosa.
*   **Representante Legal:** Você pode solicitar a um representante legal no Brasil, que possua uma procuração com firma reconhecida, que compareça à sua agência de relacionamento para realizar a operação necessária.
*   **Agência de Tóquio:** Caso você esteja próximo ao Japão, a agência de Tóquio é a única unidade no exterior que possui procedimento de senhas disponível.
*   **Retorno ao Brasil:** Devido à natureza do bloqueio ""U"" (suspeita de fraude), a resolução definitiva pode exigir o comparecimento presencial em uma agência no Brasil para garantir a segurança da sua conta.

**Importante:**
*   O bloqueio ""U"" não é passível de desbloqueio através do envio de declaração por e-mail, procedimento que é restrito apenas a bloqueios por erro de digitação.
*   Não tente realizar o desbloqueio via canais digitais se o bloqueio for ""U"", pois a opção não estará disponível.

### Referências

- [1] POP – Gestão de Senhas e Código de Acesso – Pessoa Física","['# POP – Gestão de Senhas e Código de Acesso – Pessoa Física\n### [Versão anonimizada/pseudonimizada — documento complementar ao POP de CDC]\n\n> **Nota metodológica:** este documento usa a mesma metodologia e os mesmos pseudônimos institucionais do POP de CDC anonimizado anteriormente (Banco Alfa, SISALFA, App Alfa etc.). Termos novos e específicos deste documento (produtos de cartão, plataformas, rotinas) foram adicionados à mesma chave de correspondência (arquivo único, cumulativo). A lógica processual e as condições originais foram mantidas integralmente.\n\n**Sumário:** Notas iniciais · 1. Resumo das senhas · 2. Situação das senhas · 3. Correntistas e poupadores · 4. Não correntista · 5. Código de acesso · 6. Geração de senha PF · 7. Cliente no exterior · 8. Senha do portador adicional · 9. Acesso ao gov.br · 10. Central de Senhas PF · 11. Fontes de informação · 12. Rotinas absorvidas\n\n---\n\n## Notas iniciais\n\na) **Transferência de saldo/produtos entre agências:** a senha da agência de origem não é alterada; o cliente acessa normalmente a conta na agência de destino.\n\nb) Os procedimentos desta rotina não se aplicam a clientes PJ ou Setor Público. Para chave J e senhas (Alfa Digital PJ), ver rotina 50129.\n\nc) **Titulares solidários:** as senhas (6 e 8 dígitos) e o código de acesso são os mesmos para todos os titulares. Se um titular bloquear a senha, os demais ficam impossibilitados de realizar transações.\n\nd) **Push:** notificação recebida diretamente no App Alfa. Para ativar: 1) autorizar o App Alfa no sistema do celular (Android: Configurações > Receber Notificações; iOS: Ajustes > Receber Notificações); 2) ativar pelo App Alfa (área logada) em Perfil > Geral > Receber notificações.\n\ne) **Bloqueio de Canal:** consulte na plataforma em Segurança > Bloqueio de segurança > Histórico. Havendo bloqueio, o desbloqueio ocorre após a alteração das senhas de 6 e 8 dígitos — é obrigatório alterar primeiro a de 8 dígitos, depois a de 6. Use os itens 3 e/ou 4 para orientar os canais.\n\n---\n\n## 1. Resumo da utilização das senhas\n\n| Tipo de senha | Canais de utilização |\n|---|---|\n| Senha de 4 dígitos | Descontinuada |\n| Senha de 6 dígitos | Confirma transações de cartão débito e crédito. Plataforma de Relacionamento/URA: acesso, consulta e confirmação de transações da mesma titularidade. Site institucional (sem Alfa Code): confirmação de transações financeiras. App Alfa: confirmação de transações financeiras. WhatsApp Alfa: pode ser solicitada para confirmação de algumas transações. TCX, TAD, POS, correspondente bancário: confirmação de transações. TAA: confirmação de transações de beneficiários do INSS e de portadores de deficiência visual sem código de acesso. Banco 24 Horas e rede compartilhada (Banco Parceiro Beta): confirmação de transações de portadores de deficiência visual sem código de acesso. |\n| Senha de 8 dígitos | Site institucional, App Alfa, App Cartão Alfa e WhatsApp: acesso, consultas, transações financeiras e aquisição de produtos/serviços. |\n| Código de Acesso (letras, sílabas ou alfanumérico) | TAA, Banco 24 Horas e rede compartilhada: confirma transações, inclusive saques na função crédito do cartão. |\n| Conta de Acesso (senha alfanumérica) | Utilizada por não correntistas no App Alfa (versão não correntista). |\n\n---\n\n## 2. Situação das Senhas\n\n### 2.1. Consultas\n- Senhas de 6/8 dígitos e código de acesso — Quadro Próprio e Quadro Contratado: `SISALFA > SISRET > X69 > 2` (correntistas: agência e conta; não correntistas: número do cartão), campo STATUS (pode ser informado ao cliente).\n- Conta de Acesso (Quadro Próprio): `SISALFA > ACESSO > 32 > 01 > CPF`.\n\n### 2.2. Códigos aplicáveis a TODOS os tipos de senha\n| Código | Significado | Situação |\n|---|---|---|\n| 0 | Sem ocorrência de erro de digitação | Ativa |\n| 1 | Cliente errou a digitação uma vez | — |\n| 2 | Cliente errou a digitação duas vezes | — |\n| 3 | Cliente errou a digitação três vezes (se ocorrer na senha de 6 dígitos via APF, Mobile ou WhatsApp, o bloqueio ""3"" é aplicado também à senha de 8 dígitos) | Bloqueada |\n| 6 | Senha (PJ e Governo) cadastrada no Alfa Digital PJ, aguardando confirmação de um funcionário da agência | — |\n| 7 | Senha (PJ e Governo) cadastrada no Alfa Digital PJ, aguardando confirmação de dois funcionários da agência | — |\n| Q | Senha alterada no APF Internet sem Alfa Code, ou no APF Celular sem fotografar cartão válido (aguardando confirmação na TAA com biometria cadastrada há mais de 7 dias) | — |\n| U | Senha bloqueada pelo monitoramento de segurança dos canais de autoatendimento | — |\n\n### 2.3. Códigos exclusivos da senha de 6 dígitos\n| Código | Significado | Situação |\n|---|---|---|\n| A | Senha digitada errada 3 vezes | Bloqueada |\n| D | Erro na tentativa de desbloqueio na TAA, ou bloqueio feito pelo próprio cliente via APF Celular/Internet | — |\n\n### 2.4. Códigos exclusivos da senha de 8 dígitos\n| Código | Significado | Situação |\n|---|---|---|\n| T | Senha registrada antes de 2012 e bloqueada por não uso nos últimos 90 dias | Bloqueada |\n| D | Alteração iniciada via APF Celular, com falha na confirmação via TAA sem biometria | — |\n| P | Senha cadastrada via APF Internet/Celular, aguardando confirmação na TAA | — |\n| 4 | Erro na tentativa de desbloqueio via Mobile | — |\n| 8 | Senha bloqueada pela agência ou pelo próprio cliente nos canais de autoatendimento | — |\n\n### 2.5. Situações do código de acesso\nCódigo ""4"" = tentativa de desbloqueio na TAA; CAA = letras; CAS = sílabas; CAN = alfanumérico.\n\n### 2.6. Situações da senha alfanumérica (Conta de Acesso)\n*Solicitado* = cadastramento/alteração pedidos; *Ativa* = cadastrada e ativa; *Bloqueado* = bloqueada por erro de digitação ou por segurança.\n> Essa confirmação ocorre por oferta ativa, sem necessidade de navegar pelo menu da TAA.\n\n---\n\n## 3. Correntistas e Poupadores\n\n### 3.1. Senha de 6 dígitos (conta e cartão)\n\nUsada para autorizar transações em: terminais de caixa das agências, TAA, site institucional (sem Alfa Code), App Alfa, correspondente bancário, transações de cartão (débito e crédito) e acesso à Central de Relacionamento/SAC. Vinculada à agência/conta (correntista) ou ao CPF (não correntista).\n\n**3.1.1. Cadastramento**\n\n| Canal | Procedimento |\n|---|---|\n| Agência | Correntistas e poupadores: no fluxo de abertura de conta, em qualquer agência. Beneficiários do INSS: em qualquer agência. Clientes de conta digital: no fluxo de abertura pelo App Alfa. |\n\n> **Atenção:** se o cliente quiser encerrar a conta corrente e ficar só com o cartão de crédito, cadastre nova senha como não correntista — obrigatório para não deixar pendente a emissão dos cartões.\n\n**3.1.2. Alteração**\n\n> Para cartões com chip, após a alteração, oriente o cliente a atualizar o chip de todos os plásticos em qualquer TAA (sob risco da senha não funcionar). Verifique a possibilidade de enviar senha provisória por SMS (item 6).\n\n| Canal | Requisitos/Condição | Procedimento |\n|---|---|---|\n| App Alfa | Celular autorizado há mais de 30 dias; Alfa Code ou Push habilitado; geolocalização ativa e autorizada; cartão ativo; senha de 8 dígitos ativa (códigos 0, 1 e/ou 2). Não disponível se bloqueada por ""8"". | **Com a senha anterior:** área logada > Perfil > Segurança > Central de senhas > Senha de 6 dígitos > Alterar. **Sem a senha anterior:** área logada > Perfil > Segurança > Central de senhas > Senha de 6 dígitos > Esqueci a senha > ""Agora utilizando o cartão"" (dados do cartão) — confirmação por: (i) biometria na TAA (cadastrada há mais de 7 dias): App Alfa > Menu > Perfil > Central de senhas > Senha de 6 dígitos > Esqueci a senha > No caixa eletrônico, depois na TAA em Segurança e Senhas > Senhas > Liberação de Senha Provisória > Senha da conta e cartão (6 dígitos); ou (ii) WhatsApp (telefone cadastrado no ATO): área logada > Perfil > Central de senhas > Senha de 6 dígitos > Esqueci a senha > Por WhatsApp. |\n| Site institucional | Senha de 8 dígitos ativa (códigos 0, 1 e/ou 2). Não disponível para quem não usa Alfa Code e não tem biometria cadastrada há mais de 7 dias (ou de forma assistida), nem para bloqueio ""U"" ou ""8"" da senha de 6 dígitos. | Em computador autorizado, com ou sem a senha anterior: **com adesão ao Alfa Code:** área logada > Segurança > Senhas > Alterar > Senha do cartão (6 dígitos) (exige código de autorização do Alfa Code). **Sem adesão ao Alfa Code, com biometria cadastrada:** mesmo caminho, confirmando em uma TAA com biometria cadastrada há mais de 7 dias. |\n| Agências (inclusive bloqueio ""U"") | — | Mediante identificação; recomendar que o cliente leve o cartão. |\n| SAC | Bloqueio ""U"": SAC Receptivo QP/QC (Célula de Segurança) → rotina 50130; SAC Soluções QP → rotina 50131; SAC Quadro Contratado → rotina 50112. Outros bloqueios: SAC Quadro Próprio → procedimento de Geração de Senha (item 6); SAC Quadro Contratado → rotina 50112. | — |\n| Plataforma de Relacionamento / ATA | Exceto bloqueio ""U"": Quadro Próprio → Geração de Senha; Quadro Contratado (não correntista portador de cartão) → Geração de Senha; correntistas/poupadores → demais canais. | — |\n\n**3.1.3. Bloqueio**\n\nCanais por iniciativa do cliente: TAA; SAC QC/QP; Plataforma de Relacionamento; site institucional (com Alfa Code); App Alfa (dispositivo autorizado, com Alfa Code ou push); agências.\n> Se o cliente detectar lançamentos indevidos na conta (inclusive por invasão do site), utilize também a rotina 50136, item 5.1. Bloqueio por um titular solidário impede os demais de transacionar. O bloqueio do código de acesso implica bloqueio da senha de 6 dígitos.\n\n**3.1.4. Desbloqueio**\n\nFeito COM conhecimento da senha anterior (sem isso, é preciso fazer a Alteração). Bloqueio ""U"" não admite desbloqueio, só Alteração.\n\n| Canal | Requisitos | Procedimento |\n|---|---|---|\n| App Alfa | Celular autorizado >30 dias; Alfa Code/Push habilitado; geolocalização ativa; cartão ativo; senha de 8 dígitos ativa (0,1,2). | Área logada > Perfil > Segurança > Central de senhas > Senha de 6 dígitos > Desbloquear. |\n| Site institucional | Senha de 8 dígitos ativa (0,1,2). | Em computador autorizado — com Alfa Code: Segurança > Senhas > Desbloquear (código de autorização); sem Alfa Code: mesmo caminho, confirmando em TAA com biometria (>7 dias). |\n| TAA | Biometria, ou cartão + código de acesso. | Menu > Segurança e Senhas > Senhas > Desbloqueio > Senha da conta e cartão (6 dígitos). |\n| Agência | Identificação (recomendar levar o cartão). | — |\n\n> Erro de digitação na tentativa de desbloqueio na TAA: só pode ser desbloqueada em agência. Bloqueio por iniciativa da agência/cliente: desbloqueio em qualquer agência. Bloqueio por erro de identificação positiva na TAA: só desbloqueia em agência (se o cliente souber a senha); usar a TAA para essa operação não é possível. Desbloqueio exige código de acesso ou biometria; sem nenhum dos dois, é necessário comparecer a uma agência.\n\n### 3.2. Senha de 8 dígitos\n\nAcessa o site institucional e o App Alfa; pode ser provisória¹ ou definitiva. Confirmação de transações financeiras via Alfa Code; sem Alfa Code, usa-se a senha de 6 dígitos (oriente o cadastramento do Alfa Code). Senha única — não precisa ser cadastrada por cada titular.\n\n> ¹ Provisória: só senhas antigas; acesso restrito a consultas. Para movimentações financeiras, deve ser liberada em uma TAA.\n\n**3.2.1. Cadastramento**\n\n| Canal | Procedimento |\n|---|---|\n| App Alfa | Correntistas/poupadores: ""Esqueci ou não tenho a senha"" na tela de login (clientes sem histórico de equipamento autorizado no ATO); o equipamento fica em carência (há um link de liberação). Clientes de conta digital: cadastram no fluxo de abertura via Mobile. |\n| TAA | Com biometria cadastrada há mais de 7 dias: Menu > Segurança e Senhas > Senhas > Cadastramento. |\n| Agência | Qualquer agência, informando a senha de 6 dígitos. |\n\n**3.2.2. Alteração**\n\n| Canal | Condição | Procedimento |\n|---|---|---|\n| App Alfa | Celular autorizado >30 dias; Alfa Code/Push; geolocalização; cartão ativo. | **Com a senha atual:** área logada > Perfil > Segurança > Central de senhas > Senha de 8 dígitos > Alterar (digitar a senha atual). **Sem a senha atual (inclusive bloqueio ≠ ""U""), ou bloqueio ""U"":** ""Esqueci minha senha"" (tela de login ou tela inicial não logada) > Recuperar senha > Senha de 8 dígitos > Esqueci a senha, com 3 opções: (i) ""Agora utilizando o cartão"" (dados do cartão, dispositivo autorizado, Alfa Code ou Push); (ii) ""No caixa eletrônico"" (confirmação por biometria na TAA, cadastrada há mais de 7 dias); (iii) por WhatsApp (telefone cadastrado no ATO + versão mínima do app + reconhecimento facial). *A opção ""recuperar senha"" só aparece em celular autorizado onde o cliente já acessou a conta ao menos uma vez.* |\n| Site institucional (computador autorizado) | Com a senha atual: exigida a senha de 8 dígitos atual. | **Com Alfa Code:** Segurança > Senhas > Alterar > Senha da internet (8 dígitos) (código de autorização). **Sem Alfa Code:** mesmo caminho, confirmando em TAA com biometria (>7 dias). Sem a senha atual (inclusive bloqueio ≠ ""U""), ou bloqueio ""U"": não disponível neste canal. |\n| TAA | Com ou sem a senha atual (inclusive bloqueios). | Menu > Segurança e Senhas > Senhas > Alteração > Senha de acesso à internet e ao celular (8 dígitos). Com biometria: qualquer horário (cadastrada há mais de 7 dias, ou de forma assistida). Sem biometria, com cartão com chip + código de acesso: das 10h às 16h em dias úteis. |\n| Agência | Com ou sem a senha atual (inclusive bloqueios). | Atendimento presencial, exigindo a senha de 6 dígitos; recomendar levar o cartão. |\n| SAC | Com a senha atual, ou sem ela (exceto ""U""): Quadro Próprio → Geração de Senha; Quadro Contratado → rotina 50112. Bloqueio ""U"": SAC Receptivo (Célula de Segurança) → rotina 50130; SAC Soluções QP → rotina 50131; SAC QC → rotina 50112. | — |\n| Plataforma de Relacionamento / ATA | Com a senha atual, ou sem ela (exceto ""U""): Quadro Próprio → Geração de Senha; Quadro Contratado (não correntista com cartão) → Geração de Senha; correntistas/poupadores → demais canais. Bloqueio ""U"": não disponível neste canal. | — |\n\n**3.2.3. Bloqueio**\n\nCanais por iniciativa do cliente: TAA; SAC; agências; site institucional (com Alfa Code); App Alfa (dispositivo autorizado, com Alfa Code ou push). Bloqueio de segurança ocorre quando há indício de violação da senha. Bloqueio ""T"": não é mais aplicado — restam apenas registros até 2012.\n\n**3.2.4. Desbloqueio**\n\n> Sem conhecimento da senha anterior, bloqueio ""U"" (segurança) ou bloqueio ""4"": seguir os procedimentos de Alteração.\n\nConsulte em `SISRET X69 > 02` (correntistas: agência/conta; não correntistas: número do cartão), campo STATUS, ou pela Plataforma (Segurança > Senhas > Gerenciamento de Senhas). Não pergunte data de validade nem CVV ao cliente — preencha o número do cartão, use o mês/ano do contato como validade e ""000"" no CVV2.\n\n| Tipo de bloqueio | Canal | Procedimento |\n|---|---|---|\n| Por iniciativa da agência ou do cliente | Agência | Com a senha de 6 dígitos (recomendar levar o cartão). |\n| | TAA | Com código de acesso ou biometria. |\n| Por motivo ""T"" | Agência | Idem acima. |\n| | TAA | Idem acima. |\n| Por digitação incorreta 3 vezes | App Alfa (dispositivo autorizado >30 dias, Alfa Code/Push, geolocalização, cartão ativo) | Recuperar Senhas > Senha de 8 dígitos > Desbloquear (digitar a senha atual). |\n| | Agência | Com a senha de 6 dígitos. |\n| | TAA | Com código de acesso ou biometria. |\n| Por erro na tentativa de desbloqueio na TAA | Agência | Com a senha de 6 dígitos. |\n\n---\n\n## 4. Não Correntista\n\n### 4.1. Senha de 6 dígitos\n\n**4.1.1. Cadastramento:** clientes não correntistas que solicitam Cartão Alfa via App ou web cadastram no próprio fluxo de solicitação. Private Label → rotina 50133. Cartões de programa de fidelidade parceiro → rotina 50134.\n\n**4.1.2. Alteração:** Agência (qualquer uma, com cartão válido e identificação); SAC e Plataforma de Relacionamento → item 6 desta rotina.\n\n**4.1.3. Bloqueio:** por iniciativa do cliente — TAA; SAC QC/QP; Plataforma de Relacionamento; agências.\n\n**4.1.4. Desbloqueio:** Agência (qualquer uma, com a senha de 6 dígitos); TAA (com o código de acesso).\n\n### 4.2. Conta de Acesso e Senha de 8 dígitos\n\n**Demanda:** dificuldade para acessar o App Alfa ou o App Cartão Alfa com a senha de 8 dígitos.\n\n> **Atenção:** há 2 tipos de senha de 8 dígitos para não correntista — **Conta de Acesso** (acessa o App Alfa) e **Senha-8** (acessa o App Cartão Alfa). O cliente normalmente não sabe dessa distinção. Para identificar o tipo, siga o item 4.2.1.\n\n**4.2.1. Identificação do tipo de senha**\n\n*4.2.1.1. Sistema Alfa:*\n- a) Senha Conta de Acesso: `SISRET X69 > 02 > nº do cartão`. Se ""não localizado"" ou se o cliente tiver os dois tipos, siga para (b). Se possuir só Conta de Acesso: Quadro Contratado → siga para 4.2.2; Quadro Próprio → confira a situação (se ""Ativo"", tecle F9 para mais detalhes) e siga para 4.2.2.\n- b) Senha-8: `SISALFA > SISRET X69 > 02 > nº do cartão`. Cliente com só Senha-8, ou com as duas → oriente conforme 4.2.2 (Quadro Próprio e Contratado).\n\n*4.2.1.2. Plataforma:* não pergunte data de validade nem CVV. `Plataforma de Negócios > Segurança > Senhas > Gerenciamento de Senhas 3.0` — preencha o número do cartão, use o mês/ano do contato como validade e ""000"" no CVV2.\n\n**4.2.2. Procedimentos** (se o cliente tiver os dois tipos, pergunte qual app ele quer acessar):\n\n| Senha | Cadastramento | Alteração | Bloqueio | Desbloqueio |\n|---|---|---|---|---|\n| **Conta de Acesso** (App Alfa) | No momento da contratação do cartão (App Alfa/onboarding digital) | App Alfa (Central de Senhas) ou link de recuperação; Agência (cartão válido e previamente liberado) | Agência | Agência (cartão válido e previamente liberado) |\n| **Senha-8** (App Cartão Alfa) | No momento da contratação do cartão (lojas parceiras, correspondentes, agências) | TAA; SAC e Plataforma de Relacionamento (Geração de Senha, ou outros canais); App Cartão Alfa ""Esqueci minha senha"" (sem bloqueio vigente); Agência | TAA; APF; Mobile; agências; **se o cliente foi vítima de assalto, roubo ou sequestro:** SAC QP/QC e Plataforma de Relacionamento → `SISRET X98`, código de rota 800050, conta = nº da conta do cartão | TAA; Agência |\n\n> Não correntistas com Conta de Acesso também podem acessar o App Cartão Alfa, mas precisam cadastrar uma senha de 8 dígitos separada via ""Esqueci senha"" — explique que serão duas senhas diferentes, uma para cada app. Quem possui só a Senha-8 NÃO consegue acessar o App Alfa.\n\n---\n\n## 5. Código de Acesso (Alfanumérico)\n\na) **Deficientes visuais:** o cliente com deficiência visual total pode ser dispensado da exigência do código de acesso, mediante registro da característica no cadastro pela agência. Em conta conjunta, a dispensa vale só para o titular com a deficiência.\n\nb) **Tipos:** CAA (letras), CAS (sílabas), CAN (alfanumérico). Emitido quando o cliente usa a TAA com cartão pela primeira vez, tentando uma transação/consulta — o cliente é avisado do novo código, que substitui o anterior.\n\nc) Se o cliente disser que não tem/não anotou o código: oriente conforme a tabela abaixo, ou informe que TAAs com biometria dispensam o código de acesso (rotina 50132, itens 1 e 9).\n\n**5.1. O que é:** código aleatório (letras, sílabas e/ou números), não escolhido pelo cliente; para PF e PJ, correntistas, não correntistas e poupadores portadores de cartão; necessário em: TAA, Banco 24 Horas e rede compartilhada (Banco Parceiro Beta).\n\n**5.2. Cadastramento:** gerado e impresso automaticamente no primeiro uso do cartão na TAA; regenerado em migração de conta (mesmo cartão) ou quando o código antigo é cancelado. Se a impressora estiver inoperante, é mostrado só em tela. Código único para todos os titulares solidários.\n\n**5.3. Alteração:** não existe alteração direta — o código deve ser cancelado (canais abaixo); a nova combinação é gerada automaticamente no próximo acesso à TAA. *(O código não muda se a senha da conta corrente for alterada.)*\n\n| Canal | Procedimento |\n|---|---|\n| App Alfa | Área logada > Perfil > Segurança > Central de senhas > Código de Acesso > Solicitar novo código. |\n| Site institucional | Área logada — confirmação via Alfa Code; sem Alfa Code, confirma na TAA com biometria cadastrada há mais de 7 dias. |\n| Agência | Com a senha de 6 dígitos (recomendar levar o cartão). |\n\n**5.4. Bloqueio:** após 3 tentativas seguidas incorretas. Bloqueio da senha de 6 dígitos ou do código de acesso mantém o uso da TAA com biometria. Bloqueio da senha de 6 dígitos mantém o uso do código de acesso, exceto nos bloqueios ""U"" ou ""8"".\n\n**5.5. Desbloqueio:** pelo próprio cliente na TAA, usando o próprio código de acesso. Se houver novo erro, o código deve ser cancelado (site institucional com Alfa Code, App Alfa, ou qualquer agência) para gerar um novo.\n\n---\n\n## 6. Geração de Senha PF – Procedimentos\n\nEnvio de senha (6 e 8 dígitos) por SMS para PF — só para ALTERAÇÃO (não para cadastro de primeira senha, que segue outros canais). Não disponível para senhas ""não cadastradas""/""a cadastrar"" ou bloqueio ""U"". Faça as consultas do item 6.2 antes.\n\n### 6.1. Atendimento\n\n| Frente | Quem atende | Identificação |\n|---|---|---|\n| SAC QP | Correntistas e não correntistas | Cliente autenticado (URA, Token ou Identificação Positiva) |\n| SAC QC | Não correntistas portadores de cartão (correntistas/poupadores: transferir para a Célula de Segurança via rotina 50106) | — |\n| Plataforma de Relacionamento QP | Correntistas e não correntistas | Autenticado por CPF+senha, agência/conta+senha ou Token: IP dispensada. Atendimentos ATA, Consultoria e Texto: exigem IP. Bancada Cartão: Checklist Maior Risco. |\n| Plataforma de Relacionamento QC | Não correntistas portadores de cartão (correntistas/poupadores: demais canais, itens 3 e 4) | — |\n\n### 6.2. Consultas\n\n1. Verifique o cadastro da senha em `SISRET X69 > 02` ou pela Plataforma (Segurança > Senhas > Gerenciamento de Senhas) — correntistas: agência/conta; não correntistas: número do cartão (não pedir validade/CVV; usar mês/ano do contato e ""000"" no CVV2).\n2. Resultado ""Não cadastrada""/""A cadastrar"" → cliente não correntista com entrada via onboarding digital; não é possível enviar senha; oriente: 8 dígitos via App Alfa (se dispositivo autorizado com Alfa Code/push); 6 dígitos, comparecer a uma agência.\n3. Resultado ""U Bloqueado"" → SAC Receptivo (Célula de Segurança) → rotina 50130; SAC Soluções QP → rotina 50131; SAC Receptivo QC → rotina 50112; Plataforma de Relacionamento → orientar contato com o SAC.\n4. Demais situações → prossiga: pergunte o celular atual do cliente (não informe outros números cadastrados) e confira no cadastro (agência/conta ou MCI) se é o mesmo já registrado. Se divergente, ou se houver mais de um número/duplicidade cadastrada → oriente comparecimento a uma agência. Se for o mesmo e único número → siga para 6.3.\n\n### 6.3. Geração de Senha\n\na) Acesse Plataforma > Segurança > Senhas > Envio de Senha por SMS.\nb) Consulte por tipo de cliente: correntista (CPF, agência e conta, ou MCI); não correntista (CPF); na aba Cartão, informe o número (via `Cartão > 11 > 1` ou `17 > 01 > 01`) — se houver mais de um cartão, peça modalidade e os 4 últimos dígitos.\nc) Selecione a conta/cartão do cliente.\nd) Selecione o envio de senha de 8 e/ou 6 dígitos — o sistema gera uma senha aleatória e envia por SMS.\ne) Informe que a senha chega por SMS ao celular cadastrado, sem prazo de expiração, e que deve ser alterada assim que possível por segurança.\nf) Se for senha de 6 dígitos, informe que, após a alteração, é preciso validar o chip do cartão em qualquer TAA — caso contrário, a nova senha não funcionará com o cartão com chip.\n\n---\n\n## 7. Cliente no Exterior\n\na) **Central de Senhas** (no App Alfa; exige cartão ativo, dispositivo liberado e Alfa Code/Push): permite alterar/bloquear/desbloquear/criar senha de 8 dígitos; alterar/bloquear/desbloquear senha de 6 dígitos; solicitar novo código de acesso. Acesso com a senha atual: área logada > Perfil > Central de senhas. Sem a senha: tela inicial não logada > Recuperar senha.\n\nb) **Agências no exterior:** procedimento de senhas disponível somente na agência de Tóquio.\n\nc) Solicitar a um representante legal (com procuração com firma reconhecida) que realize a operação na agência de relacionamento do cliente no Brasil.\n\nd) A agência de relacionamento envia ao e-mail cadastrado no MCI uma declaração para o cliente assinar e digitalizar — válido apenas para senhas bloqueadas por erro, não para bloqueio ""U"" (suspeita de fraude). O pedido pode começar por qualquer canal de contato, mas a declaração assinada só pode retornar pelo e-mail cadastrado no MCI. A agência de relacionamento pode ser confirmada com o cliente durante a ligação, na aba lateral da Plataforma de Relacionamento.\n\ne) **Cartões com chip:** após a alteração da senha de 6 dígitos, oriente o cliente a atualizar o chip de todos os plásticos ao voltar ao Brasil (em uma TAA), sob risco de impacto em transações presenciais; carteiras digitais funcionam normalmente após a troca.\n\nf) **Uso da senha no exterior:** alguns terminais usam PIN de 4 e/ou 6 dígitos. Nos de 4 dígitos, o cliente informa os 4 primeiros dígitos da sua senha de 6. No exterior, o cliente tem as mesmas opções dos demais clientes, pelo site institucional ou pelo App Alfa.\n\n---\n\n## 8. Senha do Portador Adicional\n\n| Portador | Solicitação | Alteração/reposição |\n|---|---|---|\n| **Adicional não correntista** | Presencial: senha de 6 dígitos cadastrada na hora. Demais canais: senha enviada por correio ao endereço do portador titular. | Se perder, esquecer ou não receber, cadastrar nova em qualquer agência. |\n| **Adicional correntista** | Usa a mesma senha pessoal de 6 dígitos de sua própria conta. Sem senha gravada: modalidades Doméstico/Internacional → sistema não gera o cartão; modalidades Gold e superiores → senha enviada por correio, cartão gerado após o recebimento. | Se perder, esquecer ou não receber, seguir as orientações do item 3. |\n\n---\n\n## 9. Acesso ao gov.br com credenciais do Banco Alfa\n\nVer rotina 50135.\n\n---\n\n## 10. Central de Senhas PF\n\nSolução de segurança no App Alfa para o cliente gerenciar suas senhas.\n- **Área logada:** Perfil > Segurança > Central de Segurança > Central de senhas; Perfil > Segurança > Central de senhas; Menu > Segurança > Central de Segurança > Central de Senhas.\n- **Área não logada:** Tela inicial > Recuperar Senha; ou role a tela para cima > Recuperar Senha.\n\n**Requisitos:** celular autorizado há mais de 30 dias; telefone cadastrado no ATO; Alfa Code ou Push habilitado; geolocalização ativa e autorizada; permissão de câmera concedida ao app; cartão ativo.\n\n> **Atenção:** não correntistas usam a Central de Senhas apenas para alterar a senha ""Conta de Acesso"" (ver item 4.2.2).\n\n---\n\n## 11. Fontes de informação\n\nUGS – Unidade de Gestão de Segurança (código 800040) · Normativo interno 5001 · Normativo interno 5002\n\n---\n\n## 12. Rotinas absorvidas\n\nO conteúdo das seguintes rotinas foi absorvido por este documento:\n\n| Código (anonimizado) | Assunto |\n|---|---|\n| 50137 | Senhas – Orientações (Código de Acesso) |\n| 50138 | Senhas – Orientações (Não correntista) |\n| 50139 | Senhas – Correntistas (Internet e Celular) |\n| 50140 | Arquivada – Senhas – Orientações (Conta-corrente) |\n| 50141 | POP UP – Senhas – Tipos de bloqueio |\n| 50142 | Modalidade de conta simplificada – Senhas |\n| 50143 | Senhas – Orientações – Poupador não correntista |\n| 50144 | Acesso do cliente à plataforma digital gov.br (parceria Banco Alfa e Governo Federal) |\n| 50145 | Senhas – Alfa Digital PJ |\n| 50146 | Atendimento para clientes não participantes do modelo ATA |\n| 50147 | Geração de senha PF – Procedimentos |\n']","Não: agências no exterior só operam senhas em Tóquio; representante legal com procuração pode atuar no Brasil; a declaração por e-mail do MCI vale só para bloqueio por erro, nunca para bloqueio 'U' por suspeita de fraude. Usar Central de Senhas no App Alfa quando elegível.",CONDITIONAL_WORKFLOW,355.083,,0.8125,0.9037642483869738,1.0,0.9999999999
"O cartão adicional do meu filho chegou sem senha. O que fazer?
[Dados coletados via clarificação: canal_tentado=agência; tipo_cliente=correntista]","Para o caso de um cartão adicional que chegou sem senha, o procedimento para a geração da senha de 6 dígitos (utilizada para transações com o cartão) segue as diretrizes de atendimento para correntistas:

*   **Geração de Senha:** O envio de senha por SMS para Pessoa Física (PF) é destinado apenas para casos de **alteração** de senha. Para o cadastramento de uma primeira senha (cartão que chegou sem senha), este canal não está disponível.
*   **Procedimento Recomendado:** Como o cliente é correntista, o cadastramento da senha de 6 dígitos deve ser realizado presencialmente em uma **agência**. 
*   **Validação do Chip:** É importante ressaltar que, após o cadastramento e a posterior alteração da senha, será necessário validar o chip do cartão em qualquer Terminal de Autoatendimento (TAA). Caso esse procedimento não seja realizado, a nova senha não funcionará corretamente com o cartão.

Recomenda-se que o titular do cartão compareça a uma agência portando o cartão e um documento de identificação para realizar o procedimento de cadastramento.

### Referências

- [1] Geração de Senha PF – Procedimentos","['# POP – Gestão de Senhas e Código de Acesso – Pessoa Física\n### [Versão anonimizada/pseudonimizada — documento complementar ao POP de CDC]\n\n> **Nota metodológica:** este documento usa a mesma metodologia e os mesmos pseudônimos institucionais do POP de CDC anonimizado anteriormente (Banco Alfa, SISALFA, App Alfa etc.). Termos novos e específicos deste documento (produtos de cartão, plataformas, rotinas) foram adicionados à mesma chave de correspondência (arquivo único, cumulativo). A lógica processual e as condições originais foram mantidas integralmente.\n\n**Sumário:** Notas iniciais · 1. Resumo das senhas · 2. Situação das senhas · 3. Correntistas e poupadores · 4. Não correntista · 5. Código de acesso · 6. Geração de senha PF · 7. Cliente no exterior · 8. Senha do portador adicional · 9. Acesso ao gov.br · 10. Central de Senhas PF · 11. Fontes de informação · 12. Rotinas absorvidas\n\n---\n\n## Notas iniciais\n\na) **Transferência de saldo/produtos entre agências:** a senha da agência de origem não é alterada; o cliente acessa normalmente a conta na agência de destino.\n\nb) Os procedimentos desta rotina não se aplicam a clientes PJ ou Setor Público. Para chave J e senhas (Alfa Digital PJ), ver rotina 50129.\n\nc) **Titulares solidários:** as senhas (6 e 8 dígitos) e o código de acesso são os mesmos para todos os titulares. Se um titular bloquear a senha, os demais ficam impossibilitados de realizar transações.\n\nd) **Push:** notificação recebida diretamente no App Alfa. Para ativar: 1) autorizar o App Alfa no sistema do celular (Android: Configurações > Receber Notificações; iOS: Ajustes > Receber Notificações); 2) ativar pelo App Alfa (área logada) em Perfil > Geral > Receber notificações.\n\ne) **Bloqueio de Canal:** consulte na plataforma em Segurança > Bloqueio de segurança > Histórico. Havendo bloqueio, o desbloqueio ocorre após a alteração das senhas de 6 e 8 dígitos — é obrigatório alterar primeiro a de 8 dígitos, depois a de 6. Use os itens 3 e/ou 4 para orientar os canais.\n\n---\n\n## 1. Resumo da utilização das senhas\n\n| Tipo de senha | Canais de utilização |\n|---|---|\n| Senha de 4 dígitos | Descontinuada |\n| Senha de 6 dígitos | Confirma transações de cartão débito e crédito. Plataforma de Relacionamento/URA: acesso, consulta e confirmação de transações da mesma titularidade. Site institucional (sem Alfa Code): confirmação de transações financeiras. App Alfa: confirmação de transações financeiras. WhatsApp Alfa: pode ser solicitada para confirmação de algumas transações. TCX, TAD, POS, correspondente bancário: confirmação de transações. TAA: confirmação de transações de beneficiários do INSS e de portadores de deficiência visual sem código de acesso. Banco 24 Horas e rede compartilhada (Banco Parceiro Beta): confirmação de transações de portadores de deficiência visual sem código de acesso. |\n| Senha de 8 dígitos | Site institucional, App Alfa, App Cartão Alfa e WhatsApp: acesso, consultas, transações financeiras e aquisição de produtos/serviços. |\n| Código de Acesso (letras, sílabas ou alfanumérico) | TAA, Banco 24 Horas e rede compartilhada: confirma transações, inclusive saques na função crédito do cartão. |\n| Conta de Acesso (senha alfanumérica) | Utilizada por não correntistas no App Alfa (versão não correntista). |\n\n---\n\n## 2. Situação das Senhas\n\n### 2.1. Consultas\n- Senhas de 6/8 dígitos e código de acesso — Quadro Próprio e Quadro Contratado: `SISALFA > SISRET > X69 > 2` (correntistas: agência e conta; não correntistas: número do cartão), campo STATUS (pode ser informado ao cliente).\n- Conta de Acesso (Quadro Próprio): `SISALFA > ACESSO > 32 > 01 > CPF`.\n\n### 2.2. Códigos aplicáveis a TODOS os tipos de senha\n| Código | Significado | Situação |\n|---|---|---|\n| 0 | Sem ocorrência de erro de digitação | Ativa |\n| 1 | Cliente errou a digitação uma vez | — |\n| 2 | Cliente errou a digitação duas vezes | — |\n| 3 | Cliente errou a digitação três vezes (se ocorrer na senha de 6 dígitos via APF, Mobile ou WhatsApp, o bloqueio ""3"" é aplicado também à senha de 8 dígitos) | Bloqueada |\n| 6 | Senha (PJ e Governo) cadastrada no Alfa Digital PJ, aguardando confirmação de um funcionário da agência | — |\n| 7 | Senha (PJ e Governo) cadastrada no Alfa Digital PJ, aguardando confirmação de dois funcionários da agência | — |\n| Q | Senha alterada no APF Internet sem Alfa Code, ou no APF Celular sem fotografar cartão válido (aguardando confirmação na TAA com biometria cadastrada há mais de 7 dias) | — |\n| U | Senha bloqueada pelo monitoramento de segurança dos canais de autoatendimento | — |\n\n### 2.3. Códigos exclusivos da senha de 6 dígitos\n| Código | Significado | Situação |\n|---|---|---|\n| A | Senha digitada errada 3 vezes | Bloqueada |\n| D | Erro na tentativa de desbloqueio na TAA, ou bloqueio feito pelo próprio cliente via APF Celular/Internet | — |\n\n### 2.4. Códigos exclusivos da senha de 8 dígitos\n| Código | Significado | Situação |\n|---|---|---|\n| T | Senha registrada antes de 2012 e bloqueada por não uso nos últimos 90 dias | Bloqueada |\n| D | Alteração iniciada via APF Celular, com falha na confirmação via TAA sem biometria | — |\n| P | Senha cadastrada via APF Internet/Celular, aguardando confirmação na TAA | — |\n| 4 | Erro na tentativa de desbloqueio via Mobile | — |\n| 8 | Senha bloqueada pela agência ou pelo próprio cliente nos canais de autoatendimento | — |\n\n### 2.5. Situações do código de acesso\nCódigo ""4"" = tentativa de desbloqueio na TAA; CAA = letras; CAS = sílabas; CAN = alfanumérico.\n\n### 2.6. Situações da senha alfanumérica (Conta de Acesso)\n*Solicitado* = cadastramento/alteração pedidos; *Ativa* = cadastrada e ativa; *Bloqueado* = bloqueada por erro de digitação ou por segurança.\n> Essa confirmação ocorre por oferta ativa, sem necessidade de navegar pelo menu da TAA.\n\n---\n\n## 3. Correntistas e Poupadores\n\n### 3.1. Senha de 6 dígitos (conta e cartão)\n\nUsada para autorizar transações em: terminais de caixa das agências, TAA, site institucional (sem Alfa Code), App Alfa, correspondente bancário, transações de cartão (débito e crédito) e acesso à Central de Relacionamento/SAC. Vinculada à agência/conta (correntista) ou ao CPF (não correntista).\n\n**3.1.1. Cadastramento**\n\n| Canal | Procedimento |\n|---|---|\n| Agência | Correntistas e poupadores: no fluxo de abertura de conta, em qualquer agência. Beneficiários do INSS: em qualquer agência. Clientes de conta digital: no fluxo de abertura pelo App Alfa. |\n\n> **Atenção:** se o cliente quiser encerrar a conta corrente e ficar só com o cartão de crédito, cadastre nova senha como não correntista — obrigatório para não deixar pendente a emissão dos cartões.\n\n**3.1.2. Alteração**\n\n> Para cartões com chip, após a alteração, oriente o cliente a atualizar o chip de todos os plásticos em qualquer TAA (sob risco da senha não funcionar). Verifique a possibilidade de enviar senha provisória por SMS (item 6).\n\n| Canal | Requisitos/Condição | Procedimento |\n|---|---|---|\n| App Alfa | Celular autorizado há mais de 30 dias; Alfa Code ou Push habilitado; geolocalização ativa e autorizada; cartão ativo; senha de 8 dígitos ativa (códigos 0, 1 e/ou 2). Não disponível se bloqueada por ""8"". | **Com a senha anterior:** área logada > Perfil > Segurança > Central de senhas > Senha de 6 dígitos > Alterar. **Sem a senha anterior:** área logada > Perfil > Segurança > Central de senhas > Senha de 6 dígitos > Esqueci a senha > ""Agora utilizando o cartão"" (dados do cartão) — confirmação por: (i) biometria na TAA (cadastrada há mais de 7 dias): App Alfa > Menu > Perfil > Central de senhas > Senha de 6 dígitos > Esqueci a senha > No caixa eletrônico, depois na TAA em Segurança e Senhas > Senhas > Liberação de Senha Provisória > Senha da conta e cartão (6 dígitos); ou (ii) WhatsApp (telefone cadastrado no ATO): área logada > Perfil > Central de senhas > Senha de 6 dígitos > Esqueci a senha > Por WhatsApp. |\n| Site institucional | Senha de 8 dígitos ativa (códigos 0, 1 e/ou 2). Não disponível para quem não usa Alfa Code e não tem biometria cadastrada há mais de 7 dias (ou de forma assistida), nem para bloqueio ""U"" ou ""8"" da senha de 6 dígitos. | Em computador autorizado, com ou sem a senha anterior: **com adesão ao Alfa Code:** área logada > Segurança > Senhas > Alterar > Senha do cartão (6 dígitos) (exige código de autorização do Alfa Code). **Sem adesão ao Alfa Code, com biometria cadastrada:** mesmo caminho, confirmando em uma TAA com biometria cadastrada há mais de 7 dias. |\n| Agências (inclusive bloqueio ""U"") | — | Mediante identificação; recomendar que o cliente leve o cartão. |\n| SAC | Bloqueio ""U"": SAC Receptivo QP/QC (Célula de Segurança) → rotina 50130; SAC Soluções QP → rotina 50131; SAC Quadro Contratado → rotina 50112. Outros bloqueios: SAC Quadro Próprio → procedimento de Geração de Senha (item 6); SAC Quadro Contratado → rotina 50112. | — |\n| Plataforma de Relacionamento / ATA | Exceto bloqueio ""U"": Quadro Próprio → Geração de Senha; Quadro Contratado (não correntista portador de cartão) → Geração de Senha; correntistas/poupadores → demais canais. | — |\n\n**3.1.3. Bloqueio**\n\nCanais por iniciativa do cliente: TAA; SAC QC/QP; Plataforma de Relacionamento; site institucional (com Alfa Code); App Alfa (dispositivo autorizado, com Alfa Code ou push); agências.\n> Se o cliente detectar lançamentos indevidos na conta (inclusive por invasão do site), utilize também a rotina 50136, item 5.1. Bloqueio por um titular solidário impede os demais de transacionar. O bloqueio do código de acesso implica bloqueio da senha de 6 dígitos.\n\n**3.1.4. Desbloqueio**\n\nFeito COM conhecimento da senha anterior (sem isso, é preciso fazer a Alteração). Bloqueio ""U"" não admite desbloqueio, só Alteração.\n\n| Canal | Requisitos | Procedimento |\n|---|---|---|\n| App Alfa | Celular autorizado >30 dias; Alfa Code/Push habilitado; geolocalização ativa; cartão ativo; senha de 8 dígitos ativa (0,1,2). | Área logada > Perfil > Segurança > Central de senhas > Senha de 6 dígitos > Desbloquear. |\n| Site institucional | Senha de 8 dígitos ativa (0,1,2). | Em computador autorizado — com Alfa Code: Segurança > Senhas > Desbloquear (código de autorização); sem Alfa Code: mesmo caminho, confirmando em TAA com biometria (>7 dias). |\n| TAA | Biometria, ou cartão + código de acesso. | Menu > Segurança e Senhas > Senhas > Desbloqueio > Senha da conta e cartão (6 dígitos). |\n| Agência | Identificação (recomendar levar o cartão). | — |\n\n> Erro de digitação na tentativa de desbloqueio na TAA: só pode ser desbloqueada em agência. Bloqueio por iniciativa da agência/cliente: desbloqueio em qualquer agência. Bloqueio por erro de identificação positiva na TAA: só desbloqueia em agência (se o cliente souber a senha); usar a TAA para essa operação não é possível. Desbloqueio exige código de acesso ou biometria; sem nenhum dos dois, é necessário comparecer a uma agência.\n\n### 3.2. Senha de 8 dígitos\n\nAcessa o site institucional e o App Alfa; pode ser provisória¹ ou definitiva. Confirmação de transações financeiras via Alfa Code; sem Alfa Code, usa-se a senha de 6 dígitos (oriente o cadastramento do Alfa Code). Senha única — não precisa ser cadastrada por cada titular.\n\n> ¹ Provisória: só senhas antigas; acesso restrito a consultas. Para movimentações financeiras, deve ser liberada em uma TAA.\n\n**3.2.1. Cadastramento**\n\n| Canal | Procedimento |\n|---|---|\n| App Alfa | Correntistas/poupadores: ""Esqueci ou não tenho a senha"" na tela de login (clientes sem histórico de equipamento autorizado no ATO); o equipamento fica em carência (há um link de liberação). Clientes de conta digital: cadastram no fluxo de abertura via Mobile. |\n| TAA | Com biometria cadastrada há mais de 7 dias: Menu > Segurança e Senhas > Senhas > Cadastramento. |\n| Agência | Qualquer agência, informando a senha de 6 dígitos. |\n\n**3.2.2. Alteração**\n\n| Canal | Condição | Procedimento |\n|---|---|---|\n| App Alfa | Celular autorizado >30 dias; Alfa Code/Push; geolocalização; cartão ativo. | **Com a senha atual:** área logada > Perfil > Segurança > Central de senhas > Senha de 8 dígitos > Alterar (digitar a senha atual). **Sem a senha atual (inclusive bloqueio ≠ ""U""), ou bloqueio ""U"":** ""Esqueci minha senha"" (tela de login ou tela inicial não logada) > Recuperar senha > Senha de 8 dígitos > Esqueci a senha, com 3 opções: (i) ""Agora utilizando o cartão"" (dados do cartão, dispositivo autorizado, Alfa Code ou Push); (ii) ""No caixa eletrônico"" (confirmação por biometria na TAA, cadastrada há mais de 7 dias); (iii) por WhatsApp (telefone cadastrado no ATO + versão mínima do app + reconhecimento facial). *A opção ""recuperar senha"" só aparece em celular autorizado onde o cliente já acessou a conta ao menos uma vez.* |\n| Site institucional (computador autorizado) | Com a senha atual: exigida a senha de 8 dígitos atual. | **Com Alfa Code:** Segurança > Senhas > Alterar > Senha da internet (8 dígitos) (código de autorização). **Sem Alfa Code:** mesmo caminho, confirmando em TAA com biometria (>7 dias). Sem a senha atual (inclusive bloqueio ≠ ""U""), ou bloqueio ""U"": não disponível neste canal. |\n| TAA | Com ou sem a senha atual (inclusive bloqueios). | Menu > Segurança e Senhas > Senhas > Alteração > Senha de acesso à internet e ao celular (8 dígitos). Com biometria: qualquer horário (cadastrada há mais de 7 dias, ou de forma assistida). Sem biometria, com cartão com chip + código de acesso: das 10h às 16h em dias úteis. |\n| Agência | Com ou sem a senha atual (inclusive bloqueios). | Atendimento presencial, exigindo a senha de 6 dígitos; recomendar levar o cartão. |\n| SAC | Com a senha atual, ou sem ela (exceto ""U""): Quadro Próprio → Geração de Senha; Quadro Contratado → rotina 50112. Bloqueio ""U"": SAC Receptivo (Célula de Segurança) → rotina 50130; SAC Soluções QP → rotina 50131; SAC QC → rotina 50112. | — |\n| Plataforma de Relacionamento / ATA | Com a senha atual, ou sem ela (exceto ""U""): Quadro Próprio → Geração de Senha; Quadro Contratado (não correntista com cartão) → Geração de Senha; correntistas/poupadores → demais canais. Bloqueio ""U"": não disponível neste canal. | — |\n\n**3.2.3. Bloqueio**\n\nCanais por iniciativa do cliente: TAA; SAC; agências; site institucional (com Alfa Code); App Alfa (dispositivo autorizado, com Alfa Code ou push). Bloqueio de segurança ocorre quando há indício de violação da senha. Bloqueio ""T"": não é mais aplicado — restam apenas registros até 2012.\n\n**3.2.4. Desbloqueio**\n\n> Sem conhecimento da senha anterior, bloqueio ""U"" (segurança) ou bloqueio ""4"": seguir os procedimentos de Alteração.\n\nConsulte em `SISRET X69 > 02` (correntistas: agência/conta; não correntistas: número do cartão), campo STATUS, ou pela Plataforma (Segurança > Senhas > Gerenciamento de Senhas). Não pergunte data de validade nem CVV ao cliente — preencha o número do cartão, use o mês/ano do contato como validade e ""000"" no CVV2.\n\n| Tipo de bloqueio | Canal | Procedimento |\n|---|---|---|\n| Por iniciativa da agência ou do cliente | Agência | Com a senha de 6 dígitos (recomendar levar o cartão). |\n| | TAA | Com código de acesso ou biometria. |\n| Por motivo ""T"" | Agência | Idem acima. |\n| | TAA | Idem acima. |\n| Por digitação incorreta 3 vezes | App Alfa (dispositivo autorizado >30 dias, Alfa Code/Push, geolocalização, cartão ativo) | Recuperar Senhas > Senha de 8 dígitos > Desbloquear (digitar a senha atual). |\n| | Agência | Com a senha de 6 dígitos. |\n| | TAA | Com código de acesso ou biometria. |\n| Por erro na tentativa de desbloqueio na TAA | Agência | Com a senha de 6 dígitos. |\n\n---\n\n## 4. Não Correntista\n\n### 4.1. Senha de 6 dígitos\n\n**4.1.1. Cadastramento:** clientes não correntistas que solicitam Cartão Alfa via App ou web cadastram no próprio fluxo de solicitação. Private Label → rotina 50133. Cartões de programa de fidelidade parceiro → rotina 50134.\n\n**4.1.2. Alteração:** Agência (qualquer uma, com cartão válido e identificação); SAC e Plataforma de Relacionamento → item 6 desta rotina.\n\n**4.1.3. Bloqueio:** por iniciativa do cliente — TAA; SAC QC/QP; Plataforma de Relacionamento; agências.\n\n**4.1.4. Desbloqueio:** Agência (qualquer uma, com a senha de 6 dígitos); TAA (com o código de acesso).\n\n### 4.2. Conta de Acesso e Senha de 8 dígitos\n\n**Demanda:** dificuldade para acessar o App Alfa ou o App Cartão Alfa com a senha de 8 dígitos.\n\n> **Atenção:** há 2 tipos de senha de 8 dígitos para não correntista — **Conta de Acesso** (acessa o App Alfa) e **Senha-8** (acessa o App Cartão Alfa). O cliente normalmente não sabe dessa distinção. Para identificar o tipo, siga o item 4.2.1.\n\n**4.2.1. Identificação do tipo de senha**\n\n*4.2.1.1. Sistema Alfa:*\n- a) Senha Conta de Acesso: `SISRET X69 > 02 > nº do cartão`. Se ""não localizado"" ou se o cliente tiver os dois tipos, siga para (b). Se possuir só Conta de Acesso: Quadro Contratado → siga para 4.2.2; Quadro Próprio → confira a situação (se ""Ativo"", tecle F9 para mais detalhes) e siga para 4.2.2.\n- b) Senha-8: `SISALFA > SISRET X69 > 02 > nº do cartão`. Cliente com só Senha-8, ou com as duas → oriente conforme 4.2.2 (Quadro Próprio e Contratado).\n\n*4.2.1.2. Plataforma:* não pergunte data de validade nem CVV. `Plataforma de Negócios > Segurança > Senhas > Gerenciamento de Senhas 3.0` — preencha o número do cartão, use o mês/ano do contato como validade e ""000"" no CVV2.\n\n**4.2.2. Procedimentos** (se o cliente tiver os dois tipos, pergunte qual app ele quer acessar):\n\n| Senha | Cadastramento | Alteração | Bloqueio | Desbloqueio |\n|---|---|---|---|---|\n| **Conta de Acesso** (App Alfa) | No momento da contratação do cartão (App Alfa/onboarding digital) | App Alfa (Central de Senhas) ou link de recuperação; Agência (cartão válido e previamente liberado) | Agência | Agência (cartão válido e previamente liberado) |\n| **Senha-8** (App Cartão Alfa) | No momento da contratação do cartão (lojas parceiras, correspondentes, agências) | TAA; SAC e Plataforma de Relacionamento (Geração de Senha, ou outros canais); App Cartão Alfa ""Esqueci minha senha"" (sem bloqueio vigente); Agência | TAA; APF; Mobile; agências; **se o cliente foi vítima de assalto, roubo ou sequestro:** SAC QP/QC e Plataforma de Relacionamento → `SISRET X98`, código de rota 800050, conta = nº da conta do cartão | TAA; Agência |\n\n> Não correntistas com Conta de Acesso também podem acessar o App Cartão Alfa, mas precisam cadastrar uma senha de 8 dígitos separada via ""Esqueci senha"" — explique que serão duas senhas diferentes, uma para cada app. Quem possui só a Senha-8 NÃO consegue acessar o App Alfa.\n\n---\n\n## 5. Código de Acesso (Alfanumérico)\n\na) **Deficientes visuais:** o cliente com deficiência visual total pode ser dispensado da exigência do código de acesso, mediante registro da característica no cadastro pela agência. Em conta conjunta, a dispensa vale só para o titular com a deficiência.\n\nb) **Tipos:** CAA (letras), CAS (sílabas), CAN (alfanumérico). Emitido quando o cliente usa a TAA com cartão pela primeira vez, tentando uma transação/consulta — o cliente é avisado do novo código, que substitui o anterior.\n\nc) Se o cliente disser que não tem/não anotou o código: oriente conforme a tabela abaixo, ou informe que TAAs com biometria dispensam o código de acesso (rotina 50132, itens 1 e 9).\n\n**5.1. O que é:** código aleatório (letras, sílabas e/ou números), não escolhido pelo cliente; para PF e PJ, correntistas, não correntistas e poupadores portadores de cartão; necessário em: TAA, Banco 24 Horas e rede compartilhada (Banco Parceiro Beta).\n\n**5.2. Cadastramento:** gerado e impresso automaticamente no primeiro uso do cartão na TAA; regenerado em migração de conta (mesmo cartão) ou quando o código antigo é cancelado. Se a impressora estiver inoperante, é mostrado só em tela. Código único para todos os titulares solidários.\n\n**5.3. Alteração:** não existe alteração direta — o código deve ser cancelado (canais abaixo); a nova combinação é gerada automaticamente no próximo acesso à TAA. *(O código não muda se a senha da conta corrente for alterada.)*\n\n| Canal | Procedimento |\n|---|---|\n| App Alfa | Área logada > Perfil > Segurança > Central de senhas > Código de Acesso > Solicitar novo código. |\n| Site institucional | Área logada — confirmação via Alfa Code; sem Alfa Code, confirma na TAA com biometria cadastrada há mais de 7 dias. |\n| Agência | Com a senha de 6 dígitos (recomendar levar o cartão). |\n\n**5.4. Bloqueio:** após 3 tentativas seguidas incorretas. Bloqueio da senha de 6 dígitos ou do código de acesso mantém o uso da TAA com biometria. Bloqueio da senha de 6 dígitos mantém o uso do código de acesso, exceto nos bloqueios ""U"" ou ""8"".\n\n**5.5. Desbloqueio:** pelo próprio cliente na TAA, usando o próprio código de acesso. Se houver novo erro, o código deve ser cancelado (site institucional com Alfa Code, App Alfa, ou qualquer agência) para gerar um novo.\n\n---\n\n## 6. Geração de Senha PF – Procedimentos\n\nEnvio de senha (6 e 8 dígitos) por SMS para PF — só para ALTERAÇÃO (não para cadastro de primeira senha, que segue outros canais). Não disponível para senhas ""não cadastradas""/""a cadastrar"" ou bloqueio ""U"". Faça as consultas do item 6.2 antes.\n\n### 6.1. Atendimento\n\n| Frente | Quem atende | Identificação |\n|---|---|---|\n| SAC QP | Correntistas e não correntistas | Cliente autenticado (URA, Token ou Identificação Positiva) |\n| SAC QC | Não correntistas portadores de cartão (correntistas/poupadores: transferir para a Célula de Segurança via rotina 50106) | — |\n| Plataforma de Relacionamento QP | Correntistas e não correntistas | Autenticado por CPF+senha, agência/conta+senha ou Token: IP dispensada. Atendimentos ATA, Consultoria e Texto: exigem IP. Bancada Cartão: Checklist Maior Risco. |\n| Plataforma de Relacionamento QC | Não correntistas portadores de cartão (correntistas/poupadores: demais canais, itens 3 e 4) | — |\n\n### 6.2. Consultas\n\n1. Verifique o cadastro da senha em `SISRET X69 > 02` ou pela Plataforma (Segurança > Senhas > Gerenciamento de Senhas) — correntistas: agência/conta; não correntistas: número do cartão (não pedir validade/CVV; usar mês/ano do contato e ""000"" no CVV2).\n2. Resultado ""Não cadastrada""/""A cadastrar"" → cliente não correntista com entrada via onboarding digital; não é possível enviar senha; oriente: 8 dígitos via App Alfa (se dispositivo autorizado com Alfa Code/push); 6 dígitos, comparecer a uma agência.\n3. Resultado ""U Bloqueado"" → SAC Receptivo (Célula de Segurança) → rotina 50130; SAC Soluções QP → rotina 50131; SAC Receptivo QC → rotina 50112; Plataforma de Relacionamento → orientar contato com o SAC.\n4. Demais situações → prossiga: pergunte o celular atual do cliente (não informe outros números cadastrados) e confira no cadastro (agência/conta ou MCI) se é o mesmo já registrado. Se divergente, ou se houver mais de um número/duplicidade cadastrada → oriente comparecimento a uma agência. Se for o mesmo e único número → siga para 6.3.\n\n### 6.3. Geração de Senha\n\na) Acesse Plataforma > Segurança > Senhas > Envio de Senha por SMS.\nb) Consulte por tipo de cliente: correntista (CPF, agência e conta, ou MCI); não correntista (CPF); na aba Cartão, informe o número (via `Cartão > 11 > 1` ou `17 > 01 > 01`) — se houver mais de um cartão, peça modalidade e os 4 últimos dígitos.\nc) Selecione a conta/cartão do cliente.\nd) Selecione o envio de senha de 8 e/ou 6 dígitos — o sistema gera uma senha aleatória e envia por SMS.\ne) Informe que a senha chega por SMS ao celular cadastrado, sem prazo de expiração, e que deve ser alterada assim que possível por segurança.\nf) Se for senha de 6 dígitos, informe que, após a alteração, é preciso validar o chip do cartão em qualquer TAA — caso contrário, a nova senha não funcionará com o cartão com chip.\n\n---\n\n## 7. Cliente no Exterior\n\na) **Central de Senhas** (no App Alfa; exige cartão ativo, dispositivo liberado e Alfa Code/Push): permite alterar/bloquear/desbloquear/criar senha de 8 dígitos; alterar/bloquear/desbloquear senha de 6 dígitos; solicitar novo código de acesso. Acesso com a senha atual: área logada > Perfil > Central de senhas. Sem a senha: tela inicial não logada > Recuperar senha.\n\nb) **Agências no exterior:** procedimento de senhas disponível somente na agência de Tóquio.\n\nc) Solicitar a um representante legal (com procuração com firma reconhecida) que realize a operação na agência de relacionamento do cliente no Brasil.\n\nd) A agência de relacionamento envia ao e-mail cadastrado no MCI uma declaração para o cliente assinar e digitalizar — válido apenas para senhas bloqueadas por erro, não para bloqueio ""U"" (suspeita de fraude). O pedido pode começar por qualquer canal de contato, mas a declaração assinada só pode retornar pelo e-mail cadastrado no MCI. A agência de relacionamento pode ser confirmada com o cliente durante a ligação, na aba lateral da Plataforma de Relacionamento.\n\ne) **Cartões com chip:** após a alteração da senha de 6 dígitos, oriente o cliente a atualizar o chip de todos os plásticos ao voltar ao Brasil (em uma TAA), sob risco de impacto em transações presenciais; carteiras digitais funcionam normalmente após a troca.\n\nf) **Uso da senha no exterior:** alguns terminais usam PIN de 4 e/ou 6 dígitos. Nos de 4 dígitos, o cliente informa os 4 primeiros dígitos da sua senha de 6. No exterior, o cliente tem as mesmas opções dos demais clientes, pelo site institucional ou pelo App Alfa.\n\n---\n\n## 8. Senha do Portador Adicional\n\n| Portador | Solicitação | Alteração/reposição |\n|---|---|---|\n| **Adicional não correntista** | Presencial: senha de 6 dígitos cadastrada na hora. Demais canais: senha enviada por correio ao endereço do portador titular. | Se perder, esquecer ou não receber, cadastrar nova em qualquer agência. |\n| **Adicional correntista** | Usa a mesma senha pessoal de 6 dígitos de sua própria conta. Sem senha gravada: modalidades Doméstico/Internacional → sistema não gera o cartão; modalidades Gold e superiores → senha enviada por correio, cartão gerado após o recebimento. | Se perder, esquecer ou não receber, seguir as orientações do item 3. |\n\n---\n\n## 9. Acesso ao gov.br com credenciais do Banco Alfa\n\nVer rotina 50135.\n\n---\n\n## 10. Central de Senhas PF\n\nSolução de segurança no App Alfa para o cliente gerenciar suas senhas.\n- **Área logada:** Perfil > Segurança > Central de Segurança > Central de senhas; Perfil > Segurança > Central de senhas; Menu > Segurança > Central de Segurança > Central de Senhas.\n- **Área não logada:** Tela inicial > Recuperar Senha; ou role a tela para cima > Recuperar Senha.\n\n**Requisitos:** celular autorizado há mais de 30 dias; telefone cadastrado no ATO; Alfa Code ou Push habilitado; geolocalização ativa e autorizada; permissão de câmera concedida ao app; cartão ativo.\n\n> **Atenção:** não correntistas usam a Central de Senhas apenas para alterar a senha ""Conta de Acesso"" (ver item 4.2.2).\n\n---\n\n## 11. Fontes de informação\n\nUGS – Unidade de Gestão de Segurança (código 800040) · Normativo interno 5001 · Normativo interno 5002\n\n---\n\n## 12. Rotinas absorvidas\n\nO conteúdo das seguintes rotinas foi absorvido por este documento:\n\n| Código (anonimizado) | Assunto |\n|---|---|\n| 50137 | Senhas – Orientações (Código de Acesso) |\n| 50138 | Senhas – Orientações (Não correntista) |\n| 50139 | Senhas – Correntistas (Internet e Celular) |\n| 50140 | Arquivada – Senhas – Orientações (Conta-corrente) |\n| 50141 | POP UP – Senhas – Tipos de bloqueio |\n| 50142 | Modalidade de conta simplificada – Senhas |\n| 50143 | Senhas – Orientações – Poupador não correntista |\n| 50144 | Acesso do cliente à plataforma digital gov.br (parceria Banco Alfa e Governo Federal) |\n| 50145 | Senhas – Alfa Digital PJ |\n| 50146 | Atendimento para clientes não participantes do modelo ATA |\n| 50147 | Geração de senha PF – Procedimentos |\n']",Adicional não correntista cadastra nova senha de 6 dígitos presencialmente em qualquer agência. Adicional correntista usa a própria senha da sua conta (ou item 3 se Gold/enviada por correio).,EDGE_CASE,3.7918,,0.3333333333333333,0.8691370595461987,1.0,0.9999999999
"Quero receber a senha por SMS. Pode enviar?
[Dados coletados via clarificação: canal_tentado=site; tipo_cliente=não correntista]","Para o envio de senha por SMS, é necessário seguir os procedimentos de atendimento conforme o seu perfil de cliente. Como você é um **não correntista**, observe as orientações abaixo:

### Procedimentos para Geração de Senha por SMS

1.  **Verificação de Elegibilidade:**
    *   O envio de senha por SMS é destinado apenas para casos de **alteração** de senha.
    *   Se o resultado da consulta no sistema for ""Não cadastrada"" ou ""A cadastrar"" (comum em clientes com entrada via *onboarding* digital), não é possível realizar o envio da senha. Nesse caso, para a senha de 8 dígitos, você deve utilizar o App Alfa (se o dispositivo estiver autorizado com Alfa Code/push) ou, para a senha de 6 dígitos, comparecer a uma agência.

2.  **Confirmação de Dados:**
    *   Antes de prosseguir, é necessário confirmar se o número de celular informado é o mesmo que já consta registrado em seu cadastro. Caso o número seja divergente ou haja duplicidade de registros, será necessário comparecer a uma agência para atualização.

3.  **Canais de Atendimento:**
    *   Para solicitar o envio, você deve entrar em contato com a **Plataforma de Relacionamento QC** (específica para não correntistas portadores de cartão) ou o **SAC QC**.
    *   Durante o atendimento, será solicitado o número do seu cartão (não informe a validade ou o CVV; utilize o mês/ano do contato e ""000"" no CVV2).

**Informações importantes:**
*   Após o envio, a senha chegará por SMS ao celular cadastrado sem prazo de expiração, devendo ser alterada por segurança assim que possível.
*   Se a senha for de 6 dígitos, após a alteração, é obrigatório validar o chip do cartão em qualquer terminal de autoatendimento (TAA) para que a nova senha funcione.

### Referências

- [1] Geração de Senha PF – Procedimentos","['# POP – Gestão de Senhas e Código de Acesso – Pessoa Física\n### [Versão anonimizada/pseudonimizada — documento complementar ao POP de CDC]\n\n> **Nota metodológica:** este documento usa a mesma metodologia e os mesmos pseudônimos institucionais do POP de CDC anonimizado anteriormente (Banco Alfa, SISALFA, App Alfa etc.). Termos novos e específicos deste documento (produtos de cartão, plataformas, rotinas) foram adicionados à mesma chave de correspondência (arquivo único, cumulativo). A lógica processual e as condições originais foram mantidas integralmente.\n\n**Sumário:** Notas iniciais · 1. Resumo das senhas · 2. Situação das senhas · 3. Correntistas e poupadores · 4. Não correntista · 5. Código de acesso · 6. Geração de senha PF · 7. Cliente no exterior · 8. Senha do portador adicional · 9. Acesso ao gov.br · 10. Central de Senhas PF · 11. Fontes de informação · 12. Rotinas absorvidas\n\n---\n\n## Notas iniciais\n\na) **Transferência de saldo/produtos entre agências:** a senha da agência de origem não é alterada; o cliente acessa normalmente a conta na agência de destino.\n\nb) Os procedimentos desta rotina não se aplicam a clientes PJ ou Setor Público. Para chave J e senhas (Alfa Digital PJ), ver rotina 50129.\n\nc) **Titulares solidários:** as senhas (6 e 8 dígitos) e o código de acesso são os mesmos para todos os titulares. Se um titular bloquear a senha, os demais ficam impossibilitados de realizar transações.\n\nd) **Push:** notificação recebida diretamente no App Alfa. Para ativar: 1) autorizar o App Alfa no sistema do celular (Android: Configurações > Receber Notificações; iOS: Ajustes > Receber Notificações); 2) ativar pelo App Alfa (área logada) em Perfil > Geral > Receber notificações.\n\ne) **Bloqueio de Canal:** consulte na plataforma em Segurança > Bloqueio de segurança > Histórico. Havendo bloqueio, o desbloqueio ocorre após a alteração das senhas de 6 e 8 dígitos — é obrigatório alterar primeiro a de 8 dígitos, depois a de 6. Use os itens 3 e/ou 4 para orientar os canais.\n\n---\n\n## 1. Resumo da utilização das senhas\n\n| Tipo de senha | Canais de utilização |\n|---|---|\n| Senha de 4 dígitos | Descontinuada |\n| Senha de 6 dígitos | Confirma transações de cartão débito e crédito. Plataforma de Relacionamento/URA: acesso, consulta e confirmação de transações da mesma titularidade. Site institucional (sem Alfa Code): confirmação de transações financeiras. App Alfa: confirmação de transações financeiras. WhatsApp Alfa: pode ser solicitada para confirmação de algumas transações. TCX, TAD, POS, correspondente bancário: confirmação de transações. TAA: confirmação de transações de beneficiários do INSS e de portadores de deficiência visual sem código de acesso. Banco 24 Horas e rede compartilhada (Banco Parceiro Beta): confirmação de transações de portadores de deficiência visual sem código de acesso. |\n| Senha de 8 dígitos | Site institucional, App Alfa, App Cartão Alfa e WhatsApp: acesso, consultas, transações financeiras e aquisição de produtos/serviços. |\n| Código de Acesso (letras, sílabas ou alfanumérico) | TAA, Banco 24 Horas e rede compartilhada: confirma transações, inclusive saques na função crédito do cartão. |\n| Conta de Acesso (senha alfanumérica) | Utilizada por não correntistas no App Alfa (versão não correntista). |\n\n---\n\n## 2. Situação das Senhas\n\n### 2.1. Consultas\n- Senhas de 6/8 dígitos e código de acesso — Quadro Próprio e Quadro Contratado: `SISALFA > SISRET > X69 > 2` (correntistas: agência e conta; não correntistas: número do cartão), campo STATUS (pode ser informado ao cliente).\n- Conta de Acesso (Quadro Próprio): `SISALFA > ACESSO > 32 > 01 > CPF`.\n\n### 2.2. Códigos aplicáveis a TODOS os tipos de senha\n| Código | Significado | Situação |\n|---|---|---|\n| 0 | Sem ocorrência de erro de digitação | Ativa |\n| 1 | Cliente errou a digitação uma vez | — |\n| 2 | Cliente errou a digitação duas vezes | — |\n| 3 | Cliente errou a digitação três vezes (se ocorrer na senha de 6 dígitos via APF, Mobile ou WhatsApp, o bloqueio ""3"" é aplicado também à senha de 8 dígitos) | Bloqueada |\n| 6 | Senha (PJ e Governo) cadastrada no Alfa Digital PJ, aguardando confirmação de um funcionário da agência | — |\n| 7 | Senha (PJ e Governo) cadastrada no Alfa Digital PJ, aguardando confirmação de dois funcionários da agência | — |\n| Q | Senha alterada no APF Internet sem Alfa Code, ou no APF Celular sem fotografar cartão válido (aguardando confirmação na TAA com biometria cadastrada há mais de 7 dias) | — |\n| U | Senha bloqueada pelo monitoramento de segurança dos canais de autoatendimento | — |\n\n### 2.3. Códigos exclusivos da senha de 6 dígitos\n| Código | Significado | Situação |\n|---|---|---|\n| A | Senha digitada errada 3 vezes | Bloqueada |\n| D | Erro na tentativa de desbloqueio na TAA, ou bloqueio feito pelo próprio cliente via APF Celular/Internet | — |\n\n### 2.4. Códigos exclusivos da senha de 8 dígitos\n| Código | Significado | Situação |\n|---|---|---|\n| T | Senha registrada antes de 2012 e bloqueada por não uso nos últimos 90 dias | Bloqueada |\n| D | Alteração iniciada via APF Celular, com falha na confirmação via TAA sem biometria | — |\n| P | Senha cadastrada via APF Internet/Celular, aguardando confirmação na TAA | — |\n| 4 | Erro na tentativa de desbloqueio via Mobile | — |\n| 8 | Senha bloqueada pela agência ou pelo próprio cliente nos canais de autoatendimento | — |\n\n### 2.5. Situações do código de acesso\nCódigo ""4"" = tentativa de desbloqueio na TAA; CAA = letras; CAS = sílabas; CAN = alfanumérico.\n\n### 2.6. Situações da senha alfanumérica (Conta de Acesso)\n*Solicitado* = cadastramento/alteração pedidos; *Ativa* = cadastrada e ativa; *Bloqueado* = bloqueada por erro de digitação ou por segurança.\n> Essa confirmação ocorre por oferta ativa, sem necessidade de navegar pelo menu da TAA.\n\n---\n\n## 3. Correntistas e Poupadores\n\n### 3.1. Senha de 6 dígitos (conta e cartão)\n\nUsada para autorizar transações em: terminais de caixa das agências, TAA, site institucional (sem Alfa Code), App Alfa, correspondente bancário, transações de cartão (débito e crédito) e acesso à Central de Relacionamento/SAC. Vinculada à agência/conta (correntista) ou ao CPF (não correntista).\n\n**3.1.1. Cadastramento**\n\n| Canal | Procedimento |\n|---|---|\n| Agência | Correntistas e poupadores: no fluxo de abertura de conta, em qualquer agência. Beneficiários do INSS: em qualquer agência. Clientes de conta digital: no fluxo de abertura pelo App Alfa. |\n\n> **Atenção:** se o cliente quiser encerrar a conta corrente e ficar só com o cartão de crédito, cadastre nova senha como não correntista — obrigatório para não deixar pendente a emissão dos cartões.\n\n**3.1.2. Alteração**\n\n> Para cartões com chip, após a alteração, oriente o cliente a atualizar o chip de todos os plásticos em qualquer TAA (sob risco da senha não funcionar). Verifique a possibilidade de enviar senha provisória por SMS (item 6).\n\n| Canal | Requisitos/Condição | Procedimento |\n|---|---|---|\n| App Alfa | Celular autorizado há mais de 30 dias; Alfa Code ou Push habilitado; geolocalização ativa e autorizada; cartão ativo; senha de 8 dígitos ativa (códigos 0, 1 e/ou 2). Não disponível se bloqueada por ""8"". | **Com a senha anterior:** área logada > Perfil > Segurança > Central de senhas > Senha de 6 dígitos > Alterar. **Sem a senha anterior:** área logada > Perfil > Segurança > Central de senhas > Senha de 6 dígitos > Esqueci a senha > ""Agora utilizando o cartão"" (dados do cartão) — confirmação por: (i) biometria na TAA (cadastrada há mais de 7 dias): App Alfa > Menu > Perfil > Central de senhas > Senha de 6 dígitos > Esqueci a senha > No caixa eletrônico, depois na TAA em Segurança e Senhas > Senhas > Liberação de Senha Provisória > Senha da conta e cartão (6 dígitos); ou (ii) WhatsApp (telefone cadastrado no ATO): área logada > Perfil > Central de senhas > Senha de 6 dígitos > Esqueci a senha > Por WhatsApp. |\n| Site institucional | Senha de 8 dígitos ativa (códigos 0, 1 e/ou 2). Não disponível para quem não usa Alfa Code e não tem biometria cadastrada há mais de 7 dias (ou de forma assistida), nem para bloqueio ""U"" ou ""8"" da senha de 6 dígitos. | Em computador autorizado, com ou sem a senha anterior: **com adesão ao Alfa Code:** área logada > Segurança > Senhas > Alterar > Senha do cartão (6 dígitos) (exige código de autorização do Alfa Code). **Sem adesão ao Alfa Code, com biometria cadastrada:** mesmo caminho, confirmando em uma TAA com biometria cadastrada há mais de 7 dias. |\n| Agências (inclusive bloqueio ""U"") | — | Mediante identificação; recomendar que o cliente leve o cartão. |\n| SAC | Bloqueio ""U"": SAC Receptivo QP/QC (Célula de Segurança) → rotina 50130; SAC Soluções QP → rotina 50131; SAC Quadro Contratado → rotina 50112. Outros bloqueios: SAC Quadro Próprio → procedimento de Geração de Senha (item 6); SAC Quadro Contratado → rotina 50112. | — |\n| Plataforma de Relacionamento / ATA | Exceto bloqueio ""U"": Quadro Próprio → Geração de Senha; Quadro Contratado (não correntista portador de cartão) → Geração de Senha; correntistas/poupadores → demais canais. | — |\n\n**3.1.3. Bloqueio**\n\nCanais por iniciativa do cliente: TAA; SAC QC/QP; Plataforma de Relacionamento; site institucional (com Alfa Code); App Alfa (dispositivo autorizado, com Alfa Code ou push); agências.\n> Se o cliente detectar lançamentos indevidos na conta (inclusive por invasão do site), utilize também a rotina 50136, item 5.1. Bloqueio por um titular solidário impede os demais de transacionar. O bloqueio do código de acesso implica bloqueio da senha de 6 dígitos.\n\n**3.1.4. Desbloqueio**\n\nFeito COM conhecimento da senha anterior (sem isso, é preciso fazer a Alteração). Bloqueio ""U"" não admite desbloqueio, só Alteração.\n\n| Canal | Requisitos | Procedimento |\n|---|---|---|\n| App Alfa | Celular autorizado >30 dias; Alfa Code/Push habilitado; geolocalização ativa; cartão ativo; senha de 8 dígitos ativa (0,1,2). | Área logada > Perfil > Segurança > Central de senhas > Senha de 6 dígitos > Desbloquear. |\n| Site institucional | Senha de 8 dígitos ativa (0,1,2). | Em computador autorizado — com Alfa Code: Segurança > Senhas > Desbloquear (código de autorização); sem Alfa Code: mesmo caminho, confirmando em TAA com biometria (>7 dias). |\n| TAA | Biometria, ou cartão + código de acesso. | Menu > Segurança e Senhas > Senhas > Desbloqueio > Senha da conta e cartão (6 dígitos). |\n| Agência | Identificação (recomendar levar o cartão). | — |\n\n> Erro de digitação na tentativa de desbloqueio na TAA: só pode ser desbloqueada em agência. Bloqueio por iniciativa da agência/cliente: desbloqueio em qualquer agência. Bloqueio por erro de identificação positiva na TAA: só desbloqueia em agência (se o cliente souber a senha); usar a TAA para essa operação não é possível. Desbloqueio exige código de acesso ou biometria; sem nenhum dos dois, é necessário comparecer a uma agência.\n\n### 3.2. Senha de 8 dígitos\n\nAcessa o site institucional e o App Alfa; pode ser provisória¹ ou definitiva. Confirmação de transações financeiras via Alfa Code; sem Alfa Code, usa-se a senha de 6 dígitos (oriente o cadastramento do Alfa Code). Senha única — não precisa ser cadastrada por cada titular.\n\n> ¹ Provisória: só senhas antigas; acesso restrito a consultas. Para movimentações financeiras, deve ser liberada em uma TAA.\n\n**3.2.1. Cadastramento**\n\n| Canal | Procedimento |\n|---|---|\n| App Alfa | Correntistas/poupadores: ""Esqueci ou não tenho a senha"" na tela de login (clientes sem histórico de equipamento autorizado no ATO); o equipamento fica em carência (há um link de liberação). Clientes de conta digital: cadastram no fluxo de abertura via Mobile. |\n| TAA | Com biometria cadastrada há mais de 7 dias: Menu > Segurança e Senhas > Senhas > Cadastramento. |\n| Agência | Qualquer agência, informando a senha de 6 dígitos. |\n\n**3.2.2. Alteração**\n\n| Canal | Condição | Procedimento |\n|---|---|---|\n| App Alfa | Celular autorizado >30 dias; Alfa Code/Push; geolocalização; cartão ativo. | **Com a senha atual:** área logada > Perfil > Segurança > Central de senhas > Senha de 8 dígitos > Alterar (digitar a senha atual). **Sem a senha atual (inclusive bloqueio ≠ ""U""), ou bloqueio ""U"":** ""Esqueci minha senha"" (tela de login ou tela inicial não logada) > Recuperar senha > Senha de 8 dígitos > Esqueci a senha, com 3 opções: (i) ""Agora utilizando o cartão"" (dados do cartão, dispositivo autorizado, Alfa Code ou Push); (ii) ""No caixa eletrônico"" (confirmação por biometria na TAA, cadastrada há mais de 7 dias); (iii) por WhatsApp (telefone cadastrado no ATO + versão mínima do app + reconhecimento facial). *A opção ""recuperar senha"" só aparece em celular autorizado onde o cliente já acessou a conta ao menos uma vez.* |\n| Site institucional (computador autorizado) | Com a senha atual: exigida a senha de 8 dígitos atual. | **Com Alfa Code:** Segurança > Senhas > Alterar > Senha da internet (8 dígitos) (código de autorização). **Sem Alfa Code:** mesmo caminho, confirmando em TAA com biometria (>7 dias). Sem a senha atual (inclusive bloqueio ≠ ""U""), ou bloqueio ""U"": não disponível neste canal. |\n| TAA | Com ou sem a senha atual (inclusive bloqueios). | Menu > Segurança e Senhas > Senhas > Alteração > Senha de acesso à internet e ao celular (8 dígitos). Com biometria: qualquer horário (cadastrada há mais de 7 dias, ou de forma assistida). Sem biometria, com cartão com chip + código de acesso: das 10h às 16h em dias úteis. |\n| Agência | Com ou sem a senha atual (inclusive bloqueios). | Atendimento presencial, exigindo a senha de 6 dígitos; recomendar levar o cartão. |\n| SAC | Com a senha atual, ou sem ela (exceto ""U""): Quadro Próprio → Geração de Senha; Quadro Contratado → rotina 50112. Bloqueio ""U"": SAC Receptivo (Célula de Segurança) → rotina 50130; SAC Soluções QP → rotina 50131; SAC QC → rotina 50112. | — |\n| Plataforma de Relacionamento / ATA | Com a senha atual, ou sem ela (exceto ""U""): Quadro Próprio → Geração de Senha; Quadro Contratado (não correntista com cartão) → Geração de Senha; correntistas/poupadores → demais canais. Bloqueio ""U"": não disponível neste canal. | — |\n\n**3.2.3. Bloqueio**\n\nCanais por iniciativa do cliente: TAA; SAC; agências; site institucional (com Alfa Code); App Alfa (dispositivo autorizado, com Alfa Code ou push). Bloqueio de segurança ocorre quando há indício de violação da senha. Bloqueio ""T"": não é mais aplicado — restam apenas registros até 2012.\n\n**3.2.4. Desbloqueio**\n\n> Sem conhecimento da senha anterior, bloqueio ""U"" (segurança) ou bloqueio ""4"": seguir os procedimentos de Alteração.\n\nConsulte em `SISRET X69 > 02` (correntistas: agência/conta; não correntistas: número do cartão), campo STATUS, ou pela Plataforma (Segurança > Senhas > Gerenciamento de Senhas). Não pergunte data de validade nem CVV ao cliente — preencha o número do cartão, use o mês/ano do contato como validade e ""000"" no CVV2.\n\n| Tipo de bloqueio | Canal | Procedimento |\n|---|---|---|\n| Por iniciativa da agência ou do cliente | Agência | Com a senha de 6 dígitos (recomendar levar o cartão). |\n| | TAA | Com código de acesso ou biometria. |\n| Por motivo ""T"" | Agência | Idem acima. |\n| | TAA | Idem acima. |\n| Por digitação incorreta 3 vezes | App Alfa (dispositivo autorizado >30 dias, Alfa Code/Push, geolocalização, cartão ativo) | Recuperar Senhas > Senha de 8 dígitos > Desbloquear (digitar a senha atual). |\n| | Agência | Com a senha de 6 dígitos. |\n| | TAA | Com código de acesso ou biometria. |\n| Por erro na tentativa de desbloqueio na TAA | Agência | Com a senha de 6 dígitos. |\n\n---\n\n## 4. Não Correntista\n\n### 4.1. Senha de 6 dígitos\n\n**4.1.1. Cadastramento:** clientes não correntistas que solicitam Cartão Alfa via App ou web cadastram no próprio fluxo de solicitação. Private Label → rotina 50133. Cartões de programa de fidelidade parceiro → rotina 50134.\n\n**4.1.2. Alteração:** Agência (qualquer uma, com cartão válido e identificação); SAC e Plataforma de Relacionamento → item 6 desta rotina.\n\n**4.1.3. Bloqueio:** por iniciativa do cliente — TAA; SAC QC/QP; Plataforma de Relacionamento; agências.\n\n**4.1.4. Desbloqueio:** Agência (qualquer uma, com a senha de 6 dígitos); TAA (com o código de acesso).\n\n### 4.2. Conta de Acesso e Senha de 8 dígitos\n\n**Demanda:** dificuldade para acessar o App Alfa ou o App Cartão Alfa com a senha de 8 dígitos.\n\n> **Atenção:** há 2 tipos de senha de 8 dígitos para não correntista — **Conta de Acesso** (acessa o App Alfa) e **Senha-8** (acessa o App Cartão Alfa). O cliente normalmente não sabe dessa distinção. Para identificar o tipo, siga o item 4.2.1.\n\n**4.2.1. Identificação do tipo de senha**\n\n*4.2.1.1. Sistema Alfa:*\n- a) Senha Conta de Acesso: `SISRET X69 > 02 > nº do cartão`. Se ""não localizado"" ou se o cliente tiver os dois tipos, siga para (b). Se possuir só Conta de Acesso: Quadro Contratado → siga para 4.2.2; Quadro Próprio → confira a situação (se ""Ativo"", tecle F9 para mais detalhes) e siga para 4.2.2.\n- b) Senha-8: `SISALFA > SISRET X69 > 02 > nº do cartão`. Cliente com só Senha-8, ou com as duas → oriente conforme 4.2.2 (Quadro Próprio e Contratado).\n\n*4.2.1.2. Plataforma:* não pergunte data de validade nem CVV. `Plataforma de Negócios > Segurança > Senhas > Gerenciamento de Senhas 3.0` — preencha o número do cartão, use o mês/ano do contato como validade e ""000"" no CVV2.\n\n**4.2.2. Procedimentos** (se o cliente tiver os dois tipos, pergunte qual app ele quer acessar):\n\n| Senha | Cadastramento | Alteração | Bloqueio | Desbloqueio |\n|---|---|---|---|---|\n| **Conta de Acesso** (App Alfa) | No momento da contratação do cartão (App Alfa/onboarding digital) | App Alfa (Central de Senhas) ou link de recuperação; Agência (cartão válido e previamente liberado) | Agência | Agência (cartão válido e previamente liberado) |\n| **Senha-8** (App Cartão Alfa) | No momento da contratação do cartão (lojas parceiras, correspondentes, agências) | TAA; SAC e Plataforma de Relacionamento (Geração de Senha, ou outros canais); App Cartão Alfa ""Esqueci minha senha"" (sem bloqueio vigente); Agência | TAA; APF; Mobile; agências; **se o cliente foi vítima de assalto, roubo ou sequestro:** SAC QP/QC e Plataforma de Relacionamento → `SISRET X98`, código de rota 800050, conta = nº da conta do cartão | TAA; Agência |\n\n> Não correntistas com Conta de Acesso também podem acessar o App Cartão Alfa, mas precisam cadastrar uma senha de 8 dígitos separada via ""Esqueci senha"" — explique que serão duas senhas diferentes, uma para cada app. Quem possui só a Senha-8 NÃO consegue acessar o App Alfa.\n\n---\n\n## 5. Código de Acesso (Alfanumérico)\n\na) **Deficientes visuais:** o cliente com deficiência visual total pode ser dispensado da exigência do código de acesso, mediante registro da característica no cadastro pela agência. Em conta conjunta, a dispensa vale só para o titular com a deficiência.\n\nb) **Tipos:** CAA (letras), CAS (sílabas), CAN (alfanumérico). Emitido quando o cliente usa a TAA com cartão pela primeira vez, tentando uma transação/consulta — o cliente é avisado do novo código, que substitui o anterior.\n\nc) Se o cliente disser que não tem/não anotou o código: oriente conforme a tabela abaixo, ou informe que TAAs com biometria dispensam o código de acesso (rotina 50132, itens 1 e 9).\n\n**5.1. O que é:** código aleatório (letras, sílabas e/ou números), não escolhido pelo cliente; para PF e PJ, correntistas, não correntistas e poupadores portadores de cartão; necessário em: TAA, Banco 24 Horas e rede compartilhada (Banco Parceiro Beta).\n\n**5.2. Cadastramento:** gerado e impresso automaticamente no primeiro uso do cartão na TAA; regenerado em migração de conta (mesmo cartão) ou quando o código antigo é cancelado. Se a impressora estiver inoperante, é mostrado só em tela. Código único para todos os titulares solidários.\n\n**5.3. Alteração:** não existe alteração direta — o código deve ser cancelado (canais abaixo); a nova combinação é gerada automaticamente no próximo acesso à TAA. *(O código não muda se a senha da conta corrente for alterada.)*\n\n| Canal | Procedimento |\n|---|---|\n| App Alfa | Área logada > Perfil > Segurança > Central de senhas > Código de Acesso > Solicitar novo código. |\n| Site institucional | Área logada — confirmação via Alfa Code; sem Alfa Code, confirma na TAA com biometria cadastrada há mais de 7 dias. |\n| Agência | Com a senha de 6 dígitos (recomendar levar o cartão). |\n\n**5.4. Bloqueio:** após 3 tentativas seguidas incorretas. Bloqueio da senha de 6 dígitos ou do código de acesso mantém o uso da TAA com biometria. Bloqueio da senha de 6 dígitos mantém o uso do código de acesso, exceto nos bloqueios ""U"" ou ""8"".\n\n**5.5. Desbloqueio:** pelo próprio cliente na TAA, usando o próprio código de acesso. Se houver novo erro, o código deve ser cancelado (site institucional com Alfa Code, App Alfa, ou qualquer agência) para gerar um novo.\n\n---\n\n## 6. Geração de Senha PF – Procedimentos\n\nEnvio de senha (6 e 8 dígitos) por SMS para PF — só para ALTERAÇÃO (não para cadastro de primeira senha, que segue outros canais). Não disponível para senhas ""não cadastradas""/""a cadastrar"" ou bloqueio ""U"". Faça as consultas do item 6.2 antes.\n\n### 6.1. Atendimento\n\n| Frente | Quem atende | Identificação |\n|---|---|---|\n| SAC QP | Correntistas e não correntistas | Cliente autenticado (URA, Token ou Identificação Positiva) |\n| SAC QC | Não correntistas portadores de cartão (correntistas/poupadores: transferir para a Célula de Segurança via rotina 50106) | — |\n| Plataforma de Relacionamento QP | Correntistas e não correntistas | Autenticado por CPF+senha, agência/conta+senha ou Token: IP dispensada. Atendimentos ATA, Consultoria e Texto: exigem IP. Bancada Cartão: Checklist Maior Risco. |\n| Plataforma de Relacionamento QC | Não correntistas portadores de cartão (correntistas/poupadores: demais canais, itens 3 e 4) | — |\n\n### 6.2. Consultas\n\n1. Verifique o cadastro da senha em `SISRET X69 > 02` ou pela Plataforma (Segurança > Senhas > Gerenciamento de Senhas) — correntistas: agência/conta; não correntistas: número do cartão (não pedir validade/CVV; usar mês/ano do contato e ""000"" no CVV2).\n2. Resultado ""Não cadastrada""/""A cadastrar"" → cliente não correntista com entrada via onboarding digital; não é possível enviar senha; oriente: 8 dígitos via App Alfa (se dispositivo autorizado com Alfa Code/push); 6 dígitos, comparecer a uma agência.\n3. Resultado ""U Bloqueado"" → SAC Receptivo (Célula de Segurança) → rotina 50130; SAC Soluções QP → rotina 50131; SAC Receptivo QC → rotina 50112; Plataforma de Relacionamento → orientar contato com o SAC.\n4. Demais situações → prossiga: pergunte o celular atual do cliente (não informe outros números cadastrados) e confira no cadastro (agência/conta ou MCI) se é o mesmo já registrado. Se divergente, ou se houver mais de um número/duplicidade cadastrada → oriente comparecimento a uma agência. Se for o mesmo e único número → siga para 6.3.\n\n### 6.3. Geração de Senha\n\na) Acesse Plataforma > Segurança > Senhas > Envio de Senha por SMS.\nb) Consulte por tipo de cliente: correntista (CPF, agência e conta, ou MCI); não correntista (CPF); na aba Cartão, informe o número (via `Cartão > 11 > 1` ou `17 > 01 > 01`) — se houver mais de um cartão, peça modalidade e os 4 últimos dígitos.\nc) Selecione a conta/cartão do cliente.\nd) Selecione o envio de senha de 8 e/ou 6 dígitos — o sistema gera uma senha aleatória e envia por SMS.\ne) Informe que a senha chega por SMS ao celular cadastrado, sem prazo de expiração, e que deve ser alterada assim que possível por segurança.\nf) Se for senha de 6 dígitos, informe que, após a alteração, é preciso validar o chip do cartão em qualquer TAA — caso contrário, a nova senha não funcionará com o cartão com chip.\n\n---\n\n## 7. Cliente no Exterior\n\na) **Central de Senhas** (no App Alfa; exige cartão ativo, dispositivo liberado e Alfa Code/Push): permite alterar/bloquear/desbloquear/criar senha de 8 dígitos; alterar/bloquear/desbloquear senha de 6 dígitos; solicitar novo código de acesso. Acesso com a senha atual: área logada > Perfil > Central de senhas. Sem a senha: tela inicial não logada > Recuperar senha.\n\nb) **Agências no exterior:** procedimento de senhas disponível somente na agência de Tóquio.\n\nc) Solicitar a um representante legal (com procuração com firma reconhecida) que realize a operação na agência de relacionamento do cliente no Brasil.\n\nd) A agência de relacionamento envia ao e-mail cadastrado no MCI uma declaração para o cliente assinar e digitalizar — válido apenas para senhas bloqueadas por erro, não para bloqueio ""U"" (suspeita de fraude). O pedido pode começar por qualquer canal de contato, mas a declaração assinada só pode retornar pelo e-mail cadastrado no MCI. A agência de relacionamento pode ser confirmada com o cliente durante a ligação, na aba lateral da Plataforma de Relacionamento.\n\ne) **Cartões com chip:** após a alteração da senha de 6 dígitos, oriente o cliente a atualizar o chip de todos os plásticos ao voltar ao Brasil (em uma TAA), sob risco de impacto em transações presenciais; carteiras digitais funcionam normalmente após a troca.\n\nf) **Uso da senha no exterior:** alguns terminais usam PIN de 4 e/ou 6 dígitos. Nos de 4 dígitos, o cliente informa os 4 primeiros dígitos da sua senha de 6. No exterior, o cliente tem as mesmas opções dos demais clientes, pelo site institucional ou pelo App Alfa.\n\n---\n\n## 8. Senha do Portador Adicional\n\n| Portador | Solicitação | Alteração/reposição |\n|---|---|---|\n| **Adicional não correntista** | Presencial: senha de 6 dígitos cadastrada na hora. Demais canais: senha enviada por correio ao endereço do portador titular. | Se perder, esquecer ou não receber, cadastrar nova em qualquer agência. |\n| **Adicional correntista** | Usa a mesma senha pessoal de 6 dígitos de sua própria conta. Sem senha gravada: modalidades Doméstico/Internacional → sistema não gera o cartão; modalidades Gold e superiores → senha enviada por correio, cartão gerado após o recebimento. | Se perder, esquecer ou não receber, seguir as orientações do item 3. |\n\n---\n\n## 9. Acesso ao gov.br com credenciais do Banco Alfa\n\nVer rotina 50135.\n\n---\n\n## 10. Central de Senhas PF\n\nSolução de segurança no App Alfa para o cliente gerenciar suas senhas.\n- **Área logada:** Perfil > Segurança > Central de Segurança > Central de senhas; Perfil > Segurança > Central de senhas; Menu > Segurança > Central de Segurança > Central de Senhas.\n- **Área não logada:** Tela inicial > Recuperar Senha; ou role a tela para cima > Recuperar Senha.\n\n**Requisitos:** celular autorizado há mais de 30 dias; telefone cadastrado no ATO; Alfa Code ou Push habilitado; geolocalização ativa e autorizada; permissão de câmera concedida ao app; cartão ativo.\n\n> **Atenção:** não correntistas usam a Central de Senhas apenas para alterar a senha ""Conta de Acesso"" (ver item 4.2.2).\n\n---\n\n## 11. Fontes de informação\n\nUGS – Unidade de Gestão de Segurança (código 800040) · Normativo interno 5001 · Normativo interno 5002\n\n---\n\n## 12. Rotinas absorvidas\n\nO conteúdo das seguintes rotinas foi absorvido por este documento:\n\n| Código (anonimizado) | Assunto |\n|---|---|\n| 50137 | Senhas – Orientações (Código de Acesso) |\n| 50138 | Senhas – Orientações (Não correntista) |\n| 50139 | Senhas – Correntistas (Internet e Celular) |\n| 50140 | Arquivada – Senhas – Orientações (Conta-corrente) |\n| 50141 | POP UP – Senhas – Tipos de bloqueio |\n| 50142 | Modalidade de conta simplificada – Senhas |\n| 50143 | Senhas – Orientações – Poupador não correntista |\n| 50144 | Acesso do cliente à plataforma digital gov.br (parceria Banco Alfa e Governo Federal) |\n| 50145 | Senhas – Alfa Digital PJ |\n| 50146 | Atendimento para clientes não participantes do modelo ATA |\n| 50147 | Geração de senha PF – Procedimentos |\n']","Não: geração de senha por SMS serve só para alteração, nunca para primeira senha 'não cadastrada/a cadastrar'. Orientar 8 dígitos via App Alfa (dispositivo autorizado com Alfa Code/push) e 6 dígitos presencial na agência.",CONDITIONAL_WORKFLOW,8.2873,,1.0,0.8620495228184326,1.0,0.9999999999
"Troquei a senha do cartão com chip e não funciona. Por quê?
[Dados coletados via clarificação: canal_tentado=app; tipo_cliente=correntista]","Ao realizar a alteração da senha de 6 dígitos, é necessário validar o chip do cartão em qualquer Terminal de Autoatendimento (TAA). Caso esse procedimento não seja realizado, a nova senha não funcionará corretamente com o cartão que possui chip.

### Referências

- [1] Geração de Senha PF – Procedimentos","['# POP – Gestão de Senhas e Código de Acesso – Pessoa Física\n### [Versão anonimizada/pseudonimizada — documento complementar ao POP de CDC]\n\n> **Nota metodológica:** este documento usa a mesma metodologia e os mesmos pseudônimos institucionais do POP de CDC anonimizado anteriormente (Banco Alfa, SISALFA, App Alfa etc.). Termos novos e específicos deste documento (produtos de cartão, plataformas, rotinas) foram adicionados à mesma chave de correspondência (arquivo único, cumulativo). A lógica processual e as condições originais foram mantidas integralmente.\n\n**Sumário:** Notas iniciais · 1. Resumo das senhas · 2. Situação das senhas · 3. Correntistas e poupadores · 4. Não correntista · 5. Código de acesso · 6. Geração de senha PF · 7. Cliente no exterior · 8. Senha do portador adicional · 9. Acesso ao gov.br · 10. Central de Senhas PF · 11. Fontes de informação · 12. Rotinas absorvidas\n\n---\n\n## Notas iniciais\n\na) **Transferência de saldo/produtos entre agências:** a senha da agência de origem não é alterada; o cliente acessa normalmente a conta na agência de destino.\n\nb) Os procedimentos desta rotina não se aplicam a clientes PJ ou Setor Público. Para chave J e senhas (Alfa Digital PJ), ver rotina 50129.\n\nc) **Titulares solidários:** as senhas (6 e 8 dígitos) e o código de acesso são os mesmos para todos os titulares. Se um titular bloquear a senha, os demais ficam impossibilitados de realizar transações.\n\nd) **Push:** notificação recebida diretamente no App Alfa. Para ativar: 1) autorizar o App Alfa no sistema do celular (Android: Configurações > Receber Notificações; iOS: Ajustes > Receber Notificações); 2) ativar pelo App Alfa (área logada) em Perfil > Geral > Receber notificações.\n\ne) **Bloqueio de Canal:** consulte na plataforma em Segurança > Bloqueio de segurança > Histórico. Havendo bloqueio, o desbloqueio ocorre após a alteração das senhas de 6 e 8 dígitos — é obrigatório alterar primeiro a de 8 dígitos, depois a de 6. Use os itens 3 e/ou 4 para orientar os canais.\n\n---\n\n## 1. Resumo da utilização das senhas\n\n| Tipo de senha | Canais de utilização |\n|---|---|\n| Senha de 4 dígitos | Descontinuada |\n| Senha de 6 dígitos | Confirma transações de cartão débito e crédito. Plataforma de Relacionamento/URA: acesso, consulta e confirmação de transações da mesma titularidade. Site institucional (sem Alfa Code): confirmação de transações financeiras. App Alfa: confirmação de transações financeiras. WhatsApp Alfa: pode ser solicitada para confirmação de algumas transações. TCX, TAD, POS, correspondente bancário: confirmação de transações. TAA: confirmação de transações de beneficiários do INSS e de portadores de deficiência visual sem código de acesso. Banco 24 Horas e rede compartilhada (Banco Parceiro Beta): confirmação de transações de portadores de deficiência visual sem código de acesso. |\n| Senha de 8 dígitos | Site institucional, App Alfa, App Cartão Alfa e WhatsApp: acesso, consultas, transações financeiras e aquisição de produtos/serviços. |\n| Código de Acesso (letras, sílabas ou alfanumérico) | TAA, Banco 24 Horas e rede compartilhada: confirma transações, inclusive saques na função crédito do cartão. |\n| Conta de Acesso (senha alfanumérica) | Utilizada por não correntistas no App Alfa (versão não correntista). |\n\n---\n\n## 2. Situação das Senhas\n\n### 2.1. Consultas\n- Senhas de 6/8 dígitos e código de acesso — Quadro Próprio e Quadro Contratado: `SISALFA > SISRET > X69 > 2` (correntistas: agência e conta; não correntistas: número do cartão), campo STATUS (pode ser informado ao cliente).\n- Conta de Acesso (Quadro Próprio): `SISALFA > ACESSO > 32 > 01 > CPF`.\n\n### 2.2. Códigos aplicáveis a TODOS os tipos de senha\n| Código | Significado | Situação |\n|---|---|---|\n| 0 | Sem ocorrência de erro de digitação | Ativa |\n| 1 | Cliente errou a digitação uma vez | — |\n| 2 | Cliente errou a digitação duas vezes | — |\n| 3 | Cliente errou a digitação três vezes (se ocorrer na senha de 6 dígitos via APF, Mobile ou WhatsApp, o bloqueio ""3"" é aplicado também à senha de 8 dígitos) | Bloqueada |\n| 6 | Senha (PJ e Governo) cadastrada no Alfa Digital PJ, aguardando confirmação de um funcionário da agência | — |\n| 7 | Senha (PJ e Governo) cadastrada no Alfa Digital PJ, aguardando confirmação de dois funcionários da agência | — |\n| Q | Senha alterada no APF Internet sem Alfa Code, ou no APF Celular sem fotografar cartão válido (aguardando confirmação na TAA com biometria cadastrada há mais de 7 dias) | — |\n| U | Senha bloqueada pelo monitoramento de segurança dos canais de autoatendimento | — |\n\n### 2.3. Códigos exclusivos da senha de 6 dígitos\n| Código | Significado | Situação |\n|---|---|---|\n| A | Senha digitada errada 3 vezes | Bloqueada |\n| D | Erro na tentativa de desbloqueio na TAA, ou bloqueio feito pelo próprio cliente via APF Celular/Internet | — |\n\n### 2.4. Códigos exclusivos da senha de 8 dígitos\n| Código | Significado | Situação |\n|---|---|---|\n| T | Senha registrada antes de 2012 e bloqueada por não uso nos últimos 90 dias | Bloqueada |\n| D | Alteração iniciada via APF Celular, com falha na confirmação via TAA sem biometria | — |\n| P | Senha cadastrada via APF Internet/Celular, aguardando confirmação na TAA | — |\n| 4 | Erro na tentativa de desbloqueio via Mobile | — |\n| 8 | Senha bloqueada pela agência ou pelo próprio cliente nos canais de autoatendimento | — |\n\n### 2.5. Situações do código de acesso\nCódigo ""4"" = tentativa de desbloqueio na TAA; CAA = letras; CAS = sílabas; CAN = alfanumérico.\n\n### 2.6. Situações da senha alfanumérica (Conta de Acesso)\n*Solicitado* = cadastramento/alteração pedidos; *Ativa* = cadastrada e ativa; *Bloqueado* = bloqueada por erro de digitação ou por segurança.\n> Essa confirmação ocorre por oferta ativa, sem necessidade de navegar pelo menu da TAA.\n\n---\n\n## 3. Correntistas e Poupadores\n\n### 3.1. Senha de 6 dígitos (conta e cartão)\n\nUsada para autorizar transações em: terminais de caixa das agências, TAA, site institucional (sem Alfa Code), App Alfa, correspondente bancário, transações de cartão (débito e crédito) e acesso à Central de Relacionamento/SAC. Vinculada à agência/conta (correntista) ou ao CPF (não correntista).\n\n**3.1.1. Cadastramento**\n\n| Canal | Procedimento |\n|---|---|\n| Agência | Correntistas e poupadores: no fluxo de abertura de conta, em qualquer agência. Beneficiários do INSS: em qualquer agência. Clientes de conta digital: no fluxo de abertura pelo App Alfa. |\n\n> **Atenção:** se o cliente quiser encerrar a conta corrente e ficar só com o cartão de crédito, cadastre nova senha como não correntista — obrigatório para não deixar pendente a emissão dos cartões.\n\n**3.1.2. Alteração**\n\n> Para cartões com chip, após a alteração, oriente o cliente a atualizar o chip de todos os plásticos em qualquer TAA (sob risco da senha não funcionar). Verifique a possibilidade de enviar senha provisória por SMS (item 6).\n\n| Canal | Requisitos/Condição | Procedimento |\n|---|---|---|\n| App Alfa | Celular autorizado há mais de 30 dias; Alfa Code ou Push habilitado; geolocalização ativa e autorizada; cartão ativo; senha de 8 dígitos ativa (códigos 0, 1 e/ou 2). Não disponível se bloqueada por ""8"". | **Com a senha anterior:** área logada > Perfil > Segurança > Central de senhas > Senha de 6 dígitos > Alterar. **Sem a senha anterior:** área logada > Perfil > Segurança > Central de senhas > Senha de 6 dígitos > Esqueci a senha > ""Agora utilizando o cartão"" (dados do cartão) — confirmação por: (i) biometria na TAA (cadastrada há mais de 7 dias): App Alfa > Menu > Perfil > Central de senhas > Senha de 6 dígitos > Esqueci a senha > No caixa eletrônico, depois na TAA em Segurança e Senhas > Senhas > Liberação de Senha Provisória > Senha da conta e cartão (6 dígitos); ou (ii) WhatsApp (telefone cadastrado no ATO): área logada > Perfil > Central de senhas > Senha de 6 dígitos > Esqueci a senha > Por WhatsApp. |\n| Site institucional | Senha de 8 dígitos ativa (códigos 0, 1 e/ou 2). Não disponível para quem não usa Alfa Code e não tem biometria cadastrada há mais de 7 dias (ou de forma assistida), nem para bloqueio ""U"" ou ""8"" da senha de 6 dígitos. | Em computador autorizado, com ou sem a senha anterior: **com adesão ao Alfa Code:** área logada > Segurança > Senhas > Alterar > Senha do cartão (6 dígitos) (exige código de autorização do Alfa Code). **Sem adesão ao Alfa Code, com biometria cadastrada:** mesmo caminho, confirmando em uma TAA com biometria cadastrada há mais de 7 dias. |\n| Agências (inclusive bloqueio ""U"") | — | Mediante identificação; recomendar que o cliente leve o cartão. |\n| SAC | Bloqueio ""U"": SAC Receptivo QP/QC (Célula de Segurança) → rotina 50130; SAC Soluções QP → rotina 50131; SAC Quadro Contratado → rotina 50112. Outros bloqueios: SAC Quadro Próprio → procedimento de Geração de Senha (item 6); SAC Quadro Contratado → rotina 50112. | — |\n| Plataforma de Relacionamento / ATA | Exceto bloqueio ""U"": Quadro Próprio → Geração de Senha; Quadro Contratado (não correntista portador de cartão) → Geração de Senha; correntistas/poupadores → demais canais. | — |\n\n**3.1.3. Bloqueio**\n\nCanais por iniciativa do cliente: TAA; SAC QC/QP; Plataforma de Relacionamento; site institucional (com Alfa Code); App Alfa (dispositivo autorizado, com Alfa Code ou push); agências.\n> Se o cliente detectar lançamentos indevidos na conta (inclusive por invasão do site), utilize também a rotina 50136, item 5.1. Bloqueio por um titular solidário impede os demais de transacionar. O bloqueio do código de acesso implica bloqueio da senha de 6 dígitos.\n\n**3.1.4. Desbloqueio**\n\nFeito COM conhecimento da senha anterior (sem isso, é preciso fazer a Alteração). Bloqueio ""U"" não admite desbloqueio, só Alteração.\n\n| Canal | Requisitos | Procedimento |\n|---|---|---|\n| App Alfa | Celular autorizado >30 dias; Alfa Code/Push habilitado; geolocalização ativa; cartão ativo; senha de 8 dígitos ativa (0,1,2). | Área logada > Perfil > Segurança > Central de senhas > Senha de 6 dígitos > Desbloquear. |\n| Site institucional | Senha de 8 dígitos ativa (0,1,2). | Em computador autorizado — com Alfa Code: Segurança > Senhas > Desbloquear (código de autorização); sem Alfa Code: mesmo caminho, confirmando em TAA com biometria (>7 dias). |\n| TAA | Biometria, ou cartão + código de acesso. | Menu > Segurança e Senhas > Senhas > Desbloqueio > Senha da conta e cartão (6 dígitos). |\n| Agência | Identificação (recomendar levar o cartão). | — |\n\n> Erro de digitação na tentativa de desbloqueio na TAA: só pode ser desbloqueada em agência. Bloqueio por iniciativa da agência/cliente: desbloqueio em qualquer agência. Bloqueio por erro de identificação positiva na TAA: só desbloqueia em agência (se o cliente souber a senha); usar a TAA para essa operação não é possível. Desbloqueio exige código de acesso ou biometria; sem nenhum dos dois, é necessário comparecer a uma agência.\n\n### 3.2. Senha de 8 dígitos\n\nAcessa o site institucional e o App Alfa; pode ser provisória¹ ou definitiva. Confirmação de transações financeiras via Alfa Code; sem Alfa Code, usa-se a senha de 6 dígitos (oriente o cadastramento do Alfa Code). Senha única — não precisa ser cadastrada por cada titular.\n\n> ¹ Provisória: só senhas antigas; acesso restrito a consultas. Para movimentações financeiras, deve ser liberada em uma TAA.\n\n**3.2.1. Cadastramento**\n\n| Canal | Procedimento |\n|---|---|\n| App Alfa | Correntistas/poupadores: ""Esqueci ou não tenho a senha"" na tela de login (clientes sem histórico de equipamento autorizado no ATO); o equipamento fica em carência (há um link de liberação). Clientes de conta digital: cadastram no fluxo de abertura via Mobile. |\n| TAA | Com biometria cadastrada há mais de 7 dias: Menu > Segurança e Senhas > Senhas > Cadastramento. |\n| Agência | Qualquer agência, informando a senha de 6 dígitos. |\n\n**3.2.2. Alteração**\n\n| Canal | Condição | Procedimento |\n|---|---|---|\n| App Alfa | Celular autorizado >30 dias; Alfa Code/Push; geolocalização; cartão ativo. | **Com a senha atual:** área logada > Perfil > Segurança > Central de senhas > Senha de 8 dígitos > Alterar (digitar a senha atual). **Sem a senha atual (inclusive bloqueio ≠ ""U""), ou bloqueio ""U"":** ""Esqueci minha senha"" (tela de login ou tela inicial não logada) > Recuperar senha > Senha de 8 dígitos > Esqueci a senha, com 3 opções: (i) ""Agora utilizando o cartão"" (dados do cartão, dispositivo autorizado, Alfa Code ou Push); (ii) ""No caixa eletrônico"" (confirmação por biometria na TAA, cadastrada há mais de 7 dias); (iii) por WhatsApp (telefone cadastrado no ATO + versão mínima do app + reconhecimento facial). *A opção ""recuperar senha"" só aparece em celular autorizado onde o cliente já acessou a conta ao menos uma vez.* |\n| Site institucional (computador autorizado) | Com a senha atual: exigida a senha de 8 dígitos atual. | **Com Alfa Code:** Segurança > Senhas > Alterar > Senha da internet (8 dígitos) (código de autorização). **Sem Alfa Code:** mesmo caminho, confirmando em TAA com biometria (>7 dias). Sem a senha atual (inclusive bloqueio ≠ ""U""), ou bloqueio ""U"": não disponível neste canal. |\n| TAA | Com ou sem a senha atual (inclusive bloqueios). | Menu > Segurança e Senhas > Senhas > Alteração > Senha de acesso à internet e ao celular (8 dígitos). Com biometria: qualquer horário (cadastrada há mais de 7 dias, ou de forma assistida). Sem biometria, com cartão com chip + código de acesso: das 10h às 16h em dias úteis. |\n| Agência | Com ou sem a senha atual (inclusive bloqueios). | Atendimento presencial, exigindo a senha de 6 dígitos; recomendar levar o cartão. |\n| SAC | Com a senha atual, ou sem ela (exceto ""U""): Quadro Próprio → Geração de Senha; Quadro Contratado → rotina 50112. Bloqueio ""U"": SAC Receptivo (Célula de Segurança) → rotina 50130; SAC Soluções QP → rotina 50131; SAC QC → rotina 50112. | — |\n| Plataforma de Relacionamento / ATA | Com a senha atual, ou sem ela (exceto ""U""): Quadro Próprio → Geração de Senha; Quadro Contratado (não correntista com cartão) → Geração de Senha; correntistas/poupadores → demais canais. Bloqueio ""U"": não disponível neste canal. | — |\n\n**3.2.3. Bloqueio**\n\nCanais por iniciativa do cliente: TAA; SAC; agências; site institucional (com Alfa Code); App Alfa (dispositivo autorizado, com Alfa Code ou push). Bloqueio de segurança ocorre quando há indício de violação da senha. Bloqueio ""T"": não é mais aplicado — restam apenas registros até 2012.\n\n**3.2.4. Desbloqueio**\n\n> Sem conhecimento da senha anterior, bloqueio ""U"" (segurança) ou bloqueio ""4"": seguir os procedimentos de Alteração.\n\nConsulte em `SISRET X69 > 02` (correntistas: agência/conta; não correntistas: número do cartão), campo STATUS, ou pela Plataforma (Segurança > Senhas > Gerenciamento de Senhas). Não pergunte data de validade nem CVV ao cliente — preencha o número do cartão, use o mês/ano do contato como validade e ""000"" no CVV2.\n\n| Tipo de bloqueio | Canal | Procedimento |\n|---|---|---|\n| Por iniciativa da agência ou do cliente | Agência | Com a senha de 6 dígitos (recomendar levar o cartão). |\n| | TAA | Com código de acesso ou biometria. |\n| Por motivo ""T"" | Agência | Idem acima. |\n| | TAA | Idem acima. |\n| Por digitação incorreta 3 vezes | App Alfa (dispositivo autorizado >30 dias, Alfa Code/Push, geolocalização, cartão ativo) | Recuperar Senhas > Senha de 8 dígitos > Desbloquear (digitar a senha atual). |\n| | Agência | Com a senha de 6 dígitos. |\n| | TAA | Com código de acesso ou biometria. |\n| Por erro na tentativa de desbloqueio na TAA | Agência | Com a senha de 6 dígitos. |\n\n---\n\n## 4. Não Correntista\n\n### 4.1. Senha de 6 dígitos\n\n**4.1.1. Cadastramento:** clientes não correntistas que solicitam Cartão Alfa via App ou web cadastram no próprio fluxo de solicitação. Private Label → rotina 50133. Cartões de programa de fidelidade parceiro → rotina 50134.\n\n**4.1.2. Alteração:** Agência (qualquer uma, com cartão válido e identificação); SAC e Plataforma de Relacionamento → item 6 desta rotina.\n\n**4.1.3. Bloqueio:** por iniciativa do cliente — TAA; SAC QC/QP; Plataforma de Relacionamento; agências.\n\n**4.1.4. Desbloqueio:** Agência (qualquer uma, com a senha de 6 dígitos); TAA (com o código de acesso).\n\n### 4.2. Conta de Acesso e Senha de 8 dígitos\n\n**Demanda:** dificuldade para acessar o App Alfa ou o App Cartão Alfa com a senha de 8 dígitos.\n\n> **Atenção:** há 2 tipos de senha de 8 dígitos para não correntista — **Conta de Acesso** (acessa o App Alfa) e **Senha-8** (acessa o App Cartão Alfa). O cliente normalmente não sabe dessa distinção. Para identificar o tipo, siga o item 4.2.1.\n\n**4.2.1. Identificação do tipo de senha**\n\n*4.2.1.1. Sistema Alfa:*\n- a) Senha Conta de Acesso: `SISRET X69 > 02 > nº do cartão`. Se ""não localizado"" ou se o cliente tiver os dois tipos, siga para (b). Se possuir só Conta de Acesso: Quadro Contratado → siga para 4.2.2; Quadro Próprio → confira a situação (se ""Ativo"", tecle F9 para mais detalhes) e siga para 4.2.2.\n- b) Senha-8: `SISALFA > SISRET X69 > 02 > nº do cartão`. Cliente com só Senha-8, ou com as duas → oriente conforme 4.2.2 (Quadro Próprio e Contratado).\n\n*4.2.1.2. Plataforma:* não pergunte data de validade nem CVV. `Plataforma de Negócios > Segurança > Senhas > Gerenciamento de Senhas 3.0` — preencha o número do cartão, use o mês/ano do contato como validade e ""000"" no CVV2.\n\n**4.2.2. Procedimentos** (se o cliente tiver os dois tipos, pergunte qual app ele quer acessar):\n\n| Senha | Cadastramento | Alteração | Bloqueio | Desbloqueio |\n|---|---|---|---|---|\n| **Conta de Acesso** (App Alfa) | No momento da contratação do cartão (App Alfa/onboarding digital) | App Alfa (Central de Senhas) ou link de recuperação; Agência (cartão válido e previamente liberado) | Agência | Agência (cartão válido e previamente liberado) |\n| **Senha-8** (App Cartão Alfa) | No momento da contratação do cartão (lojas parceiras, correspondentes, agências) | TAA; SAC e Plataforma de Relacionamento (Geração de Senha, ou outros canais); App Cartão Alfa ""Esqueci minha senha"" (sem bloqueio vigente); Agência | TAA; APF; Mobile; agências; **se o cliente foi vítima de assalto, roubo ou sequestro:** SAC QP/QC e Plataforma de Relacionamento → `SISRET X98`, código de rota 800050, conta = nº da conta do cartão | TAA; Agência |\n\n> Não correntistas com Conta de Acesso também podem acessar o App Cartão Alfa, mas precisam cadastrar uma senha de 8 dígitos separada via ""Esqueci senha"" — explique que serão duas senhas diferentes, uma para cada app. Quem possui só a Senha-8 NÃO consegue acessar o App Alfa.\n\n---\n\n## 5. Código de Acesso (Alfanumérico)\n\na) **Deficientes visuais:** o cliente com deficiência visual total pode ser dispensado da exigência do código de acesso, mediante registro da característica no cadastro pela agência. Em conta conjunta, a dispensa vale só para o titular com a deficiência.\n\nb) **Tipos:** CAA (letras), CAS (sílabas), CAN (alfanumérico). Emitido quando o cliente usa a TAA com cartão pela primeira vez, tentando uma transação/consulta — o cliente é avisado do novo código, que substitui o anterior.\n\nc) Se o cliente disser que não tem/não anotou o código: oriente conforme a tabela abaixo, ou informe que TAAs com biometria dispensam o código de acesso (rotina 50132, itens 1 e 9).\n\n**5.1. O que é:** código aleatório (letras, sílabas e/ou números), não escolhido pelo cliente; para PF e PJ, correntistas, não correntistas e poupadores portadores de cartão; necessário em: TAA, Banco 24 Horas e rede compartilhada (Banco Parceiro Beta).\n\n**5.2. Cadastramento:** gerado e impresso automaticamente no primeiro uso do cartão na TAA; regenerado em migração de conta (mesmo cartão) ou quando o código antigo é cancelado. Se a impressora estiver inoperante, é mostrado só em tela. Código único para todos os titulares solidários.\n\n**5.3. Alteração:** não existe alteração direta — o código deve ser cancelado (canais abaixo); a nova combinação é gerada automaticamente no próximo acesso à TAA. *(O código não muda se a senha da conta corrente for alterada.)*\n\n| Canal | Procedimento |\n|---|---|\n| App Alfa | Área logada > Perfil > Segurança > Central de senhas > Código de Acesso > Solicitar novo código. |\n| Site institucional | Área logada — confirmação via Alfa Code; sem Alfa Code, confirma na TAA com biometria cadastrada há mais de 7 dias. |\n| Agência | Com a senha de 6 dígitos (recomendar levar o cartão). |\n\n**5.4. Bloqueio:** após 3 tentativas seguidas incorretas. Bloqueio da senha de 6 dígitos ou do código de acesso mantém o uso da TAA com biometria. Bloqueio da senha de 6 dígitos mantém o uso do código de acesso, exceto nos bloqueios ""U"" ou ""8"".\n\n**5.5. Desbloqueio:** pelo próprio cliente na TAA, usando o próprio código de acesso. Se houver novo erro, o código deve ser cancelado (site institucional com Alfa Code, App Alfa, ou qualquer agência) para gerar um novo.\n\n---\n\n## 6. Geração de Senha PF – Procedimentos\n\nEnvio de senha (6 e 8 dígitos) por SMS para PF — só para ALTERAÇÃO (não para cadastro de primeira senha, que segue outros canais). Não disponível para senhas ""não cadastradas""/""a cadastrar"" ou bloqueio ""U"". Faça as consultas do item 6.2 antes.\n\n### 6.1. Atendimento\n\n| Frente | Quem atende | Identificação |\n|---|---|---|\n| SAC QP | Correntistas e não correntistas | Cliente autenticado (URA, Token ou Identificação Positiva) |\n| SAC QC | Não correntistas portadores de cartão (correntistas/poupadores: transferir para a Célula de Segurança via rotina 50106) | — |\n| Plataforma de Relacionamento QP | Correntistas e não correntistas | Autenticado por CPF+senha, agência/conta+senha ou Token: IP dispensada. Atendimentos ATA, Consultoria e Texto: exigem IP. Bancada Cartão: Checklist Maior Risco. |\n| Plataforma de Relacionamento QC | Não correntistas portadores de cartão (correntistas/poupadores: demais canais, itens 3 e 4) | — |\n\n### 6.2. Consultas\n\n1. Verifique o cadastro da senha em `SISRET X69 > 02` ou pela Plataforma (Segurança > Senhas > Gerenciamento de Senhas) — correntistas: agência/conta; não correntistas: número do cartão (não pedir validade/CVV; usar mês/ano do contato e ""000"" no CVV2).\n2. Resultado ""Não cadastrada""/""A cadastrar"" → cliente não correntista com entrada via onboarding digital; não é possível enviar senha; oriente: 8 dígitos via App Alfa (se dispositivo autorizado com Alfa Code/push); 6 dígitos, comparecer a uma agência.\n3. Resultado ""U Bloqueado"" → SAC Receptivo (Célula de Segurança) → rotina 50130; SAC Soluções QP → rotina 50131; SAC Receptivo QC → rotina 50112; Plataforma de Relacionamento → orientar contato com o SAC.\n4. Demais situações → prossiga: pergunte o celular atual do cliente (não informe outros números cadastrados) e confira no cadastro (agência/conta ou MCI) se é o mesmo já registrado. Se divergente, ou se houver mais de um número/duplicidade cadastrada → oriente comparecimento a uma agência. Se for o mesmo e único número → siga para 6.3.\n\n### 6.3. Geração de Senha\n\na) Acesse Plataforma > Segurança > Senhas > Envio de Senha por SMS.\nb) Consulte por tipo de cliente: correntista (CPF, agência e conta, ou MCI); não correntista (CPF); na aba Cartão, informe o número (via `Cartão > 11 > 1` ou `17 > 01 > 01`) — se houver mais de um cartão, peça modalidade e os 4 últimos dígitos.\nc) Selecione a conta/cartão do cliente.\nd) Selecione o envio de senha de 8 e/ou 6 dígitos — o sistema gera uma senha aleatória e envia por SMS.\ne) Informe que a senha chega por SMS ao celular cadastrado, sem prazo de expiração, e que deve ser alterada assim que possível por segurança.\nf) Se for senha de 6 dígitos, informe que, após a alteração, é preciso validar o chip do cartão em qualquer TAA — caso contrário, a nova senha não funcionará com o cartão com chip.\n\n---\n\n## 7. Cliente no Exterior\n\na) **Central de Senhas** (no App Alfa; exige cartão ativo, dispositivo liberado e Alfa Code/Push): permite alterar/bloquear/desbloquear/criar senha de 8 dígitos; alterar/bloquear/desbloquear senha de 6 dígitos; solicitar novo código de acesso. Acesso com a senha atual: área logada > Perfil > Central de senhas. Sem a senha: tela inicial não logada > Recuperar senha.\n\nb) **Agências no exterior:** procedimento de senhas disponível somente na agência de Tóquio.\n\nc) Solicitar a um representante legal (com procuração com firma reconhecida) que realize a operação na agência de relacionamento do cliente no Brasil.\n\nd) A agência de relacionamento envia ao e-mail cadastrado no MCI uma declaração para o cliente assinar e digitalizar — válido apenas para senhas bloqueadas por erro, não para bloqueio ""U"" (suspeita de fraude). O pedido pode começar por qualquer canal de contato, mas a declaração assinada só pode retornar pelo e-mail cadastrado no MCI. A agência de relacionamento pode ser confirmada com o cliente durante a ligação, na aba lateral da Plataforma de Relacionamento.\n\ne) **Cartões com chip:** após a alteração da senha de 6 dígitos, oriente o cliente a atualizar o chip de todos os plásticos ao voltar ao Brasil (em uma TAA), sob risco de impacto em transações presenciais; carteiras digitais funcionam normalmente após a troca.\n\nf) **Uso da senha no exterior:** alguns terminais usam PIN de 4 e/ou 6 dígitos. Nos de 4 dígitos, o cliente informa os 4 primeiros dígitos da sua senha de 6. No exterior, o cliente tem as mesmas opções dos demais clientes, pelo site institucional ou pelo App Alfa.\n\n---\n\n## 8. Senha do Portador Adicional\n\n| Portador | Solicitação | Alteração/reposição |\n|---|---|---|\n| **Adicional não correntista** | Presencial: senha de 6 dígitos cadastrada na hora. Demais canais: senha enviada por correio ao endereço do portador titular. | Se perder, esquecer ou não receber, cadastrar nova em qualquer agência. |\n| **Adicional correntista** | Usa a mesma senha pessoal de 6 dígitos de sua própria conta. Sem senha gravada: modalidades Doméstico/Internacional → sistema não gera o cartão; modalidades Gold e superiores → senha enviada por correio, cartão gerado após o recebimento. | Se perder, esquecer ou não receber, seguir as orientações do item 3. |\n\n---\n\n## 9. Acesso ao gov.br com credenciais do Banco Alfa\n\nVer rotina 50135.\n\n---\n\n## 10. Central de Senhas PF\n\nSolução de segurança no App Alfa para o cliente gerenciar suas senhas.\n- **Área logada:** Perfil > Segurança > Central de Segurança > Central de senhas; Perfil > Segurança > Central de senhas; Menu > Segurança > Central de Segurança > Central de Senhas.\n- **Área não logada:** Tela inicial > Recuperar Senha; ou role a tela para cima > Recuperar Senha.\n\n**Requisitos:** celular autorizado há mais de 30 dias; telefone cadastrado no ATO; Alfa Code ou Push habilitado; geolocalização ativa e autorizada; permissão de câmera concedida ao app; cartão ativo.\n\n> **Atenção:** não correntistas usam a Central de Senhas apenas para alterar a senha ""Conta de Acesso"" (ver item 4.2.2).\n\n---\n\n## 11. Fontes de informação\n\nUGS – Unidade de Gestão de Segurança (código 800040) · Normativo interno 5001 · Normativo interno 5002\n\n---\n\n## 12. Rotinas absorvidas\n\nO conteúdo das seguintes rotinas foi absorvido por este documento:\n\n| Código (anonimizado) | Assunto |\n|---|---|\n| 50137 | Senhas – Orientações (Código de Acesso) |\n| 50138 | Senhas – Orientações (Não correntista) |\n| 50139 | Senhas – Correntistas (Internet e Celular) |\n| 50140 | Arquivada – Senhas – Orientações (Conta-corrente) |\n| 50141 | POP UP – Senhas – Tipos de bloqueio |\n| 50142 | Modalidade de conta simplificada – Senhas |\n| 50143 | Senhas – Orientações – Poupador não correntista |\n| 50144 | Acesso do cliente à plataforma digital gov.br (parceria Banco Alfa e Governo Federal) |\n| 50145 | Senhas – Alfa Digital PJ |\n| 50146 | Atendimento para clientes não participantes do modelo ATA |\n| 50147 | Geração de senha PF – Procedimentos |\n']","Após alterar a senha de 6 dígitos de cartão com chip, é obrigatório atualizar o chip em qualquer TAA; sem isso a nova senha não funciona no presencial. Carteiras digitais seguem normais após a troca.",REGULATORY_TIMELINE,5.3339,,1.0,0.8346179611651463,1.0,0.9999999999
"Alterei a senha no celular e apareceu código Q. O que significa?
[Dados coletados via clarificação: biometria_dias=5; codigo_bloqueio=Q]","O código **""Q""** indica que a sua senha foi alterada no APF Internet sem o uso do Alfa Code, ou no APF Celular sem a fotografia de um cartão válido.

Nesta situação, a senha encontra-se em um estado de pendência, aguardando confirmação em um Terminal de Autoatendimento (TAA) com biometria cadastrada há mais de 7 dias.

Como você informou que sua biometria foi cadastrada há apenas 5 dias, você ainda não atende ao requisito de tempo mínimo (mais de 7 dias) para realizar essa confirmação no TAA.

### Referências

- [2] POP – Gestão de Senhas e Código de Acesso – Pessoa Física","['# POP – Gestão de Senhas e Código de Acesso – Pessoa Física\n### [Versão anonimizada/pseudonimizada — documento complementar ao POP de CDC]\n\n> **Nota metodológica:** este documento usa a mesma metodologia e os mesmos pseudônimos institucionais do POP de CDC anonimizado anteriormente (Banco Alfa, SISALFA, App Alfa etc.). Termos novos e específicos deste documento (produtos de cartão, plataformas, rotinas) foram adicionados à mesma chave de correspondência (arquivo único, cumulativo). A lógica processual e as condições originais foram mantidas integralmente.\n\n**Sumário:** Notas iniciais · 1. Resumo das senhas · 2. Situação das senhas · 3. Correntistas e poupadores · 4. Não correntista · 5. Código de acesso · 6. Geração de senha PF · 7. Cliente no exterior · 8. Senha do portador adicional · 9. Acesso ao gov.br · 10. Central de Senhas PF · 11. Fontes de informação · 12. Rotinas absorvidas\n\n---\n\n## Notas iniciais\n\na) **Transferência de saldo/produtos entre agências:** a senha da agência de origem não é alterada; o cliente acessa normalmente a conta na agência de destino.\n\nb) Os procedimentos desta rotina não se aplicam a clientes PJ ou Setor Público. Para chave J e senhas (Alfa Digital PJ), ver rotina 50129.\n\nc) **Titulares solidários:** as senhas (6 e 8 dígitos) e o código de acesso são os mesmos para todos os titulares. Se um titular bloquear a senha, os demais ficam impossibilitados de realizar transações.\n\nd) **Push:** notificação recebida diretamente no App Alfa. Para ativar: 1) autorizar o App Alfa no sistema do celular (Android: Configurações > Receber Notificações; iOS: Ajustes > Receber Notificações); 2) ativar pelo App Alfa (área logada) em Perfil > Geral > Receber notificações.\n\ne) **Bloqueio de Canal:** consulte na plataforma em Segurança > Bloqueio de segurança > Histórico. Havendo bloqueio, o desbloqueio ocorre após a alteração das senhas de 6 e 8 dígitos — é obrigatório alterar primeiro a de 8 dígitos, depois a de 6. Use os itens 3 e/ou 4 para orientar os canais.\n\n---\n\n## 1. Resumo da utilização das senhas\n\n| Tipo de senha | Canais de utilização |\n|---|---|\n| Senha de 4 dígitos | Descontinuada |\n| Senha de 6 dígitos | Confirma transações de cartão débito e crédito. Plataforma de Relacionamento/URA: acesso, consulta e confirmação de transações da mesma titularidade. Site institucional (sem Alfa Code): confirmação de transações financeiras. App Alfa: confirmação de transações financeiras. WhatsApp Alfa: pode ser solicitada para confirmação de algumas transações. TCX, TAD, POS, correspondente bancário: confirmação de transações. TAA: confirmação de transações de beneficiários do INSS e de portadores de deficiência visual sem código de acesso. Banco 24 Horas e rede compartilhada (Banco Parceiro Beta): confirmação de transações de portadores de deficiência visual sem código de acesso. |\n| Senha de 8 dígitos | Site institucional, App Alfa, App Cartão Alfa e WhatsApp: acesso, consultas, transações financeiras e aquisição de produtos/serviços. |\n| Código de Acesso (letras, sílabas ou alfanumérico) | TAA, Banco 24 Horas e rede compartilhada: confirma transações, inclusive saques na função crédito do cartão. |\n| Conta de Acesso (senha alfanumérica) | Utilizada por não correntistas no App Alfa (versão não correntista). |\n\n---\n\n## 2. Situação das Senhas\n\n### 2.1. Consultas\n- Senhas de 6/8 dígitos e código de acesso — Quadro Próprio e Quadro Contratado: `SISALFA > SISRET > X69 > 2` (correntistas: agência e conta; não correntistas: número do cartão), campo STATUS (pode ser informado ao cliente).\n- Conta de Acesso (Quadro Próprio): `SISALFA > ACESSO > 32 > 01 > CPF`.\n\n### 2.2. Códigos aplicáveis a TODOS os tipos de senha\n| Código | Significado | Situação |\n|---|---|---|\n| 0 | Sem ocorrência de erro de digitação | Ativa |\n| 1 | Cliente errou a digitação uma vez | — |\n| 2 | Cliente errou a digitação duas vezes | — |\n| 3 | Cliente errou a digitação três vezes (se ocorrer na senha de 6 dígitos via APF, Mobile ou WhatsApp, o bloqueio ""3"" é aplicado também à senha de 8 dígitos) | Bloqueada |\n| 6 | Senha (PJ e Governo) cadastrada no Alfa Digital PJ, aguardando confirmação de um funcionário da agência | — |\n| 7 | Senha (PJ e Governo) cadastrada no Alfa Digital PJ, aguardando confirmação de dois funcionários da agência | — |\n| Q | Senha alterada no APF Internet sem Alfa Code, ou no APF Celular sem fotografar cartão válido (aguardando confirmação na TAA com biometria cadastrada há mais de 7 dias) | — |\n| U | Senha bloqueada pelo monitoramento de segurança dos canais de autoatendimento | — |\n\n### 2.3. Códigos exclusivos da senha de 6 dígitos\n| Código | Significado | Situação |\n|---|---|---|\n| A | Senha digitada errada 3 vezes | Bloqueada |\n| D | Erro na tentativa de desbloqueio na TAA, ou bloqueio feito pelo próprio cliente via APF Celular/Internet | — |\n\n### 2.4. Códigos exclusivos da senha de 8 dígitos\n| Código | Significado | Situação |\n|---|---|---|\n| T | Senha registrada antes de 2012 e bloqueada por não uso nos últimos 90 dias | Bloqueada |\n| D | Alteração iniciada via APF Celular, com falha na confirmação via TAA sem biometria | — |\n| P | Senha cadastrada via APF Internet/Celular, aguardando confirmação na TAA | — |\n| 4 | Erro na tentativa de desbloqueio via Mobile | — |\n| 8 | Senha bloqueada pela agência ou pelo próprio cliente nos canais de autoatendimento | — |\n\n### 2.5. Situações do código de acesso\nCódigo ""4"" = tentativa de desbloqueio na TAA; CAA = letras; CAS = sílabas; CAN = alfanumérico.\n\n### 2.6. Situações da senha alfanumérica (Conta de Acesso)\n*Solicitado* = cadastramento/alteração pedidos; *Ativa* = cadastrada e ativa; *Bloqueado* = bloqueada por erro de digitação ou por segurança.\n> Essa confirmação ocorre por oferta ativa, sem necessidade de navegar pelo menu da TAA.\n\n---\n\n## 3. Correntistas e Poupadores\n\n### 3.1. Senha de 6 dígitos (conta e cartão)\n\nUsada para autorizar transações em: terminais de caixa das agências, TAA, site institucional (sem Alfa Code), App Alfa, correspondente bancário, transações de cartão (débito e crédito) e acesso à Central de Relacionamento/SAC. Vinculada à agência/conta (correntista) ou ao CPF (não correntista).\n\n**3.1.1. Cadastramento**\n\n| Canal | Procedimento |\n|---|---|\n| Agência | Correntistas e poupadores: no fluxo de abertura de conta, em qualquer agência. Beneficiários do INSS: em qualquer agência. Clientes de conta digital: no fluxo de abertura pelo App Alfa. |\n\n> **Atenção:** se o cliente quiser encerrar a conta corrente e ficar só com o cartão de crédito, cadastre nova senha como não correntista — obrigatório para não deixar pendente a emissão dos cartões.\n\n**3.1.2. Alteração**\n\n> Para cartões com chip, após a alteração, oriente o cliente a atualizar o chip de todos os plásticos em qualquer TAA (sob risco da senha não funcionar). Verifique a possibilidade de enviar senha provisória por SMS (item 6).\n\n| Canal | Requisitos/Condição | Procedimento |\n|---|---|---|\n| App Alfa | Celular autorizado há mais de 30 dias; Alfa Code ou Push habilitado; geolocalização ativa e autorizada; cartão ativo; senha de 8 dígitos ativa (códigos 0, 1 e/ou 2). Não disponível se bloqueada por ""8"". | **Com a senha anterior:** área logada > Perfil > Segurança > Central de senhas > Senha de 6 dígitos > Alterar. **Sem a senha anterior:** área logada > Perfil > Segurança > Central de senhas > Senha de 6 dígitos > Esqueci a senha > ""Agora utilizando o cartão"" (dados do cartão) — confirmação por: (i) biometria na TAA (cadastrada há mais de 7 dias): App Alfa > Menu > Perfil > Central de senhas > Senha de 6 dígitos > Esqueci a senha > No caixa eletrônico, depois na TAA em Segurança e Senhas > Senhas > Liberação de Senha Provisória > Senha da conta e cartão (6 dígitos); ou (ii) WhatsApp (telefone cadastrado no ATO): área logada > Perfil > Central de senhas > Senha de 6 dígitos > Esqueci a senha > Por WhatsApp. |\n| Site institucional | Senha de 8 dígitos ativa (códigos 0, 1 e/ou 2). Não disponível para quem não usa Alfa Code e não tem biometria cadastrada há mais de 7 dias (ou de forma assistida), nem para bloqueio ""U"" ou ""8"" da senha de 6 dígitos. | Em computador autorizado, com ou sem a senha anterior: **com adesão ao Alfa Code:** área logada > Segurança > Senhas > Alterar > Senha do cartão (6 dígitos) (exige código de autorização do Alfa Code). **Sem adesão ao Alfa Code, com biometria cadastrada:** mesmo caminho, confirmando em uma TAA com biometria cadastrada há mais de 7 dias. |\n| Agências (inclusive bloqueio ""U"") | — | Mediante identificação; recomendar que o cliente leve o cartão. |\n| SAC | Bloqueio ""U"": SAC Receptivo QP/QC (Célula de Segurança) → rotina 50130; SAC Soluções QP → rotina 50131; SAC Quadro Contratado → rotina 50112. Outros bloqueios: SAC Quadro Próprio → procedimento de Geração de Senha (item 6); SAC Quadro Contratado → rotina 50112. | — |\n| Plataforma de Relacionamento / ATA | Exceto bloqueio ""U"": Quadro Próprio → Geração de Senha; Quadro Contratado (não correntista portador de cartão) → Geração de Senha; correntistas/poupadores → demais canais. | — |\n\n**3.1.3. Bloqueio**\n\nCanais por iniciativa do cliente: TAA; SAC QC/QP; Plataforma de Relacionamento; site institucional (com Alfa Code); App Alfa (dispositivo autorizado, com Alfa Code ou push); agências.\n> Se o cliente detectar lançamentos indevidos na conta (inclusive por invasão do site), utilize também a rotina 50136, item 5.1. Bloqueio por um titular solidário impede os demais de transacionar. O bloqueio do código de acesso implica bloqueio da senha de 6 dígitos.\n\n**3.1.4. Desbloqueio**\n\nFeito COM conhecimento da senha anterior (sem isso, é preciso fazer a Alteração). Bloqueio ""U"" não admite desbloqueio, só Alteração.\n\n| Canal | Requisitos | Procedimento |\n|---|---|---|\n| App Alfa | Celular autorizado >30 dias; Alfa Code/Push habilitado; geolocalização ativa; cartão ativo; senha de 8 dígitos ativa (0,1,2). | Área logada > Perfil > Segurança > Central de senhas > Senha de 6 dígitos > Desbloquear. |\n| Site institucional | Senha de 8 dígitos ativa (0,1,2). | Em computador autorizado — com Alfa Code: Segurança > Senhas > Desbloquear (código de autorização); sem Alfa Code: mesmo caminho, confirmando em TAA com biometria (>7 dias). |\n| TAA | Biometria, ou cartão + código de acesso. | Menu > Segurança e Senhas > Senhas > Desbloqueio > Senha da conta e cartão (6 dígitos). |\n| Agência | Identificação (recomendar levar o cartão). | — |\n\n> Erro de digitação na tentativa de desbloqueio na TAA: só pode ser desbloqueada em agência. Bloqueio por iniciativa da agência/cliente: desbloqueio em qualquer agência. Bloqueio por erro de identificação positiva na TAA: só desbloqueia em agência (se o cliente souber a senha); usar a TAA para essa operação não é possível. Desbloqueio exige código de acesso ou biometria; sem nenhum dos dois, é necessário comparecer a uma agência.\n\n### 3.2. Senha de 8 dígitos\n\nAcessa o site institucional e o App Alfa; pode ser provisória¹ ou definitiva. Confirmação de transações financeiras via Alfa Code; sem Alfa Code, usa-se a senha de 6 dígitos (oriente o cadastramento do Alfa Code). Senha única — não precisa ser cadastrada por cada titular.\n\n> ¹ Provisória: só senhas antigas; acesso restrito a consultas. Para movimentações financeiras, deve ser liberada em uma TAA.\n\n**3.2.1. Cadastramento**\n\n| Canal | Procedimento |\n|---|---|\n| App Alfa | Correntistas/poupadores: ""Esqueci ou não tenho a senha"" na tela de login (clientes sem histórico de equipamento autorizado no ATO); o equipamento fica em carência (há um link de liberação). Clientes de conta digital: cadastram no fluxo de abertura via Mobile. |\n| TAA | Com biometria cadastrada há mais de 7 dias: Menu > Segurança e Senhas > Senhas > Cadastramento. |\n| Agência | Qualquer agência, informando a senha de 6 dígitos. |\n\n**3.2.2. Alteração**\n\n| Canal | Condição | Procedimento |\n|---|---|---|\n| App Alfa | Celular autorizado >30 dias; Alfa Code/Push; geolocalização; cartão ativo. | **Com a senha atual:** área logada > Perfil > Segurança > Central de senhas > Senha de 8 dígitos > Alterar (digitar a senha atual). **Sem a senha atual (inclusive bloqueio ≠ ""U""), ou bloqueio ""U"":** ""Esqueci minha senha"" (tela de login ou tela inicial não logada) > Recuperar senha > Senha de 8 dígitos > Esqueci a senha, com 3 opções: (i) ""Agora utilizando o cartão"" (dados do cartão, dispositivo autorizado, Alfa Code ou Push); (ii) ""No caixa eletrônico"" (confirmação por biometria na TAA, cadastrada há mais de 7 dias); (iii) por WhatsApp (telefone cadastrado no ATO + versão mínima do app + reconhecimento facial). *A opção ""recuperar senha"" só aparece em celular autorizado onde o cliente já acessou a conta ao menos uma vez.* |\n| Site institucional (computador autorizado) | Com a senha atual: exigida a senha de 8 dígitos atual. | **Com Alfa Code:** Segurança > Senhas > Alterar > Senha da internet (8 dígitos) (código de autorização). **Sem Alfa Code:** mesmo caminho, confirmando em TAA com biometria (>7 dias). Sem a senha atual (inclusive bloqueio ≠ ""U""), ou bloqueio ""U"": não disponível neste canal. |\n| TAA | Com ou sem a senha atual (inclusive bloqueios). | Menu > Segurança e Senhas > Senhas > Alteração > Senha de acesso à internet e ao celular (8 dígitos). Com biometria: qualquer horário (cadastrada há mais de 7 dias, ou de forma assistida). Sem biometria, com cartão com chip + código de acesso: das 10h às 16h em dias úteis. |\n| Agência | Com ou sem a senha atual (inclusive bloqueios). | Atendimento presencial, exigindo a senha de 6 dígitos; recomendar levar o cartão. |\n| SAC | Com a senha atual, ou sem ela (exceto ""U""): Quadro Próprio → Geração de Senha; Quadro Contratado → rotina 50112. Bloqueio ""U"": SAC Receptivo (Célula de Segurança) → rotina 50130; SAC Soluções QP → rotina 50131; SAC QC → rotina 50112. | — |\n| Plataforma de Relacionamento / ATA | Com a senha atual, ou sem ela (exceto ""U""): Quadro Próprio → Geração de Senha; Quadro Contratado (não correntista com cartão) → Geração de Senha; correntistas/poupadores → demais canais. Bloqueio ""U"": não disponível neste canal. | — |\n\n**3.2.3. Bloqueio**\n\nCanais por iniciativa do cliente: TAA; SAC; agências; site institucional (com Alfa Code); App Alfa (dispositivo autorizado, com Alfa Code ou push). Bloqueio de segurança ocorre quando há indício de violação da senha. Bloqueio ""T"": não é mais aplicado — restam apenas registros até 2012.\n\n**3.2.4. Desbloqueio**\n\n> Sem conhecimento da senha anterior, bloqueio ""U"" (segurança) ou bloqueio ""4"": seguir os procedimentos de Alteração.\n\nConsulte em `SISRET X69 > 02` (correntistas: agência/conta; não correntistas: número do cartão), campo STATUS, ou pela Plataforma (Segurança > Senhas > Gerenciamento de Senhas). Não pergunte data de validade nem CVV ao cliente — preencha o número do cartão, use o mês/ano do contato como validade e ""000"" no CVV2.\n\n| Tipo de bloqueio | Canal | Procedimento |\n|---|---|---|\n| Por iniciativa da agência ou do cliente | Agência | Com a senha de 6 dígitos (recomendar levar o cartão). |\n| | TAA | Com código de acesso ou biometria. |\n| Por motivo ""T"" | Agência | Idem acima. |\n| | TAA | Idem acima. |\n| Por digitação incorreta 3 vezes | App Alfa (dispositivo autorizado >30 dias, Alfa Code/Push, geolocalização, cartão ativo) | Recuperar Senhas > Senha de 8 dígitos > Desbloquear (digitar a senha atual). |\n| | Agência | Com a senha de 6 dígitos. |\n| | TAA | Com código de acesso ou biometria. |\n| Por erro na tentativa de desbloqueio na TAA | Agência | Com a senha de 6 dígitos. |\n\n---\n\n## 4. Não Correntista\n\n### 4.1. Senha de 6 dígitos\n\n**4.1.1. Cadastramento:** clientes não correntistas que solicitam Cartão Alfa via App ou web cadastram no próprio fluxo de solicitação. Private Label → rotina 50133. Cartões de programa de fidelidade parceiro → rotina 50134.\n\n**4.1.2. Alteração:** Agência (qualquer uma, com cartão válido e identificação); SAC e Plataforma de Relacionamento → item 6 desta rotina.\n\n**4.1.3. Bloqueio:** por iniciativa do cliente — TAA; SAC QC/QP; Plataforma de Relacionamento; agências.\n\n**4.1.4. Desbloqueio:** Agência (qualquer uma, com a senha de 6 dígitos); TAA (com o código de acesso).\n\n### 4.2. Conta de Acesso e Senha de 8 dígitos\n\n**Demanda:** dificuldade para acessar o App Alfa ou o App Cartão Alfa com a senha de 8 dígitos.\n\n> **Atenção:** há 2 tipos de senha de 8 dígitos para não correntista — **Conta de Acesso** (acessa o App Alfa) e **Senha-8** (acessa o App Cartão Alfa). O cliente normalmente não sabe dessa distinção. Para identificar o tipo, siga o item 4.2.1.\n\n**4.2.1. Identificação do tipo de senha**\n\n*4.2.1.1. Sistema Alfa:*\n- a) Senha Conta de Acesso: `SISRET X69 > 02 > nº do cartão`. Se ""não localizado"" ou se o cliente tiver os dois tipos, siga para (b). Se possuir só Conta de Acesso: Quadro Contratado → siga para 4.2.2; Quadro Próprio → confira a situação (se ""Ativo"", tecle F9 para mais detalhes) e siga para 4.2.2.\n- b) Senha-8: `SISALFA > SISRET X69 > 02 > nº do cartão`. Cliente com só Senha-8, ou com as duas → oriente conforme 4.2.2 (Quadro Próprio e Contratado).\n\n*4.2.1.2. Plataforma:* não pergunte data de validade nem CVV. `Plataforma de Negócios > Segurança > Senhas > Gerenciamento de Senhas 3.0` — preencha o número do cartão, use o mês/ano do contato como validade e ""000"" no CVV2.\n\n**4.2.2. Procedimentos** (se o cliente tiver os dois tipos, pergunte qual app ele quer acessar):\n\n| Senha | Cadastramento | Alteração | Bloqueio | Desbloqueio |\n|---|---|---|---|---|\n| **Conta de Acesso** (App Alfa) | No momento da contratação do cartão (App Alfa/onboarding digital) | App Alfa (Central de Senhas) ou link de recuperação; Agência (cartão válido e previamente liberado) | Agência | Agência (cartão válido e previamente liberado) |\n| **Senha-8** (App Cartão Alfa) | No momento da contratação do cartão (lojas parceiras, correspondentes, agências) | TAA; SAC e Plataforma de Relacionamento (Geração de Senha, ou outros canais); App Cartão Alfa ""Esqueci minha senha"" (sem bloqueio vigente); Agência | TAA; APF; Mobile; agências; **se o cliente foi vítima de assalto, roubo ou sequestro:** SAC QP/QC e Plataforma de Relacionamento → `SISRET X98`, código de rota 800050, conta = nº da conta do cartão | TAA; Agência |\n\n> Não correntistas com Conta de Acesso também podem acessar o App Cartão Alfa, mas precisam cadastrar uma senha de 8 dígitos separada via ""Esqueci senha"" — explique que serão duas senhas diferentes, uma para cada app. Quem possui só a Senha-8 NÃO consegue acessar o App Alfa.\n\n---\n\n## 5. Código de Acesso (Alfanumérico)\n\na) **Deficientes visuais:** o cliente com deficiência visual total pode ser dispensado da exigência do código de acesso, mediante registro da característica no cadastro pela agência. Em conta conjunta, a dispensa vale só para o titular com a deficiência.\n\nb) **Tipos:** CAA (letras), CAS (sílabas), CAN (alfanumérico). Emitido quando o cliente usa a TAA com cartão pela primeira vez, tentando uma transação/consulta — o cliente é avisado do novo código, que substitui o anterior.\n\nc) Se o cliente disser que não tem/não anotou o código: oriente conforme a tabela abaixo, ou informe que TAAs com biometria dispensam o código de acesso (rotina 50132, itens 1 e 9).\n\n**5.1. O que é:** código aleatório (letras, sílabas e/ou números), não escolhido pelo cliente; para PF e PJ, correntistas, não correntistas e poupadores portadores de cartão; necessário em: TAA, Banco 24 Horas e rede compartilhada (Banco Parceiro Beta).\n\n**5.2. Cadastramento:** gerado e impresso automaticamente no primeiro uso do cartão na TAA; regenerado em migração de conta (mesmo cartão) ou quando o código antigo é cancelado. Se a impressora estiver inoperante, é mostrado só em tela. Código único para todos os titulares solidários.\n\n**5.3. Alteração:** não existe alteração direta — o código deve ser cancelado (canais abaixo); a nova combinação é gerada automaticamente no próximo acesso à TAA. *(O código não muda se a senha da conta corrente for alterada.)*\n\n| Canal | Procedimento |\n|---|---|\n| App Alfa | Área logada > Perfil > Segurança > Central de senhas > Código de Acesso > Solicitar novo código. |\n| Site institucional | Área logada — confirmação via Alfa Code; sem Alfa Code, confirma na TAA com biometria cadastrada há mais de 7 dias. |\n| Agência | Com a senha de 6 dígitos (recomendar levar o cartão). |\n\n**5.4. Bloqueio:** após 3 tentativas seguidas incorretas. Bloqueio da senha de 6 dígitos ou do código de acesso mantém o uso da TAA com biometria. Bloqueio da senha de 6 dígitos mantém o uso do código de acesso, exceto nos bloqueios ""U"" ou ""8"".\n\n**5.5. Desbloqueio:** pelo próprio cliente na TAA, usando o próprio código de acesso. Se houver novo erro, o código deve ser cancelado (site institucional com Alfa Code, App Alfa, ou qualquer agência) para gerar um novo.\n\n---\n\n## 6. Geração de Senha PF – Procedimentos\n\nEnvio de senha (6 e 8 dígitos) por SMS para PF — só para ALTERAÇÃO (não para cadastro de primeira senha, que segue outros canais). Não disponível para senhas ""não cadastradas""/""a cadastrar"" ou bloqueio ""U"". Faça as consultas do item 6.2 antes.\n\n### 6.1. Atendimento\n\n| Frente | Quem atende | Identificação |\n|---|---|---|\n| SAC QP | Correntistas e não correntistas | Cliente autenticado (URA, Token ou Identificação Positiva) |\n| SAC QC | Não correntistas portadores de cartão (correntistas/poupadores: transferir para a Célula de Segurança via rotina 50106) | — |\n| Plataforma de Relacionamento QP | Correntistas e não correntistas | Autenticado por CPF+senha, agência/conta+senha ou Token: IP dispensada. Atendimentos ATA, Consultoria e Texto: exigem IP. Bancada Cartão: Checklist Maior Risco. |\n| Plataforma de Relacionamento QC | Não correntistas portadores de cartão (correntistas/poupadores: demais canais, itens 3 e 4) | — |\n\n### 6.2. Consultas\n\n1. Verifique o cadastro da senha em `SISRET X69 > 02` ou pela Plataforma (Segurança > Senhas > Gerenciamento de Senhas) — correntistas: agência/conta; não correntistas: número do cartão (não pedir validade/CVV; usar mês/ano do contato e ""000"" no CVV2).\n2. Resultado ""Não cadastrada""/""A cadastrar"" → cliente não correntista com entrada via onboarding digital; não é possível enviar senha; oriente: 8 dígitos via App Alfa (se dispositivo autorizado com Alfa Code/push); 6 dígitos, comparecer a uma agência.\n3. Resultado ""U Bloqueado"" → SAC Receptivo (Célula de Segurança) → rotina 50130; SAC Soluções QP → rotina 50131; SAC Receptivo QC → rotina 50112; Plataforma de Relacionamento → orientar contato com o SAC.\n4. Demais situações → prossiga: pergunte o celular atual do cliente (não informe outros números cadastrados) e confira no cadastro (agência/conta ou MCI) se é o mesmo já registrado. Se divergente, ou se houver mais de um número/duplicidade cadastrada → oriente comparecimento a uma agência. Se for o mesmo e único número → siga para 6.3.\n\n### 6.3. Geração de Senha\n\na) Acesse Plataforma > Segurança > Senhas > Envio de Senha por SMS.\nb) Consulte por tipo de cliente: correntista (CPF, agência e conta, ou MCI); não correntista (CPF); na aba Cartão, informe o número (via `Cartão > 11 > 1` ou `17 > 01 > 01`) — se houver mais de um cartão, peça modalidade e os 4 últimos dígitos.\nc) Selecione a conta/cartão do cliente.\nd) Selecione o envio de senha de 8 e/ou 6 dígitos — o sistema gera uma senha aleatória e envia por SMS.\ne) Informe que a senha chega por SMS ao celular cadastrado, sem prazo de expiração, e que deve ser alterada assim que possível por segurança.\nf) Se for senha de 6 dígitos, informe que, após a alteração, é preciso validar o chip do cartão em qualquer TAA — caso contrário, a nova senha não funcionará com o cartão com chip.\n\n---\n\n## 7. Cliente no Exterior\n\na) **Central de Senhas** (no App Alfa; exige cartão ativo, dispositivo liberado e Alfa Code/Push): permite alterar/bloquear/desbloquear/criar senha de 8 dígitos; alterar/bloquear/desbloquear senha de 6 dígitos; solicitar novo código de acesso. Acesso com a senha atual: área logada > Perfil > Central de senhas. Sem a senha: tela inicial não logada > Recuperar senha.\n\nb) **Agências no exterior:** procedimento de senhas disponível somente na agência de Tóquio.\n\nc) Solicitar a um representante legal (com procuração com firma reconhecida) que realize a operação na agência de relacionamento do cliente no Brasil.\n\nd) A agência de relacionamento envia ao e-mail cadastrado no MCI uma declaração para o cliente assinar e digitalizar — válido apenas para senhas bloqueadas por erro, não para bloqueio ""U"" (suspeita de fraude). O pedido pode começar por qualquer canal de contato, mas a declaração assinada só pode retornar pelo e-mail cadastrado no MCI. A agência de relacionamento pode ser confirmada com o cliente durante a ligação, na aba lateral da Plataforma de Relacionamento.\n\ne) **Cartões com chip:** após a alteração da senha de 6 dígitos, oriente o cliente a atualizar o chip de todos os plásticos ao voltar ao Brasil (em uma TAA), sob risco de impacto em transações presenciais; carteiras digitais funcionam normalmente após a troca.\n\nf) **Uso da senha no exterior:** alguns terminais usam PIN de 4 e/ou 6 dígitos. Nos de 4 dígitos, o cliente informa os 4 primeiros dígitos da sua senha de 6. No exterior, o cliente tem as mesmas opções dos demais clientes, pelo site institucional ou pelo App Alfa.\n\n---\n\n## 8. Senha do Portador Adicional\n\n| Portador | Solicitação | Alteração/reposição |\n|---|---|---|\n| **Adicional não correntista** | Presencial: senha de 6 dígitos cadastrada na hora. Demais canais: senha enviada por correio ao endereço do portador titular. | Se perder, esquecer ou não receber, cadastrar nova em qualquer agência. |\n| **Adicional correntista** | Usa a mesma senha pessoal de 6 dígitos de sua própria conta. Sem senha gravada: modalidades Doméstico/Internacional → sistema não gera o cartão; modalidades Gold e superiores → senha enviada por correio, cartão gerado após o recebimento. | Se perder, esquecer ou não receber, seguir as orientações do item 3. |\n\n---\n\n## 9. Acesso ao gov.br com credenciais do Banco Alfa\n\nVer rotina 50135.\n\n---\n\n## 10. Central de Senhas PF\n\nSolução de segurança no App Alfa para o cliente gerenciar suas senhas.\n- **Área logada:** Perfil > Segurança > Central de Segurança > Central de senhas; Perfil > Segurança > Central de senhas; Menu > Segurança > Central de Segurança > Central de Senhas.\n- **Área não logada:** Tela inicial > Recuperar Senha; ou role a tela para cima > Recuperar Senha.\n\n**Requisitos:** celular autorizado há mais de 30 dias; telefone cadastrado no ATO; Alfa Code ou Push habilitado; geolocalização ativa e autorizada; permissão de câmera concedida ao app; cartão ativo.\n\n> **Atenção:** não correntistas usam a Central de Senhas apenas para alterar a senha ""Conta de Acesso"" (ver item 4.2.2).\n\n---\n\n## 11. Fontes de informação\n\nUGS – Unidade de Gestão de Segurança (código 800040) · Normativo interno 5001 · Normativo interno 5002\n\n---\n\n## 12. Rotinas absorvidas\n\nO conteúdo das seguintes rotinas foi absorvido por este documento:\n\n| Código (anonimizado) | Assunto |\n|---|---|\n| 50137 | Senhas – Orientações (Código de Acesso) |\n| 50138 | Senhas – Orientações (Não correntista) |\n| 50139 | Senhas – Correntistas (Internet e Celular) |\n| 50140 | Arquivada – Senhas – Orientações (Conta-corrente) |\n| 50141 | POP UP – Senhas – Tipos de bloqueio |\n| 50142 | Modalidade de conta simplificada – Senhas |\n| 50143 | Senhas – Orientações – Poupador não correntista |\n| 50144 | Acesso do cliente à plataforma digital gov.br (parceria Banco Alfa e Governo Federal) |\n| 50145 | Senhas – Alfa Digital PJ |\n| 50146 | Atendimento para clientes não participantes do modelo ATA |\n| 50147 | Geração de senha PF – Procedimentos |\n']","Código 'Q' indica alteração pendente de confirmação na TAA com biometria cadastrada há mais de 7 dias. Com 5 dias, ainda não atende ao requisito; confirmar na TAA após completar 7 dias ou de forma assistida.",EDGE_CASE,12.6692,,0.625,0.8551611278871547,0.5,0.9999999999
"Não entro no App Alfa com a senha do cartão. Por quê?
[Dados coletados via clarificação: canal_tentado=app; tipo_cliente=não correntista]","Para não correntistas, a dificuldade de acesso ao **App Alfa** com a senha do cartão ocorre porque existem dois tipos distintos de senha de 8 dígitos, e o sistema exige a correta para cada finalidade:

*   **Conta de Acesso:** É a senha alfanumérica utilizada especificamente para realizar o login no **App Alfa**.
*   **Senha-8:** É a senha utilizada para acessar o **App Cartão Alfa**.

**Pontos importantes para identificar e resolver o problema:**

1.  **Distinção de senhas:** O cliente que possui apenas a ""Senha-8"" (do App Cartão Alfa) **não consegue acessar o App Alfa**. Se você possui os dois tipos de senha, deve utilizar a ""Conta de Acesso"" para o App Alfa.
2.  **Identificação do tipo de senha:** Para verificar qual senha você possui, o sistema utiliza as seguintes consultas:
    *   **Senha Conta de Acesso:** `SISRET X69 > 02 > nº do cartão`.
    *   **Senha-8:** `SISALFA > SISRET X69 > 02 > nº do cartão`.
3.  **Procedimentos de recuperação:**
    *   Se você deseja acessar o App Alfa, deve utilizar a ""Conta de Acesso"". A alteração ou recuperação pode ser feita via **App Alfa (Central de Senhas)**, link de recuperação ou em uma agência (com cartão válido e previamente liberado).
    *   Caso você possua apenas a ""Senha-8"" e deseje acessar o App Alfa, será necessário realizar o cadastramento da ""Conta de Acesso"" conforme o fluxo de contratação ou orientações da Central de Senhas.

**Atenção:** Não correntistas que possuem a ""Conta de Acesso"" também podem acessar o App Cartão Alfa, mas precisam cadastrar uma senha de 8 dígitos separada através da opção ""Esqueci minha senha"" dentro do próprio App Cartão Alfa. Lembre-se que, nestes casos, serão duas senhas diferentes, uma para cada aplicativo.

### References

- [1] POP – Gestão de Senhas e Código de Acesso – Pessoa Física","['# POP – Gestão de Senhas e Código de Acesso – Pessoa Física\n### [Versão anonimizada/pseudonimizada — documento complementar ao POP de CDC]\n\n> **Nota metodológica:** este documento usa a mesma metodologia e os mesmos pseudônimos institucionais do POP de CDC anonimizado anteriormente (Banco Alfa, SISALFA, App Alfa etc.). Termos novos e específicos deste documento (produtos de cartão, plataformas, rotinas) foram adicionados à mesma chave de correspondência (arquivo único, cumulativo). A lógica processual e as condições originais foram mantidas integralmente.\n\n**Sumário:** Notas iniciais · 1. Resumo das senhas · 2. Situação das senhas · 3. Correntistas e poupadores · 4. Não correntista · 5. Código de acesso · 6. Geração de senha PF · 7. Cliente no exterior · 8. Senha do portador adicional · 9. Acesso ao gov.br · 10. Central de Senhas PF · 11. Fontes de informação · 12. Rotinas absorvidas\n\n---\n\n## Notas iniciais\n\na) **Transferência de saldo/produtos entre agências:** a senha da agência de origem não é alterada; o cliente acessa normalmente a conta na agência de destino.\n\nb) Os procedimentos desta rotina não se aplicam a clientes PJ ou Setor Público. Para chave J e senhas (Alfa Digital PJ), ver rotina 50129.\n\nc) **Titulares solidários:** as senhas (6 e 8 dígitos) e o código de acesso são os mesmos para todos os titulares. Se um titular bloquear a senha, os demais ficam impossibilitados de realizar transações.\n\nd) **Push:** notificação recebida diretamente no App Alfa. Para ativar: 1) autorizar o App Alfa no sistema do celular (Android: Configurações > Receber Notificações; iOS: Ajustes > Receber Notificações); 2) ativar pelo App Alfa (área logada) em Perfil > Geral > Receber notificações.\n\ne) **Bloqueio de Canal:** consulte na plataforma em Segurança > Bloqueio de segurança > Histórico. Havendo bloqueio, o desbloqueio ocorre após a alteração das senhas de 6 e 8 dígitos — é obrigatório alterar primeiro a de 8 dígitos, depois a de 6. Use os itens 3 e/ou 4 para orientar os canais.\n\n---\n\n## 1. Resumo da utilização das senhas\n\n| Tipo de senha | Canais de utilização |\n|---|---|\n| Senha de 4 dígitos | Descontinuada |\n| Senha de 6 dígitos | Confirma transações de cartão débito e crédito. Plataforma de Relacionamento/URA: acesso, consulta e confirmação de transações da mesma titularidade. Site institucional (sem Alfa Code): confirmação de transações financeiras. App Alfa: confirmação de transações financeiras. WhatsApp Alfa: pode ser solicitada para confirmação de algumas transações. TCX, TAD, POS, correspondente bancário: confirmação de transações. TAA: confirmação de transações de beneficiários do INSS e de portadores de deficiência visual sem código de acesso. Banco 24 Horas e rede compartilhada (Banco Parceiro Beta): confirmação de transações de portadores de deficiência visual sem código de acesso. |\n| Senha de 8 dígitos | Site institucional, App Alfa, App Cartão Alfa e WhatsApp: acesso, consultas, transações financeiras e aquisição de produtos/serviços. |\n| Código de Acesso (letras, sílabas ou alfanumérico) | TAA, Banco 24 Horas e rede compartilhada: confirma transações, inclusive saques na função crédito do cartão. |\n| Conta de Acesso (senha alfanumérica) | Utilizada por não correntistas no App Alfa (versão não correntista). |\n\n---\n\n## 2. Situação das Senhas\n\n### 2.1. Consultas\n- Senhas de 6/8 dígitos e código de acesso — Quadro Próprio e Quadro Contratado: `SISALFA > SISRET > X69 > 2` (correntistas: agência e conta; não correntistas: número do cartão), campo STATUS (pode ser informado ao cliente).\n- Conta de Acesso (Quadro Próprio): `SISALFA > ACESSO > 32 > 01 > CPF`.\n\n### 2.2. Códigos aplicáveis a TODOS os tipos de senha\n| Código | Significado | Situação |\n|---|---|---|\n| 0 | Sem ocorrência de erro de digitação | Ativa |\n| 1 | Cliente errou a digitação uma vez | — |\n| 2 | Cliente errou a digitação duas vezes | — |\n| 3 | Cliente errou a digitação três vezes (se ocorrer na senha de 6 dígitos via APF, Mobile ou WhatsApp, o bloqueio ""3"" é aplicado também à senha de 8 dígitos) | Bloqueada |\n| 6 | Senha (PJ e Governo) cadastrada no Alfa Digital PJ, aguardando confirmação de um funcionário da agência | — |\n| 7 | Senha (PJ e Governo) cadastrada no Alfa Digital PJ, aguardando confirmação de dois funcionários da agência | — |\n| Q | Senha alterada no APF Internet sem Alfa Code, ou no APF Celular sem fotografar cartão válido (aguardando confirmação na TAA com biometria cadastrada há mais de 7 dias) | — |\n| U | Senha bloqueada pelo monitoramento de segurança dos canais de autoatendimento | — |\n\n### 2.3. Códigos exclusivos da senha de 6 dígitos\n| Código | Significado | Situação |\n|---|---|---|\n| A | Senha digitada errada 3 vezes | Bloqueada |\n| D | Erro na tentativa de desbloqueio na TAA, ou bloqueio feito pelo próprio cliente via APF Celular/Internet | — |\n\n### 2.4. Códigos exclusivos da senha de 8 dígitos\n| Código | Significado | Situação |\n|---|---|---|\n| T | Senha registrada antes de 2012 e bloqueada por não uso nos últimos 90 dias | Bloqueada |\n| D | Alteração iniciada via APF Celular, com falha na confirmação via TAA sem biometria | — |\n| P | Senha cadastrada via APF Internet/Celular, aguardando confirmação na TAA | — |\n| 4 | Erro na tentativa de desbloqueio via Mobile | — |\n| 8 | Senha bloqueada pela agência ou pelo próprio cliente nos canais de autoatendimento | — |\n\n### 2.5. Situações do código de acesso\nCódigo ""4"" = tentativa de desbloqueio na TAA; CAA = letras; CAS = sílabas; CAN = alfanumérico.\n\n### 2.6. Situações da senha alfanumérica (Conta de Acesso)\n*Solicitado* = cadastramento/alteração pedidos; *Ativa* = cadastrada e ativa; *Bloqueado* = bloqueada por erro de digitação ou por segurança.\n> Essa confirmação ocorre por oferta ativa, sem necessidade de navegar pelo menu da TAA.\n\n---\n\n## 3. Correntistas e Poupadores\n\n### 3.1. Senha de 6 dígitos (conta e cartão)\n\nUsada para autorizar transações em: terminais de caixa das agências, TAA, site institucional (sem Alfa Code), App Alfa, correspondente bancário, transações de cartão (débito e crédito) e acesso à Central de Relacionamento/SAC. Vinculada à agência/conta (correntista) ou ao CPF (não correntista).\n\n**3.1.1. Cadastramento**\n\n| Canal | Procedimento |\n|---|---|\n| Agência | Correntistas e poupadores: no fluxo de abertura de conta, em qualquer agência. Beneficiários do INSS: em qualquer agência. Clientes de conta digital: no fluxo de abertura pelo App Alfa. |\n\n> **Atenção:** se o cliente quiser encerrar a conta corrente e ficar só com o cartão de crédito, cadastre nova senha como não correntista — obrigatório para não deixar pendente a emissão dos cartões.\n\n**3.1.2. Alteração**\n\n> Para cartões com chip, após a alteração, oriente o cliente a atualizar o chip de todos os plásticos em qualquer TAA (sob risco da senha não funcionar). Verifique a possibilidade de enviar senha provisória por SMS (item 6).\n\n| Canal | Requisitos/Condição | Procedimento |\n|---|---|---|\n| App Alfa | Celular autorizado há mais de 30 dias; Alfa Code ou Push habilitado; geolocalização ativa e autorizada; cartão ativo; senha de 8 dígitos ativa (códigos 0, 1 e/ou 2). Não disponível se bloqueada por ""8"". | **Com a senha anterior:** área logada > Perfil > Segurança > Central de senhas > Senha de 6 dígitos > Alterar. **Sem a senha anterior:** área logada > Perfil > Segurança > Central de senhas > Senha de 6 dígitos > Esqueci a senha > ""Agora utilizando o cartão"" (dados do cartão) — confirmação por: (i) biometria na TAA (cadastrada há mais de 7 dias): App Alfa > Menu > Perfil > Central de senhas > Senha de 6 dígitos > Esqueci a senha > No caixa eletrônico, depois na TAA em Segurança e Senhas > Senhas > Liberação de Senha Provisória > Senha da conta e cartão (6 dígitos); ou (ii) WhatsApp (telefone cadastrado no ATO): área logada > Perfil > Central de senhas > Senha de 6 dígitos > Esqueci a senha > Por WhatsApp. |\n| Site institucional | Senha de 8 dígitos ativa (códigos 0, 1 e/ou 2). Não disponível para quem não usa Alfa Code e não tem biometria cadastrada há mais de 7 dias (ou de forma assistida), nem para bloqueio ""U"" ou ""8"" da senha de 6 dígitos. | Em computador autorizado, com ou sem a senha anterior: **com adesão ao Alfa Code:** área logada > Segurança > Senhas > Alterar > Senha do cartão (6 dígitos) (exige código de autorização do Alfa Code). **Sem adesão ao Alfa Code, com biometria cadastrada:** mesmo caminho, confirmando em uma TAA com biometria cadastrada há mais de 7 dias. |\n| Agências (inclusive bloqueio ""U"") | — | Mediante identificação; recomendar que o cliente leve o cartão. |\n| SAC | Bloqueio ""U"": SAC Receptivo QP/QC (Célula de Segurança) → rotina 50130; SAC Soluções QP → rotina 50131; SAC Quadro Contratado → rotina 50112. Outros bloqueios: SAC Quadro Próprio → procedimento de Geração de Senha (item 6); SAC Quadro Contratado → rotina 50112. | — |\n| Plataforma de Relacionamento / ATA | Exceto bloqueio ""U"": Quadro Próprio → Geração de Senha; Quadro Contratado (não correntista portador de cartão) → Geração de Senha; correntistas/poupadores → demais canais. | — |\n\n**3.1.3. Bloqueio**\n\nCanais por iniciativa do cliente: TAA; SAC QC/QP; Plataforma de Relacionamento; site institucional (com Alfa Code); App Alfa (dispositivo autorizado, com Alfa Code ou push); agências.\n> Se o cliente detectar lançamentos indevidos na conta (inclusive por invasão do site), utilize também a rotina 50136, item 5.1. Bloqueio por um titular solidário impede os demais de transacionar. O bloqueio do código de acesso implica bloqueio da senha de 6 dígitos.\n\n**3.1.4. Desbloqueio**\n\nFeito COM conhecimento da senha anterior (sem isso, é preciso fazer a Alteração). Bloqueio ""U"" não admite desbloqueio, só Alteração.\n\n| Canal | Requisitos | Procedimento |\n|---|---|---|\n| App Alfa | Celular autorizado >30 dias; Alfa Code/Push habilitado; geolocalização ativa; cartão ativo; senha de 8 dígitos ativa (0,1,2). | Área logada > Perfil > Segurança > Central de senhas > Senha de 6 dígitos > Desbloquear. |\n| Site institucional | Senha de 8 dígitos ativa (0,1,2). | Em computador autorizado — com Alfa Code: Segurança > Senhas > Desbloquear (código de autorização); sem Alfa Code: mesmo caminho, confirmando em TAA com biometria (>7 dias). |\n| TAA | Biometria, ou cartão + código de acesso. | Menu > Segurança e Senhas > Senhas > Desbloqueio > Senha da conta e cartão (6 dígitos). |\n| Agência | Identificação (recomendar levar o cartão). | — |\n\n> Erro de digitação na tentativa de desbloqueio na TAA: só pode ser desbloqueada em agência. Bloqueio por iniciativa da agência/cliente: desbloqueio em qualquer agência. Bloqueio por erro de identificação positiva na TAA: só desbloqueia em agência (se o cliente souber a senha); usar a TAA para essa operação não é possível. Desbloqueio exige código de acesso ou biometria; sem nenhum dos dois, é necessário comparecer a uma agência.\n\n### 3.2. Senha de 8 dígitos\n\nAcessa o site institucional e o App Alfa; pode ser provisória¹ ou definitiva. Confirmação de transações financeiras via Alfa Code; sem Alfa Code, usa-se a senha de 6 dígitos (oriente o cadastramento do Alfa Code). Senha única — não precisa ser cadastrada por cada titular.\n\n> ¹ Provisória: só senhas antigas; acesso restrito a consultas. Para movimentações financeiras, deve ser liberada em uma TAA.\n\n**3.2.1. Cadastramento**\n\n| Canal | Procedimento |\n|---|---|\n| App Alfa | Correntistas/poupadores: ""Esqueci ou não tenho a senha"" na tela de login (clientes sem histórico de equipamento autorizado no ATO); o equipamento fica em carência (há um link de liberação). Clientes de conta digital: cadastram no fluxo de abertura via Mobile. |\n| TAA | Com biometria cadastrada há mais de 7 dias: Menu > Segurança e Senhas > Senhas > Cadastramento. |\n| Agência | Qualquer agência, informando a senha de 6 dígitos. |\n\n**3.2.2. Alteração**\n\n| Canal | Condição | Procedimento |\n|---|---|---|\n| App Alfa | Celular autorizado >30 dias; Alfa Code/Push; geolocalização; cartão ativo. | **Com a senha atual:** área logada > Perfil > Segurança > Central de senhas > Senha de 8 dígitos > Alterar (digitar a senha atual). **Sem a senha atual (inclusive bloqueio ≠ ""U""), ou bloqueio ""U"":** ""Esqueci minha senha"" (tela de login ou tela inicial não logada) > Recuperar senha > Senha de 8 dígitos > Esqueci a senha, com 3 opções: (i) ""Agora utilizando o cartão"" (dados do cartão, dispositivo autorizado, Alfa Code ou Push); (ii) ""No caixa eletrônico"" (confirmação por biometria na TAA, cadastrada há mais de 7 dias); (iii) por WhatsApp (telefone cadastrado no ATO + versão mínima do app + reconhecimento facial). *A opção ""recuperar senha"" só aparece em celular autorizado onde o cliente já acessou a conta ao menos uma vez.* |\n| Site institucional (computador autorizado) | Com a senha atual: exigida a senha de 8 dígitos atual. | **Com Alfa Code:** Segurança > Senhas > Alterar > Senha da internet (8 dígitos) (código de autorização). **Sem Alfa Code:** mesmo caminho, confirmando em TAA com biometria (>7 dias). Sem a senha atual (inclusive bloqueio ≠ ""U""), ou bloqueio ""U"": não disponível neste canal. |\n| TAA | Com ou sem a senha atual (inclusive bloqueios). | Menu > Segurança e Senhas > Senhas > Alteração > Senha de acesso à internet e ao celular (8 dígitos). Com biometria: qualquer horário (cadastrada há mais de 7 dias, ou de forma assistida). Sem biometria, com cartão com chip + código de acesso: das 10h às 16h em dias úteis. |\n| Agência | Com ou sem a senha atual (inclusive bloqueios). | Atendimento presencial, exigindo a senha de 6 dígitos; recomendar levar o cartão. |\n| SAC | Com a senha atual, ou sem ela (exceto ""U""): Quadro Próprio → Geração de Senha; Quadro Contratado → rotina 50112. Bloqueio ""U"": SAC Receptivo (Célula de Segurança) → rotina 50130; SAC Soluções QP → rotina 50131; SAC QC → rotina 50112. | — |\n| Plataforma de Relacionamento / ATA | Com a senha atual, ou sem ela (exceto ""U""): Quadro Próprio → Geração de Senha; Quadro Contratado (não correntista com cartão) → Geração de Senha; correntistas/poupadores → demais canais. Bloqueio ""U"": não disponível neste canal. | — |\n\n**3.2.3. Bloqueio**\n\nCanais por iniciativa do cliente: TAA; SAC; agências; site institucional (com Alfa Code); App Alfa (dispositivo autorizado, com Alfa Code ou push). Bloqueio de segurança ocorre quando há indício de violação da senha. Bloqueio ""T"": não é mais aplicado — restam apenas registros até 2012.\n\n**3.2.4. Desbloqueio**\n\n> Sem conhecimento da senha anterior, bloqueio ""U"" (segurança) ou bloqueio ""4"": seguir os procedimentos de Alteração.\n\nConsulte em `SISRET X69 > 02` (correntistas: agência/conta; não correntistas: número do cartão), campo STATUS, ou pela Plataforma (Segurança > Senhas > Gerenciamento de Senhas). Não pergunte data de validade nem CVV ao cliente — preencha o número do cartão, use o mês/ano do contato como validade e ""000"" no CVV2.\n\n| Tipo de bloqueio | Canal | Procedimento |\n|---|---|---|\n| Por iniciativa da agência ou do cliente | Agência | Com a senha de 6 dígitos (recomendar levar o cartão). |\n| | TAA | Com código de acesso ou biometria. |\n| Por motivo ""T"" | Agência | Idem acima. |\n| | TAA | Idem acima. |\n| Por digitação incorreta 3 vezes | App Alfa (dispositivo autorizado >30 dias, Alfa Code/Push, geolocalização, cartão ativo) | Recuperar Senhas > Senha de 8 dígitos > Desbloquear (digitar a senha atual). |\n| | Agência | Com a senha de 6 dígitos. |\n| | TAA | Com código de acesso ou biometria. |\n| Por erro na tentativa de desbloqueio na TAA | Agência | Com a senha de 6 dígitos. |\n\n---\n\n## 4. Não Correntista\n\n### 4.1. Senha de 6 dígitos\n\n**4.1.1. Cadastramento:** clientes não correntistas que solicitam Cartão Alfa via App ou web cadastram no próprio fluxo de solicitação. Private Label → rotina 50133. Cartões de programa de fidelidade parceiro → rotina 50134.\n\n**4.1.2. Alteração:** Agência (qualquer uma, com cartão válido e identificação); SAC e Plataforma de Relacionamento → item 6 desta rotina.\n\n**4.1.3. Bloqueio:** por iniciativa do cliente — TAA; SAC QC/QP; Plataforma de Relacionamento; agências.\n\n**4.1.4. Desbloqueio:** Agência (qualquer uma, com a senha de 6 dígitos); TAA (com o código de acesso).\n\n### 4.2. Conta de Acesso e Senha de 8 dígitos\n\n**Demanda:** dificuldade para acessar o App Alfa ou o App Cartão Alfa com a senha de 8 dígitos.\n\n> **Atenção:** há 2 tipos de senha de 8 dígitos para não correntista — **Conta de Acesso** (acessa o App Alfa) e **Senha-8** (acessa o App Cartão Alfa). O cliente normalmente não sabe dessa distinção. Para identificar o tipo, siga o item 4.2.1.\n\n**4.2.1. Identificação do tipo de senha**\n\n*4.2.1.1. Sistema Alfa:*\n- a) Senha Conta de Acesso: `SISRET X69 > 02 > nº do cartão`. Se ""não localizado"" ou se o cliente tiver os dois tipos, siga para (b). Se possuir só Conta de Acesso: Quadro Contratado → siga para 4.2.2; Quadro Próprio → confira a situação (se ""Ativo"", tecle F9 para mais detalhes) e siga para 4.2.2.\n- b) Senha-8: `SISALFA > SISRET X69 > 02 > nº do cartão`. Cliente com só Senha-8, ou com as duas → oriente conforme 4.2.2 (Quadro Próprio e Contratado).\n\n*4.2.1.2. Plataforma:* não pergunte data de validade nem CVV. `Plataforma de Negócios > Segurança > Senhas > Gerenciamento de Senhas 3.0` — preencha o número do cartão, use o mês/ano do contato como validade e ""000"" no CVV2.\n\n**4.2.2. Procedimentos** (se o cliente tiver os dois tipos, pergunte qual app ele quer acessar):\n\n| Senha | Cadastramento | Alteração | Bloqueio | Desbloqueio |\n|---|---|---|---|---|\n| **Conta de Acesso** (App Alfa) | No momento da contratação do cartão (App Alfa/onboarding digital) | App Alfa (Central de Senhas) ou link de recuperação; Agência (cartão válido e previamente liberado) | Agência | Agência (cartão válido e previamente liberado) |\n| **Senha-8** (App Cartão Alfa) | No momento da contratação do cartão (lojas parceiras, correspondentes, agências) | TAA; SAC e Plataforma de Relacionamento (Geração de Senha, ou outros canais); App Cartão Alfa ""Esqueci minha senha"" (sem bloqueio vigente); Agência | TAA; APF; Mobile; agências; **se o cliente foi vítima de assalto, roubo ou sequestro:** SAC QP/QC e Plataforma de Relacionamento → `SISRET X98`, código de rota 800050, conta = nº da conta do cartão | TAA; Agência |\n\n> Não correntistas com Conta de Acesso também podem acessar o App Cartão Alfa, mas precisam cadastrar uma senha de 8 dígitos separada via ""Esqueci senha"" — explique que serão duas senhas diferentes, uma para cada app. Quem possui só a Senha-8 NÃO consegue acessar o App Alfa.\n\n---\n\n## 5. Código de Acesso (Alfanumérico)\n\na) **Deficientes visuais:** o cliente com deficiência visual total pode ser dispensado da exigência do código de acesso, mediante registro da característica no cadastro pela agência. Em conta conjunta, a dispensa vale só para o titular com a deficiência.\n\nb) **Tipos:** CAA (letras), CAS (sílabas), CAN (alfanumérico). Emitido quando o cliente usa a TAA com cartão pela primeira vez, tentando uma transação/consulta — o cliente é avisado do novo código, que substitui o anterior.\n\nc) Se o cliente disser que não tem/não anotou o código: oriente conforme a tabela abaixo, ou informe que TAAs com biometria dispensam o código de acesso (rotina 50132, itens 1 e 9).\n\n**5.1. O que é:** código aleatório (letras, sílabas e/ou números), não escolhido pelo cliente; para PF e PJ, correntistas, não correntistas e poupadores portadores de cartão; necessário em: TAA, Banco 24 Horas e rede compartilhada (Banco Parceiro Beta).\n\n**5.2. Cadastramento:** gerado e impresso automaticamente no primeiro uso do cartão na TAA; regenerado em migração de conta (mesmo cartão) ou quando o código antigo é cancelado. Se a impressora estiver inoperante, é mostrado só em tela. Código único para todos os titulares solidários.\n\n**5.3. Alteração:** não existe alteração direta — o código deve ser cancelado (canais abaixo); a nova combinação é gerada automaticamente no próximo acesso à TAA. *(O código não muda se a senha da conta corrente for alterada.)*\n\n| Canal | Procedimento |\n|---|---|\n| App Alfa | Área logada > Perfil > Segurança > Central de senhas > Código de Acesso > Solicitar novo código. |\n| Site institucional | Área logada — confirmação via Alfa Code; sem Alfa Code, confirma na TAA com biometria cadastrada há mais de 7 dias. |\n| Agência | Com a senha de 6 dígitos (recomendar levar o cartão). |\n\n**5.4. Bloqueio:** após 3 tentativas seguidas incorretas. Bloqueio da senha de 6 dígitos ou do código de acesso mantém o uso da TAA com biometria. Bloqueio da senha de 6 dígitos mantém o uso do código de acesso, exceto nos bloqueios ""U"" ou ""8"".\n\n**5.5. Desbloqueio:** pelo próprio cliente na TAA, usando o próprio código de acesso. Se houver novo erro, o código deve ser cancelado (site institucional com Alfa Code, App Alfa, ou qualquer agência) para gerar um novo.\n\n---\n\n## 6. Geração de Senha PF – Procedimentos\n\nEnvio de senha (6 e 8 dígitos) por SMS para PF — só para ALTERAÇÃO (não para cadastro de primeira senha, que segue outros canais). Não disponível para senhas ""não cadastradas""/""a cadastrar"" ou bloqueio ""U"". Faça as consultas do item 6.2 antes.\n\n### 6.1. Atendimento\n\n| Frente | Quem atende | Identificação |\n|---|---|---|\n| SAC QP | Correntistas e não correntistas | Cliente autenticado (URA, Token ou Identificação Positiva) |\n| SAC QC | Não correntistas portadores de cartão (correntistas/poupadores: transferir para a Célula de Segurança via rotina 50106) | — |\n| Plataforma de Relacionamento QP | Correntistas e não correntistas | Autenticado por CPF+senha, agência/conta+senha ou Token: IP dispensada. Atendimentos ATA, Consultoria e Texto: exigem IP. Bancada Cartão: Checklist Maior Risco. |\n| Plataforma de Relacionamento QC | Não correntistas portadores de cartão (correntistas/poupadores: demais canais, itens 3 e 4) | — |\n\n### 6.2. Consultas\n\n1. Verifique o cadastro da senha em `SISRET X69 > 02` ou pela Plataforma (Segurança > Senhas > Gerenciamento de Senhas) — correntistas: agência/conta; não correntistas: número do cartão (não pedir validade/CVV; usar mês/ano do contato e ""000"" no CVV2).\n2. Resultado ""Não cadastrada""/""A cadastrar"" → cliente não correntista com entrada via onboarding digital; não é possível enviar senha; oriente: 8 dígitos via App Alfa (se dispositivo autorizado com Alfa Code/push); 6 dígitos, comparecer a uma agência.\n3. Resultado ""U Bloqueado"" → SAC Receptivo (Célula de Segurança) → rotina 50130; SAC Soluções QP → rotina 50131; SAC Receptivo QC → rotina 50112; Plataforma de Relacionamento → orientar contato com o SAC.\n4. Demais situações → prossiga: pergunte o celular atual do cliente (não informe outros números cadastrados) e confira no cadastro (agência/conta ou MCI) se é o mesmo já registrado. Se divergente, ou se houver mais de um número/duplicidade cadastrada → oriente comparecimento a uma agência. Se for o mesmo e único número → siga para 6.3.\n\n### 6.3. Geração de Senha\n\na) Acesse Plataforma > Segurança > Senhas > Envio de Senha por SMS.\nb) Consulte por tipo de cliente: correntista (CPF, agência e conta, ou MCI); não correntista (CPF); na aba Cartão, informe o número (via `Cartão > 11 > 1` ou `17 > 01 > 01`) — se houver mais de um cartão, peça modalidade e os 4 últimos dígitos.\nc) Selecione a conta/cartão do cliente.\nd) Selecione o envio de senha de 8 e/ou 6 dígitos — o sistema gera uma senha aleatória e envia por SMS.\ne) Informe que a senha chega por SMS ao celular cadastrado, sem prazo de expiração, e que deve ser alterada assim que possível por segurança.\nf) Se for senha de 6 dígitos, informe que, após a alteração, é preciso validar o chip do cartão em qualquer TAA — caso contrário, a nova senha não funcionará com o cartão com chip.\n\n---\n\n## 7. Cliente no Exterior\n\na) **Central de Senhas** (no App Alfa; exige cartão ativo, dispositivo liberado e Alfa Code/Push): permite alterar/bloquear/desbloquear/criar senha de 8 dígitos; alterar/bloquear/desbloquear senha de 6 dígitos; solicitar novo código de acesso. Acesso com a senha atual: área logada > Perfil > Central de senhas. Sem a senha: tela inicial não logada > Recuperar senha.\n\nb) **Agências no exterior:** procedimento de senhas disponível somente na agência de Tóquio.\n\nc) Solicitar a um representante legal (com procuração com firma reconhecida) que realize a operação na agência de relacionamento do cliente no Brasil.\n\nd) A agência de relacionamento envia ao e-mail cadastrado no MCI uma declaração para o cliente assinar e digitalizar — válido apenas para senhas bloqueadas por erro, não para bloqueio ""U"" (suspeita de fraude). O pedido pode começar por qualquer canal de contato, mas a declaração assinada só pode retornar pelo e-mail cadastrado no MCI. A agência de relacionamento pode ser confirmada com o cliente durante a ligação, na aba lateral da Plataforma de Relacionamento.\n\ne) **Cartões com chip:** após a alteração da senha de 6 dígitos, oriente o cliente a atualizar o chip de todos os plásticos ao voltar ao Brasil (em uma TAA), sob risco de impacto em transações presenciais; carteiras digitais funcionam normalmente após a troca.\n\nf) **Uso da senha no exterior:** alguns terminais usam PIN de 4 e/ou 6 dígitos. Nos de 4 dígitos, o cliente informa os 4 primeiros dígitos da sua senha de 6. No exterior, o cliente tem as mesmas opções dos demais clientes, pelo site institucional ou pelo App Alfa.\n\n---\n\n## 8. Senha do Portador Adicional\n\n| Portador | Solicitação | Alteração/reposição |\n|---|---|---|\n| **Adicional não correntista** | Presencial: senha de 6 dígitos cadastrada na hora. Demais canais: senha enviada por correio ao endereço do portador titular. | Se perder, esquecer ou não receber, cadastrar nova em qualquer agência. |\n| **Adicional correntista** | Usa a mesma senha pessoal de 6 dígitos de sua própria conta. Sem senha gravada: modalidades Doméstico/Internacional → sistema não gera o cartão; modalidades Gold e superiores → senha enviada por correio, cartão gerado após o recebimento. | Se perder, esquecer ou não receber, seguir as orientações do item 3. |\n\n---\n\n## 9. Acesso ao gov.br com credenciais do Banco Alfa\n\nVer rotina 50135.\n\n---\n\n## 10. Central de Senhas PF\n\nSolução de segurança no App Alfa para o cliente gerenciar suas senhas.\n- **Área logada:** Perfil > Segurança > Central de Segurança > Central de senhas; Perfil > Segurança > Central de senhas; Menu > Segurança > Central de Segurança > Central de Senhas.\n- **Área não logada:** Tela inicial > Recuperar Senha; ou role a tela para cima > Recuperar Senha.\n\n**Requisitos:** celular autorizado há mais de 30 dias; telefone cadastrado no ATO; Alfa Code ou Push habilitado; geolocalização ativa e autorizada; permissão de câmera concedida ao app; cartão ativo.\n\n> **Atenção:** não correntistas usam a Central de Senhas apenas para alterar a senha ""Conta de Acesso"" (ver item 4.2.2).\n\n---\n\n## 11. Fontes de informação\n\nUGS – Unidade de Gestão de Segurança (código 800040) · Normativo interno 5001 · Normativo interno 5002\n\n---\n\n## 12. Rotinas absorvidas\n\nO conteúdo das seguintes rotinas foi absorvido por este documento:\n\n| Código (anonimizado) | Assunto |\n|---|---|\n| 50137 | Senhas – Orientações (Código de Acesso) |\n| 50138 | Senhas – Orientações (Não correntista) |\n| 50139 | Senhas – Correntistas (Internet e Celular) |\n| 50140 | Arquivada – Senhas – Orientações (Conta-corrente) |\n| 50141 | POP UP – Senhas – Tipos de bloqueio |\n| 50142 | Modalidade de conta simplificada – Senhas |\n| 50143 | Senhas – Orientações – Poupador não correntista |\n| 50144 | Acesso do cliente à plataforma digital gov.br (parceria Banco Alfa e Governo Federal) |\n| 50145 | Senhas – Alfa Digital PJ |\n| 50146 | Atendimento para clientes não participantes do modelo ATA |\n| 50147 | Geração de senha PF – Procedimentos |\n']",São credenciais distintas: Conta de Acesso acessa o App Alfa e Senha-8 acessa o App Cartão Alfa. Quem tem só Senha-8 não entra no App Alfa; precisa cadastrar senha separada via 'Esqueci senha'. Identificar via SISRET X69 ou Plataforma Gerenciamento de Senhas 3.0.,CONDITIONAL_WORKFLOW,74.5712,,0.9230769230769231,0.7768081730572461,1.0,0.9999999999
"Minha senha deu bloqueio U, o SAC resolve?
[Dados coletados via clarificação: codigo_bloqueio=U]","Sim, o SAC pode prestar suporte em casos de bloqueio ""U"", mas o procedimento varia conforme o seu perfil e a célula de atendimento.

Para o bloqueio ""U"" (bloqueio de segurança), os procedimentos são:

*   **Correntistas e Poupadores:**
    *   **SAC Receptivo QP/QC (Célula de Segurança):** rotina 50130.
    *   **SAC Soluções QP:** rotina 50131.
    *   **SAC Quadro Contratado:** rotina 50112.
*   **Não Correntistas:**
    *   O atendimento é direcionado conforme a rotina 50112.

**Observações importantes:**
*   O bloqueio ""U"" não admite desbloqueio, apenas a **alteração** da senha.
*   Este tipo de bloqueio não está disponível para alteração via site institucional ou Plataforma de Relacionamento/ATA.
*   Caso o bloqueio tenha ocorrido por suspeita de fraude, o atendimento será conduzido pelas rotinas específicas de segurança mencionadas acima.

### References

- [1] Documento: Senhas – Orientações (POP)","['# POP – Gestão de Senhas e Código de Acesso – Pessoa Física\n### [Versão anonimizada/pseudonimizada — documento complementar ao POP de CDC]\n\n> **Nota metodológica:** este documento usa a mesma metodologia e os mesmos pseudônimos institucionais do POP de CDC anonimizado anteriormente (Banco Alfa, SISALFA, App Alfa etc.). Termos novos e específicos deste documento (produtos de cartão, plataformas, rotinas) foram adicionados à mesma chave de correspondência (arquivo único, cumulativo). A lógica processual e as condições originais foram mantidas integralmente.\n\n**Sumário:** Notas iniciais · 1. Resumo das senhas · 2. Situação das senhas · 3. Correntistas e poupadores · 4. Não correntista · 5. Código de acesso · 6. Geração de senha PF · 7. Cliente no exterior · 8. Senha do portador adicional · 9. Acesso ao gov.br · 10. Central de Senhas PF · 11. Fontes de informação · 12. Rotinas absorvidas\n\n---\n\n## Notas iniciais\n\na) **Transferência de saldo/produtos entre agências:** a senha da agência de origem não é alterada; o cliente acessa normalmente a conta na agência de destino.\n\nb) Os procedimentos desta rotina não se aplicam a clientes PJ ou Setor Público. Para chave J e senhas (Alfa Digital PJ), ver rotina 50129.\n\nc) **Titulares solidários:** as senhas (6 e 8 dígitos) e o código de acesso são os mesmos para todos os titulares. Se um titular bloquear a senha, os demais ficam impossibilitados de realizar transações.\n\nd) **Push:** notificação recebida diretamente no App Alfa. Para ativar: 1) autorizar o App Alfa no sistema do celular (Android: Configurações > Receber Notificações; iOS: Ajustes > Receber Notificações); 2) ativar pelo App Alfa (área logada) em Perfil > Geral > Receber notificações.\n\ne) **Bloqueio de Canal:** consulte na plataforma em Segurança > Bloqueio de segurança > Histórico. Havendo bloqueio, o desbloqueio ocorre após a alteração das senhas de 6 e 8 dígitos — é obrigatório alterar primeiro a de 8 dígitos, depois a de 6. Use os itens 3 e/ou 4 para orientar os canais.\n\n---\n\n## 1. Resumo da utilização das senhas\n\n| Tipo de senha | Canais de utilização |\n|---|---|\n| Senha de 4 dígitos | Descontinuada |\n| Senha de 6 dígitos | Confirma transações de cartão débito e crédito. Plataforma de Relacionamento/URA: acesso, consulta e confirmação de transações da mesma titularidade. Site institucional (sem Alfa Code): confirmação de transações financeiras. App Alfa: confirmação de transações financeiras. WhatsApp Alfa: pode ser solicitada para confirmação de algumas transações. TCX, TAD, POS, correspondente bancário: confirmação de transações. TAA: confirmação de transações de beneficiários do INSS e de portadores de deficiência visual sem código de acesso. Banco 24 Horas e rede compartilhada (Banco Parceiro Beta): confirmação de transações de portadores de deficiência visual sem código de acesso. |\n| Senha de 8 dígitos | Site institucional, App Alfa, App Cartão Alfa e WhatsApp: acesso, consultas, transações financeiras e aquisição de produtos/serviços. |\n| Código de Acesso (letras, sílabas ou alfanumérico) | TAA, Banco 24 Horas e rede compartilhada: confirma transações, inclusive saques na função crédito do cartão. |\n| Conta de Acesso (senha alfanumérica) | Utilizada por não correntistas no App Alfa (versão não correntista). |\n\n---\n\n## 2. Situação das Senhas\n\n### 2.1. Consultas\n- Senhas de 6/8 dígitos e código de acesso — Quadro Próprio e Quadro Contratado: `SISALFA > SISRET > X69 > 2` (correntistas: agência e conta; não correntistas: número do cartão), campo STATUS (pode ser informado ao cliente).\n- Conta de Acesso (Quadro Próprio): `SISALFA > ACESSO > 32 > 01 > CPF`.\n\n### 2.2. Códigos aplicáveis a TODOS os tipos de senha\n| Código | Significado | Situação |\n|---|---|---|\n| 0 | Sem ocorrência de erro de digitação | Ativa |\n| 1 | Cliente errou a digitação uma vez | — |\n| 2 | Cliente errou a digitação duas vezes | — |\n| 3 | Cliente errou a digitação três vezes (se ocorrer na senha de 6 dígitos via APF, Mobile ou WhatsApp, o bloqueio ""3"" é aplicado também à senha de 8 dígitos) | Bloqueada |\n| 6 | Senha (PJ e Governo) cadastrada no Alfa Digital PJ, aguardando confirmação de um funcionário da agência | — |\n| 7 | Senha (PJ e Governo) cadastrada no Alfa Digital PJ, aguardando confirmação de dois funcionários da agência | — |\n| Q | Senha alterada no APF Internet sem Alfa Code, ou no APF Celular sem fotografar cartão válido (aguardando confirmação na TAA com biometria cadastrada há mais de 7 dias) | — |\n| U | Senha bloqueada pelo monitoramento de segurança dos canais de autoatendimento | — |\n\n### 2.3. Códigos exclusivos da senha de 6 dígitos\n| Código | Significado | Situação |\n|---|---|---|\n| A | Senha digitada errada 3 vezes | Bloqueada |\n| D | Erro na tentativa de desbloqueio na TAA, ou bloqueio feito pelo próprio cliente via APF Celular/Internet | — |\n\n### 2.4. Códigos exclusivos da senha de 8 dígitos\n| Código | Significado | Situação |\n|---|---|---|\n| T | Senha registrada antes de 2012 e bloqueada por não uso nos últimos 90 dias | Bloqueada |\n| D | Alteração iniciada via APF Celular, com falha na confirmação via TAA sem biometria | — |\n| P | Senha cadastrada via APF Internet/Celular, aguardando confirmação na TAA | — |\n| 4 | Erro na tentativa de desbloqueio via Mobile | — |\n| 8 | Senha bloqueada pela agência ou pelo próprio cliente nos canais de autoatendimento | — |\n\n### 2.5. Situações do código de acesso\nCódigo ""4"" = tentativa de desbloqueio na TAA; CAA = letras; CAS = sílabas; CAN = alfanumérico.\n\n### 2.6. Situações da senha alfanumérica (Conta de Acesso)\n*Solicitado* = cadastramento/alteração pedidos; *Ativa* = cadastrada e ativa; *Bloqueado* = bloqueada por erro de digitação ou por segurança.\n> Essa confirmação ocorre por oferta ativa, sem necessidade de navegar pelo menu da TAA.\n\n---\n\n## 3. Correntistas e Poupadores\n\n### 3.1. Senha de 6 dígitos (conta e cartão)\n\nUsada para autorizar transações em: terminais de caixa das agências, TAA, site institucional (sem Alfa Code), App Alfa, correspondente bancário, transações de cartão (débito e crédito) e acesso à Central de Relacionamento/SAC. Vinculada à agência/conta (correntista) ou ao CPF (não correntista).\n\n**3.1.1. Cadastramento**\n\n| Canal | Procedimento |\n|---|---|\n| Agência | Correntistas e poupadores: no fluxo de abertura de conta, em qualquer agência. Beneficiários do INSS: em qualquer agência. Clientes de conta digital: no fluxo de abertura pelo App Alfa. |\n\n> **Atenção:** se o cliente quiser encerrar a conta corrente e ficar só com o cartão de crédito, cadastre nova senha como não correntista — obrigatório para não deixar pendente a emissão dos cartões.\n\n**3.1.2. Alteração**\n\n> Para cartões com chip, após a alteração, oriente o cliente a atualizar o chip de todos os plásticos em qualquer TAA (sob risco da senha não funcionar). Verifique a possibilidade de enviar senha provisória por SMS (item 6).\n\n| Canal | Requisitos/Condição | Procedimento |\n|---|---|---|\n| App Alfa | Celular autorizado há mais de 30 dias; Alfa Code ou Push habilitado; geolocalização ativa e autorizada; cartão ativo; senha de 8 dígitos ativa (códigos 0, 1 e/ou 2). Não disponível se bloqueada por ""8"". | **Com a senha anterior:** área logada > Perfil > Segurança > Central de senhas > Senha de 6 dígitos > Alterar. **Sem a senha anterior:** área logada > Perfil > Segurança > Central de senhas > Senha de 6 dígitos > Esqueci a senha > ""Agora utilizando o cartão"" (dados do cartão) — confirmação por: (i) biometria na TAA (cadastrada há mais de 7 dias): App Alfa > Menu > Perfil > Central de senhas > Senha de 6 dígitos > Esqueci a senha > No caixa eletrônico, depois na TAA em Segurança e Senhas > Senhas > Liberação de Senha Provisória > Senha da conta e cartão (6 dígitos); ou (ii) WhatsApp (telefone cadastrado no ATO): área logada > Perfil > Central de senhas > Senha de 6 dígitos > Esqueci a senha > Por WhatsApp. |\n| Site institucional | Senha de 8 dígitos ativa (códigos 0, 1 e/ou 2). Não disponível para quem não usa Alfa Code e não tem biometria cadastrada há mais de 7 dias (ou de forma assistida), nem para bloqueio ""U"" ou ""8"" da senha de 6 dígitos. | Em computador autorizado, com ou sem a senha anterior: **com adesão ao Alfa Code:** área logada > Segurança > Senhas > Alterar > Senha do cartão (6 dígitos) (exige código de autorização do Alfa Code). **Sem adesão ao Alfa Code, com biometria cadastrada:** mesmo caminho, confirmando em uma TAA com biometria cadastrada há mais de 7 dias. |\n| Agências (inclusive bloqueio ""U"") | — | Mediante identificação; recomendar que o cliente leve o cartão. |\n| SAC | Bloqueio ""U"": SAC Receptivo QP/QC (Célula de Segurança) → rotina 50130; SAC Soluções QP → rotina 50131; SAC Quadro Contratado → rotina 50112. Outros bloqueios: SAC Quadro Próprio → procedimento de Geração de Senha (item 6); SAC Quadro Contratado → rotina 50112. | — |\n| Plataforma de Relacionamento / ATA | Exceto bloqueio ""U"": Quadro Próprio → Geração de Senha; Quadro Contratado (não correntista portador de cartão) → Geração de Senha; correntistas/poupadores → demais canais. | — |\n\n**3.1.3. Bloqueio**\n\nCanais por iniciativa do cliente: TAA; SAC QC/QP; Plataforma de Relacionamento; site institucional (com Alfa Code); App Alfa (dispositivo autorizado, com Alfa Code ou push); agências.\n> Se o cliente detectar lançamentos indevidos na conta (inclusive por invasão do site), utilize também a rotina 50136, item 5.1. Bloqueio por um titular solidário impede os demais de transacionar. O bloqueio do código de acesso implica bloqueio da senha de 6 dígitos.\n\n**3.1.4. Desbloqueio**\n\nFeito COM conhecimento da senha anterior (sem isso, é preciso fazer a Alteração). Bloqueio ""U"" não admite desbloqueio, só Alteração.\n\n| Canal | Requisitos | Procedimento |\n|---|---|---|\n| App Alfa | Celular autorizado >30 dias; Alfa Code/Push habilitado; geolocalização ativa; cartão ativo; senha de 8 dígitos ativa (0,1,2). | Área logada > Perfil > Segurança > Central de senhas > Senha de 6 dígitos > Desbloquear. |\n| Site institucional | Senha de 8 dígitos ativa (0,1,2). | Em computador autorizado — com Alfa Code: Segurança > Senhas > Desbloquear (código de autorização); sem Alfa Code: mesmo caminho, confirmando em TAA com biometria (>7 dias). |\n| TAA | Biometria, ou cartão + código de acesso. | Menu > Segurança e Senhas > Senhas > Desbloqueio > Senha da conta e cartão (6 dígitos). |\n| Agência | Identificação (recomendar levar o cartão). | — |\n\n> Erro de digitação na tentativa de desbloqueio na TAA: só pode ser desbloqueada em agência. Bloqueio por iniciativa da agência/cliente: desbloqueio em qualquer agência. Bloqueio por erro de identificação positiva na TAA: só desbloqueia em agência (se o cliente souber a senha); usar a TAA para essa operação não é possível. Desbloqueio exige código de acesso ou biometria; sem nenhum dos dois, é necessário comparecer a uma agência.\n\n### 3.2. Senha de 8 dígitos\n\nAcessa o site institucional e o App Alfa; pode ser provisória¹ ou definitiva. Confirmação de transações financeiras via Alfa Code; sem Alfa Code, usa-se a senha de 6 dígitos (oriente o cadastramento do Alfa Code). Senha única — não precisa ser cadastrada por cada titular.\n\n> ¹ Provisória: só senhas antigas; acesso restrito a consultas. Para movimentações financeiras, deve ser liberada em uma TAA.\n\n**3.2.1. Cadastramento**\n\n| Canal | Procedimento |\n|---|---|\n| App Alfa | Correntistas/poupadores: ""Esqueci ou não tenho a senha"" na tela de login (clientes sem histórico de equipamento autorizado no ATO); o equipamento fica em carência (há um link de liberação). Clientes de conta digital: cadastram no fluxo de abertura via Mobile. |\n| TAA | Com biometria cadastrada há mais de 7 dias: Menu > Segurança e Senhas > Senhas > Cadastramento. |\n| Agência | Qualquer agência, informando a senha de 6 dígitos. |\n\n**3.2.2. Alteração**\n\n| Canal | Condição | Procedimento |\n|---|---|---|\n| App Alfa | Celular autorizado >30 dias; Alfa Code/Push; geolocalização; cartão ativo. | **Com a senha atual:** área logada > Perfil > Segurança > Central de senhas > Senha de 8 dígitos > Alterar (digitar a senha atual). **Sem a senha atual (inclusive bloqueio ≠ ""U""), ou bloqueio ""U"":** ""Esqueci minha senha"" (tela de login ou tela inicial não logada) > Recuperar senha > Senha de 8 dígitos > Esqueci a senha, com 3 opções: (i) ""Agora utilizando o cartão"" (dados do cartão, dispositivo autorizado, Alfa Code ou Push); (ii) ""No caixa eletrônico"" (confirmação por biometria na TAA, cadastrada há mais de 7 dias); (iii) por WhatsApp (telefone cadastrado no ATO + versão mínima do app + reconhecimento facial). *A opção ""recuperar senha"" só aparece em celular autorizado onde o cliente já acessou a conta ao menos uma vez.* |\n| Site institucional (computador autorizado) | Com a senha atual: exigida a senha de 8 dígitos atual. | **Com Alfa Code:** Segurança > Senhas > Alterar > Senha da internet (8 dígitos) (código de autorização). **Sem Alfa Code:** mesmo caminho, confirmando em TAA com biometria (>7 dias). Sem a senha atual (inclusive bloqueio ≠ ""U""), ou bloqueio ""U"": não disponível neste canal. |\n| TAA | Com ou sem a senha atual (inclusive bloqueios). | Menu > Segurança e Senhas > Senhas > Alteração > Senha de acesso à internet e ao celular (8 dígitos). Com biometria: qualquer horário (cadastrada há mais de 7 dias, ou de forma assistida). Sem biometria, com cartão com chip + código de acesso: das 10h às 16h em dias úteis. |\n| Agência | Com ou sem a senha atual (inclusive bloqueios). | Atendimento presencial, exigindo a senha de 6 dígitos; recomendar levar o cartão. |\n| SAC | Com a senha atual, ou sem ela (exceto ""U""): Quadro Próprio → Geração de Senha; Quadro Contratado → rotina 50112. Bloqueio ""U"": SAC Receptivo (Célula de Segurança) → rotina 50130; SAC Soluções QP → rotina 50131; SAC QC → rotina 50112. | — |\n| Plataforma de Relacionamento / ATA | Com a senha atual, ou sem ela (exceto ""U""): Quadro Próprio → Geração de Senha; Quadro Contratado (não correntista com cartão) → Geração de Senha; correntistas/poupadores → demais canais. Bloqueio ""U"": não disponível neste canal. | — |\n\n**3.2.3. Bloqueio**\n\nCanais por iniciativa do cliente: TAA; SAC; agências; site institucional (com Alfa Code); App Alfa (dispositivo autorizado, com Alfa Code ou push). Bloqueio de segurança ocorre quando há indício de violação da senha. Bloqueio ""T"": não é mais aplicado — restam apenas registros até 2012.\n\n**3.2.4. Desbloqueio**\n\n> Sem conhecimento da senha anterior, bloqueio ""U"" (segurança) ou bloqueio ""4"": seguir os procedimentos de Alteração.\n\nConsulte em `SISRET X69 > 02` (correntistas: agência/conta; não correntistas: número do cartão), campo STATUS, ou pela Plataforma (Segurança > Senhas > Gerenciamento de Senhas). Não pergunte data de validade nem CVV ao cliente — preencha o número do cartão, use o mês/ano do contato como validade e ""000"" no CVV2.\n\n| Tipo de bloqueio | Canal | Procedimento |\n|---|---|---|\n| Por iniciativa da agência ou do cliente | Agência | Com a senha de 6 dígitos (recomendar levar o cartão). |\n| | TAA | Com código de acesso ou biometria. |\n| Por motivo ""T"" | Agência | Idem acima. |\n| | TAA | Idem acima. |\n| Por digitação incorreta 3 vezes | App Alfa (dispositivo autorizado >30 dias, Alfa Code/Push, geolocalização, cartão ativo) | Recuperar Senhas > Senha de 8 dígitos > Desbloquear (digitar a senha atual). |\n| | Agência | Com a senha de 6 dígitos. |\n| | TAA | Com código de acesso ou biometria. |\n| Por erro na tentativa de desbloqueio na TAA | Agência | Com a senha de 6 dígitos. |\n\n---\n\n## 4. Não Correntista\n\n### 4.1. Senha de 6 dígitos\n\n**4.1.1. Cadastramento:** clientes não correntistas que solicitam Cartão Alfa via App ou web cadastram no próprio fluxo de solicitação. Private Label → rotina 50133. Cartões de programa de fidelidade parceiro → rotina 50134.\n\n**4.1.2. Alteração:** Agência (qualquer uma, com cartão válido e identificação); SAC e Plataforma de Relacionamento → item 6 desta rotina.\n\n**4.1.3. Bloqueio:** por iniciativa do cliente — TAA; SAC QC/QP; Plataforma de Relacionamento; agências.\n\n**4.1.4. Desbloqueio:** Agência (qualquer uma, com a senha de 6 dígitos); TAA (com o código de acesso).\n\n### 4.2. Conta de Acesso e Senha de 8 dígitos\n\n**Demanda:** dificuldade para acessar o App Alfa ou o App Cartão Alfa com a senha de 8 dígitos.\n\n> **Atenção:** há 2 tipos de senha de 8 dígitos para não correntista — **Conta de Acesso** (acessa o App Alfa) e **Senha-8** (acessa o App Cartão Alfa). O cliente normalmente não sabe dessa distinção. Para identificar o tipo, siga o item 4.2.1.\n\n**4.2.1. Identificação do tipo de senha**\n\n*4.2.1.1. Sistema Alfa:*\n- a) Senha Conta de Acesso: `SISRET X69 > 02 > nº do cartão`. Se ""não localizado"" ou se o cliente tiver os dois tipos, siga para (b). Se possuir só Conta de Acesso: Quadro Contratado → siga para 4.2.2; Quadro Próprio → confira a situação (se ""Ativo"", tecle F9 para mais detalhes) e siga para 4.2.2.\n- b) Senha-8: `SISALFA > SISRET X69 > 02 > nº do cartão`. Cliente com só Senha-8, ou com as duas → oriente conforme 4.2.2 (Quadro Próprio e Contratado).\n\n*4.2.1.2. Plataforma:* não pergunte data de validade nem CVV. `Plataforma de Negócios > Segurança > Senhas > Gerenciamento de Senhas 3.0` — preencha o número do cartão, use o mês/ano do contato como validade e ""000"" no CVV2.\n\n**4.2.2. Procedimentos** (se o cliente tiver os dois tipos, pergunte qual app ele quer acessar):\n\n| Senha | Cadastramento | Alteração | Bloqueio | Desbloqueio |\n|---|---|---|---|---|\n| **Conta de Acesso** (App Alfa) | No momento da contratação do cartão (App Alfa/onboarding digital) | App Alfa (Central de Senhas) ou link de recuperação; Agência (cartão válido e previamente liberado) | Agência | Agência (cartão válido e previamente liberado) |\n| **Senha-8** (App Cartão Alfa) | No momento da contratação do cartão (lojas parceiras, correspondentes, agências) | TAA; SAC e Plataforma de Relacionamento (Geração de Senha, ou outros canais); App Cartão Alfa ""Esqueci minha senha"" (sem bloqueio vigente); Agência | TAA; APF; Mobile; agências; **se o cliente foi vítima de assalto, roubo ou sequestro:** SAC QP/QC e Plataforma de Relacionamento → `SISRET X98`, código de rota 800050, conta = nº da conta do cartão | TAA; Agência |\n\n> Não correntistas com Conta de Acesso também podem acessar o App Cartão Alfa, mas precisam cadastrar uma senha de 8 dígitos separada via ""Esqueci senha"" — explique que serão duas senhas diferentes, uma para cada app. Quem possui só a Senha-8 NÃO consegue acessar o App Alfa.\n\n---\n\n## 5. Código de Acesso (Alfanumérico)\n\na) **Deficientes visuais:** o cliente com deficiência visual total pode ser dispensado da exigência do código de acesso, mediante registro da característica no cadastro pela agência. Em conta conjunta, a dispensa vale só para o titular com a deficiência.\n\nb) **Tipos:** CAA (letras), CAS (sílabas), CAN (alfanumérico). Emitido quando o cliente usa a TAA com cartão pela primeira vez, tentando uma transação/consulta — o cliente é avisado do novo código, que substitui o anterior.\n\nc) Se o cliente disser que não tem/não anotou o código: oriente conforme a tabela abaixo, ou informe que TAAs com biometria dispensam o código de acesso (rotina 50132, itens 1 e 9).\n\n**5.1. O que é:** código aleatório (letras, sílabas e/ou números), não escolhido pelo cliente; para PF e PJ, correntistas, não correntistas e poupadores portadores de cartão; necessário em: TAA, Banco 24 Horas e rede compartilhada (Banco Parceiro Beta).\n\n**5.2. Cadastramento:** gerado e impresso automaticamente no primeiro uso do cartão na TAA; regenerado em migração de conta (mesmo cartão) ou quando o código antigo é cancelado. Se a impressora estiver inoperante, é mostrado só em tela. Código único para todos os titulares solidários.\n\n**5.3. Alteração:** não existe alteração direta — o código deve ser cancelado (canais abaixo); a nova combinação é gerada automaticamente no próximo acesso à TAA. *(O código não muda se a senha da conta corrente for alterada.)*\n\n| Canal | Procedimento |\n|---|---|\n| App Alfa | Área logada > Perfil > Segurança > Central de senhas > Código de Acesso > Solicitar novo código. |\n| Site institucional | Área logada — confirmação via Alfa Code; sem Alfa Code, confirma na TAA com biometria cadastrada há mais de 7 dias. |\n| Agência | Com a senha de 6 dígitos (recomendar levar o cartão). |\n\n**5.4. Bloqueio:** após 3 tentativas seguidas incorretas. Bloqueio da senha de 6 dígitos ou do código de acesso mantém o uso da TAA com biometria. Bloqueio da senha de 6 dígitos mantém o uso do código de acesso, exceto nos bloqueios ""U"" ou ""8"".\n\n**5.5. Desbloqueio:** pelo próprio cliente na TAA, usando o próprio código de acesso. Se houver novo erro, o código deve ser cancelado (site institucional com Alfa Code, App Alfa, ou qualquer agência) para gerar um novo.\n\n---\n\n## 6. Geração de Senha PF – Procedimentos\n\nEnvio de senha (6 e 8 dígitos) por SMS para PF — só para ALTERAÇÃO (não para cadastro de primeira senha, que segue outros canais). Não disponível para senhas ""não cadastradas""/""a cadastrar"" ou bloqueio ""U"". Faça as consultas do item 6.2 antes.\n\n### 6.1. Atendimento\n\n| Frente | Quem atende | Identificação |\n|---|---|---|\n| SAC QP | Correntistas e não correntistas | Cliente autenticado (URA, Token ou Identificação Positiva) |\n| SAC QC | Não correntistas portadores de cartão (correntistas/poupadores: transferir para a Célula de Segurança via rotina 50106) | — |\n| Plataforma de Relacionamento QP | Correntistas e não correntistas | Autenticado por CPF+senha, agência/conta+senha ou Token: IP dispensada. Atendimentos ATA, Consultoria e Texto: exigem IP. Bancada Cartão: Checklist Maior Risco. |\n| Plataforma de Relacionamento QC | Não correntistas portadores de cartão (correntistas/poupadores: demais canais, itens 3 e 4) | — |\n\n### 6.2. Consultas\n\n1. Verifique o cadastro da senha em `SISRET X69 > 02` ou pela Plataforma (Segurança > Senhas > Gerenciamento de Senhas) — correntistas: agência/conta; não correntistas: número do cartão (não pedir validade/CVV; usar mês/ano do contato e ""000"" no CVV2).\n2. Resultado ""Não cadastrada""/""A cadastrar"" → cliente não correntista com entrada via onboarding digital; não é possível enviar senha; oriente: 8 dígitos via App Alfa (se dispositivo autorizado com Alfa Code/push); 6 dígitos, comparecer a uma agência.\n3. Resultado ""U Bloqueado"" → SAC Receptivo (Célula de Segurança) → rotina 50130; SAC Soluções QP → rotina 50131; SAC Receptivo QC → rotina 50112; Plataforma de Relacionamento → orientar contato com o SAC.\n4. Demais situações → prossiga: pergunte o celular atual do cliente (não informe outros números cadastrados) e confira no cadastro (agência/conta ou MCI) se é o mesmo já registrado. Se divergente, ou se houver mais de um número/duplicidade cadastrada → oriente comparecimento a uma agência. Se for o mesmo e único número → siga para 6.3.\n\n### 6.3. Geração de Senha\n\na) Acesse Plataforma > Segurança > Senhas > Envio de Senha por SMS.\nb) Consulte por tipo de cliente: correntista (CPF, agência e conta, ou MCI); não correntista (CPF); na aba Cartão, informe o número (via `Cartão > 11 > 1` ou `17 > 01 > 01`) — se houver mais de um cartão, peça modalidade e os 4 últimos dígitos.\nc) Selecione a conta/cartão do cliente.\nd) Selecione o envio de senha de 8 e/ou 6 dígitos — o sistema gera uma senha aleatória e envia por SMS.\ne) Informe que a senha chega por SMS ao celular cadastrado, sem prazo de expiração, e que deve ser alterada assim que possível por segurança.\nf) Se for senha de 6 dígitos, informe que, após a alteração, é preciso validar o chip do cartão em qualquer TAA — caso contrário, a nova senha não funcionará com o cartão com chip.\n\n---\n\n## 7. Cliente no Exterior\n\na) **Central de Senhas** (no App Alfa; exige cartão ativo, dispositivo liberado e Alfa Code/Push): permite alterar/bloquear/desbloquear/criar senha de 8 dígitos; alterar/bloquear/desbloquear senha de 6 dígitos; solicitar novo código de acesso. Acesso com a senha atual: área logada > Perfil > Central de senhas. Sem a senha: tela inicial não logada > Recuperar senha.\n\nb) **Agências no exterior:** procedimento de senhas disponível somente na agência de Tóquio.\n\nc) Solicitar a um representante legal (com procuração com firma reconhecida) que realize a operação na agência de relacionamento do cliente no Brasil.\n\nd) A agência de relacionamento envia ao e-mail cadastrado no MCI uma declaração para o cliente assinar e digitalizar — válido apenas para senhas bloqueadas por erro, não para bloqueio ""U"" (suspeita de fraude). O pedido pode começar por qualquer canal de contato, mas a declaração assinada só pode retornar pelo e-mail cadastrado no MCI. A agência de relacionamento pode ser confirmada com o cliente durante a ligação, na aba lateral da Plataforma de Relacionamento.\n\ne) **Cartões com chip:** após a alteração da senha de 6 dígitos, oriente o cliente a atualizar o chip de todos os plásticos ao voltar ao Brasil (em uma TAA), sob risco de impacto em transações presenciais; carteiras digitais funcionam normalmente após a troca.\n\nf) **Uso da senha no exterior:** alguns terminais usam PIN de 4 e/ou 6 dígitos. Nos de 4 dígitos, o cliente informa os 4 primeiros dígitos da sua senha de 6. No exterior, o cliente tem as mesmas opções dos demais clientes, pelo site institucional ou pelo App Alfa.\n\n---\n\n## 8. Senha do Portador Adicional\n\n| Portador | Solicitação | Alteração/reposição |\n|---|---|---|\n| **Adicional não correntista** | Presencial: senha de 6 dígitos cadastrada na hora. Demais canais: senha enviada por correio ao endereço do portador titular. | Se perder, esquecer ou não receber, cadastrar nova em qualquer agência. |\n| **Adicional correntista** | Usa a mesma senha pessoal de 6 dígitos de sua própria conta. Sem senha gravada: modalidades Doméstico/Internacional → sistema não gera o cartão; modalidades Gold e superiores → senha enviada por correio, cartão gerado após o recebimento. | Se perder, esquecer ou não receber, seguir as orientações do item 3. |\n\n---\n\n## 9. Acesso ao gov.br com credenciais do Banco Alfa\n\nVer rotina 50135.\n\n---\n\n## 10. Central de Senhas PF\n\nSolução de segurança no App Alfa para o cliente gerenciar suas senhas.\n- **Área logada:** Perfil > Segurança > Central de Segurança > Central de senhas; Perfil > Segurança > Central de senhas; Menu > Segurança > Central de Segurança > Central de Senhas.\n- **Área não logada:** Tela inicial > Recuperar Senha; ou role a tela para cima > Recuperar Senha.\n\n**Requisitos:** celular autorizado há mais de 30 dias; telefone cadastrado no ATO; Alfa Code ou Push habilitado; geolocalização ativa e autorizada; permissão de câmera concedida ao app; cartão ativo.\n\n> **Atenção:** não correntistas usam a Central de Senhas apenas para alterar a senha ""Conta de Acesso"" (ver item 4.2.2).\n\n---\n\n## 11. Fontes de informação\n\nUGS – Unidade de Gestão de Segurança (código 800040) · Normativo interno 5001 · Normativo interno 5002\n\n---\n\n## 12. Rotinas absorvidas\n\nO conteúdo das seguintes rotinas foi absorvido por este documento:\n\n| Código (anonimizado) | Assunto |\n|---|---|\n| 50137 | Senhas – Orientações (Código de Acesso) |\n| 50138 | Senhas – Orientações (Não correntista) |\n| 50139 | Senhas – Correntistas (Internet e Celular) |\n| 50140 | Arquivada – Senhas – Orientações (Conta-corrente) |\n| 50141 | POP UP – Senhas – Tipos de bloqueio |\n| 50142 | Modalidade de conta simplificada – Senhas |\n| 50143 | Senhas – Orientações – Poupador não correntista |\n| 50144 | Acesso do cliente à plataforma digital gov.br (parceria Banco Alfa e Governo Federal) |\n| 50145 | Senhas – Alfa Digital PJ |\n| 50146 | Atendimento para clientes não participantes do modelo ATA |\n| 50147 | Geração de senha PF – Procedimentos |\n']","Bloqueio 'U' não usa geração de senha comum: SAC Receptivo QP encaminha à Célula de Segurança (rotina 50130), SAC Soluções QP à 50131, SAC QC à 50112; Plataforma de Relacionamento orienta contato com o SAC.",ROLE_RESTRICTION,6.2611,,1.0,0.8624179781607317,1.0,0.9999999999
"Consigo trocar a senha pelo site sem Alfa Code?
[Dados coletados via clarificação: alfa_code=não; biometria_dias=10; canal_tentado=site]","Sim, é possível realizar a alteração da senha de 8 dígitos pelo site institucional sem o Alfa Code, desde que você possua biometria cadastrada no TAA há mais de 7 dias.

Como você informou que possui biometria cadastrada há 10 dias, o procedimento é o seguinte:

1. Acesse o site institucional em um computador autorizado.
2. Siga o caminho: **Segurança > Senhas > Alterar > Senha da internet (8 dígitos)**.
3. Como você não utiliza o Alfa Code, o sistema solicitará a confirmação da operação em um TAA (Terminal de Autoatendimento) utilizando a sua biometria.

**Observações importantes:**
* Este procedimento é válido para a alteração da senha de 8 dígitos.
* Caso você esteja tentando alterar a senha de 6 dígitos, o caminho no site institucional também permite a confirmação via TAA com biometria (cadastrada há mais de 7 dias) caso você não possua o Alfa Code.
* Certifique-se de estar utilizando um computador autorizado para realizar essas operações.

### References

- [2] POP – Gestão de Senhas e Código de Acesso – Pessoa Física
- [3] POP – Gestão de Senhas e Código de Acesso – Pessoa Física","['# POP – Gestão de Senhas e Código de Acesso – Pessoa Física\n### [Versão anonimizada/pseudonimizada — documento complementar ao POP de CDC]\n\n> **Nota metodológica:** este documento usa a mesma metodologia e os mesmos pseudônimos institucionais do POP de CDC anonimizado anteriormente (Banco Alfa, SISALFA, App Alfa etc.). Termos novos e específicos deste documento (produtos de cartão, plataformas, rotinas) foram adicionados à mesma chave de correspondência (arquivo único, cumulativo). A lógica processual e as condições originais foram mantidas integralmente.\n\n**Sumário:** Notas iniciais · 1. Resumo das senhas · 2. Situação das senhas · 3. Correntistas e poupadores · 4. Não correntista · 5. Código de acesso · 6. Geração de senha PF · 7. Cliente no exterior · 8. Senha do portador adicional · 9. Acesso ao gov.br · 10. Central de Senhas PF · 11. Fontes de informação · 12. Rotinas absorvidas\n\n---\n\n## Notas iniciais\n\na) **Transferência de saldo/produtos entre agências:** a senha da agência de origem não é alterada; o cliente acessa normalmente a conta na agência de destino.\n\nb) Os procedimentos desta rotina não se aplicam a clientes PJ ou Setor Público. Para chave J e senhas (Alfa Digital PJ), ver rotina 50129.\n\nc) **Titulares solidários:** as senhas (6 e 8 dígitos) e o código de acesso são os mesmos para todos os titulares. Se um titular bloquear a senha, os demais ficam impossibilitados de realizar transações.\n\nd) **Push:** notificação recebida diretamente no App Alfa. Para ativar: 1) autorizar o App Alfa no sistema do celular (Android: Configurações > Receber Notificações; iOS: Ajustes > Receber Notificações); 2) ativar pelo App Alfa (área logada) em Perfil > Geral > Receber notificações.\n\ne) **Bloqueio de Canal:** consulte na plataforma em Segurança > Bloqueio de segurança > Histórico. Havendo bloqueio, o desbloqueio ocorre após a alteração das senhas de 6 e 8 dígitos — é obrigatório alterar primeiro a de 8 dígitos, depois a de 6. Use os itens 3 e/ou 4 para orientar os canais.\n\n---\n\n## 1. Resumo da utilização das senhas\n\n| Tipo de senha | Canais de utilização |\n|---|---|\n| Senha de 4 dígitos | Descontinuada |\n| Senha de 6 dígitos | Confirma transações de cartão débito e crédito. Plataforma de Relacionamento/URA: acesso, consulta e confirmação de transações da mesma titularidade. Site institucional (sem Alfa Code): confirmação de transações financeiras. App Alfa: confirmação de transações financeiras. WhatsApp Alfa: pode ser solicitada para confirmação de algumas transações. TCX, TAD, POS, correspondente bancário: confirmação de transações. TAA: confirmação de transações de beneficiários do INSS e de portadores de deficiência visual sem código de acesso. Banco 24 Horas e rede compartilhada (Banco Parceiro Beta): confirmação de transações de portadores de deficiência visual sem código de acesso. |\n| Senha de 8 dígitos | Site institucional, App Alfa, App Cartão Alfa e WhatsApp: acesso, consultas, transações financeiras e aquisição de produtos/serviços. |\n| Código de Acesso (letras, sílabas ou alfanumérico) | TAA, Banco 24 Horas e rede compartilhada: confirma transações, inclusive saques na função crédito do cartão. |\n| Conta de Acesso (senha alfanumérica) | Utilizada por não correntistas no App Alfa (versão não correntista). |\n\n---\n\n## 2. Situação das Senhas\n\n### 2.1. Consultas\n- Senhas de 6/8 dígitos e código de acesso — Quadro Próprio e Quadro Contratado: `SISALFA > SISRET > X69 > 2` (correntistas: agência e conta; não correntistas: número do cartão), campo STATUS (pode ser informado ao cliente).\n- Conta de Acesso (Quadro Próprio): `SISALFA > ACESSO > 32 > 01 > CPF`.\n\n### 2.2. Códigos aplicáveis a TODOS os tipos de senha\n| Código | Significado | Situação |\n|---|---|---|\n| 0 | Sem ocorrência de erro de digitação | Ativa |\n| 1 | Cliente errou a digitação uma vez | — |\n| 2 | Cliente errou a digitação duas vezes | — |\n| 3 | Cliente errou a digitação três vezes (se ocorrer na senha de 6 dígitos via APF, Mobile ou WhatsApp, o bloqueio ""3"" é aplicado também à senha de 8 dígitos) | Bloqueada |\n| 6 | Senha (PJ e Governo) cadastrada no Alfa Digital PJ, aguardando confirmação de um funcionário da agência | — |\n| 7 | Senha (PJ e Governo) cadastrada no Alfa Digital PJ, aguardando confirmação de dois funcionários da agência | — |\n| Q | Senha alterada no APF Internet sem Alfa Code, ou no APF Celular sem fotografar cartão válido (aguardando confirmação na TAA com biometria cadastrada há mais de 7 dias) | — |\n| U | Senha bloqueada pelo monitoramento de segurança dos canais de autoatendimento | — |\n\n### 2.3. Códigos exclusivos da senha de 6 dígitos\n| Código | Significado | Situação |\n|---|---|---|\n| A | Senha digitada errada 3 vezes | Bloqueada |\n| D | Erro na tentativa de desbloqueio na TAA, ou bloqueio feito pelo próprio cliente via APF Celular/Internet | — |\n\n### 2.4. Códigos exclusivos da senha de 8 dígitos\n| Código | Significado | Situação |\n|---|---|---|\n| T | Senha registrada antes de 2012 e bloqueada por não uso nos últimos 90 dias | Bloqueada |\n| D | Alteração iniciada via APF Celular, com falha na confirmação via TAA sem biometria | — |\n| P | Senha cadastrada via APF Internet/Celular, aguardando confirmação na TAA | — |\n| 4 | Erro na tentativa de desbloqueio via Mobile | — |\n| 8 | Senha bloqueada pela agência ou pelo próprio cliente nos canais de autoatendimento | — |\n\n### 2.5. Situações do código de acesso\nCódigo ""4"" = tentativa de desbloqueio na TAA; CAA = letras; CAS = sílabas; CAN = alfanumérico.\n\n### 2.6. Situações da senha alfanumérica (Conta de Acesso)\n*Solicitado* = cadastramento/alteração pedidos; *Ativa* = cadastrada e ativa; *Bloqueado* = bloqueada por erro de digitação ou por segurança.\n> Essa confirmação ocorre por oferta ativa, sem necessidade de navegar pelo menu da TAA.\n\n---\n\n## 3. Correntistas e Poupadores\n\n### 3.1. Senha de 6 dígitos (conta e cartão)\n\nUsada para autorizar transações em: terminais de caixa das agências, TAA, site institucional (sem Alfa Code), App Alfa, correspondente bancário, transações de cartão (débito e crédito) e acesso à Central de Relacionamento/SAC. Vinculada à agência/conta (correntista) ou ao CPF (não correntista).\n\n**3.1.1. Cadastramento**\n\n| Canal | Procedimento |\n|---|---|\n| Agência | Correntistas e poupadores: no fluxo de abertura de conta, em qualquer agência. Beneficiários do INSS: em qualquer agência. Clientes de conta digital: no fluxo de abertura pelo App Alfa. |\n\n> **Atenção:** se o cliente quiser encerrar a conta corrente e ficar só com o cartão de crédito, cadastre nova senha como não correntista — obrigatório para não deixar pendente a emissão dos cartões.\n\n**3.1.2. Alteração**\n\n> Para cartões com chip, após a alteração, oriente o cliente a atualizar o chip de todos os plásticos em qualquer TAA (sob risco da senha não funcionar). Verifique a possibilidade de enviar senha provisória por SMS (item 6).\n\n| Canal | Requisitos/Condição | Procedimento |\n|---|---|---|\n| App Alfa | Celular autorizado há mais de 30 dias; Alfa Code ou Push habilitado; geolocalização ativa e autorizada; cartão ativo; senha de 8 dígitos ativa (códigos 0, 1 e/ou 2). Não disponível se bloqueada por ""8"". | **Com a senha anterior:** área logada > Perfil > Segurança > Central de senhas > Senha de 6 dígitos > Alterar. **Sem a senha anterior:** área logada > Perfil > Segurança > Central de senhas > Senha de 6 dígitos > Esqueci a senha > ""Agora utilizando o cartão"" (dados do cartão) — confirmação por: (i) biometria na TAA (cadastrada há mais de 7 dias): App Alfa > Menu > Perfil > Central de senhas > Senha de 6 dígitos > Esqueci a senha > No caixa eletrônico, depois na TAA em Segurança e Senhas > Senhas > Liberação de Senha Provisória > Senha da conta e cartão (6 dígitos); ou (ii) WhatsApp (telefone cadastrado no ATO): área logada > Perfil > Central de senhas > Senha de 6 dígitos > Esqueci a senha > Por WhatsApp. |\n| Site institucional | Senha de 8 dígitos ativa (códigos 0, 1 e/ou 2). Não disponível para quem não usa Alfa Code e não tem biometria cadastrada há mais de 7 dias (ou de forma assistida), nem para bloqueio ""U"" ou ""8"" da senha de 6 dígitos. | Em computador autorizado, com ou sem a senha anterior: **com adesão ao Alfa Code:** área logada > Segurança > Senhas > Alterar > Senha do cartão (6 dígitos) (exige código de autorização do Alfa Code). **Sem adesão ao Alfa Code, com biometria cadastrada:** mesmo caminho, confirmando em uma TAA com biometria cadastrada há mais de 7 dias. |\n| Agências (inclusive bloqueio ""U"") | — | Mediante identificação; recomendar que o cliente leve o cartão. |\n| SAC | Bloqueio ""U"": SAC Receptivo QP/QC (Célula de Segurança) → rotina 50130; SAC Soluções QP → rotina 50131; SAC Quadro Contratado → rotina 50112. Outros bloqueios: SAC Quadro Próprio → procedimento de Geração de Senha (item 6); SAC Quadro Contratado → rotina 50112. | — |\n| Plataforma de Relacionamento / ATA | Exceto bloqueio ""U"": Quadro Próprio → Geração de Senha; Quadro Contratado (não correntista portador de cartão) → Geração de Senha; correntistas/poupadores → demais canais. | — |\n\n**3.1.3. Bloqueio**\n\nCanais por iniciativa do cliente: TAA; SAC QC/QP; Plataforma de Relacionamento; site institucional (com Alfa Code); App Alfa (dispositivo autorizado, com Alfa Code ou push); agências.\n> Se o cliente detectar lançamentos indevidos na conta (inclusive por invasão do site), utilize também a rotina 50136, item 5.1. Bloqueio por um titular solidário impede os demais de transacionar. O bloqueio do código de acesso implica bloqueio da senha de 6 dígitos.\n\n**3.1.4. Desbloqueio**\n\nFeito COM conhecimento da senha anterior (sem isso, é preciso fazer a Alteração). Bloqueio ""U"" não admite desbloqueio, só Alteração.\n\n| Canal | Requisitos | Procedimento |\n|---|---|---|\n| App Alfa | Celular autorizado >30 dias; Alfa Code/Push habilitado; geolocalização ativa; cartão ativo; senha de 8 dígitos ativa (0,1,2). | Área logada > Perfil > Segurança > Central de senhas > Senha de 6 dígitos > Desbloquear. |\n| Site institucional | Senha de 8 dígitos ativa (0,1,2). | Em computador autorizado — com Alfa Code: Segurança > Senhas > Desbloquear (código de autorização); sem Alfa Code: mesmo caminho, confirmando em TAA com biometria (>7 dias). |\n| TAA | Biometria, ou cartão + código de acesso. | Menu > Segurança e Senhas > Senhas > Desbloqueio > Senha da conta e cartão (6 dígitos). |\n| Agência | Identificação (recomendar levar o cartão). | — |\n\n> Erro de digitação na tentativa de desbloqueio na TAA: só pode ser desbloqueada em agência. Bloqueio por iniciativa da agência/cliente: desbloqueio em qualquer agência. Bloqueio por erro de identificação positiva na TAA: só desbloqueia em agência (se o cliente souber a senha); usar a TAA para essa operação não é possível. Desbloqueio exige código de acesso ou biometria; sem nenhum dos dois, é necessário comparecer a uma agência.\n\n### 3.2. Senha de 8 dígitos\n\nAcessa o site institucional e o App Alfa; pode ser provisória¹ ou definitiva. Confirmação de transações financeiras via Alfa Code; sem Alfa Code, usa-se a senha de 6 dígitos (oriente o cadastramento do Alfa Code). Senha única — não precisa ser cadastrada por cada titular.\n\n> ¹ Provisória: só senhas antigas; acesso restrito a consultas. Para movimentações financeiras, deve ser liberada em uma TAA.\n\n**3.2.1. Cadastramento**\n\n| Canal | Procedimento |\n|---|---|\n| App Alfa | Correntistas/poupadores: ""Esqueci ou não tenho a senha"" na tela de login (clientes sem histórico de equipamento autorizado no ATO); o equipamento fica em carência (há um link de liberação). Clientes de conta digital: cadastram no fluxo de abertura via Mobile. |\n| TAA | Com biometria cadastrada há mais de 7 dias: Menu > Segurança e Senhas > Senhas > Cadastramento. |\n| Agência | Qualquer agência, informando a senha de 6 dígitos. |\n\n**3.2.2. Alteração**\n\n| Canal | Condição | Procedimento |\n|---|---|---|\n| App Alfa | Celular autorizado >30 dias; Alfa Code/Push; geolocalização; cartão ativo. | **Com a senha atual:** área logada > Perfil > Segurança > Central de senhas > Senha de 8 dígitos > Alterar (digitar a senha atual). **Sem a senha atual (inclusive bloqueio ≠ ""U""), ou bloqueio ""U"":** ""Esqueci minha senha"" (tela de login ou tela inicial não logada) > Recuperar senha > Senha de 8 dígitos > Esqueci a senha, com 3 opções: (i) ""Agora utilizando o cartão"" (dados do cartão, dispositivo autorizado, Alfa Code ou Push); (ii) ""No caixa eletrônico"" (confirmação por biometria na TAA, cadastrada há mais de 7 dias); (iii) por WhatsApp (telefone cadastrado no ATO + versão mínima do app + reconhecimento facial). *A opção ""recuperar senha"" só aparece em celular autorizado onde o cliente já acessou a conta ao menos uma vez.* |\n| Site institucional (computador autorizado) | Com a senha atual: exigida a senha de 8 dígitos atual. | **Com Alfa Code:** Segurança > Senhas > Alterar > Senha da internet (8 dígitos) (código de autorização). **Sem Alfa Code:** mesmo caminho, confirmando em TAA com biometria (>7 dias). Sem a senha atual (inclusive bloqueio ≠ ""U""), ou bloqueio ""U"": não disponível neste canal. |\n| TAA | Com ou sem a senha atual (inclusive bloqueios). | Menu > Segurança e Senhas > Senhas > Alteração > Senha de acesso à internet e ao celular (8 dígitos). Com biometria: qualquer horário (cadastrada há mais de 7 dias, ou de forma assistida). Sem biometria, com cartão com chip + código de acesso: das 10h às 16h em dias úteis. |\n| Agência | Com ou sem a senha atual (inclusive bloqueios). | Atendimento presencial, exigindo a senha de 6 dígitos; recomendar levar o cartão. |\n| SAC | Com a senha atual, ou sem ela (exceto ""U""): Quadro Próprio → Geração de Senha; Quadro Contratado → rotina 50112. Bloqueio ""U"": SAC Receptivo (Célula de Segurança) → rotina 50130; SAC Soluções QP → rotina 50131; SAC QC → rotina 50112. | — |\n| Plataforma de Relacionamento / ATA | Com a senha atual, ou sem ela (exceto ""U""): Quadro Próprio → Geração de Senha; Quadro Contratado (não correntista com cartão) → Geração de Senha; correntistas/poupadores → demais canais. Bloqueio ""U"": não disponível neste canal. | — |\n\n**3.2.3. Bloqueio**\n\nCanais por iniciativa do cliente: TAA; SAC; agências; site institucional (com Alfa Code); App Alfa (dispositivo autorizado, com Alfa Code ou push). Bloqueio de segurança ocorre quando há indício de violação da senha. Bloqueio ""T"": não é mais aplicado — restam apenas registros até 2012.\n\n**3.2.4. Desbloqueio**\n\n> Sem conhecimento da senha anterior, bloqueio ""U"" (segurança) ou bloqueio ""4"": seguir os procedimentos de Alteração.\n\nConsulte em `SISRET X69 > 02` (correntistas: agência/conta; não correntistas: número do cartão), campo STATUS, ou pela Plataforma (Segurança > Senhas > Gerenciamento de Senhas). Não pergunte data de validade nem CVV ao cliente — preencha o número do cartão, use o mês/ano do contato como validade e ""000"" no CVV2.\n\n| Tipo de bloqueio | Canal | Procedimento |\n|---|---|---|\n| Por iniciativa da agência ou do cliente | Agência | Com a senha de 6 dígitos (recomendar levar o cartão). |\n| | TAA | Com código de acesso ou biometria. |\n| Por motivo ""T"" | Agência | Idem acima. |\n| | TAA | Idem acima. |\n| Por digitação incorreta 3 vezes | App Alfa (dispositivo autorizado >30 dias, Alfa Code/Push, geolocalização, cartão ativo) | Recuperar Senhas > Senha de 8 dígitos > Desbloquear (digitar a senha atual). |\n| | Agência | Com a senha de 6 dígitos. |\n| | TAA | Com código de acesso ou biometria. |\n| Por erro na tentativa de desbloqueio na TAA | Agência | Com a senha de 6 dígitos. |\n\n---\n\n## 4. Não Correntista\n\n### 4.1. Senha de 6 dígitos\n\n**4.1.1. Cadastramento:** clientes não correntistas que solicitam Cartão Alfa via App ou web cadastram no próprio fluxo de solicitação. Private Label → rotina 50133. Cartões de programa de fidelidade parceiro → rotina 50134.\n\n**4.1.2. Alteração:** Agência (qualquer uma, com cartão válido e identificação); SAC e Plataforma de Relacionamento → item 6 desta rotina.\n\n**4.1.3. Bloqueio:** por iniciativa do cliente — TAA; SAC QC/QP; Plataforma de Relacionamento; agências.\n\n**4.1.4. Desbloqueio:** Agência (qualquer uma, com a senha de 6 dígitos); TAA (com o código de acesso).\n\n### 4.2. Conta de Acesso e Senha de 8 dígitos\n\n**Demanda:** dificuldade para acessar o App Alfa ou o App Cartão Alfa com a senha de 8 dígitos.\n\n> **Atenção:** há 2 tipos de senha de 8 dígitos para não correntista — **Conta de Acesso** (acessa o App Alfa) e **Senha-8** (acessa o App Cartão Alfa). O cliente normalmente não sabe dessa distinção. Para identificar o tipo, siga o item 4.2.1.\n\n**4.2.1. Identificação do tipo de senha**\n\n*4.2.1.1. Sistema Alfa:*\n- a) Senha Conta de Acesso: `SISRET X69 > 02 > nº do cartão`. Se ""não localizado"" ou se o cliente tiver os dois tipos, siga para (b). Se possuir só Conta de Acesso: Quadro Contratado → siga para 4.2.2; Quadro Próprio → confira a situação (se ""Ativo"", tecle F9 para mais detalhes) e siga para 4.2.2.\n- b) Senha-8: `SISALFA > SISRET X69 > 02 > nº do cartão`. Cliente com só Senha-8, ou com as duas → oriente conforme 4.2.2 (Quadro Próprio e Contratado).\n\n*4.2.1.2. Plataforma:* não pergunte data de validade nem CVV. `Plataforma de Negócios > Segurança > Senhas > Gerenciamento de Senhas 3.0` — preencha o número do cartão, use o mês/ano do contato como validade e ""000"" no CVV2.\n\n**4.2.2. Procedimentos** (se o cliente tiver os dois tipos, pergunte qual app ele quer acessar):\n\n| Senha | Cadastramento | Alteração | Bloqueio | Desbloqueio |\n|---|---|---|---|---|\n| **Conta de Acesso** (App Alfa) | No momento da contratação do cartão (App Alfa/onboarding digital) | App Alfa (Central de Senhas) ou link de recuperação; Agência (cartão válido e previamente liberado) | Agência | Agência (cartão válido e previamente liberado) |\n| **Senha-8** (App Cartão Alfa) | No momento da contratação do cartão (lojas parceiras, correspondentes, agências) | TAA; SAC e Plataforma de Relacionamento (Geração de Senha, ou outros canais); App Cartão Alfa ""Esqueci minha senha"" (sem bloqueio vigente); Agência | TAA; APF; Mobile; agências; **se o cliente foi vítima de assalto, roubo ou sequestro:** SAC QP/QC e Plataforma de Relacionamento → `SISRET X98`, código de rota 800050, conta = nº da conta do cartão | TAA; Agência |\n\n> Não correntistas com Conta de Acesso também podem acessar o App Cartão Alfa, mas precisam cadastrar uma senha de 8 dígitos separada via ""Esqueci senha"" — explique que serão duas senhas diferentes, uma para cada app. Quem possui só a Senha-8 NÃO consegue acessar o App Alfa.\n\n---\n\n## 5. Código de Acesso (Alfanumérico)\n\na) **Deficientes visuais:** o cliente com deficiência visual total pode ser dispensado da exigência do código de acesso, mediante registro da característica no cadastro pela agência. Em conta conjunta, a dispensa vale só para o titular com a deficiência.\n\nb) **Tipos:** CAA (letras), CAS (sílabas), CAN (alfanumérico). Emitido quando o cliente usa a TAA com cartão pela primeira vez, tentando uma transação/consulta — o cliente é avisado do novo código, que substitui o anterior.\n\nc) Se o cliente disser que não tem/não anotou o código: oriente conforme a tabela abaixo, ou informe que TAAs com biometria dispensam o código de acesso (rotina 50132, itens 1 e 9).\n\n**5.1. O que é:** código aleatório (letras, sílabas e/ou números), não escolhido pelo cliente; para PF e PJ, correntistas, não correntistas e poupadores portadores de cartão; necessário em: TAA, Banco 24 Horas e rede compartilhada (Banco Parceiro Beta).\n\n**5.2. Cadastramento:** gerado e impresso automaticamente no primeiro uso do cartão na TAA; regenerado em migração de conta (mesmo cartão) ou quando o código antigo é cancelado. Se a impressora estiver inoperante, é mostrado só em tela. Código único para todos os titulares solidários.\n\n**5.3. Alteração:** não existe alteração direta — o código deve ser cancelado (canais abaixo); a nova combinação é gerada automaticamente no próximo acesso à TAA. *(O código não muda se a senha da conta corrente for alterada.)*\n\n| Canal | Procedimento |\n|---|---|\n| App Alfa | Área logada > Perfil > Segurança > Central de senhas > Código de Acesso > Solicitar novo código. |\n| Site institucional | Área logada — confirmação via Alfa Code; sem Alfa Code, confirma na TAA com biometria cadastrada há mais de 7 dias. |\n| Agência | Com a senha de 6 dígitos (recomendar levar o cartão). |\n\n**5.4. Bloqueio:** após 3 tentativas seguidas incorretas. Bloqueio da senha de 6 dígitos ou do código de acesso mantém o uso da TAA com biometria. Bloqueio da senha de 6 dígitos mantém o uso do código de acesso, exceto nos bloqueios ""U"" ou ""8"".\n\n**5.5. Desbloqueio:** pelo próprio cliente na TAA, usando o próprio código de acesso. Se houver novo erro, o código deve ser cancelado (site institucional com Alfa Code, App Alfa, ou qualquer agência) para gerar um novo.\n\n---\n\n## 6. Geração de Senha PF – Procedimentos\n\nEnvio de senha (6 e 8 dígitos) por SMS para PF — só para ALTERAÇÃO (não para cadastro de primeira senha, que segue outros canais). Não disponível para senhas ""não cadastradas""/""a cadastrar"" ou bloqueio ""U"". Faça as consultas do item 6.2 antes.\n\n### 6.1. Atendimento\n\n| Frente | Quem atende | Identificação |\n|---|---|---|\n| SAC QP | Correntistas e não correntistas | Cliente autenticado (URA, Token ou Identificação Positiva) |\n| SAC QC | Não correntistas portadores de cartão (correntistas/poupadores: transferir para a Célula de Segurança via rotina 50106) | — |\n| Plataforma de Relacionamento QP | Correntistas e não correntistas | Autenticado por CPF+senha, agência/conta+senha ou Token: IP dispensada. Atendimentos ATA, Consultoria e Texto: exigem IP. Bancada Cartão: Checklist Maior Risco. |\n| Plataforma de Relacionamento QC | Não correntistas portadores de cartão (correntistas/poupadores: demais canais, itens 3 e 4) | — |\n\n### 6.2. Consultas\n\n1. Verifique o cadastro da senha em `SISRET X69 > 02` ou pela Plataforma (Segurança > Senhas > Gerenciamento de Senhas) — correntistas: agência/conta; não correntistas: número do cartão (não pedir validade/CVV; usar mês/ano do contato e ""000"" no CVV2).\n2. Resultado ""Não cadastrada""/""A cadastrar"" → cliente não correntista com entrada via onboarding digital; não é possível enviar senha; oriente: 8 dígitos via App Alfa (se dispositivo autorizado com Alfa Code/push); 6 dígitos, comparecer a uma agência.\n3. Resultado ""U Bloqueado"" → SAC Receptivo (Célula de Segurança) → rotina 50130; SAC Soluções QP → rotina 50131; SAC Receptivo QC → rotina 50112; Plataforma de Relacionamento → orientar contato com o SAC.\n4. Demais situações → prossiga: pergunte o celular atual do cliente (não informe outros números cadastrados) e confira no cadastro (agência/conta ou MCI) se é o mesmo já registrado. Se divergente, ou se houver mais de um número/duplicidade cadastrada → oriente comparecimento a uma agência. Se for o mesmo e único número → siga para 6.3.\n\n### 6.3. Geração de Senha\n\na) Acesse Plataforma > Segurança > Senhas > Envio de Senha por SMS.\nb) Consulte por tipo de cliente: correntista (CPF, agência e conta, ou MCI); não correntista (CPF); na aba Cartão, informe o número (via `Cartão > 11 > 1` ou `17 > 01 > 01`) — se houver mais de um cartão, peça modalidade e os 4 últimos dígitos.\nc) Selecione a conta/cartão do cliente.\nd) Selecione o envio de senha de 8 e/ou 6 dígitos — o sistema gera uma senha aleatória e envia por SMS.\ne) Informe que a senha chega por SMS ao celular cadastrado, sem prazo de expiração, e que deve ser alterada assim que possível por segurança.\nf) Se for senha de 6 dígitos, informe que, após a alteração, é preciso validar o chip do cartão em qualquer TAA — caso contrário, a nova senha não funcionará com o cartão com chip.\n\n---\n\n## 7. Cliente no Exterior\n\na) **Central de Senhas** (no App Alfa; exige cartão ativo, dispositivo liberado e Alfa Code/Push): permite alterar/bloquear/desbloquear/criar senha de 8 dígitos; alterar/bloquear/desbloquear senha de 6 dígitos; solicitar novo código de acesso. Acesso com a senha atual: área logada > Perfil > Central de senhas. Sem a senha: tela inicial não logada > Recuperar senha.\n\nb) **Agências no exterior:** procedimento de senhas disponível somente na agência de Tóquio.\n\nc) Solicitar a um representante legal (com procuração com firma reconhecida) que realize a operação na agência de relacionamento do cliente no Brasil.\n\nd) A agência de relacionamento envia ao e-mail cadastrado no MCI uma declaração para o cliente assinar e digitalizar — válido apenas para senhas bloqueadas por erro, não para bloqueio ""U"" (suspeita de fraude). O pedido pode começar por qualquer canal de contato, mas a declaração assinada só pode retornar pelo e-mail cadastrado no MCI. A agência de relacionamento pode ser confirmada com o cliente durante a ligação, na aba lateral da Plataforma de Relacionamento.\n\ne) **Cartões com chip:** após a alteração da senha de 6 dígitos, oriente o cliente a atualizar o chip de todos os plásticos ao voltar ao Brasil (em uma TAA), sob risco de impacto em transações presenciais; carteiras digitais funcionam normalmente após a troca.\n\nf) **Uso da senha no exterior:** alguns terminais usam PIN de 4 e/ou 6 dígitos. Nos de 4 dígitos, o cliente informa os 4 primeiros dígitos da sua senha de 6. No exterior, o cliente tem as mesmas opções dos demais clientes, pelo site institucional ou pelo App Alfa.\n\n---\n\n## 8. Senha do Portador Adicional\n\n| Portador | Solicitação | Alteração/reposição |\n|---|---|---|\n| **Adicional não correntista** | Presencial: senha de 6 dígitos cadastrada na hora. Demais canais: senha enviada por correio ao endereço do portador titular. | Se perder, esquecer ou não receber, cadastrar nova em qualquer agência. |\n| **Adicional correntista** | Usa a mesma senha pessoal de 6 dígitos de sua própria conta. Sem senha gravada: modalidades Doméstico/Internacional → sistema não gera o cartão; modalidades Gold e superiores → senha enviada por correio, cartão gerado após o recebimento. | Se perder, esquecer ou não receber, seguir as orientações do item 3. |\n\n---\n\n## 9. Acesso ao gov.br com credenciais do Banco Alfa\n\nVer rotina 50135.\n\n---\n\n## 10. Central de Senhas PF\n\nSolução de segurança no App Alfa para o cliente gerenciar suas senhas.\n- **Área logada:** Perfil > Segurança > Central de Segurança > Central de senhas; Perfil > Segurança > Central de senhas; Menu > Segurança > Central de Segurança > Central de Senhas.\n- **Área não logada:** Tela inicial > Recuperar Senha; ou role a tela para cima > Recuperar Senha.\n\n**Requisitos:** celular autorizado há mais de 30 dias; telefone cadastrado no ATO; Alfa Code ou Push habilitado; geolocalização ativa e autorizada; permissão de câmera concedida ao app; cartão ativo.\n\n> **Atenção:** não correntistas usam a Central de Senhas apenas para alterar a senha ""Conta de Acesso"" (ver item 4.2.2).\n\n---\n\n## 11. Fontes de informação\n\nUGS – Unidade de Gestão de Segurança (código 800040) · Normativo interno 5001 · Normativo interno 5002\n\n---\n\n## 12. Rotinas absorvidas\n\nO conteúdo das seguintes rotinas foi absorvido por este documento:\n\n| Código (anonimizado) | Assunto |\n|---|---|\n| 50137 | Senhas – Orientações (Código de Acesso) |\n| 50138 | Senhas – Orientações (Não correntista) |\n| 50139 | Senhas – Correntistas (Internet e Celular) |\n| 50140 | Arquivada – Senhas – Orientações (Conta-corrente) |\n| 50141 | POP UP – Senhas – Tipos de bloqueio |\n| 50142 | Modalidade de conta simplificada – Senhas |\n| 50143 | Senhas – Orientações – Poupador não correntista |\n| 50144 | Acesso do cliente à plataforma digital gov.br (parceria Banco Alfa e Governo Federal) |\n| 50145 | Senhas – Alfa Digital PJ |\n| 50146 | Atendimento para clientes não participantes do modelo ATA |\n| 50147 | Geração de senha PF – Procedimentos |\n']","Sim, sem Alfa Code o site exige confirmação em TAA com biometria há mais de 7 dias (ou assistida). Com 10 dias, o fluxo é permitido; com menos de 7 dias ou bloqueio 'U'/'8', o site não permite.",REGULATORY_TIMELINE,111.5568,,0.9,0.8808585678529702,1.0,0.9999999999
"Quero cancelar meu CDC renovação, como faço?
[Dados coletados via clarificação: canal_tentado=app; tipo_cliente=correntista]","Para realizar o cancelamento de um contrato de CDC Renovação, o procedimento depende do prazo decorrido desde a contratação e do canal utilizado. Como você é correntista e utilizou o aplicativo (canal de autoatendimento), observe as orientações abaixo:

### Regras para Cancelamento
*   **Prazo de até 7 dias corridos:** O cancelamento é permitido a partir do dia seguinte à liberação do crédito, desde que a contratação tenha sido feita por canal de autoatendimento (App, site, caixas eletrônicos ou telefone) e você seja o titular autenticado.
*   **Cancelamento no mesmo dia ou dia útil seguinte:** Caso a contratação tenha ocorrido no mesmo dia ou no dia útil seguinte (se a contratação foi em dia não útil), o cancelamento pode ser realizado através da rotina `CDC 14`.
*   **Após 7 dias:** Não é mais possível realizar o cancelamento, sendo permitida apenas a liquidação antecipada da operação.

### Procedimentos Importantes
1.  **Verificação de Saldo:** Antes de solicitar o cancelamento, verifique o saldo em conta para o débito do valor, considerando o uso do Limite Especial ou resgates automáticos. O débito ocorre à noite. Lembre-se que o uso do Limite Especial gera incidência de juros e IOF.
2.  **Restrições Específicas:**
    *   O cancelamento da linha **2881 – Crédito Renovação Consignação** é restrito ao departamento **DOC – Diretoria de Operações de Crédito** (código 800020) para os convênios especiais de 01 a 16.
    *   Para o **Convênio Especial 17**, o cancelamento desta mesma linha é restrito à **Superintendência Regional III** (código 800030).
3.  **Ação do Atendente:** O cancelamento deve ser efetuado em `CDC 14`. Caso o sistema apresente falha, registre uma ocorrência.
4.  **CDC Renovação sem ""troco"":** Se a contratação não foi presencial e o pedido ocorreu em até 7 dias, a operação é cancelável. Caso a liquidação antecipada não possa ser feita, registre uma ocorrência para avaliar o cancelamento (informando que o IOF será cobrado em conta).

**Atenção:** Antes de prosseguir, o atendente deve informar o número da operação e alertar que, após o cancelamento, o comando não pode ser desfeito.

### Referências
- [1] POP – Atendimento de Operações de CDC (Crédito Direto ao Consumidor) – Pessoa Física","['# POP – Atendimento de Operações de CDC (Crédito Direto ao Consumidor) – Pessoa Física\n### [Versão anonimizada/pseudonimizada para uso acadêmico]\n\n> **Nota metodológica de anonimização:** este documento é uma versão pseudonimizada de uma rotina real de atendimento (SAC) de operações de crédito pessoa física. Foram substituídos: (i) o nome da instituição financeira e de seus canais/site/e-mail; (ii) os nomes de sistemas internos claramente proprietários; (iii) nomes e códigos de convênios de consignação com órgãos públicos; (iv) códigos de prefixo/departamento interno; e (v) números de rotinas/assuntos auxiliares referenciados ao longo do texto — todos substituídos por identificadores fictícios e sequenciais. A lógica processual, as condições, exceções e o fluxo de decisão originais foram mantidos integralmente, o que preserva o valor do documento como exemplo de POP para fins de extração de árvore de decisão. Termos e siglas genéricas do setor bancário (CDC, SAC, Ouvidoria, TAA, URA, FCR, ANC, Token, Identificação Positiva) e referências a normas públicas (Resolução CMN 4.790/2020, INSS) foram mantidos, por não serem exclusivos de uma única instituição.\n\n**Sumário:** Observações iniciais · 1. Consulta geral CDC · 2. Débito da parcela CDC · 3. Simulação/Contratação · 4. Cancelamento de CDC · 5. Liquidação/Amortização · 6. Dificuldade para contratação · 7. Contratação não reconhecida · 8. Limite Especial da Conta · 9. Rotinas auxiliares · 10. Fonte de informação\n\n---\n\n## Observações iniciais\n\na) Esta rotina destina-se ao atendimento das operações de crédito PF listadas no item 2. Para os casos abaixo, consulte rotinas específicas:\n- **FIES:** rotina 50101 – SAC QC – Financiamento Estudantil (FIES)\n- **Financiamento imobiliário:** rotina 50102 – SAC QC – Financiamento Imobiliário\n- **Renegociação de dívidas:** rotina 50103 – SAC QC – Renegociação de Dívidas Pessoa Física e Jurídica\n\nb) **Autorização de Débito em Conta:** a partir de 01/03/2021, para que uma operação seja debitada em conta, é necessária autorização específica do cliente para o débito. Ver informações e procedimentos na rotina 50104.\n\nc) **Canais para contratação de CDC:** [link para os canais de contratação]\n\n---\n\n## 1. Consulta geral CDC\n\nPara verificar as informações da operação, identifique se o consumidor é PF e titular da operação. Em caso de FALHA, RECUSA ou INAPLICABILIDADE de Identificação Positiva (IP), registre ocorrência.\n\n| Demanda | Consulta |\n|---|---|\n| a) Informações gerais do CDC | `SISALFA > CDC > 15 > 18` — em ""Código do Cliente"" pressione F4, inclua o CPF e selecione a operação. Clique em F2 > Outros dados > 4. Cronograma. Principais informações: modalidade do CDC, data de vencimento, parcelas pagas e data de pagamento (mais detalhes no item 2), parcelas a vencer, parcelas em atraso, taxas de juros ou CET. |\n| b) Saldo atualizado total | `SISALFA > CDC > 15 > 18` — mesmo caminho acima; após selecionar a operação, verifique o campo ""Saldo devedor atual"". Esse é o saldo do dia, com atualização diária. |\n| c) Parcelas, valores pagos, juros, datas de pagamento | `SISALFA > CDC > 15 > 18` → Agência/Conta → selecione a operação → F2 → 4. Cronograma → selecione a parcela (""P"" indica pagamento parcial) → F9 (detalhe) → F12/F11 (pagamentos e parcelas). O ""total recebimento parcial"" é o valor recebido naquela parcela. |\n| d) Consultar CDC liquidado, renovado ou excluído | `SISALFA > CDC > 15 > 18`, em ""Código do Cliente"" pressione F4 e insira o CPF — NÃO selecione nenhuma operação e pressione F11. F12 para operações arquivadas. |\n| e) Consulta de cláusulas gerais ou documentos do CDC contratado | Cláusulas gerais consultáveis em: **App Alfa** (Menu > Empréstimos > Contratar empréstimo > Aderir ao contrato); **site institucional**, inclusive para não correntista (Página inicial > Pra você > Empréstimo > Empréstimo pessoal > Contrato de abertura de crédito rotativo); **site institucional (área logada)** (Menu > Empréstimos > Crédito consignado e pessoal > Aderir Contrato de Empréstimo). Documentos do CDC contratado: Extrato de Empréstimo (parcelas pagas/a pagar) — App, site, caixas eletrônicos ou agências; Consolidado Anual (valores por exercício) — site ou agências; 2ª via do comprovante (com taxas) — App ou agências. |\n\n---\n\n## 2. Débito da parcela CDC (data ou valor divergente, duplicidade)\n\nPara identificar o débito questionado, consulte o extrato em `Plataforma de Relacionamento (Operações Contratadas) > Contas > Consultas > Extrato Conta Corrente`. O número da operação consta no campo ""Documento"" (9 dígitos).\n\nSituações possíveis: débito antes/depois do vencimento contratual; valor divergente; duplicidade (folha + conta); débito em conta errada.\n\n**Consulta:** `CDC 15.13` (F4 – CPF) → selecione a operação → F2.4 (cronograma) → selecione a parcela com ""x"" → F9 (detalhar) → F12 (mais informações) → F3 (voltar) e copie o nº da operação → `CDC 13.61` (cole o nº como ""nº contrato"") para ver como ocorreu o pagamento.\n\nSiga então a orientação por modalidade:\n\n### CDC Consignação ou CDC Renovação Consignação\nDébito ocorre na folha de pagamento. a) Se não consignada (ou parcial), o débito ocorrerá total/parcial em conta. b) Se liquidado/renovado mas houve consignação, o estorno é automático em conta em até D+2 dias úteis, exceto para os convênios de código 900001 (INSS — devolução a partir do 5º dia útil) e código 900002 (MPDG — devolução até o 1º dia útil).\n\n1. Consulte a parcela: `CDC 15 > 13 > F2 > 4` (datas); `CDC 15 > 13 > F8 > F9` (mês/ano da folha). *Consig total* = debitada integralmente em folha; *Consig parcial* = debitada parcialmente (verifique o restante em conta); *Não consignada* = sem débito em folha; *Incluída* = ainda não vencida; *Enviada* = empregador não retornou (sem repasse, o débito ocorre em conta).\n2. Confirme a consignação em `SISCONSIG 22 > 01 > 01` (Convênio, Data Prevista, nº Operação — dados em `CDC 15.13`); selecione ""x"" e F9: ""Tipo Lançamento"" *Amortização* = consignado; *Devolução* = não consignado, devolvido à conta.\n3. Preste as informações.\n4. Se o cliente disser que a parcela foi consignada em folha mas também há débito agendado em conta: verifique o extrato (agendado ou debitado); se debitado, verifique devolução; se a data for hoje/próximo dia útil, oriente aguardar o processamento noturno (tende a ser excluído) e encerre em FCR. Se confirmada duplicidade sem estorno, ou se o sistema não mostra consignação mas o cliente afirma o desconto, registre ocorrência e oriente o envio de cópia do contracheque para `sacdocumentos@bancoalfa.com.br`.\n\n> **Crédito do Trabalhador** (identifique pelo campo ""Convênio"" = ""E-Consig PJ"" em `CDC > 15 > 13`): exigir contracheque da competência anterior ao débito (ex.: débito no mês 09 → contracheque do mês 08) e o documento ""Detalhe da guia emitida"" (com a instituição que recebeu o valor) + comprovante de pagamento da guia, fornecidos pela empresa.\n\n### CDC Salário, CDC Benefício e CDC Renovação\nDébito no dia do crédito do salário/benefício, mesmo que divergente do vencimento contratual (cobrança antecipada gera desconto proporcional). Renovação com convênio: débito na data de crédito de proventos; sem convênio: na data de vencimento.\n\n1. Verifique no extrato o recebimento de salário no dia do débito.\n2. Compare a data de débito (`CDC 15 > 13 > F2 > 4`) com a cadastrada em `CDC 24 > 14` e `SISPAG 11 > 13 > 36 > Consulta on line`.\n3. Se ambos ocorrerem após o vencimento do contrato, registre ocorrência.\n4. Preste as informações.\n\n### CDC Automático\nDébito em conta (corrente ou salário) na data de vencimento informada na autorização; há opção de boleto (gerado pelo cliente ou se a autorização foi cancelada).\n\n**Duplicidade:** 1. Verifique boleto pago + débito em conta (`CDC 13 > 61`, ""Forma Pagto"": Rcbto Autom e Boleto Banc); confira estorno (campo ""Dt. Canc."" preenchido = houve estorno). 2. Se confirmada duplicidade sem estorno, estorne em `CDC 13 > 91 > 11 > 6` (o sistema só estorna do mais recente para o mais antigo; se o pagamento em conta foi parcial e só for possível estornar o boleto mais recente, isso deixaria a operação em atraso — nesse caso, estorne primeiro o ""Boleto Bancário"" e depois o ""Recebimento Automático"", só se não houver débitos pendentes). Peça ao supervisor para receber o valor correto em `CDC 13.23`; confirme a data de recebimento retroativo em `CDC 13.61`.\n> Para recebimento por débito em conta em operações contratadas a partir de 01/03/21, é necessária autorização específica do cliente.\n\n### CDC 13º Salário\nDébito em parcela única. **Com convênio:** na data de cobrança (recebimento do 13º, informado pelo empregador) OU no vencimento (30 dias após o crédito do 13º), o que ocorrer primeiro — exceto convênios com 13º vinculado ao aniversário do cliente. **Sem convênio:** na data escolhida na contratação.\n\n- Convênio consta em `SISALFA > CDC 15.13`.\n- **Com convênio:** data de cobrança em `CDC 22 > 10 > 5d` (código de linha 3100; nº convênio em `CDC 15 > 13`); vencimento em `CDC 15 > 13 > F2 > 4`. 1. Informe que o débito ocorre na data de cobrança; se o 13º não for creditado, tenta-se o débito na data de cobrança ou vencimento (o que ocorrer primeiro). 2. Verifique como ocorreu em `CDC 15 > 13 > F2 > 4`. 3. Preste as informações.\n  > **Obs.:** se a data de cobrança mudar por solicitação do empregador, o vencimento pode ser antecipado. *Ex. 1:* cobrança cadastrada 30/06/26 → vencimento 30/07/26; se a cobrança mudar para 30/08/26, cobra-se em 30/07/26 (o que ocorrer primeiro). *Ex. 2:* se o 13º do convênio está vinculado ao mês de aniversário, cobrança e vencimento caem no mês de aniversário do cliente.\n- **Sem convênio:** débito no vencimento (`CDC 15 > 13 > F2 > 4`).\n\n### CDC Antecipação IRPF\nDébito (a) na data prevista do crédito da restituição, ou (b) no vencimento contratual, se o crédito não ocorrer antes.\n1. Informe a regra acima. 2. Consulte `CDC 15 > 13 > F2 > 4`. 3. Preste as informações.\n\n### CDC Antecipação Saque Aniversário FGTS\nLiquidação automática via repasse do FGTS; débito em conta só se o repasse for insuficiente.\n1. Consulte `CDC 15 > 13 > F2 > 4`. 2. Preste as informações.\n\n### Orientações complementares\na) Reclamação de saldo aprovisionado em fim de semana/feriado: explique que, pelas cláusulas gerais do contrato de conta, a liberação de débitos nesses períodos depende do saldo após deduzir débitos programados para o 1º dia útil seguinte.\nb) **Boleto:** algumas linhas permitem gerar boleto (rotina 50107); se houver duplicidade (conta + boleto), estorne como em ""CDC Automático"". Não aplicar esse procedimento a CDC Consignação/Renovação Consignação/FGTS Saque Aniversário se a forma de pagamento foi ""Cta Convênio"" — para forma de pagamento via `SISALFA` ou ""Boleto Bancário"", o estorno é permitido.\nc) Mais informações: ver rotinas auxiliares (item 9).\nd) Se não for possível identificar o motivo, ou o cliente permanecer insatisfeito, registre ocorrência.\n\n---\n\n## 3. Simulação/Contratação de Empréstimos\n\nCDC é um empréstimo pessoal automatizado, pré-aprovado, disponível em conta corrente. Solicitação exclusiva do titular.\n> Se o cliente quiser alterar o vencimento da prestação: após a confirmação do contrato isso não é possível. Alternativa: contratar CDC Renovação (se a linha permitir e houver limite), indicando o vencimento mais adequado.\n\n**Procedimento:** verifique se a Análise de Crédito (ANC) está vigente em `Plataforma de Relacionamento (Operações Contratadas) — aba Limite de Crédito`, campo ""Situação do limite"".\n\n| Status do limite | Procedimento |\n|---|---|\n| Vencida, Impedida, Cancelada, Suspensa, Em transferência, Em estudo, Indeferida, ou Vigente com Limite Total–Margem zerado | Informe que não há limite disponível; o cliente deve ir a qualquer agência com identificação (RG/CPF), comprovante de residência e de renda (emitidos há menos de 90 dias, mesmo que pela internet). Consulte a rotina 50105 para possibilidade de restabelecimento. |\n| Vigente (algum valor em Limite Total–Margem) | Não informe o valor ao cliente. Dentro do horário de atendimento (9h–18h), pergunte se autoriza transferência para a Central de Consultoria em Uso Responsável do Crédito (rotina 50106). Se não autorizar, ou fora do horário, informe as opções: Central de Consultoria; App Alfa > Empréstimo; site > Empréstimo; caixa eletrônico (TAA) > Empréstimo. |\n\n---\n\n## 4. Cancelamento de CDC\n\nCancelamento permitido em até 7 dias corridos (a partir do dia seguinte à liberação do crédito), se contratado por canal de autoatendimento (App, site, caixas eletrônicos ou telefone), pelo titular, autenticado (URA, Token ou Identificação Positiva).\n\n> **Atenção:** o cancelamento da linha 2881 – Crédito Renovação Consignação está restrito ao departamento **DOC – Diretoria de Operações de Crédito** (código 800020) para os convênios: Convênio Especial 01 (700001), 02 (700002), 03 (700003), 04 (700004), 05 (700005), 06 (700006), 07 (700007), 08 (700008), 09 (700009), 10 (700010), 11 (700011), 12 (700012), 13 (700013), 14 (700014), 15 (700015) e 16 (700016). É necessário haver margem suficiente para reaverbação das operações vinculadas à renovação cancelada.\n> O cancelamento da mesma linha para o Convênio Especial 17 (700017) está restrito à **Superintendência Regional III** (código 800030). Ver rotina 50108.\n\nAntes do procedimento, informe o número da operação e que, após o cancelamento, o comando não pode ser desfeito.\n\n### 4.1. Cancelamento de proposta CDC NÃO CONFIRMADA\n`SISRET Y09` — copie o nº da operação (documento, 9 dígitos). `CDC 11.13` → inclua o nº a cancelar. Em ""Exclusão de operação – Confirma?"", responda ""S"". Motivo: ""08 – Exclusão a pedido do cliente – Desistência"". Verifique a mensagem ""Cancelamento da Proposta efetuado em XX/XX/XX às XX:XX:XX por FXXXXX""; se diferente, registre ocorrência.\n> Atenção a operações via Correspondente – LOG 633 ""Operação Novo Fluxo Correspondente/Parceiro Comercial"" (`CDC 15.18.F2.8`). Se pendente de confirmação, registre ocorrência (motivo obrigatório; não oriente o cliente a excluir por autoatendimento).\n\n### 4.2. Cancelamento no MESMO DIA ou DIA ÚTIL SEGUINTE (contratação em dia não útil)\nPermitido para contratações presenciais e não presenciais, todos os canais. Uso do Limite Especial da Conta gera juros e IOF. Cancele em `CDC 14`; se falhar, registre ocorrência.\n\n### 4.3. Cancelamento em até 7 DIAS CORRIDOS (a partir do dia seguinte ao crédito)\n**Via TAA/internet/App/telefone (Duplo Sim):** consulte `CDC 15.18.F2.8` (log) — canal no log 201: *Duplo Sim* → campo ""Ocor"" LOG 201 e 493; *Correspondente* → registre ocorrência. (Contestação: ver item 7.2.)\n**Presencial na agência:** só cancela no mesmo dia (ver item 4.2)! A partir do dia seguinte, só liquidação. Se o cliente relatar falhas, registre ocorrência.\n\nVerifique saldo para o débito (ou ""troco"" nas Renovações — `CDC 15.18.F2.5 Contratos Vinculados` mostrará o `SISCLI`; informe o valor), considerando Limite Especial ou resgates automáticos. Oriente manter saldo (débito à noite); uso do Limite Especial gera juros/IOF. Se discordar, só liquidação/amortização/pagamento. Cancele em `CDC 14`; se falhar, registre ocorrência.\n> No cancelamento de CDC Antecipação Saque Aniversário FGTS, o desbloqueio da garantia é automático. Log ""1120 – Operação Contratada com Parcela Pix"" = produto Alfa Parcela Pix (mesmo procedimento de Duplo Sim).\n\n### 4.4. Cancelamento de REPACTUAÇÃO\n`CDC 15.13`, selecione a operação. Se constar ""Op"" pendente de confirmação, pode excluir; se confirmada, só liquida/paga total.\n> *Convênio Especial 17:* tem repactuação de CDCs consignados com suspensão de cobrança (rotina 50109).\n\n### 4.5. Cancelamento do produto de pagamento parcelado de contas\nVer item 10 da rotina 50110.\n\n### 4.6. Pedido após 7 dias, ou contratação presencial (pedido fora do mesmo dia)\nSó é possível a liquidação.\n> Obs. 1: presencial só cancela no mesmo dia (item 4.2). Obs. 2: exclusivamente para CDC Renovação, se a liquidação antecipada não puder ser feita, registre ocorrência para avaliar cancelamento (informar que o IOF será cobrado em conta). CDC Renovação sem ""troco"" é cancelável se a contratação não foi presencial e o pedido ocorreu em até 7 dias.\n\nCancele em `CDC > 14`. Em caso de erro, registre ocorrência.\n\n---\n\n## 5. Liquidação / Amortização\n\nSolicitação exclusiva do titular.\n\n### 5.1. Amortização/Liquidação ANTECIPADA ou operação EM ATRASO\n**Demanda:** quitação parcial/total antes do vencimento e/ou parcelas em atraso.\n> Pagamento via boleto: emitido em agência, pago no mesmo dia (saldo atualiza diariamente); se não pago no mesmo dia, o mesmo boleto ainda serve, pois o saldo é recalculado.\n\nSe não autenticado (URA/Token/IP), informe os canais. Cancelamento da amortização/liquidação só no mesmo dia, e só com margem disponível (item 5.3). Somente com recursos próprios; há redução proporcional de juros.\n\n**Tipos** (parcelas em atraso sempre em ordem crescente): **Crescente** (da próxima parcela em diante); **Decrescente** (da última parcela para trás); **Linear** (amortiza o saldo total sem alterar o cronograma; recalcula as parcelas a vencer).\n> Linear NÃO permitido para CDC Consignado, nem para operações fora do status ""Normal"", com pagamento parcial, em cobrança, ou com ""Pula-Parcela"". ""Em cobrança"" não aceita nenhuma amortização.\n\n| Necessidade do cliente | Tipo de amortização |\n|---|---|\n| Parar de pagar as próximas prestações por um período | Liquidação antecipada de parcelas integrais, ordem crescente |\n| Amortizar e continuar pagando as próximas prestações | Liquidação antecipada de parcelas integrais, ordem decrescente |\n| Reduzir o valor das prestações em toda a operação | Amortização linear |\n| Liquidar a operação | Quitação total, sempre em ordem crescente |\n\n> No CDC Consignado, pode haver desconto da próxima prestação em folha. Para Consignação/Renovação Consignação, prefira ordem decrescente (evita duplicidade em folha); se o cliente pedir crescente, informe o risco (o valor retorna no vencimento da parcela, se ocorrer).\n\n**Procedimento:** 1. Simule em `CDC 13.11.12`, informe o saldo atual (item 1b). 2. Verifique saldo suficiente (`Plataforma de Relacionamento > Contas > Extrato`), considerando saldo aprovisionado, tarifas pendentes, resgates automáticos e Limite Especial (a critério do cliente, com encargos). 3. Se insuficiente, oriente novo contato; se suficiente, execute em `CDC 13 > 21 > 12` (tipo: parcial/liquidação/linear; quantidade/valor; ordem).\n> Se o sistema indicar ausência de autorização de débito, siga a rotina 50104.\n\n**Leitura obrigatória ao cliente antes da confirmação** (""Sr(a). ___, para sua segurança, faremos a leitura das condições:""):\n- **Parcial/liquidação:** agência/conta; valor base da parcela; encargos por atraso; desconto de antecipação; variação Selic; valor a amortizar; total de parcelas; ordem escolhida.\n- **Linear:** valor base; desconto aproximado; variação Selic; valor da parcela inicial; novo valor da parcela; quantidade de parcelas.\n\nApós a leitura: ""Podemos confirmar a liquidação/amortização?"" (F3, sem impressão). Supervisor confirma em `CDC 13.21.52`. Informar necessidade de saldo em conta. Comprovante: ""o débito ocorre ainda hoje; confirme pelo extrato. Para comprovante detalhado, solicite em qualquer agência o documento \'Demonstrativo de Origem e Evolução de Dívida – Crédito Direto ao Consumidor\'.""\n\n### 5.2. Amortização/liquidação de operações ""EM PERDAS""\nIdentificação: `SISALFA > CDC > 15.13`. **Não informar ao cliente que a operação está em prejuízo.**\na) **Débito em conta:** verifique saldo suficiente (mesmas ressalvas do item 5.1); se insuficiente, oriente novo contato. Liquidação: comando em `CDC 13-34` + confirmação do supervisor em `CDC 13-36`. Amortização parcial: comando em `CDC 13-35` + confirmação do gerente de grupo em `CDC 13-36`.\nb) **Boleto bancário:** registre ocorrência.\n\n### 5.3. Cancelamento da amortização ou liquidação antecipada\nSe só houve o comando do atendente (`CDC 13.21.12`) no mesmo dia: cancele em `CDC 13.91.51`. Se já confirmado pelo supervisor (`CDC 13.21.52`): faça o estorno (item 5.5).\n> O registro do atendente fica pendente de confirmação apenas no mesmo dia; se não confirmado, é excluído automaticamente no dia seguinte.\n\n### 5.4. Liquidação – Desaverbação/Liberação de Margem Consignável\nSe o cliente relatar que liquidou/cancelou mas não houve liberação de margem, ou a parcela segue sendo debitada, registre ocorrência.\n\n### 5.5. Estorno de pagamento antecipado\n**Demanda:** pagamento antes do vencimento, ou débito indevido em conta (ex.: pela agência).\n> Não aplicar a Consignação/Renovação Consignação/FGTS Saque Aniversário se a forma de pagamento foi ""Cta Convênio""; para `SISALFA` ou ""Boleto Bancário"", o estorno é permitido (ver item 2).\n\n1. Analise o motivo (não é permitido estornar e deixar em atraso). 2. Verifique vencimento (`CDC 15.13.F2.4`) e pagamento de salário (`SISPAG 11 > 13 > 36 > Consulta on line`). 3. Se não venceu e não houve crédito de salário, estorno possível (pagamento dentro de 30 dias, operação não atualizada). 4. Estorne em `CDC 13.91.11`. 5. Informe crédito no processamento noturno.\n> Se impossível estornar, ou outra duplicidade não sanável, registre ocorrência.\n\n---\n\n## 6. Dificuldade para contratação\n\n| Situação | Procedimento |\n|---|---|\n| **Renda desatualizada** | Verifique a última atualização; se >12 meses, oriente atualizar via App ou canal de autoatendimento (online; às vezes exige foto do documento, validação em até 3 dias úteis). Após validação, o limite é recalculado automaticamente. |\n| **Contrato do CDC não assinado** | Pergunte se aderiu às Cláusulas Gerais (assinatura da Proposta/Contrato de Adesão). Se sim, prossiga a análise. Se não, informe os canais de adesão: App/site (Empréstimo > Solicitação de Crédito > Assinatura de contrato CDC); caixa eletrônico; agência. |\n| **Acordo de dívida vigente** | Contratação impossibilitada durante a vigência do acordo; após encerrado, pode verificar novamente. |\n| **Não correntista** | Exceto CDC Consignado e Crédito 13º Salário INSS (exigem ANC vigente), as demais linhas exigem conta corrente com ANC vigente. |\n| **Modalidade de conta simplificada (sem linhas de crédito)** | Não permite contratar linhas de crédito; se houver interesse, o cliente faz upgrade da conta pelo app (Menu > Upgrade de Conta), sujeito a análise de crédito na agência. |\n\n---\n\n## 7. Contratação não reconhecida\n\n### 7.1. Falsidade ideológica e fraude\nFraude com uso de documentos falsos para contratar produtos; a vítima costuma descobrir só quando seu CPF/CNPJ sofre restrição por inadimplência. Ver rotina 50111.\n- Falsidade em operação de não correntista: oriente comparecimento a qualquer agência com identificação e boletim de ocorrência.\n- Fraude – demais situações: ver rotina 50112.\n\n### 7.2. Contestação de operações via Correspondente (falha, suspeita de fraude/golpe)\nIndícios de falha ou fraude/golpe (presencial ou Duplo Sim): registre ocorrência e responsabilize a unidade de correspondentes/antifraude (código 800010):\n- **Assunto 50113** — contratação não reconhecida; divergente do solicitado; insatisfação com o contrato/descumprimento; falta de clareza.\n- **Assunto 50114** — suspeita de fraude/golpe: abordagem por suposta empresa vinculada ao banco, internalização por correspondente e transferência de recursos a terceiros pelo cliente.\n- **Assunto 50115** — contestação/suspeita de fraude em operação via Correspondente ainda pendente de confirmação.\n\n> No módulo de SAC e Ouvidoria (assuntos 50113/50114), é obrigatório selecionar o produto/modalidade — só aparecem operações contratadas via Correspondente; caso contrário, o registro não é possível. Ao selecionar a operação, os dados de identificação do correspondente, do CDC e da chave de operação são preenchidos automaticamente (não editáveis).\n\n---\n\n## 8. Limite Especial da Conta\n\n### 8.1. Cancelamento do Limite Especial da Conta\na) Pode ser solicitado a qualquer tempo por qualquer titular.\nb) Ao ser solicitado, sonde o motivo e, se cabível, argumente: sem tarifa; limite disponível para emergências sem custo se não usado; cancelar não garante nova contratação futura; é possível reduzir para R$ 100,00 em vez de cancelar. O cliente não pode estar usando o limite no momento (se estiver, oriente cobrir o saldo). Se aceitar reduzir, siga para 8.2. *(Em Ouvidoria, cancelar direto, sem sondagem.)*\nc) Se decidir manter, encerre em FCR.\nd) Se insistir no cancelamento, verifique viabilidade:\n\n**Procedimento (cliente autenticado por URA/Token/IP):**\n> Não cancelar se o cliente estiver usando o limite; se houver juros/IOF a cobrar, é necessário saldo. Falha de autenticação: registre ocorrência.\n- **Atendente:** confira saldo suficiente (extrato) para limite + juros + IOF (desconsiderar valores provisionados); se insuficiente, peça depósito equivalente e informe que o cancelamento pode ser pedido no SAC/agência após o depósito; encerre em FCR. Cancele na plataforma (`Contas > Limite Especial da Conta PF > Implantação, Alteração, Renovação e Cancelamento > Cancelar > Registrar`) e peça deferimento ao supervisor.\n  > Se aparecer ""(27) Já existe comando de implantação para esta conta."", registre ocorrência. Se aparecer ""já existe solicitação pendente de deferimento"", peça o deferimento ao supervisor; se não localizar ou houver erro, abra ocorrência.\n- **Supervisor:** confirme dados (nome, produto, valor); defira (`Deferimentos e Pendências > Limite Especial da Conta Pessoa > Cancelamento > Deferimento`); confirme para o atendente prosseguir.\n- **Atendente:** informe o cancelamento e a disponibilidade da agência para recontratação futura; encerre e registre FCR. *(Se o supervisor não conseguir deferir, registre ocorrência.)*\n\n### 8.2. Redução do Limite Especial da Conta\na) Se o pedido for por causa da tarifa, esclareça que ela não é cobrada; se insistir, siga abaixo.\nb) Identifique PF e titular da conta.\nc) Cliente autenticado:\n- **Atendente:** verifique saldo suficiente para que a redução não deixe o saldo excedido; se preciso, peça depósito e informe que a redução pode ser pedida via app, WhatsApp, SAC ou agência após o depósito. Modalidade ""Ouro"" (limite ≥ R$ 1.000,00) reduzida para entre R$ 100,00 e R$ 950,00 muda para ""Classic"" (diferenças na rotina 50116). Se o cliente concordar, altere modalidade/limite na plataforma e peça deferimento ao supervisor.\n- **Supervisor:** confirme dados; defira (`Deferimentos e Pendências > Limite Especial da Conta Pessoa Física > Alteração > Deferimento`); confirme para o atendente prosseguir.\n- **Atendente:** informe a redução realizada; para elevar no futuro, indicar app/agência. Encerre e registre FCR. *(Se o supervisor não conseguir deferir, registre ocorrência.)*\n\n### 8.3. Alterar data de débito dos juros\nFalha de autenticação: informe os canais. Acesse `Plataforma > Contas > Limite Especial da Conta PF > Alterar > Tipo de Alteração – ""Dia do débito""` e escolha um dia entre 1 e 28. A alteração só vale a partir do mês seguinte à solicitação.\n\n---\n\n## 9. Rotinas auxiliares (índice de empréstimos)\n\n| Código (anonimizado) | Assunto |\n|---|---|\n| 50107 | CDC – Condições Gerais / Contrato |\n| 50108 | Crédito Consignação e Renovação – Correntista e não correntista |\n| 50118 | Crédito Consignação – INSS |\n| 50119 | Crédito Automático |\n| 50120 | Crédito Benefício |\n| 50121 | Crédito Salário e Salário Funci |\n| 50122 | Crédito Renovação e Renovação Funci |\n| 50123 | Crédito 13º Décimo Terceiro Salário |\n| 50124 | Crédito 13º Décimo Terceiro Salário – Não Correntistas |\n| 50125 | CDC Antecipação Restituição IRPF |\n| 50126 | CDC Antecipação Saque Aniversário FGTS |\n| 50117 | Crédito Parcelamento Cheque Especial (Limite Especial da Conta) |\n| 50104 | Autorização de Débito – Empréstimos, CDC e outros (Resolução CMN 4.790/2020) |\n| 50127 | Crédito do Trabalhador – Novo modelo de Crédito Consignado do Setor Privado |\n| 50128 | Crédito do Trabalhador – Atendimento ao Empregador |\n\n---\n\n## 10. Fonte de informação\n\nDepartamento responsável: **DOC – Diretoria de Operações de Crédito** (código 800020).\n']",Cancelamento da linha 2881 para o convênio 700001 é restrito ao DOC (800020). Atendente não cancela direto; deve verificar margem consignável para reaverbação das operações vinculadas antes de encaminhar.,ROLE_RESTRICTION,0.84,,1.0,0.8888753999085093,1.0,0.9999999999
"Paguei duas vezes a parcela, e agora?
[Dados coletados via clarificação: canal_tentado=app; tipo_cliente=correntista]","Para casos de duplicidade no pagamento de parcelas de CDC, o procedimento varia conforme a modalidade e a forma de pagamento. Como você é correntista e utilizou o App, siga as orientações abaixo:

### 1. Verificação da Duplicidade
Primeiro, é necessário confirmar se houve realmente um pagamento em duplicidade (exemplo: boleto pago + débito em conta).
*   Consulte o extrato da conta corrente na **Plataforma de Relacionamento** para identificar os lançamentos.
*   Verifique o histórico de pagamentos em `CDC 13 > 61`, observando a ""Forma Pagto"" (Rcbto Autom e Boleto Banc).
*   Confira se houve estorno automático (campo ""Dt. Canc."" preenchido).

### 2. Procedimentos de Estorno
Se a duplicidade for confirmada e não houver estorno automático, o tratamento depende da modalidade:

*   **CDC Automático:** O sistema estorna do mais recente para o mais antigo. Se o pagamento em conta foi parcial e só for possível estornar o boleto mais recente, isso pode deixar a operação em atraso. Nesse caso, o estorno deve seguir a ordem: primeiro o ""Boleto Bancário"" e depois o ""Recebimento Automático"", desde que não existam débitos pendentes.
*   **CDC Consignação/Renovação Consignação/FGTS Saque Aniversário:** Não aplique o procedimento de estorno de boleto se a forma de pagamento foi ""Cta Convênio"". Para pagamentos via `SISALFA` ou ""Boleto Bancário"", o estorno é permitido.
*   **Pagamento Antecipado:** Se o pagamento ocorreu antes do vencimento e não houve crédito de salário, o estorno pode ser realizado em `CDC 13.91.11`, com o crédito ocorrendo no processamento noturno.

### 3. Orientações Adicionais
*   **Não é permitido estornar valores se isso deixar a operação em atraso.**
*   Caso o sistema não permita o estorno ou se tratar de uma situação de duplicidade não sanável, você deve registrar uma ocorrência para análise.
*   Se o débito ocorreu em conta corrente, verifique se a data do débito coincide com o processamento noturno; se for hoje ou no próximo dia útil, oriente aguardar, pois o sistema tende a excluir a duplicidade automaticamente.

Se precisar de auxílio para realizar o estorno ou se o problema persistir, entre em contato com o atendimento para que um atendente verifique a viabilidade técnica no sistema.

### Referências
- [1] POP – Atendimento de Operações de CDC (Crédito Direto ao Consumidor) – Pessoa Física","['# POP – Atendimento de Operações de CDC (Crédito Direto ao Consumidor) – Pessoa Física\n### [Versão anonimizada/pseudonimizada para uso acadêmico]\n\n> **Nota metodológica de anonimização:** este documento é uma versão pseudonimizada de uma rotina real de atendimento (SAC) de operações de crédito pessoa física. Foram substituídos: (i) o nome da instituição financeira e de seus canais/site/e-mail; (ii) os nomes de sistemas internos claramente proprietários; (iii) nomes e códigos de convênios de consignação com órgãos públicos; (iv) códigos de prefixo/departamento interno; e (v) números de rotinas/assuntos auxiliares referenciados ao longo do texto — todos substituídos por identificadores fictícios e sequenciais. A lógica processual, as condições, exceções e o fluxo de decisão originais foram mantidos integralmente, o que preserva o valor do documento como exemplo de POP para fins de extração de árvore de decisão. Termos e siglas genéricas do setor bancário (CDC, SAC, Ouvidoria, TAA, URA, FCR, ANC, Token, Identificação Positiva) e referências a normas públicas (Resolução CMN 4.790/2020, INSS) foram mantidos, por não serem exclusivos de uma única instituição.\n\n**Sumário:** Observações iniciais · 1. Consulta geral CDC · 2. Débito da parcela CDC · 3. Simulação/Contratação · 4. Cancelamento de CDC · 5. Liquidação/Amortização · 6. Dificuldade para contratação · 7. Contratação não reconhecida · 8. Limite Especial da Conta · 9. Rotinas auxiliares · 10. Fonte de informação\n\n---\n\n## Observações iniciais\n\na) Esta rotina destina-se ao atendimento das operações de crédito PF listadas no item 2. Para os casos abaixo, consulte rotinas específicas:\n- **FIES:** rotina 50101 – SAC QC – Financiamento Estudantil (FIES)\n- **Financiamento imobiliário:** rotina 50102 – SAC QC – Financiamento Imobiliário\n- **Renegociação de dívidas:** rotina 50103 – SAC QC – Renegociação de Dívidas Pessoa Física e Jurídica\n\nb) **Autorização de Débito em Conta:** a partir de 01/03/2021, para que uma operação seja debitada em conta, é necessária autorização específica do cliente para o débito. Ver informações e procedimentos na rotina 50104.\n\nc) **Canais para contratação de CDC:** [link para os canais de contratação]\n\n---\n\n## 1. Consulta geral CDC\n\nPara verificar as informações da operação, identifique se o consumidor é PF e titular da operação. Em caso de FALHA, RECUSA ou INAPLICABILIDADE de Identificação Positiva (IP), registre ocorrência.\n\n| Demanda | Consulta |\n|---|---|\n| a) Informações gerais do CDC | `SISALFA > CDC > 15 > 18` — em ""Código do Cliente"" pressione F4, inclua o CPF e selecione a operação. Clique em F2 > Outros dados > 4. Cronograma. Principais informações: modalidade do CDC, data de vencimento, parcelas pagas e data de pagamento (mais detalhes no item 2), parcelas a vencer, parcelas em atraso, taxas de juros ou CET. |\n| b) Saldo atualizado total | `SISALFA > CDC > 15 > 18` — mesmo caminho acima; após selecionar a operação, verifique o campo ""Saldo devedor atual"". Esse é o saldo do dia, com atualização diária. |\n| c) Parcelas, valores pagos, juros, datas de pagamento | `SISALFA > CDC > 15 > 18` → Agência/Conta → selecione a operação → F2 → 4. Cronograma → selecione a parcela (""P"" indica pagamento parcial) → F9 (detalhe) → F12/F11 (pagamentos e parcelas). O ""total recebimento parcial"" é o valor recebido naquela parcela. |\n| d) Consultar CDC liquidado, renovado ou excluído | `SISALFA > CDC > 15 > 18`, em ""Código do Cliente"" pressione F4 e insira o CPF — NÃO selecione nenhuma operação e pressione F11. F12 para operações arquivadas. |\n| e) Consulta de cláusulas gerais ou documentos do CDC contratado | Cláusulas gerais consultáveis em: **App Alfa** (Menu > Empréstimos > Contratar empréstimo > Aderir ao contrato); **site institucional**, inclusive para não correntista (Página inicial > Pra você > Empréstimo > Empréstimo pessoal > Contrato de abertura de crédito rotativo); **site institucional (área logada)** (Menu > Empréstimos > Crédito consignado e pessoal > Aderir Contrato de Empréstimo). Documentos do CDC contratado: Extrato de Empréstimo (parcelas pagas/a pagar) — App, site, caixas eletrônicos ou agências; Consolidado Anual (valores por exercício) — site ou agências; 2ª via do comprovante (com taxas) — App ou agências. |\n\n---\n\n## 2. Débito da parcela CDC (data ou valor divergente, duplicidade)\n\nPara identificar o débito questionado, consulte o extrato em `Plataforma de Relacionamento (Operações Contratadas) > Contas > Consultas > Extrato Conta Corrente`. O número da operação consta no campo ""Documento"" (9 dígitos).\n\nSituações possíveis: débito antes/depois do vencimento contratual; valor divergente; duplicidade (folha + conta); débito em conta errada.\n\n**Consulta:** `CDC 15.13` (F4 – CPF) → selecione a operação → F2.4 (cronograma) → selecione a parcela com ""x"" → F9 (detalhar) → F12 (mais informações) → F3 (voltar) e copie o nº da operação → `CDC 13.61` (cole o nº como ""nº contrato"") para ver como ocorreu o pagamento.\n\nSiga então a orientação por modalidade:\n\n### CDC Consignação ou CDC Renovação Consignação\nDébito ocorre na folha de pagamento. a) Se não consignada (ou parcial), o débito ocorrerá total/parcial em conta. b) Se liquidado/renovado mas houve consignação, o estorno é automático em conta em até D+2 dias úteis, exceto para os convênios de código 900001 (INSS — devolução a partir do 5º dia útil) e código 900002 (MPDG — devolução até o 1º dia útil).\n\n1. Consulte a parcela: `CDC 15 > 13 > F2 > 4` (datas); `CDC 15 > 13 > F8 > F9` (mês/ano da folha). *Consig total* = debitada integralmente em folha; *Consig parcial* = debitada parcialmente (verifique o restante em conta); *Não consignada* = sem débito em folha; *Incluída* = ainda não vencida; *Enviada* = empregador não retornou (sem repasse, o débito ocorre em conta).\n2. Confirme a consignação em `SISCONSIG 22 > 01 > 01` (Convênio, Data Prevista, nº Operação — dados em `CDC 15.13`); selecione ""x"" e F9: ""Tipo Lançamento"" *Amortização* = consignado; *Devolução* = não consignado, devolvido à conta.\n3. Preste as informações.\n4. Se o cliente disser que a parcela foi consignada em folha mas também há débito agendado em conta: verifique o extrato (agendado ou debitado); se debitado, verifique devolução; se a data for hoje/próximo dia útil, oriente aguardar o processamento noturno (tende a ser excluído) e encerre em FCR. Se confirmada duplicidade sem estorno, ou se o sistema não mostra consignação mas o cliente afirma o desconto, registre ocorrência e oriente o envio de cópia do contracheque para `sacdocumentos@bancoalfa.com.br`.\n\n> **Crédito do Trabalhador** (identifique pelo campo ""Convênio"" = ""E-Consig PJ"" em `CDC > 15 > 13`): exigir contracheque da competência anterior ao débito (ex.: débito no mês 09 → contracheque do mês 08) e o documento ""Detalhe da guia emitida"" (com a instituição que recebeu o valor) + comprovante de pagamento da guia, fornecidos pela empresa.\n\n### CDC Salário, CDC Benefício e CDC Renovação\nDébito no dia do crédito do salário/benefício, mesmo que divergente do vencimento contratual (cobrança antecipada gera desconto proporcional). Renovação com convênio: débito na data de crédito de proventos; sem convênio: na data de vencimento.\n\n1. Verifique no extrato o recebimento de salário no dia do débito.\n2. Compare a data de débito (`CDC 15 > 13 > F2 > 4`) com a cadastrada em `CDC 24 > 14` e `SISPAG 11 > 13 > 36 > Consulta on line`.\n3. Se ambos ocorrerem após o vencimento do contrato, registre ocorrência.\n4. Preste as informações.\n\n### CDC Automático\nDébito em conta (corrente ou salário) na data de vencimento informada na autorização; há opção de boleto (gerado pelo cliente ou se a autorização foi cancelada).\n\n**Duplicidade:** 1. Verifique boleto pago + débito em conta (`CDC 13 > 61`, ""Forma Pagto"": Rcbto Autom e Boleto Banc); confira estorno (campo ""Dt. Canc."" preenchido = houve estorno). 2. Se confirmada duplicidade sem estorno, estorne em `CDC 13 > 91 > 11 > 6` (o sistema só estorna do mais recente para o mais antigo; se o pagamento em conta foi parcial e só for possível estornar o boleto mais recente, isso deixaria a operação em atraso — nesse caso, estorne primeiro o ""Boleto Bancário"" e depois o ""Recebimento Automático"", só se não houver débitos pendentes). Peça ao supervisor para receber o valor correto em `CDC 13.23`; confirme a data de recebimento retroativo em `CDC 13.61`.\n> Para recebimento por débito em conta em operações contratadas a partir de 01/03/21, é necessária autorização específica do cliente.\n\n### CDC 13º Salário\nDébito em parcela única. **Com convênio:** na data de cobrança (recebimento do 13º, informado pelo empregador) OU no vencimento (30 dias após o crédito do 13º), o que ocorrer primeiro — exceto convênios com 13º vinculado ao aniversário do cliente. **Sem convênio:** na data escolhida na contratação.\n\n- Convênio consta em `SISALFA > CDC 15.13`.\n- **Com convênio:** data de cobrança em `CDC 22 > 10 > 5d` (código de linha 3100; nº convênio em `CDC 15 > 13`); vencimento em `CDC 15 > 13 > F2 > 4`. 1. Informe que o débito ocorre na data de cobrança; se o 13º não for creditado, tenta-se o débito na data de cobrança ou vencimento (o que ocorrer primeiro). 2. Verifique como ocorreu em `CDC 15 > 13 > F2 > 4`. 3. Preste as informações.\n  > **Obs.:** se a data de cobrança mudar por solicitação do empregador, o vencimento pode ser antecipado. *Ex. 1:* cobrança cadastrada 30/06/26 → vencimento 30/07/26; se a cobrança mudar para 30/08/26, cobra-se em 30/07/26 (o que ocorrer primeiro). *Ex. 2:* se o 13º do convênio está vinculado ao mês de aniversário, cobrança e vencimento caem no mês de aniversário do cliente.\n- **Sem convênio:** débito no vencimento (`CDC 15 > 13 > F2 > 4`).\n\n### CDC Antecipação IRPF\nDébito (a) na data prevista do crédito da restituição, ou (b) no vencimento contratual, se o crédito não ocorrer antes.\n1. Informe a regra acima. 2. Consulte `CDC 15 > 13 > F2 > 4`. 3. Preste as informações.\n\n### CDC Antecipação Saque Aniversário FGTS\nLiquidação automática via repasse do FGTS; débito em conta só se o repasse for insuficiente.\n1. Consulte `CDC 15 > 13 > F2 > 4`. 2. Preste as informações.\n\n### Orientações complementares\na) Reclamação de saldo aprovisionado em fim de semana/feriado: explique que, pelas cláusulas gerais do contrato de conta, a liberação de débitos nesses períodos depende do saldo após deduzir débitos programados para o 1º dia útil seguinte.\nb) **Boleto:** algumas linhas permitem gerar boleto (rotina 50107); se houver duplicidade (conta + boleto), estorne como em ""CDC Automático"". Não aplicar esse procedimento a CDC Consignação/Renovação Consignação/FGTS Saque Aniversário se a forma de pagamento foi ""Cta Convênio"" — para forma de pagamento via `SISALFA` ou ""Boleto Bancário"", o estorno é permitido.\nc) Mais informações: ver rotinas auxiliares (item 9).\nd) Se não for possível identificar o motivo, ou o cliente permanecer insatisfeito, registre ocorrência.\n\n---\n\n## 3. Simulação/Contratação de Empréstimos\n\nCDC é um empréstimo pessoal automatizado, pré-aprovado, disponível em conta corrente. Solicitação exclusiva do titular.\n> Se o cliente quiser alterar o vencimento da prestação: após a confirmação do contrato isso não é possível. Alternativa: contratar CDC Renovação (se a linha permitir e houver limite), indicando o vencimento mais adequado.\n\n**Procedimento:** verifique se a Análise de Crédito (ANC) está vigente em `Plataforma de Relacionamento (Operações Contratadas) — aba Limite de Crédito`, campo ""Situação do limite"".\n\n| Status do limite | Procedimento |\n|---|---|\n| Vencida, Impedida, Cancelada, Suspensa, Em transferência, Em estudo, Indeferida, ou Vigente com Limite Total–Margem zerado | Informe que não há limite disponível; o cliente deve ir a qualquer agência com identificação (RG/CPF), comprovante de residência e de renda (emitidos há menos de 90 dias, mesmo que pela internet). Consulte a rotina 50105 para possibilidade de restabelecimento. |\n| Vigente (algum valor em Limite Total–Margem) | Não informe o valor ao cliente. Dentro do horário de atendimento (9h–18h), pergunte se autoriza transferência para a Central de Consultoria em Uso Responsável do Crédito (rotina 50106). Se não autorizar, ou fora do horário, informe as opções: Central de Consultoria; App Alfa > Empréstimo; site > Empréstimo; caixa eletrônico (TAA) > Empréstimo. |\n\n---\n\n## 4. Cancelamento de CDC\n\nCancelamento permitido em até 7 dias corridos (a partir do dia seguinte à liberação do crédito), se contratado por canal de autoatendimento (App, site, caixas eletrônicos ou telefone), pelo titular, autenticado (URA, Token ou Identificação Positiva).\n\n> **Atenção:** o cancelamento da linha 2881 – Crédito Renovação Consignação está restrito ao departamento **DOC – Diretoria de Operações de Crédito** (código 800020) para os convênios: Convênio Especial 01 (700001), 02 (700002), 03 (700003), 04 (700004), 05 (700005), 06 (700006), 07 (700007), 08 (700008), 09 (700009), 10 (700010), 11 (700011), 12 (700012), 13 (700013), 14 (700014), 15 (700015) e 16 (700016). É necessário haver margem suficiente para reaverbação das operações vinculadas à renovação cancelada.\n> O cancelamento da mesma linha para o Convênio Especial 17 (700017) está restrito à **Superintendência Regional III** (código 800030). Ver rotina 50108.\n\nAntes do procedimento, informe o número da operação e que, após o cancelamento, o comando não pode ser desfeito.\n\n### 4.1. Cancelamento de proposta CDC NÃO CONFIRMADA\n`SISRET Y09` — copie o nº da operação (documento, 9 dígitos). `CDC 11.13` → inclua o nº a cancelar. Em ""Exclusão de operação – Confirma?"", responda ""S"". Motivo: ""08 – Exclusão a pedido do cliente – Desistência"". Verifique a mensagem ""Cancelamento da Proposta efetuado em XX/XX/XX às XX:XX:XX por FXXXXX""; se diferente, registre ocorrência.\n> Atenção a operações via Correspondente – LOG 633 ""Operação Novo Fluxo Correspondente/Parceiro Comercial"" (`CDC 15.18.F2.8`). Se pendente de confirmação, registre ocorrência (motivo obrigatório; não oriente o cliente a excluir por autoatendimento).\n\n### 4.2. Cancelamento no MESMO DIA ou DIA ÚTIL SEGUINTE (contratação em dia não útil)\nPermitido para contratações presenciais e não presenciais, todos os canais. Uso do Limite Especial da Conta gera juros e IOF. Cancele em `CDC 14`; se falhar, registre ocorrência.\n\n### 4.3. Cancelamento em até 7 DIAS CORRIDOS (a partir do dia seguinte ao crédito)\n**Via TAA/internet/App/telefone (Duplo Sim):** consulte `CDC 15.18.F2.8` (log) — canal no log 201: *Duplo Sim* → campo ""Ocor"" LOG 201 e 493; *Correspondente* → registre ocorrência. (Contestação: ver item 7.2.)\n**Presencial na agência:** só cancela no mesmo dia (ver item 4.2)! A partir do dia seguinte, só liquidação. Se o cliente relatar falhas, registre ocorrência.\n\nVerifique saldo para o débito (ou ""troco"" nas Renovações — `CDC 15.18.F2.5 Contratos Vinculados` mostrará o `SISCLI`; informe o valor), considerando Limite Especial ou resgates automáticos. Oriente manter saldo (débito à noite); uso do Limite Especial gera juros/IOF. Se discordar, só liquidação/amortização/pagamento. Cancele em `CDC 14`; se falhar, registre ocorrência.\n> No cancelamento de CDC Antecipação Saque Aniversário FGTS, o desbloqueio da garantia é automático. Log ""1120 – Operação Contratada com Parcela Pix"" = produto Alfa Parcela Pix (mesmo procedimento de Duplo Sim).\n\n### 4.4. Cancelamento de REPACTUAÇÃO\n`CDC 15.13`, selecione a operação. Se constar ""Op"" pendente de confirmação, pode excluir; se confirmada, só liquida/paga total.\n> *Convênio Especial 17:* tem repactuação de CDCs consignados com suspensão de cobrança (rotina 50109).\n\n### 4.5. Cancelamento do produto de pagamento parcelado de contas\nVer item 10 da rotina 50110.\n\n### 4.6. Pedido após 7 dias, ou contratação presencial (pedido fora do mesmo dia)\nSó é possível a liquidação.\n> Obs. 1: presencial só cancela no mesmo dia (item 4.2). Obs. 2: exclusivamente para CDC Renovação, se a liquidação antecipada não puder ser feita, registre ocorrência para avaliar cancelamento (informar que o IOF será cobrado em conta). CDC Renovação sem ""troco"" é cancelável se a contratação não foi presencial e o pedido ocorreu em até 7 dias.\n\nCancele em `CDC > 14`. Em caso de erro, registre ocorrência.\n\n---\n\n## 5. Liquidação / Amortização\n\nSolicitação exclusiva do titular.\n\n### 5.1. Amortização/Liquidação ANTECIPADA ou operação EM ATRASO\n**Demanda:** quitação parcial/total antes do vencimento e/ou parcelas em atraso.\n> Pagamento via boleto: emitido em agência, pago no mesmo dia (saldo atualiza diariamente); se não pago no mesmo dia, o mesmo boleto ainda serve, pois o saldo é recalculado.\n\nSe não autenticado (URA/Token/IP), informe os canais. Cancelamento da amortização/liquidação só no mesmo dia, e só com margem disponível (item 5.3). Somente com recursos próprios; há redução proporcional de juros.\n\n**Tipos** (parcelas em atraso sempre em ordem crescente): **Crescente** (da próxima parcela em diante); **Decrescente** (da última parcela para trás); **Linear** (amortiza o saldo total sem alterar o cronograma; recalcula as parcelas a vencer).\n> Linear NÃO permitido para CDC Consignado, nem para operações fora do status ""Normal"", com pagamento parcial, em cobrança, ou com ""Pula-Parcela"". ""Em cobrança"" não aceita nenhuma amortização.\n\n| Necessidade do cliente | Tipo de amortização |\n|---|---|\n| Parar de pagar as próximas prestações por um período | Liquidação antecipada de parcelas integrais, ordem crescente |\n| Amortizar e continuar pagando as próximas prestações | Liquidação antecipada de parcelas integrais, ordem decrescente |\n| Reduzir o valor das prestações em toda a operação | Amortização linear |\n| Liquidar a operação | Quitação total, sempre em ordem crescente |\n\n> No CDC Consignado, pode haver desconto da próxima prestação em folha. Para Consignação/Renovação Consignação, prefira ordem decrescente (evita duplicidade em folha); se o cliente pedir crescente, informe o risco (o valor retorna no vencimento da parcela, se ocorrer).\n\n**Procedimento:** 1. Simule em `CDC 13.11.12`, informe o saldo atual (item 1b). 2. Verifique saldo suficiente (`Plataforma de Relacionamento > Contas > Extrato`), considerando saldo aprovisionado, tarifas pendentes, resgates automáticos e Limite Especial (a critério do cliente, com encargos). 3. Se insuficiente, oriente novo contato; se suficiente, execute em `CDC 13 > 21 > 12` (tipo: parcial/liquidação/linear; quantidade/valor; ordem).\n> Se o sistema indicar ausência de autorização de débito, siga a rotina 50104.\n\n**Leitura obrigatória ao cliente antes da confirmação** (""Sr(a). ___, para sua segurança, faremos a leitura das condições:""):\n- **Parcial/liquidação:** agência/conta; valor base da parcela; encargos por atraso; desconto de antecipação; variação Selic; valor a amortizar; total de parcelas; ordem escolhida.\n- **Linear:** valor base; desconto aproximado; variação Selic; valor da parcela inicial; novo valor da parcela; quantidade de parcelas.\n\nApós a leitura: ""Podemos confirmar a liquidação/amortização?"" (F3, sem impressão). Supervisor confirma em `CDC 13.21.52`. Informar necessidade de saldo em conta. Comprovante: ""o débito ocorre ainda hoje; confirme pelo extrato. Para comprovante detalhado, solicite em qualquer agência o documento \'Demonstrativo de Origem e Evolução de Dívida – Crédito Direto ao Consumidor\'.""\n\n### 5.2. Amortização/liquidação de operações ""EM PERDAS""\nIdentificação: `SISALFA > CDC > 15.13`. **Não informar ao cliente que a operação está em prejuízo.**\na) **Débito em conta:** verifique saldo suficiente (mesmas ressalvas do item 5.1); se insuficiente, oriente novo contato. Liquidação: comando em `CDC 13-34` + confirmação do supervisor em `CDC 13-36`. Amortização parcial: comando em `CDC 13-35` + confirmação do gerente de grupo em `CDC 13-36`.\nb) **Boleto bancário:** registre ocorrência.\n\n### 5.3. Cancelamento da amortização ou liquidação antecipada\nSe só houve o comando do atendente (`CDC 13.21.12`) no mesmo dia: cancele em `CDC 13.91.51`. Se já confirmado pelo supervisor (`CDC 13.21.52`): faça o estorno (item 5.5).\n> O registro do atendente fica pendente de confirmação apenas no mesmo dia; se não confirmado, é excluído automaticamente no dia seguinte.\n\n### 5.4. Liquidação – Desaverbação/Liberação de Margem Consignável\nSe o cliente relatar que liquidou/cancelou mas não houve liberação de margem, ou a parcela segue sendo debitada, registre ocorrência.\n\n### 5.5. Estorno de pagamento antecipado\n**Demanda:** pagamento antes do vencimento, ou débito indevido em conta (ex.: pela agência).\n> Não aplicar a Consignação/Renovação Consignação/FGTS Saque Aniversário se a forma de pagamento foi ""Cta Convênio""; para `SISALFA` ou ""Boleto Bancário"", o estorno é permitido (ver item 2).\n\n1. Analise o motivo (não é permitido estornar e deixar em atraso). 2. Verifique vencimento (`CDC 15.13.F2.4`) e pagamento de salário (`SISPAG 11 > 13 > 36 > Consulta on line`). 3. Se não venceu e não houve crédito de salário, estorno possível (pagamento dentro de 30 dias, operação não atualizada). 4. Estorne em `CDC 13.91.11`. 5. Informe crédito no processamento noturno.\n> Se impossível estornar, ou outra duplicidade não sanável, registre ocorrência.\n\n---\n\n## 6. Dificuldade para contratação\n\n| Situação | Procedimento |\n|---|---|\n| **Renda desatualizada** | Verifique a última atualização; se >12 meses, oriente atualizar via App ou canal de autoatendimento (online; às vezes exige foto do documento, validação em até 3 dias úteis). Após validação, o limite é recalculado automaticamente. |\n| **Contrato do CDC não assinado** | Pergunte se aderiu às Cláusulas Gerais (assinatura da Proposta/Contrato de Adesão). Se sim, prossiga a análise. Se não, informe os canais de adesão: App/site (Empréstimo > Solicitação de Crédito > Assinatura de contrato CDC); caixa eletrônico; agência. |\n| **Acordo de dívida vigente** | Contratação impossibilitada durante a vigência do acordo; após encerrado, pode verificar novamente. |\n| **Não correntista** | Exceto CDC Consignado e Crédito 13º Salário INSS (exigem ANC vigente), as demais linhas exigem conta corrente com ANC vigente. |\n| **Modalidade de conta simplificada (sem linhas de crédito)** | Não permite contratar linhas de crédito; se houver interesse, o cliente faz upgrade da conta pelo app (Menu > Upgrade de Conta), sujeito a análise de crédito na agência. |\n\n---\n\n## 7. Contratação não reconhecida\n\n### 7.1. Falsidade ideológica e fraude\nFraude com uso de documentos falsos para contratar produtos; a vítima costuma descobrir só quando seu CPF/CNPJ sofre restrição por inadimplência. Ver rotina 50111.\n- Falsidade em operação de não correntista: oriente comparecimento a qualquer agência com identificação e boletim de ocorrência.\n- Fraude – demais situações: ver rotina 50112.\n\n### 7.2. Contestação de operações via Correspondente (falha, suspeita de fraude/golpe)\nIndícios de falha ou fraude/golpe (presencial ou Duplo Sim): registre ocorrência e responsabilize a unidade de correspondentes/antifraude (código 800010):\n- **Assunto 50113** — contratação não reconhecida; divergente do solicitado; insatisfação com o contrato/descumprimento; falta de clareza.\n- **Assunto 50114** — suspeita de fraude/golpe: abordagem por suposta empresa vinculada ao banco, internalização por correspondente e transferência de recursos a terceiros pelo cliente.\n- **Assunto 50115** — contestação/suspeita de fraude em operação via Correspondente ainda pendente de confirmação.\n\n> No módulo de SAC e Ouvidoria (assuntos 50113/50114), é obrigatório selecionar o produto/modalidade — só aparecem operações contratadas via Correspondente; caso contrário, o registro não é possível. Ao selecionar a operação, os dados de identificação do correspondente, do CDC e da chave de operação são preenchidos automaticamente (não editáveis).\n\n---\n\n## 8. Limite Especial da Conta\n\n### 8.1. Cancelamento do Limite Especial da Conta\na) Pode ser solicitado a qualquer tempo por qualquer titular.\nb) Ao ser solicitado, sonde o motivo e, se cabível, argumente: sem tarifa; limite disponível para emergências sem custo se não usado; cancelar não garante nova contratação futura; é possível reduzir para R$ 100,00 em vez de cancelar. O cliente não pode estar usando o limite no momento (se estiver, oriente cobrir o saldo). Se aceitar reduzir, siga para 8.2. *(Em Ouvidoria, cancelar direto, sem sondagem.)*\nc) Se decidir manter, encerre em FCR.\nd) Se insistir no cancelamento, verifique viabilidade:\n\n**Procedimento (cliente autenticado por URA/Token/IP):**\n> Não cancelar se o cliente estiver usando o limite; se houver juros/IOF a cobrar, é necessário saldo. Falha de autenticação: registre ocorrência.\n- **Atendente:** confira saldo suficiente (extrato) para limite + juros + IOF (desconsiderar valores provisionados); se insuficiente, peça depósito equivalente e informe que o cancelamento pode ser pedido no SAC/agência após o depósito; encerre em FCR. Cancele na plataforma (`Contas > Limite Especial da Conta PF > Implantação, Alteração, Renovação e Cancelamento > Cancelar > Registrar`) e peça deferimento ao supervisor.\n  > Se aparecer ""(27) Já existe comando de implantação para esta conta."", registre ocorrência. Se aparecer ""já existe solicitação pendente de deferimento"", peça o deferimento ao supervisor; se não localizar ou houver erro, abra ocorrência.\n- **Supervisor:** confirme dados (nome, produto, valor); defira (`Deferimentos e Pendências > Limite Especial da Conta Pessoa > Cancelamento > Deferimento`); confirme para o atendente prosseguir.\n- **Atendente:** informe o cancelamento e a disponibilidade da agência para recontratação futura; encerre e registre FCR. *(Se o supervisor não conseguir deferir, registre ocorrência.)*\n\n### 8.2. Redução do Limite Especial da Conta\na) Se o pedido for por causa da tarifa, esclareça que ela não é cobrada; se insistir, siga abaixo.\nb) Identifique PF e titular da conta.\nc) Cliente autenticado:\n- **Atendente:** verifique saldo suficiente para que a redução não deixe o saldo excedido; se preciso, peça depósito e informe que a redução pode ser pedida via app, WhatsApp, SAC ou agência após o depósito. Modalidade ""Ouro"" (limite ≥ R$ 1.000,00) reduzida para entre R$ 100,00 e R$ 950,00 muda para ""Classic"" (diferenças na rotina 50116). Se o cliente concordar, altere modalidade/limite na plataforma e peça deferimento ao supervisor.\n- **Supervisor:** confirme dados; defira (`Deferimentos e Pendências > Limite Especial da Conta Pessoa Física > Alteração > Deferimento`); confirme para o atendente prosseguir.\n- **Atendente:** informe a redução realizada; para elevar no futuro, indicar app/agência. Encerre e registre FCR. *(Se o supervisor não conseguir deferir, registre ocorrência.)*\n\n### 8.3. Alterar data de débito dos juros\nFalha de autenticação: informe os canais. Acesse `Plataforma > Contas > Limite Especial da Conta PF > Alterar > Tipo de Alteração – ""Dia do débito""` e escolha um dia entre 1 e 28. A alteração só vale a partir do mês seguinte à solicitação.\n\n---\n\n## 9. Rotinas auxiliares (índice de empréstimos)\n\n| Código (anonimizado) | Assunto |\n|---|---|\n| 50107 | CDC – Condições Gerais / Contrato |\n| 50108 | Crédito Consignação e Renovação – Correntista e não correntista |\n| 50118 | Crédito Consignação – INSS |\n| 50119 | Crédito Automático |\n| 50120 | Crédito Benefício |\n| 50121 | Crédito Salário e Salário Funci |\n| 50122 | Crédito Renovação e Renovação Funci |\n| 50123 | Crédito 13º Décimo Terceiro Salário |\n| 50124 | Crédito 13º Décimo Terceiro Salário – Não Correntistas |\n| 50125 | CDC Antecipação Restituição IRPF |\n| 50126 | CDC Antecipação Saque Aniversário FGTS |\n| 50117 | Crédito Parcelamento Cheque Especial (Limite Especial da Conta) |\n| 50104 | Autorização de Débito – Empréstimos, CDC e outros (Resolução CMN 4.790/2020) |\n| 50127 | Crédito do Trabalhador – Novo modelo de Crédito Consignado do Setor Privado |\n| 50128 | Crédito do Trabalhador – Atendimento ao Empregador |\n\n---\n\n## 10. Fonte de informação\n\nDepartamento responsável: **DOC – Diretoria de Operações de Crédito** (código 800020).\n']","Confirmada duplicidade sem estorno, estornar primeiro o Boleto Bancário e depois o Recebimento Automático (só sem débitos pendentes e sem gerar saldo devedor/atraso). Supervisor recebe o valor correto em CDC 13.23 e confirma data retroativa em CDC 13.61.",CONDITIONAL_WORKFLOW,0.7844,,0.8571428571428571,0.7572217887419922,1.0,0.9999999999
"Descontaram no contracheque e na conta. Quando volta?
[Dados coletados via clarificação: canal_tentado=app; tipo_cliente=correntista]","Para casos de duplicidade de cobrança (desconto em folha e débito em conta), o procedimento de estorno depende da modalidade do crédito e do convênio.

### Procedimento de Estorno e Devolução
Se a operação foi liquidada ou renovada, mas houve consignação em folha, o estorno do valor debitado em conta é realizado automaticamente em até **2 dias úteis (D+2)**, com as seguintes exceções:

*   **Convênio INSS (código 900001):** A devolução ocorre a partir do 5º dia útil.
*   **Convênio MPDG (código 900002):** A devolução ocorre até o 1º dia útil.

### O que você deve verificar
1.  **Verificação de processamento:** Se a data do débito for hoje ou no próximo dia útil, oriente o cliente a aguardar o processamento noturno, pois o sistema tende a excluir a duplicidade automaticamente.
2.  **Consulta de consignação:** Verifique a situação da parcela no sistema (`SISCONSIG 22 > 01 > 01`). Se o ""Tipo Lançamento"" estiver como *Amortização*, a parcela foi consignada; se estiver como *Devolução*, o valor foi devolvido à conta.
3.  **Registro de ocorrência:** Caso a duplicidade seja confirmada sem o estorno automático, ou se o sistema não indicar a consignação, mas o cliente comprovar o desconto em folha:
    *   Registre uma ocorrência.
    *   Oriente o cliente a enviar uma cópia do contracheque para o e-mail `sacdocumentos@bancoalfa.com.br`.

**Observação:** Para o ""Crédito do Trabalhador"" (identificado como ""E-Consig PJ""), é necessário exigir o contracheque da competência anterior ao débito, o documento ""Detalhe da guia emitida"" e o comprovante de pagamento da guia fornecido pela empresa.

### Referências

- [1] POP – Atendimento de Operações de CDC (Crédito Direto ao Consumidor) – Pessoa Física","['# POP – Atendimento de Operações de CDC (Crédito Direto ao Consumidor) – Pessoa Física\n### [Versão anonimizada/pseudonimizada para uso acadêmico]\n\n> **Nota metodológica de anonimização:** este documento é uma versão pseudonimizada de uma rotina real de atendimento (SAC) de operações de crédito pessoa física. Foram substituídos: (i) o nome da instituição financeira e de seus canais/site/e-mail; (ii) os nomes de sistemas internos claramente proprietários; (iii) nomes e códigos de convênios de consignação com órgãos públicos; (iv) códigos de prefixo/departamento interno; e (v) números de rotinas/assuntos auxiliares referenciados ao longo do texto — todos substituídos por identificadores fictícios e sequenciais. A lógica processual, as condições, exceções e o fluxo de decisão originais foram mantidos integralmente, o que preserva o valor do documento como exemplo de POP para fins de extração de árvore de decisão. Termos e siglas genéricas do setor bancário (CDC, SAC, Ouvidoria, TAA, URA, FCR, ANC, Token, Identificação Positiva) e referências a normas públicas (Resolução CMN 4.790/2020, INSS) foram mantidos, por não serem exclusivos de uma única instituição.\n\n**Sumário:** Observações iniciais · 1. Consulta geral CDC · 2. Débito da parcela CDC · 3. Simulação/Contratação · 4. Cancelamento de CDC · 5. Liquidação/Amortização · 6. Dificuldade para contratação · 7. Contratação não reconhecida · 8. Limite Especial da Conta · 9. Rotinas auxiliares · 10. Fonte de informação\n\n---\n\n## Observações iniciais\n\na) Esta rotina destina-se ao atendimento das operações de crédito PF listadas no item 2. Para os casos abaixo, consulte rotinas específicas:\n- **FIES:** rotina 50101 – SAC QC – Financiamento Estudantil (FIES)\n- **Financiamento imobiliário:** rotina 50102 – SAC QC – Financiamento Imobiliário\n- **Renegociação de dívidas:** rotina 50103 – SAC QC – Renegociação de Dívidas Pessoa Física e Jurídica\n\nb) **Autorização de Débito em Conta:** a partir de 01/03/2021, para que uma operação seja debitada em conta, é necessária autorização específica do cliente para o débito. Ver informações e procedimentos na rotina 50104.\n\nc) **Canais para contratação de CDC:** [link para os canais de contratação]\n\n---\n\n## 1. Consulta geral CDC\n\nPara verificar as informações da operação, identifique se o consumidor é PF e titular da operação. Em caso de FALHA, RECUSA ou INAPLICABILIDADE de Identificação Positiva (IP), registre ocorrência.\n\n| Demanda | Consulta |\n|---|---|\n| a) Informações gerais do CDC | `SISALFA > CDC > 15 > 18` — em ""Código do Cliente"" pressione F4, inclua o CPF e selecione a operação. Clique em F2 > Outros dados > 4. Cronograma. Principais informações: modalidade do CDC, data de vencimento, parcelas pagas e data de pagamento (mais detalhes no item 2), parcelas a vencer, parcelas em atraso, taxas de juros ou CET. |\n| b) Saldo atualizado total | `SISALFA > CDC > 15 > 18` — mesmo caminho acima; após selecionar a operação, verifique o campo ""Saldo devedor atual"". Esse é o saldo do dia, com atualização diária. |\n| c) Parcelas, valores pagos, juros, datas de pagamento | `SISALFA > CDC > 15 > 18` → Agência/Conta → selecione a operação → F2 → 4. Cronograma → selecione a parcela (""P"" indica pagamento parcial) → F9 (detalhe) → F12/F11 (pagamentos e parcelas). O ""total recebimento parcial"" é o valor recebido naquela parcela. |\n| d) Consultar CDC liquidado, renovado ou excluído | `SISALFA > CDC > 15 > 18`, em ""Código do Cliente"" pressione F4 e insira o CPF — NÃO selecione nenhuma operação e pressione F11. F12 para operações arquivadas. |\n| e) Consulta de cláusulas gerais ou documentos do CDC contratado | Cláusulas gerais consultáveis em: **App Alfa** (Menu > Empréstimos > Contratar empréstimo > Aderir ao contrato); **site institucional**, inclusive para não correntista (Página inicial > Pra você > Empréstimo > Empréstimo pessoal > Contrato de abertura de crédito rotativo); **site institucional (área logada)** (Menu > Empréstimos > Crédito consignado e pessoal > Aderir Contrato de Empréstimo). Documentos do CDC contratado: Extrato de Empréstimo (parcelas pagas/a pagar) — App, site, caixas eletrônicos ou agências; Consolidado Anual (valores por exercício) — site ou agências; 2ª via do comprovante (com taxas) — App ou agências. |\n\n---\n\n## 2. Débito da parcela CDC (data ou valor divergente, duplicidade)\n\nPara identificar o débito questionado, consulte o extrato em `Plataforma de Relacionamento (Operações Contratadas) > Contas > Consultas > Extrato Conta Corrente`. O número da operação consta no campo ""Documento"" (9 dígitos).\n\nSituações possíveis: débito antes/depois do vencimento contratual; valor divergente; duplicidade (folha + conta); débito em conta errada.\n\n**Consulta:** `CDC 15.13` (F4 – CPF) → selecione a operação → F2.4 (cronograma) → selecione a parcela com ""x"" → F9 (detalhar) → F12 (mais informações) → F3 (voltar) e copie o nº da operação → `CDC 13.61` (cole o nº como ""nº contrato"") para ver como ocorreu o pagamento.\n\nSiga então a orientação por modalidade:\n\n### CDC Consignação ou CDC Renovação Consignação\nDébito ocorre na folha de pagamento. a) Se não consignada (ou parcial), o débito ocorrerá total/parcial em conta. b) Se liquidado/renovado mas houve consignação, o estorno é automático em conta em até D+2 dias úteis, exceto para os convênios de código 900001 (INSS — devolução a partir do 5º dia útil) e código 900002 (MPDG — devolução até o 1º dia útil).\n\n1. Consulte a parcela: `CDC 15 > 13 > F2 > 4` (datas); `CDC 15 > 13 > F8 > F9` (mês/ano da folha). *Consig total* = debitada integralmente em folha; *Consig parcial* = debitada parcialmente (verifique o restante em conta); *Não consignada* = sem débito em folha; *Incluída* = ainda não vencida; *Enviada* = empregador não retornou (sem repasse, o débito ocorre em conta).\n2. Confirme a consignação em `SISCONSIG 22 > 01 > 01` (Convênio, Data Prevista, nº Operação — dados em `CDC 15.13`); selecione ""x"" e F9: ""Tipo Lançamento"" *Amortização* = consignado; *Devolução* = não consignado, devolvido à conta.\n3. Preste as informações.\n4. Se o cliente disser que a parcela foi consignada em folha mas também há débito agendado em conta: verifique o extrato (agendado ou debitado); se debitado, verifique devolução; se a data for hoje/próximo dia útil, oriente aguardar o processamento noturno (tende a ser excluído) e encerre em FCR. Se confirmada duplicidade sem estorno, ou se o sistema não mostra consignação mas o cliente afirma o desconto, registre ocorrência e oriente o envio de cópia do contracheque para `sacdocumentos@bancoalfa.com.br`.\n\n> **Crédito do Trabalhador** (identifique pelo campo ""Convênio"" = ""E-Consig PJ"" em `CDC > 15 > 13`): exigir contracheque da competência anterior ao débito (ex.: débito no mês 09 → contracheque do mês 08) e o documento ""Detalhe da guia emitida"" (com a instituição que recebeu o valor) + comprovante de pagamento da guia, fornecidos pela empresa.\n\n### CDC Salário, CDC Benefício e CDC Renovação\nDébito no dia do crédito do salário/benefício, mesmo que divergente do vencimento contratual (cobrança antecipada gera desconto proporcional). Renovação com convênio: débito na data de crédito de proventos; sem convênio: na data de vencimento.\n\n1. Verifique no extrato o recebimento de salário no dia do débito.\n2. Compare a data de débito (`CDC 15 > 13 > F2 > 4`) com a cadastrada em `CDC 24 > 14` e `SISPAG 11 > 13 > 36 > Consulta on line`.\n3. Se ambos ocorrerem após o vencimento do contrato, registre ocorrência.\n4. Preste as informações.\n\n### CDC Automático\nDébito em conta (corrente ou salário) na data de vencimento informada na autorização; há opção de boleto (gerado pelo cliente ou se a autorização foi cancelada).\n\n**Duplicidade:** 1. Verifique boleto pago + débito em conta (`CDC 13 > 61`, ""Forma Pagto"": Rcbto Autom e Boleto Banc); confira estorno (campo ""Dt. Canc."" preenchido = houve estorno). 2. Se confirmada duplicidade sem estorno, estorne em `CDC 13 > 91 > 11 > 6` (o sistema só estorna do mais recente para o mais antigo; se o pagamento em conta foi parcial e só for possível estornar o boleto mais recente, isso deixaria a operação em atraso — nesse caso, estorne primeiro o ""Boleto Bancário"" e depois o ""Recebimento Automático"", só se não houver débitos pendentes). Peça ao supervisor para receber o valor correto em `CDC 13.23`; confirme a data de recebimento retroativo em `CDC 13.61`.\n> Para recebimento por débito em conta em operações contratadas a partir de 01/03/21, é necessária autorização específica do cliente.\n\n### CDC 13º Salário\nDébito em parcela única. **Com convênio:** na data de cobrança (recebimento do 13º, informado pelo empregador) OU no vencimento (30 dias após o crédito do 13º), o que ocorrer primeiro — exceto convênios com 13º vinculado ao aniversário do cliente. **Sem convênio:** na data escolhida na contratação.\n\n- Convênio consta em `SISALFA > CDC 15.13`.\n- **Com convênio:** data de cobrança em `CDC 22 > 10 > 5d` (código de linha 3100; nº convênio em `CDC 15 > 13`); vencimento em `CDC 15 > 13 > F2 > 4`. 1. Informe que o débito ocorre na data de cobrança; se o 13º não for creditado, tenta-se o débito na data de cobrança ou vencimento (o que ocorrer primeiro). 2. Verifique como ocorreu em `CDC 15 > 13 > F2 > 4`. 3. Preste as informações.\n  > **Obs.:** se a data de cobrança mudar por solicitação do empregador, o vencimento pode ser antecipado. *Ex. 1:* cobrança cadastrada 30/06/26 → vencimento 30/07/26; se a cobrança mudar para 30/08/26, cobra-se em 30/07/26 (o que ocorrer primeiro). *Ex. 2:* se o 13º do convênio está vinculado ao mês de aniversário, cobrança e vencimento caem no mês de aniversário do cliente.\n- **Sem convênio:** débito no vencimento (`CDC 15 > 13 > F2 > 4`).\n\n### CDC Antecipação IRPF\nDébito (a) na data prevista do crédito da restituição, ou (b) no vencimento contratual, se o crédito não ocorrer antes.\n1. Informe a regra acima. 2. Consulte `CDC 15 > 13 > F2 > 4`. 3. Preste as informações.\n\n### CDC Antecipação Saque Aniversário FGTS\nLiquidação automática via repasse do FGTS; débito em conta só se o repasse for insuficiente.\n1. Consulte `CDC 15 > 13 > F2 > 4`. 2. Preste as informações.\n\n### Orientações complementares\na) Reclamação de saldo aprovisionado em fim de semana/feriado: explique que, pelas cláusulas gerais do contrato de conta, a liberação de débitos nesses períodos depende do saldo após deduzir débitos programados para o 1º dia útil seguinte.\nb) **Boleto:** algumas linhas permitem gerar boleto (rotina 50107); se houver duplicidade (conta + boleto), estorne como em ""CDC Automático"". Não aplicar esse procedimento a CDC Consignação/Renovação Consignação/FGTS Saque Aniversário se a forma de pagamento foi ""Cta Convênio"" — para forma de pagamento via `SISALFA` ou ""Boleto Bancário"", o estorno é permitido.\nc) Mais informações: ver rotinas auxiliares (item 9).\nd) Se não for possível identificar o motivo, ou o cliente permanecer insatisfeito, registre ocorrência.\n\n---\n\n## 3. Simulação/Contratação de Empréstimos\n\nCDC é um empréstimo pessoal automatizado, pré-aprovado, disponível em conta corrente. Solicitação exclusiva do titular.\n> Se o cliente quiser alterar o vencimento da prestação: após a confirmação do contrato isso não é possível. Alternativa: contratar CDC Renovação (se a linha permitir e houver limite), indicando o vencimento mais adequado.\n\n**Procedimento:** verifique se a Análise de Crédito (ANC) está vigente em `Plataforma de Relacionamento (Operações Contratadas) — aba Limite de Crédito`, campo ""Situação do limite"".\n\n| Status do limite | Procedimento |\n|---|---|\n| Vencida, Impedida, Cancelada, Suspensa, Em transferência, Em estudo, Indeferida, ou Vigente com Limite Total–Margem zerado | Informe que não há limite disponível; o cliente deve ir a qualquer agência com identificação (RG/CPF), comprovante de residência e de renda (emitidos há menos de 90 dias, mesmo que pela internet). Consulte a rotina 50105 para possibilidade de restabelecimento. |\n| Vigente (algum valor em Limite Total–Margem) | Não informe o valor ao cliente. Dentro do horário de atendimento (9h–18h), pergunte se autoriza transferência para a Central de Consultoria em Uso Responsável do Crédito (rotina 50106). Se não autorizar, ou fora do horário, informe as opções: Central de Consultoria; App Alfa > Empréstimo; site > Empréstimo; caixa eletrônico (TAA) > Empréstimo. |\n\n---\n\n## 4. Cancelamento de CDC\n\nCancelamento permitido em até 7 dias corridos (a partir do dia seguinte à liberação do crédito), se contratado por canal de autoatendimento (App, site, caixas eletrônicos ou telefone), pelo titular, autenticado (URA, Token ou Identificação Positiva).\n\n> **Atenção:** o cancelamento da linha 2881 – Crédito Renovação Consignação está restrito ao departamento **DOC – Diretoria de Operações de Crédito** (código 800020) para os convênios: Convênio Especial 01 (700001), 02 (700002), 03 (700003), 04 (700004), 05 (700005), 06 (700006), 07 (700007), 08 (700008), 09 (700009), 10 (700010), 11 (700011), 12 (700012), 13 (700013), 14 (700014), 15 (700015) e 16 (700016). É necessário haver margem suficiente para reaverbação das operações vinculadas à renovação cancelada.\n> O cancelamento da mesma linha para o Convênio Especial 17 (700017) está restrito à **Superintendência Regional III** (código 800030). Ver rotina 50108.\n\nAntes do procedimento, informe o número da operação e que, após o cancelamento, o comando não pode ser desfeito.\n\n### 4.1. Cancelamento de proposta CDC NÃO CONFIRMADA\n`SISRET Y09` — copie o nº da operação (documento, 9 dígitos). `CDC 11.13` → inclua o nº a cancelar. Em ""Exclusão de operação – Confirma?"", responda ""S"". Motivo: ""08 – Exclusão a pedido do cliente – Desistência"". Verifique a mensagem ""Cancelamento da Proposta efetuado em XX/XX/XX às XX:XX:XX por FXXXXX""; se diferente, registre ocorrência.\n> Atenção a operações via Correspondente – LOG 633 ""Operação Novo Fluxo Correspondente/Parceiro Comercial"" (`CDC 15.18.F2.8`). Se pendente de confirmação, registre ocorrência (motivo obrigatório; não oriente o cliente a excluir por autoatendimento).\n\n### 4.2. Cancelamento no MESMO DIA ou DIA ÚTIL SEGUINTE (contratação em dia não útil)\nPermitido para contratações presenciais e não presenciais, todos os canais. Uso do Limite Especial da Conta gera juros e IOF. Cancele em `CDC 14`; se falhar, registre ocorrência.\n\n### 4.3. Cancelamento em até 7 DIAS CORRIDOS (a partir do dia seguinte ao crédito)\n**Via TAA/internet/App/telefone (Duplo Sim):** consulte `CDC 15.18.F2.8` (log) — canal no log 201: *Duplo Sim* → campo ""Ocor"" LOG 201 e 493; *Correspondente* → registre ocorrência. (Contestação: ver item 7.2.)\n**Presencial na agência:** só cancela no mesmo dia (ver item 4.2)! A partir do dia seguinte, só liquidação. Se o cliente relatar falhas, registre ocorrência.\n\nVerifique saldo para o débito (ou ""troco"" nas Renovações — `CDC 15.18.F2.5 Contratos Vinculados` mostrará o `SISCLI`; informe o valor), considerando Limite Especial ou resgates automáticos. Oriente manter saldo (débito à noite); uso do Limite Especial gera juros/IOF. Se discordar, só liquidação/amortização/pagamento. Cancele em `CDC 14`; se falhar, registre ocorrência.\n> No cancelamento de CDC Antecipação Saque Aniversário FGTS, o desbloqueio da garantia é automático. Log ""1120 – Operação Contratada com Parcela Pix"" = produto Alfa Parcela Pix (mesmo procedimento de Duplo Sim).\n\n### 4.4. Cancelamento de REPACTUAÇÃO\n`CDC 15.13`, selecione a operação. Se constar ""Op"" pendente de confirmação, pode excluir; se confirmada, só liquida/paga total.\n> *Convênio Especial 17:* tem repactuação de CDCs consignados com suspensão de cobrança (rotina 50109).\n\n### 4.5. Cancelamento do produto de pagamento parcelado de contas\nVer item 10 da rotina 50110.\n\n### 4.6. Pedido após 7 dias, ou contratação presencial (pedido fora do mesmo dia)\nSó é possível a liquidação.\n> Obs. 1: presencial só cancela no mesmo dia (item 4.2). Obs. 2: exclusivamente para CDC Renovação, se a liquidação antecipada não puder ser feita, registre ocorrência para avaliar cancelamento (informar que o IOF será cobrado em conta). CDC Renovação sem ""troco"" é cancelável se a contratação não foi presencial e o pedido ocorreu em até 7 dias.\n\nCancele em `CDC > 14`. Em caso de erro, registre ocorrência.\n\n---\n\n## 5. Liquidação / Amortização\n\nSolicitação exclusiva do titular.\n\n### 5.1. Amortização/Liquidação ANTECIPADA ou operação EM ATRASO\n**Demanda:** quitação parcial/total antes do vencimento e/ou parcelas em atraso.\n> Pagamento via boleto: emitido em agência, pago no mesmo dia (saldo atualiza diariamente); se não pago no mesmo dia, o mesmo boleto ainda serve, pois o saldo é recalculado.\n\nSe não autenticado (URA/Token/IP), informe os canais. Cancelamento da amortização/liquidação só no mesmo dia, e só com margem disponível (item 5.3). Somente com recursos próprios; há redução proporcional de juros.\n\n**Tipos** (parcelas em atraso sempre em ordem crescente): **Crescente** (da próxima parcela em diante); **Decrescente** (da última parcela para trás); **Linear** (amortiza o saldo total sem alterar o cronograma; recalcula as parcelas a vencer).\n> Linear NÃO permitido para CDC Consignado, nem para operações fora do status ""Normal"", com pagamento parcial, em cobrança, ou com ""Pula-Parcela"". ""Em cobrança"" não aceita nenhuma amortização.\n\n| Necessidade do cliente | Tipo de amortização |\n|---|---|\n| Parar de pagar as próximas prestações por um período | Liquidação antecipada de parcelas integrais, ordem crescente |\n| Amortizar e continuar pagando as próximas prestações | Liquidação antecipada de parcelas integrais, ordem decrescente |\n| Reduzir o valor das prestações em toda a operação | Amortização linear |\n| Liquidar a operação | Quitação total, sempre em ordem crescente |\n\n> No CDC Consignado, pode haver desconto da próxima prestação em folha. Para Consignação/Renovação Consignação, prefira ordem decrescente (evita duplicidade em folha); se o cliente pedir crescente, informe o risco (o valor retorna no vencimento da parcela, se ocorrer).\n\n**Procedimento:** 1. Simule em `CDC 13.11.12`, informe o saldo atual (item 1b). 2. Verifique saldo suficiente (`Plataforma de Relacionamento > Contas > Extrato`), considerando saldo aprovisionado, tarifas pendentes, resgates automáticos e Limite Especial (a critério do cliente, com encargos). 3. Se insuficiente, oriente novo contato; se suficiente, execute em `CDC 13 > 21 > 12` (tipo: parcial/liquidação/linear; quantidade/valor; ordem).\n> Se o sistema indicar ausência de autorização de débito, siga a rotina 50104.\n\n**Leitura obrigatória ao cliente antes da confirmação** (""Sr(a). ___, para sua segurança, faremos a leitura das condições:""):\n- **Parcial/liquidação:** agência/conta; valor base da parcela; encargos por atraso; desconto de antecipação; variação Selic; valor a amortizar; total de parcelas; ordem escolhida.\n- **Linear:** valor base; desconto aproximado; variação Selic; valor da parcela inicial; novo valor da parcela; quantidade de parcelas.\n\nApós a leitura: ""Podemos confirmar a liquidação/amortização?"" (F3, sem impressão). Supervisor confirma em `CDC 13.21.52`. Informar necessidade de saldo em conta. Comprovante: ""o débito ocorre ainda hoje; confirme pelo extrato. Para comprovante detalhado, solicite em qualquer agência o documento \'Demonstrativo de Origem e Evolução de Dívida – Crédito Direto ao Consumidor\'.""\n\n### 5.2. Amortização/liquidação de operações ""EM PERDAS""\nIdentificação: `SISALFA > CDC > 15.13`. **Não informar ao cliente que a operação está em prejuízo.**\na) **Débito em conta:** verifique saldo suficiente (mesmas ressalvas do item 5.1); se insuficiente, oriente novo contato. Liquidação: comando em `CDC 13-34` + confirmação do supervisor em `CDC 13-36`. Amortização parcial: comando em `CDC 13-35` + confirmação do gerente de grupo em `CDC 13-36`.\nb) **Boleto bancário:** registre ocorrência.\n\n### 5.3. Cancelamento da amortização ou liquidação antecipada\nSe só houve o comando do atendente (`CDC 13.21.12`) no mesmo dia: cancele em `CDC 13.91.51`. Se já confirmado pelo supervisor (`CDC 13.21.52`): faça o estorno (item 5.5).\n> O registro do atendente fica pendente de confirmação apenas no mesmo dia; se não confirmado, é excluído automaticamente no dia seguinte.\n\n### 5.4. Liquidação – Desaverbação/Liberação de Margem Consignável\nSe o cliente relatar que liquidou/cancelou mas não houve liberação de margem, ou a parcela segue sendo debitada, registre ocorrência.\n\n### 5.5. Estorno de pagamento antecipado\n**Demanda:** pagamento antes do vencimento, ou débito indevido em conta (ex.: pela agência).\n> Não aplicar a Consignação/Renovação Consignação/FGTS Saque Aniversário se a forma de pagamento foi ""Cta Convênio""; para `SISALFA` ou ""Boleto Bancário"", o estorno é permitido (ver item 2).\n\n1. Analise o motivo (não é permitido estornar e deixar em atraso). 2. Verifique vencimento (`CDC 15.13.F2.4`) e pagamento de salário (`SISPAG 11 > 13 > 36 > Consulta on line`). 3. Se não venceu e não houve crédito de salário, estorno possível (pagamento dentro de 30 dias, operação não atualizada). 4. Estorne em `CDC 13.91.11`. 5. Informe crédito no processamento noturno.\n> Se impossível estornar, ou outra duplicidade não sanável, registre ocorrência.\n\n---\n\n## 6. Dificuldade para contratação\n\n| Situação | Procedimento |\n|---|---|\n| **Renda desatualizada** | Verifique a última atualização; se >12 meses, oriente atualizar via App ou canal de autoatendimento (online; às vezes exige foto do documento, validação em até 3 dias úteis). Após validação, o limite é recalculado automaticamente. |\n| **Contrato do CDC não assinado** | Pergunte se aderiu às Cláusulas Gerais (assinatura da Proposta/Contrato de Adesão). Se sim, prossiga a análise. Se não, informe os canais de adesão: App/site (Empréstimo > Solicitação de Crédito > Assinatura de contrato CDC); caixa eletrônico; agência. |\n| **Acordo de dívida vigente** | Contratação impossibilitada durante a vigência do acordo; após encerrado, pode verificar novamente. |\n| **Não correntista** | Exceto CDC Consignado e Crédito 13º Salário INSS (exigem ANC vigente), as demais linhas exigem conta corrente com ANC vigente. |\n| **Modalidade de conta simplificada (sem linhas de crédito)** | Não permite contratar linhas de crédito; se houver interesse, o cliente faz upgrade da conta pelo app (Menu > Upgrade de Conta), sujeito a análise de crédito na agência. |\n\n---\n\n## 7. Contratação não reconhecida\n\n### 7.1. Falsidade ideológica e fraude\nFraude com uso de documentos falsos para contratar produtos; a vítima costuma descobrir só quando seu CPF/CNPJ sofre restrição por inadimplência. Ver rotina 50111.\n- Falsidade em operação de não correntista: oriente comparecimento a qualquer agência com identificação e boletim de ocorrência.\n- Fraude – demais situações: ver rotina 50112.\n\n### 7.2. Contestação de operações via Correspondente (falha, suspeita de fraude/golpe)\nIndícios de falha ou fraude/golpe (presencial ou Duplo Sim): registre ocorrência e responsabilize a unidade de correspondentes/antifraude (código 800010):\n- **Assunto 50113** — contratação não reconhecida; divergente do solicitado; insatisfação com o contrato/descumprimento; falta de clareza.\n- **Assunto 50114** — suspeita de fraude/golpe: abordagem por suposta empresa vinculada ao banco, internalização por correspondente e transferência de recursos a terceiros pelo cliente.\n- **Assunto 50115** — contestação/suspeita de fraude em operação via Correspondente ainda pendente de confirmação.\n\n> No módulo de SAC e Ouvidoria (assuntos 50113/50114), é obrigatório selecionar o produto/modalidade — só aparecem operações contratadas via Correspondente; caso contrário, o registro não é possível. Ao selecionar a operação, os dados de identificação do correspondente, do CDC e da chave de operação são preenchidos automaticamente (não editáveis).\n\n---\n\n## 8. Limite Especial da Conta\n\n### 8.1. Cancelamento do Limite Especial da Conta\na) Pode ser solicitado a qualquer tempo por qualquer titular.\nb) Ao ser solicitado, sonde o motivo e, se cabível, argumente: sem tarifa; limite disponível para emergências sem custo se não usado; cancelar não garante nova contratação futura; é possível reduzir para R$ 100,00 em vez de cancelar. O cliente não pode estar usando o limite no momento (se estiver, oriente cobrir o saldo). Se aceitar reduzir, siga para 8.2. *(Em Ouvidoria, cancelar direto, sem sondagem.)*\nc) Se decidir manter, encerre em FCR.\nd) Se insistir no cancelamento, verifique viabilidade:\n\n**Procedimento (cliente autenticado por URA/Token/IP):**\n> Não cancelar se o cliente estiver usando o limite; se houver juros/IOF a cobrar, é necessário saldo. Falha de autenticação: registre ocorrência.\n- **Atendente:** confira saldo suficiente (extrato) para limite + juros + IOF (desconsiderar valores provisionados); se insuficiente, peça depósito equivalente e informe que o cancelamento pode ser pedido no SAC/agência após o depósito; encerre em FCR. Cancele na plataforma (`Contas > Limite Especial da Conta PF > Implantação, Alteração, Renovação e Cancelamento > Cancelar > Registrar`) e peça deferimento ao supervisor.\n  > Se aparecer ""(27) Já existe comando de implantação para esta conta."", registre ocorrência. Se aparecer ""já existe solicitação pendente de deferimento"", peça o deferimento ao supervisor; se não localizar ou houver erro, abra ocorrência.\n- **Supervisor:** confirme dados (nome, produto, valor); defira (`Deferimentos e Pendências > Limite Especial da Conta Pessoa > Cancelamento > Deferimento`); confirme para o atendente prosseguir.\n- **Atendente:** informe o cancelamento e a disponibilidade da agência para recontratação futura; encerre e registre FCR. *(Se o supervisor não conseguir deferir, registre ocorrência.)*\n\n### 8.2. Redução do Limite Especial da Conta\na) Se o pedido for por causa da tarifa, esclareça que ela não é cobrada; se insistir, siga abaixo.\nb) Identifique PF e titular da conta.\nc) Cliente autenticado:\n- **Atendente:** verifique saldo suficiente para que a redução não deixe o saldo excedido; se preciso, peça depósito e informe que a redução pode ser pedida via app, WhatsApp, SAC ou agência após o depósito. Modalidade ""Ouro"" (limite ≥ R$ 1.000,00) reduzida para entre R$ 100,00 e R$ 950,00 muda para ""Classic"" (diferenças na rotina 50116). Se o cliente concordar, altere modalidade/limite na plataforma e peça deferimento ao supervisor.\n- **Supervisor:** confirme dados; defira (`Deferimentos e Pendências > Limite Especial da Conta Pessoa Física > Alteração > Deferimento`); confirme para o atendente prosseguir.\n- **Atendente:** informe a redução realizada; para elevar no futuro, indicar app/agência. Encerre e registre FCR. *(Se o supervisor não conseguir deferir, registre ocorrência.)*\n\n### 8.3. Alterar data de débito dos juros\nFalha de autenticação: informe os canais. Acesse `Plataforma > Contas > Limite Especial da Conta PF > Alterar > Tipo de Alteração – ""Dia do débito""` e escolha um dia entre 1 e 28. A alteração só vale a partir do mês seguinte à solicitação.\n\n---\n\n## 9. Rotinas auxiliares (índice de empréstimos)\n\n| Código (anonimizado) | Assunto |\n|---|---|\n| 50107 | CDC – Condições Gerais / Contrato |\n| 50108 | Crédito Consignação e Renovação – Correntista e não correntista |\n| 50118 | Crédito Consignação – INSS |\n| 50119 | Crédito Automático |\n| 50120 | Crédito Benefício |\n| 50121 | Crédito Salário e Salário Funci |\n| 50122 | Crédito Renovação e Renovação Funci |\n| 50123 | Crédito 13º Décimo Terceiro Salário |\n| 50124 | Crédito 13º Décimo Terceiro Salário – Não Correntistas |\n| 50125 | CDC Antecipação Restituição IRPF |\n| 50126 | CDC Antecipação Saque Aniversário FGTS |\n| 50117 | Crédito Parcelamento Cheque Especial (Limite Especial da Conta) |\n| 50104 | Autorização de Débito – Empréstimos, CDC e outros (Resolução CMN 4.790/2020) |\n| 50127 | Crédito do Trabalhador – Novo modelo de Crédito Consignado do Setor Privado |\n| 50128 | Crédito do Trabalhador – Atendimento ao Empregador |\n\n---\n\n## 10. Fonte de informação\n\nDepartamento responsável: **DOC – Diretoria de Operações de Crédito** (código 800020).\n']","Liquidado/renovado com consignação indevida tem estorno automático em conta em até D+2 dias úteis, exceto convênio 900001 (INSS, devolução a partir do 5º dia útil) e 900002 (MPDG, até o 1º dia útil).",REGULATORY_TIMELINE,0.7959,,1.0,0.6941177366267263,1.0,0.9999999999
"Quero amortizar para baixar o valor das parcelas. Pode ser linear?
[Dados coletados via clarificação: canal_tentado=agência; tipo_cliente=correntista]","Com base nas informações fornecidas, não há detalhes sobre a possibilidade de amortização linear para redução do valor das parcelas. O documento disponível aborda procedimentos de liquidação e amortização, mas não especifica modalidades de cálculo ou tipos de amortização (como a linear).

Para questões relacionadas a liquidação e amortização, o atendimento deve seguir as orientações gerais contidas no POP de operações de CDC. Caso o cliente deseje realizar uma amortização, recomenda-se verificar as opções disponíveis nos canais de atendimento ou agência, observando que:

*   O cancelamento de CDC é permitido em condições específicas (como prazos de 7 dias corridos para contratações via autoatendimento), mas a amortização/liquidação é o procedimento indicado quando o cancelamento não é mais possível.
*   Se o cliente relatar dificuldades ou insatisfação com o processo, deve-se registrar uma ocorrência.

Como o contexto não fornece uma regra específica sobre ""amortização linear"", não é possível confirmar se essa modalidade é aplicada.

### References

- [1] POP – Atendimento de Operações de CDC (Crédito Direto ao Consumidor) – Pessoa Física","['# POP – Atendimento de Operações de CDC (Crédito Direto ao Consumidor) – Pessoa Física\n### [Versão anonimizada/pseudonimizada para uso acadêmico]\n\n> **Nota metodológica de anonimização:** este documento é uma versão pseudonimizada de uma rotina real de atendimento (SAC) de operações de crédito pessoa física. Foram substituídos: (i) o nome da instituição financeira e de seus canais/site/e-mail; (ii) os nomes de sistemas internos claramente proprietários; (iii) nomes e códigos de convênios de consignação com órgãos públicos; (iv) códigos de prefixo/departamento interno; e (v) números de rotinas/assuntos auxiliares referenciados ao longo do texto — todos substituídos por identificadores fictícios e sequenciais. A lógica processual, as condições, exceções e o fluxo de decisão originais foram mantidos integralmente, o que preserva o valor do documento como exemplo de POP para fins de extração de árvore de decisão. Termos e siglas genéricas do setor bancário (CDC, SAC, Ouvidoria, TAA, URA, FCR, ANC, Token, Identificação Positiva) e referências a normas públicas (Resolução CMN 4.790/2020, INSS) foram mantidos, por não serem exclusivos de uma única instituição.\n\n**Sumário:** Observações iniciais · 1. Consulta geral CDC · 2. Débito da parcela CDC · 3. Simulação/Contratação · 4. Cancelamento de CDC · 5. Liquidação/Amortização · 6. Dificuldade para contratação · 7. Contratação não reconhecida · 8. Limite Especial da Conta · 9. Rotinas auxiliares · 10. Fonte de informação\n\n---\n\n## Observações iniciais\n\na) Esta rotina destina-se ao atendimento das operações de crédito PF listadas no item 2. Para os casos abaixo, consulte rotinas específicas:\n- **FIES:** rotina 50101 – SAC QC – Financiamento Estudantil (FIES)\n- **Financiamento imobiliário:** rotina 50102 – SAC QC – Financiamento Imobiliário\n- **Renegociação de dívidas:** rotina 50103 – SAC QC – Renegociação de Dívidas Pessoa Física e Jurídica\n\nb) **Autorização de Débito em Conta:** a partir de 01/03/2021, para que uma operação seja debitada em conta, é necessária autorização específica do cliente para o débito. Ver informações e procedimentos na rotina 50104.\n\nc) **Canais para contratação de CDC:** [link para os canais de contratação]\n\n---\n\n## 1. Consulta geral CDC\n\nPara verificar as informações da operação, identifique se o consumidor é PF e titular da operação. Em caso de FALHA, RECUSA ou INAPLICABILIDADE de Identificação Positiva (IP), registre ocorrência.\n\n| Demanda | Consulta |\n|---|---|\n| a) Informações gerais do CDC | `SISALFA > CDC > 15 > 18` — em ""Código do Cliente"" pressione F4, inclua o CPF e selecione a operação. Clique em F2 > Outros dados > 4. Cronograma. Principais informações: modalidade do CDC, data de vencimento, parcelas pagas e data de pagamento (mais detalhes no item 2), parcelas a vencer, parcelas em atraso, taxas de juros ou CET. |\n| b) Saldo atualizado total | `SISALFA > CDC > 15 > 18` — mesmo caminho acima; após selecionar a operação, verifique o campo ""Saldo devedor atual"". Esse é o saldo do dia, com atualização diária. |\n| c) Parcelas, valores pagos, juros, datas de pagamento | `SISALFA > CDC > 15 > 18` → Agência/Conta → selecione a operação → F2 → 4. Cronograma → selecione a parcela (""P"" indica pagamento parcial) → F9 (detalhe) → F12/F11 (pagamentos e parcelas). O ""total recebimento parcial"" é o valor recebido naquela parcela. |\n| d) Consultar CDC liquidado, renovado ou excluído | `SISALFA > CDC > 15 > 18`, em ""Código do Cliente"" pressione F4 e insira o CPF — NÃO selecione nenhuma operação e pressione F11. F12 para operações arquivadas. |\n| e) Consulta de cláusulas gerais ou documentos do CDC contratado | Cláusulas gerais consultáveis em: **App Alfa** (Menu > Empréstimos > Contratar empréstimo > Aderir ao contrato); **site institucional**, inclusive para não correntista (Página inicial > Pra você > Empréstimo > Empréstimo pessoal > Contrato de abertura de crédito rotativo); **site institucional (área logada)** (Menu > Empréstimos > Crédito consignado e pessoal > Aderir Contrato de Empréstimo). Documentos do CDC contratado: Extrato de Empréstimo (parcelas pagas/a pagar) — App, site, caixas eletrônicos ou agências; Consolidado Anual (valores por exercício) — site ou agências; 2ª via do comprovante (com taxas) — App ou agências. |\n\n---\n\n## 2. Débito da parcela CDC (data ou valor divergente, duplicidade)\n\nPara identificar o débito questionado, consulte o extrato em `Plataforma de Relacionamento (Operações Contratadas) > Contas > Consultas > Extrato Conta Corrente`. O número da operação consta no campo ""Documento"" (9 dígitos).\n\nSituações possíveis: débito antes/depois do vencimento contratual; valor divergente; duplicidade (folha + conta); débito em conta errada.\n\n**Consulta:** `CDC 15.13` (F4 – CPF) → selecione a operação → F2.4 (cronograma) → selecione a parcela com ""x"" → F9 (detalhar) → F12 (mais informações) → F3 (voltar) e copie o nº da operação → `CDC 13.61` (cole o nº como ""nº contrato"") para ver como ocorreu o pagamento.\n\nSiga então a orientação por modalidade:\n\n### CDC Consignação ou CDC Renovação Consignação\nDébito ocorre na folha de pagamento. a) Se não consignada (ou parcial), o débito ocorrerá total/parcial em conta. b) Se liquidado/renovado mas houve consignação, o estorno é automático em conta em até D+2 dias úteis, exceto para os convênios de código 900001 (INSS — devolução a partir do 5º dia útil) e código 900002 (MPDG — devolução até o 1º dia útil).\n\n1. Consulte a parcela: `CDC 15 > 13 > F2 > 4` (datas); `CDC 15 > 13 > F8 > F9` (mês/ano da folha). *Consig total* = debitada integralmente em folha; *Consig parcial* = debitada parcialmente (verifique o restante em conta); *Não consignada* = sem débito em folha; *Incluída* = ainda não vencida; *Enviada* = empregador não retornou (sem repasse, o débito ocorre em conta).\n2. Confirme a consignação em `SISCONSIG 22 > 01 > 01` (Convênio, Data Prevista, nº Operação — dados em `CDC 15.13`); selecione ""x"" e F9: ""Tipo Lançamento"" *Amortização* = consignado; *Devolução* = não consignado, devolvido à conta.\n3. Preste as informações.\n4. Se o cliente disser que a parcela foi consignada em folha mas também há débito agendado em conta: verifique o extrato (agendado ou debitado); se debitado, verifique devolução; se a data for hoje/próximo dia útil, oriente aguardar o processamento noturno (tende a ser excluído) e encerre em FCR. Se confirmada duplicidade sem estorno, ou se o sistema não mostra consignação mas o cliente afirma o desconto, registre ocorrência e oriente o envio de cópia do contracheque para `sacdocumentos@bancoalfa.com.br`.\n\n> **Crédito do Trabalhador** (identifique pelo campo ""Convênio"" = ""E-Consig PJ"" em `CDC > 15 > 13`): exigir contracheque da competência anterior ao débito (ex.: débito no mês 09 → contracheque do mês 08) e o documento ""Detalhe da guia emitida"" (com a instituição que recebeu o valor) + comprovante de pagamento da guia, fornecidos pela empresa.\n\n### CDC Salário, CDC Benefício e CDC Renovação\nDébito no dia do crédito do salário/benefício, mesmo que divergente do vencimento contratual (cobrança antecipada gera desconto proporcional). Renovação com convênio: débito na data de crédito de proventos; sem convênio: na data de vencimento.\n\n1. Verifique no extrato o recebimento de salário no dia do débito.\n2. Compare a data de débito (`CDC 15 > 13 > F2 > 4`) com a cadastrada em `CDC 24 > 14` e `SISPAG 11 > 13 > 36 > Consulta on line`.\n3. Se ambos ocorrerem após o vencimento do contrato, registre ocorrência.\n4. Preste as informações.\n\n### CDC Automático\nDébito em conta (corrente ou salário) na data de vencimento informada na autorização; há opção de boleto (gerado pelo cliente ou se a autorização foi cancelada).\n\n**Duplicidade:** 1. Verifique boleto pago + débito em conta (`CDC 13 > 61`, ""Forma Pagto"": Rcbto Autom e Boleto Banc); confira estorno (campo ""Dt. Canc."" preenchido = houve estorno). 2. Se confirmada duplicidade sem estorno, estorne em `CDC 13 > 91 > 11 > 6` (o sistema só estorna do mais recente para o mais antigo; se o pagamento em conta foi parcial e só for possível estornar o boleto mais recente, isso deixaria a operação em atraso — nesse caso, estorne primeiro o ""Boleto Bancário"" e depois o ""Recebimento Automático"", só se não houver débitos pendentes). Peça ao supervisor para receber o valor correto em `CDC 13.23`; confirme a data de recebimento retroativo em `CDC 13.61`.\n> Para recebimento por débito em conta em operações contratadas a partir de 01/03/21, é necessária autorização específica do cliente.\n\n### CDC 13º Salário\nDébito em parcela única. **Com convênio:** na data de cobrança (recebimento do 13º, informado pelo empregador) OU no vencimento (30 dias após o crédito do 13º), o que ocorrer primeiro — exceto convênios com 13º vinculado ao aniversário do cliente. **Sem convênio:** na data escolhida na contratação.\n\n- Convênio consta em `SISALFA > CDC 15.13`.\n- **Com convênio:** data de cobrança em `CDC 22 > 10 > 5d` (código de linha 3100; nº convênio em `CDC 15 > 13`); vencimento em `CDC 15 > 13 > F2 > 4`. 1. Informe que o débito ocorre na data de cobrança; se o 13º não for creditado, tenta-se o débito na data de cobrança ou vencimento (o que ocorrer primeiro). 2. Verifique como ocorreu em `CDC 15 > 13 > F2 > 4`. 3. Preste as informações.\n  > **Obs.:** se a data de cobrança mudar por solicitação do empregador, o vencimento pode ser antecipado. *Ex. 1:* cobrança cadastrada 30/06/26 → vencimento 30/07/26; se a cobrança mudar para 30/08/26, cobra-se em 30/07/26 (o que ocorrer primeiro). *Ex. 2:* se o 13º do convênio está vinculado ao mês de aniversário, cobrança e vencimento caem no mês de aniversário do cliente.\n- **Sem convênio:** débito no vencimento (`CDC 15 > 13 > F2 > 4`).\n\n### CDC Antecipação IRPF\nDébito (a) na data prevista do crédito da restituição, ou (b) no vencimento contratual, se o crédito não ocorrer antes.\n1. Informe a regra acima. 2. Consulte `CDC 15 > 13 > F2 > 4`. 3. Preste as informações.\n\n### CDC Antecipação Saque Aniversário FGTS\nLiquidação automática via repasse do FGTS; débito em conta só se o repasse for insuficiente.\n1. Consulte `CDC 15 > 13 > F2 > 4`. 2. Preste as informações.\n\n### Orientações complementares\na) Reclamação de saldo aprovisionado em fim de semana/feriado: explique que, pelas cláusulas gerais do contrato de conta, a liberação de débitos nesses períodos depende do saldo após deduzir débitos programados para o 1º dia útil seguinte.\nb) **Boleto:** algumas linhas permitem gerar boleto (rotina 50107); se houver duplicidade (conta + boleto), estorne como em ""CDC Automático"". Não aplicar esse procedimento a CDC Consignação/Renovação Consignação/FGTS Saque Aniversário se a forma de pagamento foi ""Cta Convênio"" — para forma de pagamento via `SISALFA` ou ""Boleto Bancário"", o estorno é permitido.\nc) Mais informações: ver rotinas auxiliares (item 9).\nd) Se não for possível identificar o motivo, ou o cliente permanecer insatisfeito, registre ocorrência.\n\n---\n\n## 3. Simulação/Contratação de Empréstimos\n\nCDC é um empréstimo pessoal automatizado, pré-aprovado, disponível em conta corrente. Solicitação exclusiva do titular.\n> Se o cliente quiser alterar o vencimento da prestação: após a confirmação do contrato isso não é possível. Alternativa: contratar CDC Renovação (se a linha permitir e houver limite), indicando o vencimento mais adequado.\n\n**Procedimento:** verifique se a Análise de Crédito (ANC) está vigente em `Plataforma de Relacionamento (Operações Contratadas) — aba Limite de Crédito`, campo ""Situação do limite"".\n\n| Status do limite | Procedimento |\n|---|---|\n| Vencida, Impedida, Cancelada, Suspensa, Em transferência, Em estudo, Indeferida, ou Vigente com Limite Total–Margem zerado | Informe que não há limite disponível; o cliente deve ir a qualquer agência com identificação (RG/CPF), comprovante de residência e de renda (emitidos há menos de 90 dias, mesmo que pela internet). Consulte a rotina 50105 para possibilidade de restabelecimento. |\n| Vigente (algum valor em Limite Total–Margem) | Não informe o valor ao cliente. Dentro do horário de atendimento (9h–18h), pergunte se autoriza transferência para a Central de Consultoria em Uso Responsável do Crédito (rotina 50106). Se não autorizar, ou fora do horário, informe as opções: Central de Consultoria; App Alfa > Empréstimo; site > Empréstimo; caixa eletrônico (TAA) > Empréstimo. |\n\n---\n\n## 4. Cancelamento de CDC\n\nCancelamento permitido em até 7 dias corridos (a partir do dia seguinte à liberação do crédito), se contratado por canal de autoatendimento (App, site, caixas eletrônicos ou telefone), pelo titular, autenticado (URA, Token ou Identificação Positiva).\n\n> **Atenção:** o cancelamento da linha 2881 – Crédito Renovação Consignação está restrito ao departamento **DOC – Diretoria de Operações de Crédito** (código 800020) para os convênios: Convênio Especial 01 (700001), 02 (700002), 03 (700003), 04 (700004), 05 (700005), 06 (700006), 07 (700007), 08 (700008), 09 (700009), 10 (700010), 11 (700011), 12 (700012), 13 (700013), 14 (700014), 15 (700015) e 16 (700016). É necessário haver margem suficiente para reaverbação das operações vinculadas à renovação cancelada.\n> O cancelamento da mesma linha para o Convênio Especial 17 (700017) está restrito à **Superintendência Regional III** (código 800030). Ver rotina 50108.\n\nAntes do procedimento, informe o número da operação e que, após o cancelamento, o comando não pode ser desfeito.\n\n### 4.1. Cancelamento de proposta CDC NÃO CONFIRMADA\n`SISRET Y09` — copie o nº da operação (documento, 9 dígitos). `CDC 11.13` → inclua o nº a cancelar. Em ""Exclusão de operação – Confirma?"", responda ""S"". Motivo: ""08 – Exclusão a pedido do cliente – Desistência"". Verifique a mensagem ""Cancelamento da Proposta efetuado em XX/XX/XX às XX:XX:XX por FXXXXX""; se diferente, registre ocorrência.\n> Atenção a operações via Correspondente – LOG 633 ""Operação Novo Fluxo Correspondente/Parceiro Comercial"" (`CDC 15.18.F2.8`). Se pendente de confirmação, registre ocorrência (motivo obrigatório; não oriente o cliente a excluir por autoatendimento).\n\n### 4.2. Cancelamento no MESMO DIA ou DIA ÚTIL SEGUINTE (contratação em dia não útil)\nPermitido para contratações presenciais e não presenciais, todos os canais. Uso do Limite Especial da Conta gera juros e IOF. Cancele em `CDC 14`; se falhar, registre ocorrência.\n\n### 4.3. Cancelamento em até 7 DIAS CORRIDOS (a partir do dia seguinte ao crédito)\n**Via TAA/internet/App/telefone (Duplo Sim):** consulte `CDC 15.18.F2.8` (log) — canal no log 201: *Duplo Sim* → campo ""Ocor"" LOG 201 e 493; *Correspondente* → registre ocorrência. (Contestação: ver item 7.2.)\n**Presencial na agência:** só cancela no mesmo dia (ver item 4.2)! A partir do dia seguinte, só liquidação. Se o cliente relatar falhas, registre ocorrência.\n\nVerifique saldo para o débito (ou ""troco"" nas Renovações — `CDC 15.18.F2.5 Contratos Vinculados` mostrará o `SISCLI`; informe o valor), considerando Limite Especial ou resgates automáticos. Oriente manter saldo (débito à noite); uso do Limite Especial gera juros/IOF. Se discordar, só liquidação/amortização/pagamento. Cancele em `CDC 14`; se falhar, registre ocorrência.\n> No cancelamento de CDC Antecipação Saque Aniversário FGTS, o desbloqueio da garantia é automático. Log ""1120 – Operação Contratada com Parcela Pix"" = produto Alfa Parcela Pix (mesmo procedimento de Duplo Sim).\n\n### 4.4. Cancelamento de REPACTUAÇÃO\n`CDC 15.13`, selecione a operação. Se constar ""Op"" pendente de confirmação, pode excluir; se confirmada, só liquida/paga total.\n> *Convênio Especial 17:* tem repactuação de CDCs consignados com suspensão de cobrança (rotina 50109).\n\n### 4.5. Cancelamento do produto de pagamento parcelado de contas\nVer item 10 da rotina 50110.\n\n### 4.6. Pedido após 7 dias, ou contratação presencial (pedido fora do mesmo dia)\nSó é possível a liquidação.\n> Obs. 1: presencial só cancela no mesmo dia (item 4.2). Obs. 2: exclusivamente para CDC Renovação, se a liquidação antecipada não puder ser feita, registre ocorrência para avaliar cancelamento (informar que o IOF será cobrado em conta). CDC Renovação sem ""troco"" é cancelável se a contratação não foi presencial e o pedido ocorreu em até 7 dias.\n\nCancele em `CDC > 14`. Em caso de erro, registre ocorrência.\n\n---\n\n## 5. Liquidação / Amortização\n\nSolicitação exclusiva do titular.\n\n### 5.1. Amortização/Liquidação ANTECIPADA ou operação EM ATRASO\n**Demanda:** quitação parcial/total antes do vencimento e/ou parcelas em atraso.\n> Pagamento via boleto: emitido em agência, pago no mesmo dia (saldo atualiza diariamente); se não pago no mesmo dia, o mesmo boleto ainda serve, pois o saldo é recalculado.\n\nSe não autenticado (URA/Token/IP), informe os canais. Cancelamento da amortização/liquidação só no mesmo dia, e só com margem disponível (item 5.3). Somente com recursos próprios; há redução proporcional de juros.\n\n**Tipos** (parcelas em atraso sempre em ordem crescente): **Crescente** (da próxima parcela em diante); **Decrescente** (da última parcela para trás); **Linear** (amortiza o saldo total sem alterar o cronograma; recalcula as parcelas a vencer).\n> Linear NÃO permitido para CDC Consignado, nem para operações fora do status ""Normal"", com pagamento parcial, em cobrança, ou com ""Pula-Parcela"". ""Em cobrança"" não aceita nenhuma amortização.\n\n| Necessidade do cliente | Tipo de amortização |\n|---|---|\n| Parar de pagar as próximas prestações por um período | Liquidação antecipada de parcelas integrais, ordem crescente |\n| Amortizar e continuar pagando as próximas prestações | Liquidação antecipada de parcelas integrais, ordem decrescente |\n| Reduzir o valor das prestações em toda a operação | Amortização linear |\n| Liquidar a operação | Quitação total, sempre em ordem crescente |\n\n> No CDC Consignado, pode haver desconto da próxima prestação em folha. Para Consignação/Renovação Consignação, prefira ordem decrescente (evita duplicidade em folha); se o cliente pedir crescente, informe o risco (o valor retorna no vencimento da parcela, se ocorrer).\n\n**Procedimento:** 1. Simule em `CDC 13.11.12`, informe o saldo atual (item 1b). 2. Verifique saldo suficiente (`Plataforma de Relacionamento > Contas > Extrato`), considerando saldo aprovisionado, tarifas pendentes, resgates automáticos e Limite Especial (a critério do cliente, com encargos). 3. Se insuficiente, oriente novo contato; se suficiente, execute em `CDC 13 > 21 > 12` (tipo: parcial/liquidação/linear; quantidade/valor; ordem).\n> Se o sistema indicar ausência de autorização de débito, siga a rotina 50104.\n\n**Leitura obrigatória ao cliente antes da confirmação** (""Sr(a). ___, para sua segurança, faremos a leitura das condições:""):\n- **Parcial/liquidação:** agência/conta; valor base da parcela; encargos por atraso; desconto de antecipação; variação Selic; valor a amortizar; total de parcelas; ordem escolhida.\n- **Linear:** valor base; desconto aproximado; variação Selic; valor da parcela inicial; novo valor da parcela; quantidade de parcelas.\n\nApós a leitura: ""Podemos confirmar a liquidação/amortização?"" (F3, sem impressão). Supervisor confirma em `CDC 13.21.52`. Informar necessidade de saldo em conta. Comprovante: ""o débito ocorre ainda hoje; confirme pelo extrato. Para comprovante detalhado, solicite em qualquer agência o documento \'Demonstrativo de Origem e Evolução de Dívida – Crédito Direto ao Consumidor\'.""\n\n### 5.2. Amortização/liquidação de operações ""EM PERDAS""\nIdentificação: `SISALFA > CDC > 15.13`. **Não informar ao cliente que a operação está em prejuízo.**\na) **Débito em conta:** verifique saldo suficiente (mesmas ressalvas do item 5.1); se insuficiente, oriente novo contato. Liquidação: comando em `CDC 13-34` + confirmação do supervisor em `CDC 13-36`. Amortização parcial: comando em `CDC 13-35` + confirmação do gerente de grupo em `CDC 13-36`.\nb) **Boleto bancário:** registre ocorrência.\n\n### 5.3. Cancelamento da amortização ou liquidação antecipada\nSe só houve o comando do atendente (`CDC 13.21.12`) no mesmo dia: cancele em `CDC 13.91.51`. Se já confirmado pelo supervisor (`CDC 13.21.52`): faça o estorno (item 5.5).\n> O registro do atendente fica pendente de confirmação apenas no mesmo dia; se não confirmado, é excluído automaticamente no dia seguinte.\n\n### 5.4. Liquidação – Desaverbação/Liberação de Margem Consignável\nSe o cliente relatar que liquidou/cancelou mas não houve liberação de margem, ou a parcela segue sendo debitada, registre ocorrência.\n\n### 5.5. Estorno de pagamento antecipado\n**Demanda:** pagamento antes do vencimento, ou débito indevido em conta (ex.: pela agência).\n> Não aplicar a Consignação/Renovação Consignação/FGTS Saque Aniversário se a forma de pagamento foi ""Cta Convênio""; para `SISALFA` ou ""Boleto Bancário"", o estorno é permitido (ver item 2).\n\n1. Analise o motivo (não é permitido estornar e deixar em atraso). 2. Verifique vencimento (`CDC 15.13.F2.4`) e pagamento de salário (`SISPAG 11 > 13 > 36 > Consulta on line`). 3. Se não venceu e não houve crédito de salário, estorno possível (pagamento dentro de 30 dias, operação não atualizada). 4. Estorne em `CDC 13.91.11`. 5. Informe crédito no processamento noturno.\n> Se impossível estornar, ou outra duplicidade não sanável, registre ocorrência.\n\n---\n\n## 6. Dificuldade para contratação\n\n| Situação | Procedimento |\n|---|---|\n| **Renda desatualizada** | Verifique a última atualização; se >12 meses, oriente atualizar via App ou canal de autoatendimento (online; às vezes exige foto do documento, validação em até 3 dias úteis). Após validação, o limite é recalculado automaticamente. |\n| **Contrato do CDC não assinado** | Pergunte se aderiu às Cláusulas Gerais (assinatura da Proposta/Contrato de Adesão). Se sim, prossiga a análise. Se não, informe os canais de adesão: App/site (Empréstimo > Solicitação de Crédito > Assinatura de contrato CDC); caixa eletrônico; agência. |\n| **Acordo de dívida vigente** | Contratação impossibilitada durante a vigência do acordo; após encerrado, pode verificar novamente. |\n| **Não correntista** | Exceto CDC Consignado e Crédito 13º Salário INSS (exigem ANC vigente), as demais linhas exigem conta corrente com ANC vigente. |\n| **Modalidade de conta simplificada (sem linhas de crédito)** | Não permite contratar linhas de crédito; se houver interesse, o cliente faz upgrade da conta pelo app (Menu > Upgrade de Conta), sujeito a análise de crédito na agência. |\n\n---\n\n## 7. Contratação não reconhecida\n\n### 7.1. Falsidade ideológica e fraude\nFraude com uso de documentos falsos para contratar produtos; a vítima costuma descobrir só quando seu CPF/CNPJ sofre restrição por inadimplência. Ver rotina 50111.\n- Falsidade em operação de não correntista: oriente comparecimento a qualquer agência com identificação e boletim de ocorrência.\n- Fraude – demais situações: ver rotina 50112.\n\n### 7.2. Contestação de operações via Correspondente (falha, suspeita de fraude/golpe)\nIndícios de falha ou fraude/golpe (presencial ou Duplo Sim): registre ocorrência e responsabilize a unidade de correspondentes/antifraude (código 800010):\n- **Assunto 50113** — contratação não reconhecida; divergente do solicitado; insatisfação com o contrato/descumprimento; falta de clareza.\n- **Assunto 50114** — suspeita de fraude/golpe: abordagem por suposta empresa vinculada ao banco, internalização por correspondente e transferência de recursos a terceiros pelo cliente.\n- **Assunto 50115** — contestação/suspeita de fraude em operação via Correspondente ainda pendente de confirmação.\n\n> No módulo de SAC e Ouvidoria (assuntos 50113/50114), é obrigatório selecionar o produto/modalidade — só aparecem operações contratadas via Correspondente; caso contrário, o registro não é possível. Ao selecionar a operação, os dados de identificação do correspondente, do CDC e da chave de operação são preenchidos automaticamente (não editáveis).\n\n---\n\n## 8. Limite Especial da Conta\n\n### 8.1. Cancelamento do Limite Especial da Conta\na) Pode ser solicitado a qualquer tempo por qualquer titular.\nb) Ao ser solicitado, sonde o motivo e, se cabível, argumente: sem tarifa; limite disponível para emergências sem custo se não usado; cancelar não garante nova contratação futura; é possível reduzir para R$ 100,00 em vez de cancelar. O cliente não pode estar usando o limite no momento (se estiver, oriente cobrir o saldo). Se aceitar reduzir, siga para 8.2. *(Em Ouvidoria, cancelar direto, sem sondagem.)*\nc) Se decidir manter, encerre em FCR.\nd) Se insistir no cancelamento, verifique viabilidade:\n\n**Procedimento (cliente autenticado por URA/Token/IP):**\n> Não cancelar se o cliente estiver usando o limite; se houver juros/IOF a cobrar, é necessário saldo. Falha de autenticação: registre ocorrência.\n- **Atendente:** confira saldo suficiente (extrato) para limite + juros + IOF (desconsiderar valores provisionados); se insuficiente, peça depósito equivalente e informe que o cancelamento pode ser pedido no SAC/agência após o depósito; encerre em FCR. Cancele na plataforma (`Contas > Limite Especial da Conta PF > Implantação, Alteração, Renovação e Cancelamento > Cancelar > Registrar`) e peça deferimento ao supervisor.\n  > Se aparecer ""(27) Já existe comando de implantação para esta conta."", registre ocorrência. Se aparecer ""já existe solicitação pendente de deferimento"", peça o deferimento ao supervisor; se não localizar ou houver erro, abra ocorrência.\n- **Supervisor:** confirme dados (nome, produto, valor); defira (`Deferimentos e Pendências > Limite Especial da Conta Pessoa > Cancelamento > Deferimento`); confirme para o atendente prosseguir.\n- **Atendente:** informe o cancelamento e a disponibilidade da agência para recontratação futura; encerre e registre FCR. *(Se o supervisor não conseguir deferir, registre ocorrência.)*\n\n### 8.2. Redução do Limite Especial da Conta\na) Se o pedido for por causa da tarifa, esclareça que ela não é cobrada; se insistir, siga abaixo.\nb) Identifique PF e titular da conta.\nc) Cliente autenticado:\n- **Atendente:** verifique saldo suficiente para que a redução não deixe o saldo excedido; se preciso, peça depósito e informe que a redução pode ser pedida via app, WhatsApp, SAC ou agência após o depósito. Modalidade ""Ouro"" (limite ≥ R$ 1.000,00) reduzida para entre R$ 100,00 e R$ 950,00 muda para ""Classic"" (diferenças na rotina 50116). Se o cliente concordar, altere modalidade/limite na plataforma e peça deferimento ao supervisor.\n- **Supervisor:** confirme dados; defira (`Deferimentos e Pendências > Limite Especial da Conta Pessoa Física > Alteração > Deferimento`); confirme para o atendente prosseguir.\n- **Atendente:** informe a redução realizada; para elevar no futuro, indicar app/agência. Encerre e registre FCR. *(Se o supervisor não conseguir deferir, registre ocorrência.)*\n\n### 8.3. Alterar data de débito dos juros\nFalha de autenticação: informe os canais. Acesse `Plataforma > Contas > Limite Especial da Conta PF > Alterar > Tipo de Alteração – ""Dia do débito""` e escolha um dia entre 1 e 28. A alteração só vale a partir do mês seguinte à solicitação.\n\n---\n\n## 9. Rotinas auxiliares (índice de empréstimos)\n\n| Código (anonimizado) | Assunto |\n|---|---|\n| 50107 | CDC – Condições Gerais / Contrato |\n| 50108 | Crédito Consignação e Renovação – Correntista e não correntista |\n| 50118 | Crédito Consignação – INSS |\n| 50119 | Crédito Automático |\n| 50120 | Crédito Benefício |\n| 50121 | Crédito Salário e Salário Funci |\n| 50122 | Crédito Renovação e Renovação Funci |\n| 50123 | Crédito 13º Décimo Terceiro Salário |\n| 50124 | Crédito 13º Décimo Terceiro Salário – Não Correntistas |\n| 50125 | CDC Antecipação Restituição IRPF |\n| 50126 | CDC Antecipação Saque Aniversário FGTS |\n| 50117 | Crédito Parcelamento Cheque Especial (Limite Especial da Conta) |\n| 50104 | Autorização de Débito – Empréstimos, CDC e outros (Resolução CMN 4.790/2020) |\n| 50127 | Crédito do Trabalhador – Novo modelo de Crédito Consignado do Setor Privado |\n| 50128 | Crédito do Trabalhador – Atendimento ao Empregador |\n\n---\n\n## 10. Fonte de informação\n\nDepartamento responsável: **DOC – Diretoria de Operações de Crédito** (código 800020).\n']","Não: amortização linear é vedada para CDC Consignado (e para operações fora do status Normal, com pagamento parcial, em cobrança ou com Pula-Parcela). Para Consignação/Renovação prefira ordem decrescente para evitar duplicidade em folha.",EDGE_CASE,1.53,,0.5555555555555556,0.0,1.0,0.9999999999
"Minha operação está em perdas? Posso liquidar no débito?
[Dados coletados via clarificação: canal_tentado=agência; tipo_cliente=correntista]","Para verificar a situação da sua operação, você deve consultar o sistema `SISALFA > CDC > 15.13`. No entanto, é importante ressaltar que, por norma de atendimento, **não deve ser informado ao cliente que a operação está em ""perdas"" (prejuízo)**.

Quanto à possibilidade de liquidação no débito para operações classificadas nesta condição, o procedimento é o seguinte:

*   **Verificação de Saldo:** É necessário que haja saldo suficiente em conta corrente para cobrir a liquidação. O atendente deve considerar o saldo disponível, incluindo resgates automáticos e o Limite Especial (caso você opte por utilizá-lo, ciente da incidência de encargos). Se o saldo for insuficiente, será necessário realizar um depósito antes de prosseguir.
*   **Procedimento de Liquidação:** Caso o saldo esteja disponível, o comando para a liquidação é realizado em `CDC 13-34`, seguido pela confirmação do supervisor em `CDC 13-36`.
*   **Amortização Parcial:** Se o seu objetivo for uma amortização parcial em vez da liquidação total, o comando é feito em `CDC 13-35`, também com a necessidade de confirmação do gerente de grupo em `CDC 13-36`.

Lembre-se de que, para operações em perdas, não é permitido realizar o pagamento via boleto bancário; caso essa seja a sua intenção, o atendente deverá registrar uma ocorrência.

### References

- [1] POP – Atendimento de Operações de CDC (Crédito Direto ao Consumidor) – Pessoa Física","['# POP – Atendimento de Operações de CDC (Crédito Direto ao Consumidor) – Pessoa Física\n### [Versão anonimizada/pseudonimizada para uso acadêmico]\n\n> **Nota metodológica de anonimização:** este documento é uma versão pseudonimizada de uma rotina real de atendimento (SAC) de operações de crédito pessoa física. Foram substituídos: (i) o nome da instituição financeira e de seus canais/site/e-mail; (ii) os nomes de sistemas internos claramente proprietários; (iii) nomes e códigos de convênios de consignação com órgãos públicos; (iv) códigos de prefixo/departamento interno; e (v) números de rotinas/assuntos auxiliares referenciados ao longo do texto — todos substituídos por identificadores fictícios e sequenciais. A lógica processual, as condições, exceções e o fluxo de decisão originais foram mantidos integralmente, o que preserva o valor do documento como exemplo de POP para fins de extração de árvore de decisão. Termos e siglas genéricas do setor bancário (CDC, SAC, Ouvidoria, TAA, URA, FCR, ANC, Token, Identificação Positiva) e referências a normas públicas (Resolução CMN 4.790/2020, INSS) foram mantidos, por não serem exclusivos de uma única instituição.\n\n**Sumário:** Observações iniciais · 1. Consulta geral CDC · 2. Débito da parcela CDC · 3. Simulação/Contratação · 4. Cancelamento de CDC · 5. Liquidação/Amortização · 6. Dificuldade para contratação · 7. Contratação não reconhecida · 8. Limite Especial da Conta · 9. Rotinas auxiliares · 10. Fonte de informação\n\n---\n\n## Observações iniciais\n\na) Esta rotina destina-se ao atendimento das operações de crédito PF listadas no item 2. Para os casos abaixo, consulte rotinas específicas:\n- **FIES:** rotina 50101 – SAC QC – Financiamento Estudantil (FIES)\n- **Financiamento imobiliário:** rotina 50102 – SAC QC – Financiamento Imobiliário\n- **Renegociação de dívidas:** rotina 50103 – SAC QC – Renegociação de Dívidas Pessoa Física e Jurídica\n\nb) **Autorização de Débito em Conta:** a partir de 01/03/2021, para que uma operação seja debitada em conta, é necessária autorização específica do cliente para o débito. Ver informações e procedimentos na rotina 50104.\n\nc) **Canais para contratação de CDC:** [link para os canais de contratação]\n\n---\n\n## 1. Consulta geral CDC\n\nPara verificar as informações da operação, identifique se o consumidor é PF e titular da operação. Em caso de FALHA, RECUSA ou INAPLICABILIDADE de Identificação Positiva (IP), registre ocorrência.\n\n| Demanda | Consulta |\n|---|---|\n| a) Informações gerais do CDC | `SISALFA > CDC > 15 > 18` — em ""Código do Cliente"" pressione F4, inclua o CPF e selecione a operação. Clique em F2 > Outros dados > 4. Cronograma. Principais informações: modalidade do CDC, data de vencimento, parcelas pagas e data de pagamento (mais detalhes no item 2), parcelas a vencer, parcelas em atraso, taxas de juros ou CET. |\n| b) Saldo atualizado total | `SISALFA > CDC > 15 > 18` — mesmo caminho acima; após selecionar a operação, verifique o campo ""Saldo devedor atual"". Esse é o saldo do dia, com atualização diária. |\n| c) Parcelas, valores pagos, juros, datas de pagamento | `SISALFA > CDC > 15 > 18` → Agência/Conta → selecione a operação → F2 → 4. Cronograma → selecione a parcela (""P"" indica pagamento parcial) → F9 (detalhe) → F12/F11 (pagamentos e parcelas). O ""total recebimento parcial"" é o valor recebido naquela parcela. |\n| d) Consultar CDC liquidado, renovado ou excluído | `SISALFA > CDC > 15 > 18`, em ""Código do Cliente"" pressione F4 e insira o CPF — NÃO selecione nenhuma operação e pressione F11. F12 para operações arquivadas. |\n| e) Consulta de cláusulas gerais ou documentos do CDC contratado | Cláusulas gerais consultáveis em: **App Alfa** (Menu > Empréstimos > Contratar empréstimo > Aderir ao contrato); **site institucional**, inclusive para não correntista (Página inicial > Pra você > Empréstimo > Empréstimo pessoal > Contrato de abertura de crédito rotativo); **site institucional (área logada)** (Menu > Empréstimos > Crédito consignado e pessoal > Aderir Contrato de Empréstimo). Documentos do CDC contratado: Extrato de Empréstimo (parcelas pagas/a pagar) — App, site, caixas eletrônicos ou agências; Consolidado Anual (valores por exercício) — site ou agências; 2ª via do comprovante (com taxas) — App ou agências. |\n\n---\n\n## 2. Débito da parcela CDC (data ou valor divergente, duplicidade)\n\nPara identificar o débito questionado, consulte o extrato em `Plataforma de Relacionamento (Operações Contratadas) > Contas > Consultas > Extrato Conta Corrente`. O número da operação consta no campo ""Documento"" (9 dígitos).\n\nSituações possíveis: débito antes/depois do vencimento contratual; valor divergente; duplicidade (folha + conta); débito em conta errada.\n\n**Consulta:** `CDC 15.13` (F4 – CPF) → selecione a operação → F2.4 (cronograma) → selecione a parcela com ""x"" → F9 (detalhar) → F12 (mais informações) → F3 (voltar) e copie o nº da operação → `CDC 13.61` (cole o nº como ""nº contrato"") para ver como ocorreu o pagamento.\n\nSiga então a orientação por modalidade:\n\n### CDC Consignação ou CDC Renovação Consignação\nDébito ocorre na folha de pagamento. a) Se não consignada (ou parcial), o débito ocorrerá total/parcial em conta. b) Se liquidado/renovado mas houve consignação, o estorno é automático em conta em até D+2 dias úteis, exceto para os convênios de código 900001 (INSS — devolução a partir do 5º dia útil) e código 900002 (MPDG — devolução até o 1º dia útil).\n\n1. Consulte a parcela: `CDC 15 > 13 > F2 > 4` (datas); `CDC 15 > 13 > F8 > F9` (mês/ano da folha). *Consig total* = debitada integralmente em folha; *Consig parcial* = debitada parcialmente (verifique o restante em conta); *Não consignada* = sem débito em folha; *Incluída* = ainda não vencida; *Enviada* = empregador não retornou (sem repasse, o débito ocorre em conta).\n2. Confirme a consignação em `SISCONSIG 22 > 01 > 01` (Convênio, Data Prevista, nº Operação — dados em `CDC 15.13`); selecione ""x"" e F9: ""Tipo Lançamento"" *Amortização* = consignado; *Devolução* = não consignado, devolvido à conta.\n3. Preste as informações.\n4. Se o cliente disser que a parcela foi consignada em folha mas também há débito agendado em conta: verifique o extrato (agendado ou debitado); se debitado, verifique devolução; se a data for hoje/próximo dia útil, oriente aguardar o processamento noturno (tende a ser excluído) e encerre em FCR. Se confirmada duplicidade sem estorno, ou se o sistema não mostra consignação mas o cliente afirma o desconto, registre ocorrência e oriente o envio de cópia do contracheque para `sacdocumentos@bancoalfa.com.br`.\n\n> **Crédito do Trabalhador** (identifique pelo campo ""Convênio"" = ""E-Consig PJ"" em `CDC > 15 > 13`): exigir contracheque da competência anterior ao débito (ex.: débito no mês 09 → contracheque do mês 08) e o documento ""Detalhe da guia emitida"" (com a instituição que recebeu o valor) + comprovante de pagamento da guia, fornecidos pela empresa.\n\n### CDC Salário, CDC Benefício e CDC Renovação\nDébito no dia do crédito do salário/benefício, mesmo que divergente do vencimento contratual (cobrança antecipada gera desconto proporcional). Renovação com convênio: débito na data de crédito de proventos; sem convênio: na data de vencimento.\n\n1. Verifique no extrato o recebimento de salário no dia do débito.\n2. Compare a data de débito (`CDC 15 > 13 > F2 > 4`) com a cadastrada em `CDC 24 > 14` e `SISPAG 11 > 13 > 36 > Consulta on line`.\n3. Se ambos ocorrerem após o vencimento do contrato, registre ocorrência.\n4. Preste as informações.\n\n### CDC Automático\nDébito em conta (corrente ou salário) na data de vencimento informada na autorização; há opção de boleto (gerado pelo cliente ou se a autorização foi cancelada).\n\n**Duplicidade:** 1. Verifique boleto pago + débito em conta (`CDC 13 > 61`, ""Forma Pagto"": Rcbto Autom e Boleto Banc); confira estorno (campo ""Dt. Canc."" preenchido = houve estorno). 2. Se confirmada duplicidade sem estorno, estorne em `CDC 13 > 91 > 11 > 6` (o sistema só estorna do mais recente para o mais antigo; se o pagamento em conta foi parcial e só for possível estornar o boleto mais recente, isso deixaria a operação em atraso — nesse caso, estorne primeiro o ""Boleto Bancário"" e depois o ""Recebimento Automático"", só se não houver débitos pendentes). Peça ao supervisor para receber o valor correto em `CDC 13.23`; confirme a data de recebimento retroativo em `CDC 13.61`.\n> Para recebimento por débito em conta em operações contratadas a partir de 01/03/21, é necessária autorização específica do cliente.\n\n### CDC 13º Salário\nDébito em parcela única. **Com convênio:** na data de cobrança (recebimento do 13º, informado pelo empregador) OU no vencimento (30 dias após o crédito do 13º), o que ocorrer primeiro — exceto convênios com 13º vinculado ao aniversário do cliente. **Sem convênio:** na data escolhida na contratação.\n\n- Convênio consta em `SISALFA > CDC 15.13`.\n- **Com convênio:** data de cobrança em `CDC 22 > 10 > 5d` (código de linha 3100; nº convênio em `CDC 15 > 13`); vencimento em `CDC 15 > 13 > F2 > 4`. 1. Informe que o débito ocorre na data de cobrança; se o 13º não for creditado, tenta-se o débito na data de cobrança ou vencimento (o que ocorrer primeiro). 2. Verifique como ocorreu em `CDC 15 > 13 > F2 > 4`. 3. Preste as informações.\n  > **Obs.:** se a data de cobrança mudar por solicitação do empregador, o vencimento pode ser antecipado. *Ex. 1:* cobrança cadastrada 30/06/26 → vencimento 30/07/26; se a cobrança mudar para 30/08/26, cobra-se em 30/07/26 (o que ocorrer primeiro). *Ex. 2:* se o 13º do convênio está vinculado ao mês de aniversário, cobrança e vencimento caem no mês de aniversário do cliente.\n- **Sem convênio:** débito no vencimento (`CDC 15 > 13 > F2 > 4`).\n\n### CDC Antecipação IRPF\nDébito (a) na data prevista do crédito da restituição, ou (b) no vencimento contratual, se o crédito não ocorrer antes.\n1. Informe a regra acima. 2. Consulte `CDC 15 > 13 > F2 > 4`. 3. Preste as informações.\n\n### CDC Antecipação Saque Aniversário FGTS\nLiquidação automática via repasse do FGTS; débito em conta só se o repasse for insuficiente.\n1. Consulte `CDC 15 > 13 > F2 > 4`. 2. Preste as informações.\n\n### Orientações complementares\na) Reclamação de saldo aprovisionado em fim de semana/feriado: explique que, pelas cláusulas gerais do contrato de conta, a liberação de débitos nesses períodos depende do saldo após deduzir débitos programados para o 1º dia útil seguinte.\nb) **Boleto:** algumas linhas permitem gerar boleto (rotina 50107); se houver duplicidade (conta + boleto), estorne como em ""CDC Automático"". Não aplicar esse procedimento a CDC Consignação/Renovação Consignação/FGTS Saque Aniversário se a forma de pagamento foi ""Cta Convênio"" — para forma de pagamento via `SISALFA` ou ""Boleto Bancário"", o estorno é permitido.\nc) Mais informações: ver rotinas auxiliares (item 9).\nd) Se não for possível identificar o motivo, ou o cliente permanecer insatisfeito, registre ocorrência.\n\n---\n\n## 3. Simulação/Contratação de Empréstimos\n\nCDC é um empréstimo pessoal automatizado, pré-aprovado, disponível em conta corrente. Solicitação exclusiva do titular.\n> Se o cliente quiser alterar o vencimento da prestação: após a confirmação do contrato isso não é possível. Alternativa: contratar CDC Renovação (se a linha permitir e houver limite), indicando o vencimento mais adequado.\n\n**Procedimento:** verifique se a Análise de Crédito (ANC) está vigente em `Plataforma de Relacionamento (Operações Contratadas) — aba Limite de Crédito`, campo ""Situação do limite"".\n\n| Status do limite | Procedimento |\n|---|---|\n| Vencida, Impedida, Cancelada, Suspensa, Em transferência, Em estudo, Indeferida, ou Vigente com Limite Total–Margem zerado | Informe que não há limite disponível; o cliente deve ir a qualquer agência com identificação (RG/CPF), comprovante de residência e de renda (emitidos há menos de 90 dias, mesmo que pela internet). Consulte a rotina 50105 para possibilidade de restabelecimento. |\n| Vigente (algum valor em Limite Total–Margem) | Não informe o valor ao cliente. Dentro do horário de atendimento (9h–18h), pergunte se autoriza transferência para a Central de Consultoria em Uso Responsável do Crédito (rotina 50106). Se não autorizar, ou fora do horário, informe as opções: Central de Consultoria; App Alfa > Empréstimo; site > Empréstimo; caixa eletrônico (TAA) > Empréstimo. |\n\n---\n\n## 4. Cancelamento de CDC\n\nCancelamento permitido em até 7 dias corridos (a partir do dia seguinte à liberação do crédito), se contratado por canal de autoatendimento (App, site, caixas eletrônicos ou telefone), pelo titular, autenticado (URA, Token ou Identificação Positiva).\n\n> **Atenção:** o cancelamento da linha 2881 – Crédito Renovação Consignação está restrito ao departamento **DOC – Diretoria de Operações de Crédito** (código 800020) para os convênios: Convênio Especial 01 (700001), 02 (700002), 03 (700003), 04 (700004), 05 (700005), 06 (700006), 07 (700007), 08 (700008), 09 (700009), 10 (700010), 11 (700011), 12 (700012), 13 (700013), 14 (700014), 15 (700015) e 16 (700016). É necessário haver margem suficiente para reaverbação das operações vinculadas à renovação cancelada.\n> O cancelamento da mesma linha para o Convênio Especial 17 (700017) está restrito à **Superintendência Regional III** (código 800030). Ver rotina 50108.\n\nAntes do procedimento, informe o número da operação e que, após o cancelamento, o comando não pode ser desfeito.\n\n### 4.1. Cancelamento de proposta CDC NÃO CONFIRMADA\n`SISRET Y09` — copie o nº da operação (documento, 9 dígitos). `CDC 11.13` → inclua o nº a cancelar. Em ""Exclusão de operação – Confirma?"", responda ""S"". Motivo: ""08 – Exclusão a pedido do cliente – Desistência"". Verifique a mensagem ""Cancelamento da Proposta efetuado em XX/XX/XX às XX:XX:XX por FXXXXX""; se diferente, registre ocorrência.\n> Atenção a operações via Correspondente – LOG 633 ""Operação Novo Fluxo Correspondente/Parceiro Comercial"" (`CDC 15.18.F2.8`). Se pendente de confirmação, registre ocorrência (motivo obrigatório; não oriente o cliente a excluir por autoatendimento).\n\n### 4.2. Cancelamento no MESMO DIA ou DIA ÚTIL SEGUINTE (contratação em dia não útil)\nPermitido para contratações presenciais e não presenciais, todos os canais. Uso do Limite Especial da Conta gera juros e IOF. Cancele em `CDC 14`; se falhar, registre ocorrência.\n\n### 4.3. Cancelamento em até 7 DIAS CORRIDOS (a partir do dia seguinte ao crédito)\n**Via TAA/internet/App/telefone (Duplo Sim):** consulte `CDC 15.18.F2.8` (log) — canal no log 201: *Duplo Sim* → campo ""Ocor"" LOG 201 e 493; *Correspondente* → registre ocorrência. (Contestação: ver item 7.2.)\n**Presencial na agência:** só cancela no mesmo dia (ver item 4.2)! A partir do dia seguinte, só liquidação. Se o cliente relatar falhas, registre ocorrência.\n\nVerifique saldo para o débito (ou ""troco"" nas Renovações — `CDC 15.18.F2.5 Contratos Vinculados` mostrará o `SISCLI`; informe o valor), considerando Limite Especial ou resgates automáticos. Oriente manter saldo (débito à noite); uso do Limite Especial gera juros/IOF. Se discordar, só liquidação/amortização/pagamento. Cancele em `CDC 14`; se falhar, registre ocorrência.\n> No cancelamento de CDC Antecipação Saque Aniversário FGTS, o desbloqueio da garantia é automático. Log ""1120 – Operação Contratada com Parcela Pix"" = produto Alfa Parcela Pix (mesmo procedimento de Duplo Sim).\n\n### 4.4. Cancelamento de REPACTUAÇÃO\n`CDC 15.13`, selecione a operação. Se constar ""Op"" pendente de confirmação, pode excluir; se confirmada, só liquida/paga total.\n> *Convênio Especial 17:* tem repactuação de CDCs consignados com suspensão de cobrança (rotina 50109).\n\n### 4.5. Cancelamento do produto de pagamento parcelado de contas\nVer item 10 da rotina 50110.\n\n### 4.6. Pedido após 7 dias, ou contratação presencial (pedido fora do mesmo dia)\nSó é possível a liquidação.\n> Obs. 1: presencial só cancela no mesmo dia (item 4.2). Obs. 2: exclusivamente para CDC Renovação, se a liquidação antecipada não puder ser feita, registre ocorrência para avaliar cancelamento (informar que o IOF será cobrado em conta). CDC Renovação sem ""troco"" é cancelável se a contratação não foi presencial e o pedido ocorreu em até 7 dias.\n\nCancele em `CDC > 14`. Em caso de erro, registre ocorrência.\n\n---\n\n## 5. Liquidação / Amortização\n\nSolicitação exclusiva do titular.\n\n### 5.1. Amortização/Liquidação ANTECIPADA ou operação EM ATRASO\n**Demanda:** quitação parcial/total antes do vencimento e/ou parcelas em atraso.\n> Pagamento via boleto: emitido em agência, pago no mesmo dia (saldo atualiza diariamente); se não pago no mesmo dia, o mesmo boleto ainda serve, pois o saldo é recalculado.\n\nSe não autenticado (URA/Token/IP), informe os canais. Cancelamento da amortização/liquidação só no mesmo dia, e só com margem disponível (item 5.3). Somente com recursos próprios; há redução proporcional de juros.\n\n**Tipos** (parcelas em atraso sempre em ordem crescente): **Crescente** (da próxima parcela em diante); **Decrescente** (da última parcela para trás); **Linear** (amortiza o saldo total sem alterar o cronograma; recalcula as parcelas a vencer).\n> Linear NÃO permitido para CDC Consignado, nem para operações fora do status ""Normal"", com pagamento parcial, em cobrança, ou com ""Pula-Parcela"". ""Em cobrança"" não aceita nenhuma amortização.\n\n| Necessidade do cliente | Tipo de amortização |\n|---|---|\n| Parar de pagar as próximas prestações por um período | Liquidação antecipada de parcelas integrais, ordem crescente |\n| Amortizar e continuar pagando as próximas prestações | Liquidação antecipada de parcelas integrais, ordem decrescente |\n| Reduzir o valor das prestações em toda a operação | Amortização linear |\n| Liquidar a operação | Quitação total, sempre em ordem crescente |\n\n> No CDC Consignado, pode haver desconto da próxima prestação em folha. Para Consignação/Renovação Consignação, prefira ordem decrescente (evita duplicidade em folha); se o cliente pedir crescente, informe o risco (o valor retorna no vencimento da parcela, se ocorrer).\n\n**Procedimento:** 1. Simule em `CDC 13.11.12`, informe o saldo atual (item 1b). 2. Verifique saldo suficiente (`Plataforma de Relacionamento > Contas > Extrato`), considerando saldo aprovisionado, tarifas pendentes, resgates automáticos e Limite Especial (a critério do cliente, com encargos). 3. Se insuficiente, oriente novo contato; se suficiente, execute em `CDC 13 > 21 > 12` (tipo: parcial/liquidação/linear; quantidade/valor; ordem).\n> Se o sistema indicar ausência de autorização de débito, siga a rotina 50104.\n\n**Leitura obrigatória ao cliente antes da confirmação** (""Sr(a). ___, para sua segurança, faremos a leitura das condições:""):\n- **Parcial/liquidação:** agência/conta; valor base da parcela; encargos por atraso; desconto de antecipação; variação Selic; valor a amortizar; total de parcelas; ordem escolhida.\n- **Linear:** valor base; desconto aproximado; variação Selic; valor da parcela inicial; novo valor da parcela; quantidade de parcelas.\n\nApós a leitura: ""Podemos confirmar a liquidação/amortização?"" (F3, sem impressão). Supervisor confirma em `CDC 13.21.52`. Informar necessidade de saldo em conta. Comprovante: ""o débito ocorre ainda hoje; confirme pelo extrato. Para comprovante detalhado, solicite em qualquer agência o documento \'Demonstrativo de Origem e Evolução de Dívida – Crédito Direto ao Consumidor\'.""\n\n### 5.2. Amortização/liquidação de operações ""EM PERDAS""\nIdentificação: `SISALFA > CDC > 15.13`. **Não informar ao cliente que a operação está em prejuízo.**\na) **Débito em conta:** verifique saldo suficiente (mesmas ressalvas do item 5.1); se insuficiente, oriente novo contato. Liquidação: comando em `CDC 13-34` + confirmação do supervisor em `CDC 13-36`. Amortização parcial: comando em `CDC 13-35` + confirmação do gerente de grupo em `CDC 13-36`.\nb) **Boleto bancário:** registre ocorrência.\n\n### 5.3. Cancelamento da amortização ou liquidação antecipada\nSe só houve o comando do atendente (`CDC 13.21.12`) no mesmo dia: cancele em `CDC 13.91.51`. Se já confirmado pelo supervisor (`CDC 13.21.52`): faça o estorno (item 5.5).\n> O registro do atendente fica pendente de confirmação apenas no mesmo dia; se não confirmado, é excluído automaticamente no dia seguinte.\n\n### 5.4. Liquidação – Desaverbação/Liberação de Margem Consignável\nSe o cliente relatar que liquidou/cancelou mas não houve liberação de margem, ou a parcela segue sendo debitada, registre ocorrência.\n\n### 5.5. Estorno de pagamento antecipado\n**Demanda:** pagamento antes do vencimento, ou débito indevido em conta (ex.: pela agência).\n> Não aplicar a Consignação/Renovação Consignação/FGTS Saque Aniversário se a forma de pagamento foi ""Cta Convênio""; para `SISALFA` ou ""Boleto Bancário"", o estorno é permitido (ver item 2).\n\n1. Analise o motivo (não é permitido estornar e deixar em atraso). 2. Verifique vencimento (`CDC 15.13.F2.4`) e pagamento de salário (`SISPAG 11 > 13 > 36 > Consulta on line`). 3. Se não venceu e não houve crédito de salário, estorno possível (pagamento dentro de 30 dias, operação não atualizada). 4. Estorne em `CDC 13.91.11`. 5. Informe crédito no processamento noturno.\n> Se impossível estornar, ou outra duplicidade não sanável, registre ocorrência.\n\n---\n\n## 6. Dificuldade para contratação\n\n| Situação | Procedimento |\n|---|---|\n| **Renda desatualizada** | Verifique a última atualização; se >12 meses, oriente atualizar via App ou canal de autoatendimento (online; às vezes exige foto do documento, validação em até 3 dias úteis). Após validação, o limite é recalculado automaticamente. |\n| **Contrato do CDC não assinado** | Pergunte se aderiu às Cláusulas Gerais (assinatura da Proposta/Contrato de Adesão). Se sim, prossiga a análise. Se não, informe os canais de adesão: App/site (Empréstimo > Solicitação de Crédito > Assinatura de contrato CDC); caixa eletrônico; agência. |\n| **Acordo de dívida vigente** | Contratação impossibilitada durante a vigência do acordo; após encerrado, pode verificar novamente. |\n| **Não correntista** | Exceto CDC Consignado e Crédito 13º Salário INSS (exigem ANC vigente), as demais linhas exigem conta corrente com ANC vigente. |\n| **Modalidade de conta simplificada (sem linhas de crédito)** | Não permite contratar linhas de crédito; se houver interesse, o cliente faz upgrade da conta pelo app (Menu > Upgrade de Conta), sujeito a análise de crédito na agência. |\n\n---\n\n## 7. Contratação não reconhecida\n\n### 7.1. Falsidade ideológica e fraude\nFraude com uso de documentos falsos para contratar produtos; a vítima costuma descobrir só quando seu CPF/CNPJ sofre restrição por inadimplência. Ver rotina 50111.\n- Falsidade em operação de não correntista: oriente comparecimento a qualquer agência com identificação e boletim de ocorrência.\n- Fraude – demais situações: ver rotina 50112.\n\n### 7.2. Contestação de operações via Correspondente (falha, suspeita de fraude/golpe)\nIndícios de falha ou fraude/golpe (presencial ou Duplo Sim): registre ocorrência e responsabilize a unidade de correspondentes/antifraude (código 800010):\n- **Assunto 50113** — contratação não reconhecida; divergente do solicitado; insatisfação com o contrato/descumprimento; falta de clareza.\n- **Assunto 50114** — suspeita de fraude/golpe: abordagem por suposta empresa vinculada ao banco, internalização por correspondente e transferência de recursos a terceiros pelo cliente.\n- **Assunto 50115** — contestação/suspeita de fraude em operação via Correspondente ainda pendente de confirmação.\n\n> No módulo de SAC e Ouvidoria (assuntos 50113/50114), é obrigatório selecionar o produto/modalidade — só aparecem operações contratadas via Correspondente; caso contrário, o registro não é possível. Ao selecionar a operação, os dados de identificação do correspondente, do CDC e da chave de operação são preenchidos automaticamente (não editáveis).\n\n---\n\n## 8. Limite Especial da Conta\n\n### 8.1. Cancelamento do Limite Especial da Conta\na) Pode ser solicitado a qualquer tempo por qualquer titular.\nb) Ao ser solicitado, sonde o motivo e, se cabível, argumente: sem tarifa; limite disponível para emergências sem custo se não usado; cancelar não garante nova contratação futura; é possível reduzir para R$ 100,00 em vez de cancelar. O cliente não pode estar usando o limite no momento (se estiver, oriente cobrir o saldo). Se aceitar reduzir, siga para 8.2. *(Em Ouvidoria, cancelar direto, sem sondagem.)*\nc) Se decidir manter, encerre em FCR.\nd) Se insistir no cancelamento, verifique viabilidade:\n\n**Procedimento (cliente autenticado por URA/Token/IP):**\n> Não cancelar se o cliente estiver usando o limite; se houver juros/IOF a cobrar, é necessário saldo. Falha de autenticação: registre ocorrência.\n- **Atendente:** confira saldo suficiente (extrato) para limite + juros + IOF (desconsiderar valores provisionados); se insuficiente, peça depósito equivalente e informe que o cancelamento pode ser pedido no SAC/agência após o depósito; encerre em FCR. Cancele na plataforma (`Contas > Limite Especial da Conta PF > Implantação, Alteração, Renovação e Cancelamento > Cancelar > Registrar`) e peça deferimento ao supervisor.\n  > Se aparecer ""(27) Já existe comando de implantação para esta conta."", registre ocorrência. Se aparecer ""já existe solicitação pendente de deferimento"", peça o deferimento ao supervisor; se não localizar ou houver erro, abra ocorrência.\n- **Supervisor:** confirme dados (nome, produto, valor); defira (`Deferimentos e Pendências > Limite Especial da Conta Pessoa > Cancelamento > Deferimento`); confirme para o atendente prosseguir.\n- **Atendente:** informe o cancelamento e a disponibilidade da agência para recontratação futura; encerre e registre FCR. *(Se o supervisor não conseguir deferir, registre ocorrência.)*\n\n### 8.2. Redução do Limite Especial da Conta\na) Se o pedido for por causa da tarifa, esclareça que ela não é cobrada; se insistir, siga abaixo.\nb) Identifique PF e titular da conta.\nc) Cliente autenticado:\n- **Atendente:** verifique saldo suficiente para que a redução não deixe o saldo excedido; se preciso, peça depósito e informe que a redução pode ser pedida via app, WhatsApp, SAC ou agência após o depósito. Modalidade ""Ouro"" (limite ≥ R$ 1.000,00) reduzida para entre R$ 100,00 e R$ 950,00 muda para ""Classic"" (diferenças na rotina 50116). Se o cliente concordar, altere modalidade/limite na plataforma e peça deferimento ao supervisor.\n- **Supervisor:** confirme dados; defira (`Deferimentos e Pendências > Limite Especial da Conta Pessoa Física > Alteração > Deferimento`); confirme para o atendente prosseguir.\n- **Atendente:** informe a redução realizada; para elevar no futuro, indicar app/agência. Encerre e registre FCR. *(Se o supervisor não conseguir deferir, registre ocorrência.)*\n\n### 8.3. Alterar data de débito dos juros\nFalha de autenticação: informe os canais. Acesse `Plataforma > Contas > Limite Especial da Conta PF > Alterar > Tipo de Alteração – ""Dia do débito""` e escolha um dia entre 1 e 28. A alteração só vale a partir do mês seguinte à solicitação.\n\n---\n\n## 9. Rotinas auxiliares (índice de empréstimos)\n\n| Código (anonimizado) | Assunto |\n|---|---|\n| 50107 | CDC – Condições Gerais / Contrato |\n| 50108 | Crédito Consignação e Renovação – Correntista e não correntista |\n| 50118 | Crédito Consignação – INSS |\n| 50119 | Crédito Automático |\n| 50120 | Crédito Benefício |\n| 50121 | Crédito Salário e Salário Funci |\n| 50122 | Crédito Renovação e Renovação Funci |\n| 50123 | Crédito 13º Décimo Terceiro Salário |\n| 50124 | Crédito 13º Décimo Terceiro Salário – Não Correntistas |\n| 50125 | CDC Antecipação Restituição IRPF |\n| 50126 | CDC Antecipação Saque Aniversário FGTS |\n| 50117 | Crédito Parcelamento Cheque Especial (Limite Especial da Conta) |\n| 50104 | Autorização de Débito – Empréstimos, CDC e outros (Resolução CMN 4.790/2020) |\n| 50127 | Crédito do Trabalhador – Novo modelo de Crédito Consignado do Setor Privado |\n| 50128 | Crédito do Trabalhador – Atendimento ao Empregador |\n\n---\n\n## 10. Fonte de informação\n\nDepartamento responsável: **DOC – Diretoria de Operações de Crédito** (código 800020).\n']","Não informar ao cliente que a operação está em prejuízo. Com saldo suficiente, liquidar via CDC 13-34 com confirmação do supervisor em CDC 13-36; parcial via CDC 13-35 com gerente de grupo. Boleto exige ocorrência.",ROLE_RESTRICTION,0.7697,,0.9090909090909091,0.6982766763945808,,0.9999999999
"Quero contratar CDC mas dizem sem limite. Por quê?
[Dados coletados via clarificação: canal_tentado=app; tipo_cliente=correntista]","Para verificar a disponibilidade de crédito, o primeiro passo é confirmar se a sua Análise de Crédito (ANC) está vigente. Você pode verificar essa informação na **Plataforma de Relacionamento (Operações Contratadas)**, na aba **Limite de Crédito**, campo ""Situação do limite"".

Se o status do seu limite estiver como **Vencida, Impedida, Cancelada, Suspensa, Em transferência, Em estudo, Indeferida, ou Vigente com Limite Total–Margem zerado**, não há limite disponível para contratação. Nesse caso, você deve comparecer a qualquer agência portando:
*   Documento de identificação (RG/CPF);
*   Comprovante de residência;
*   Comprovante de renda (emitidos há menos de 90 dias, mesmo que pela internet).

Nessa situação, o atendente poderá consultar a **rotina 50105** para verificar a possibilidade de restabelecimento do seu limite de crédito.

Caso o status do seu limite esteja como **Vigente** (com algum valor em Limite Total–Margem), o atendente não deve informar o valor diretamente. Dentro do horário de atendimento (9h–18h), será perguntado se você autoriza a transferência para a **Central de Consultoria em Uso Responsável do Crédito** (conforme a **rotina 50106**). Caso não autorize, ou se o contato ocorrer fora desse horário, você pode verificar as opções de contratação pelo App Alfa, pelo site ou nos caixas eletrônicos (TAA).

### Referências

- [1] POP – Atendimento de Operações de CDC (Crédito Direto ao Consumidor) – Pessoa Física","['# POP – Atendimento de Operações de CDC (Crédito Direto ao Consumidor) – Pessoa Física\n### [Versão anonimizada/pseudonimizada para uso acadêmico]\n\n> **Nota metodológica de anonimização:** este documento é uma versão pseudonimizada de uma rotina real de atendimento (SAC) de operações de crédito pessoa física. Foram substituídos: (i) o nome da instituição financeira e de seus canais/site/e-mail; (ii) os nomes de sistemas internos claramente proprietários; (iii) nomes e códigos de convênios de consignação com órgãos públicos; (iv) códigos de prefixo/departamento interno; e (v) números de rotinas/assuntos auxiliares referenciados ao longo do texto — todos substituídos por identificadores fictícios e sequenciais. A lógica processual, as condições, exceções e o fluxo de decisão originais foram mantidos integralmente, o que preserva o valor do documento como exemplo de POP para fins de extração de árvore de decisão. Termos e siglas genéricas do setor bancário (CDC, SAC, Ouvidoria, TAA, URA, FCR, ANC, Token, Identificação Positiva) e referências a normas públicas (Resolução CMN 4.790/2020, INSS) foram mantidos, por não serem exclusivos de uma única instituição.\n\n**Sumário:** Observações iniciais · 1. Consulta geral CDC · 2. Débito da parcela CDC · 3. Simulação/Contratação · 4. Cancelamento de CDC · 5. Liquidação/Amortização · 6. Dificuldade para contratação · 7. Contratação não reconhecida · 8. Limite Especial da Conta · 9. Rotinas auxiliares · 10. Fonte de informação\n\n---\n\n## Observações iniciais\n\na) Esta rotina destina-se ao atendimento das operações de crédito PF listadas no item 2. Para os casos abaixo, consulte rotinas específicas:\n- **FIES:** rotina 50101 – SAC QC – Financiamento Estudantil (FIES)\n- **Financiamento imobiliário:** rotina 50102 – SAC QC – Financiamento Imobiliário\n- **Renegociação de dívidas:** rotina 50103 – SAC QC – Renegociação de Dívidas Pessoa Física e Jurídica\n\nb) **Autorização de Débito em Conta:** a partir de 01/03/2021, para que uma operação seja debitada em conta, é necessária autorização específica do cliente para o débito. Ver informações e procedimentos na rotina 50104.\n\nc) **Canais para contratação de CDC:** [link para os canais de contratação]\n\n---\n\n## 1. Consulta geral CDC\n\nPara verificar as informações da operação, identifique se o consumidor é PF e titular da operação. Em caso de FALHA, RECUSA ou INAPLICABILIDADE de Identificação Positiva (IP), registre ocorrência.\n\n| Demanda | Consulta |\n|---|---|\n| a) Informações gerais do CDC | `SISALFA > CDC > 15 > 18` — em ""Código do Cliente"" pressione F4, inclua o CPF e selecione a operação. Clique em F2 > Outros dados > 4. Cronograma. Principais informações: modalidade do CDC, data de vencimento, parcelas pagas e data de pagamento (mais detalhes no item 2), parcelas a vencer, parcelas em atraso, taxas de juros ou CET. |\n| b) Saldo atualizado total | `SISALFA > CDC > 15 > 18` — mesmo caminho acima; após selecionar a operação, verifique o campo ""Saldo devedor atual"". Esse é o saldo do dia, com atualização diária. |\n| c) Parcelas, valores pagos, juros, datas de pagamento | `SISALFA > CDC > 15 > 18` → Agência/Conta → selecione a operação → F2 → 4. Cronograma → selecione a parcela (""P"" indica pagamento parcial) → F9 (detalhe) → F12/F11 (pagamentos e parcelas). O ""total recebimento parcial"" é o valor recebido naquela parcela. |\n| d) Consultar CDC liquidado, renovado ou excluído | `SISALFA > CDC > 15 > 18`, em ""Código do Cliente"" pressione F4 e insira o CPF — NÃO selecione nenhuma operação e pressione F11. F12 para operações arquivadas. |\n| e) Consulta de cláusulas gerais ou documentos do CDC contratado | Cláusulas gerais consultáveis em: **App Alfa** (Menu > Empréstimos > Contratar empréstimo > Aderir ao contrato); **site institucional**, inclusive para não correntista (Página inicial > Pra você > Empréstimo > Empréstimo pessoal > Contrato de abertura de crédito rotativo); **site institucional (área logada)** (Menu > Empréstimos > Crédito consignado e pessoal > Aderir Contrato de Empréstimo). Documentos do CDC contratado: Extrato de Empréstimo (parcelas pagas/a pagar) — App, site, caixas eletrônicos ou agências; Consolidado Anual (valores por exercício) — site ou agências; 2ª via do comprovante (com taxas) — App ou agências. |\n\n---\n\n## 2. Débito da parcela CDC (data ou valor divergente, duplicidade)\n\nPara identificar o débito questionado, consulte o extrato em `Plataforma de Relacionamento (Operações Contratadas) > Contas > Consultas > Extrato Conta Corrente`. O número da operação consta no campo ""Documento"" (9 dígitos).\n\nSituações possíveis: débito antes/depois do vencimento contratual; valor divergente; duplicidade (folha + conta); débito em conta errada.\n\n**Consulta:** `CDC 15.13` (F4 – CPF) → selecione a operação → F2.4 (cronograma) → selecione a parcela com ""x"" → F9 (detalhar) → F12 (mais informações) → F3 (voltar) e copie o nº da operação → `CDC 13.61` (cole o nº como ""nº contrato"") para ver como ocorreu o pagamento.\n\nSiga então a orientação por modalidade:\n\n### CDC Consignação ou CDC Renovação Consignação\nDébito ocorre na folha de pagamento. a) Se não consignada (ou parcial), o débito ocorrerá total/parcial em conta. b) Se liquidado/renovado mas houve consignação, o estorno é automático em conta em até D+2 dias úteis, exceto para os convênios de código 900001 (INSS — devolução a partir do 5º dia útil) e código 900002 (MPDG — devolução até o 1º dia útil).\n\n1. Consulte a parcela: `CDC 15 > 13 > F2 > 4` (datas); `CDC 15 > 13 > F8 > F9` (mês/ano da folha). *Consig total* = debitada integralmente em folha; *Consig parcial* = debitada parcialmente (verifique o restante em conta); *Não consignada* = sem débito em folha; *Incluída* = ainda não vencida; *Enviada* = empregador não retornou (sem repasse, o débito ocorre em conta).\n2. Confirme a consignação em `SISCONSIG 22 > 01 > 01` (Convênio, Data Prevista, nº Operação — dados em `CDC 15.13`); selecione ""x"" e F9: ""Tipo Lançamento"" *Amortização* = consignado; *Devolução* = não consignado, devolvido à conta.\n3. Preste as informações.\n4. Se o cliente disser que a parcela foi consignada em folha mas também há débito agendado em conta: verifique o extrato (agendado ou debitado); se debitado, verifique devolução; se a data for hoje/próximo dia útil, oriente aguardar o processamento noturno (tende a ser excluído) e encerre em FCR. Se confirmada duplicidade sem estorno, ou se o sistema não mostra consignação mas o cliente afirma o desconto, registre ocorrência e oriente o envio de cópia do contracheque para `sacdocumentos@bancoalfa.com.br`.\n\n> **Crédito do Trabalhador** (identifique pelo campo ""Convênio"" = ""E-Consig PJ"" em `CDC > 15 > 13`): exigir contracheque da competência anterior ao débito (ex.: débito no mês 09 → contracheque do mês 08) e o documento ""Detalhe da guia emitida"" (com a instituição que recebeu o valor) + comprovante de pagamento da guia, fornecidos pela empresa.\n\n### CDC Salário, CDC Benefício e CDC Renovação\nDébito no dia do crédito do salário/benefício, mesmo que divergente do vencimento contratual (cobrança antecipada gera desconto proporcional). Renovação com convênio: débito na data de crédito de proventos; sem convênio: na data de vencimento.\n\n1. Verifique no extrato o recebimento de salário no dia do débito.\n2. Compare a data de débito (`CDC 15 > 13 > F2 > 4`) com a cadastrada em `CDC 24 > 14` e `SISPAG 11 > 13 > 36 > Consulta on line`.\n3. Se ambos ocorrerem após o vencimento do contrato, registre ocorrência.\n4. Preste as informações.\n\n### CDC Automático\nDébito em conta (corrente ou salário) na data de vencimento informada na autorização; há opção de boleto (gerado pelo cliente ou se a autorização foi cancelada).\n\n**Duplicidade:** 1. Verifique boleto pago + débito em conta (`CDC 13 > 61`, ""Forma Pagto"": Rcbto Autom e Boleto Banc); confira estorno (campo ""Dt. Canc."" preenchido = houve estorno). 2. Se confirmada duplicidade sem estorno, estorne em `CDC 13 > 91 > 11 > 6` (o sistema só estorna do mais recente para o mais antigo; se o pagamento em conta foi parcial e só for possível estornar o boleto mais recente, isso deixaria a operação em atraso — nesse caso, estorne primeiro o ""Boleto Bancário"" e depois o ""Recebimento Automático"", só se não houver débitos pendentes). Peça ao supervisor para receber o valor correto em `CDC 13.23`; confirme a data de recebimento retroativo em `CDC 13.61`.\n> Para recebimento por débito em conta em operações contratadas a partir de 01/03/21, é necessária autorização específica do cliente.\n\n### CDC 13º Salário\nDébito em parcela única. **Com convênio:** na data de cobrança (recebimento do 13º, informado pelo empregador) OU no vencimento (30 dias após o crédito do 13º), o que ocorrer primeiro — exceto convênios com 13º vinculado ao aniversário do cliente. **Sem convênio:** na data escolhida na contratação.\n\n- Convênio consta em `SISALFA > CDC 15.13`.\n- **Com convênio:** data de cobrança em `CDC 22 > 10 > 5d` (código de linha 3100; nº convênio em `CDC 15 > 13`); vencimento em `CDC 15 > 13 > F2 > 4`. 1. Informe que o débito ocorre na data de cobrança; se o 13º não for creditado, tenta-se o débito na data de cobrança ou vencimento (o que ocorrer primeiro). 2. Verifique como ocorreu em `CDC 15 > 13 > F2 > 4`. 3. Preste as informações.\n  > **Obs.:** se a data de cobrança mudar por solicitação do empregador, o vencimento pode ser antecipado. *Ex. 1:* cobrança cadastrada 30/06/26 → vencimento 30/07/26; se a cobrança mudar para 30/08/26, cobra-se em 30/07/26 (o que ocorrer primeiro). *Ex. 2:* se o 13º do convênio está vinculado ao mês de aniversário, cobrança e vencimento caem no mês de aniversário do cliente.\n- **Sem convênio:** débito no vencimento (`CDC 15 > 13 > F2 > 4`).\n\n### CDC Antecipação IRPF\nDébito (a) na data prevista do crédito da restituição, ou (b) no vencimento contratual, se o crédito não ocorrer antes.\n1. Informe a regra acima. 2. Consulte `CDC 15 > 13 > F2 > 4`. 3. Preste as informações.\n\n### CDC Antecipação Saque Aniversário FGTS\nLiquidação automática via repasse do FGTS; débito em conta só se o repasse for insuficiente.\n1. Consulte `CDC 15 > 13 > F2 > 4`. 2. Preste as informações.\n\n### Orientações complementares\na) Reclamação de saldo aprovisionado em fim de semana/feriado: explique que, pelas cláusulas gerais do contrato de conta, a liberação de débitos nesses períodos depende do saldo após deduzir débitos programados para o 1º dia útil seguinte.\nb) **Boleto:** algumas linhas permitem gerar boleto (rotina 50107); se houver duplicidade (conta + boleto), estorne como em ""CDC Automático"". Não aplicar esse procedimento a CDC Consignação/Renovação Consignação/FGTS Saque Aniversário se a forma de pagamento foi ""Cta Convênio"" — para forma de pagamento via `SISALFA` ou ""Boleto Bancário"", o estorno é permitido.\nc) Mais informações: ver rotinas auxiliares (item 9).\nd) Se não for possível identificar o motivo, ou o cliente permanecer insatisfeito, registre ocorrência.\n\n---\n\n## 3. Simulação/Contratação de Empréstimos\n\nCDC é um empréstimo pessoal automatizado, pré-aprovado, disponível em conta corrente. Solicitação exclusiva do titular.\n> Se o cliente quiser alterar o vencimento da prestação: após a confirmação do contrato isso não é possível. Alternativa: contratar CDC Renovação (se a linha permitir e houver limite), indicando o vencimento mais adequado.\n\n**Procedimento:** verifique se a Análise de Crédito (ANC) está vigente em `Plataforma de Relacionamento (Operações Contratadas) — aba Limite de Crédito`, campo ""Situação do limite"".\n\n| Status do limite | Procedimento |\n|---|---|\n| Vencida, Impedida, Cancelada, Suspensa, Em transferência, Em estudo, Indeferida, ou Vigente com Limite Total–Margem zerado | Informe que não há limite disponível; o cliente deve ir a qualquer agência com identificação (RG/CPF), comprovante de residência e de renda (emitidos há menos de 90 dias, mesmo que pela internet). Consulte a rotina 50105 para possibilidade de restabelecimento. |\n| Vigente (algum valor em Limite Total–Margem) | Não informe o valor ao cliente. Dentro do horário de atendimento (9h–18h), pergunte se autoriza transferência para a Central de Consultoria em Uso Responsável do Crédito (rotina 50106). Se não autorizar, ou fora do horário, informe as opções: Central de Consultoria; App Alfa > Empréstimo; site > Empréstimo; caixa eletrônico (TAA) > Empréstimo. |\n\n---\n\n## 4. Cancelamento de CDC\n\nCancelamento permitido em até 7 dias corridos (a partir do dia seguinte à liberação do crédito), se contratado por canal de autoatendimento (App, site, caixas eletrônicos ou telefone), pelo titular, autenticado (URA, Token ou Identificação Positiva).\n\n> **Atenção:** o cancelamento da linha 2881 – Crédito Renovação Consignação está restrito ao departamento **DOC – Diretoria de Operações de Crédito** (código 800020) para os convênios: Convênio Especial 01 (700001), 02 (700002), 03 (700003), 04 (700004), 05 (700005), 06 (700006), 07 (700007), 08 (700008), 09 (700009), 10 (700010), 11 (700011), 12 (700012), 13 (700013), 14 (700014), 15 (700015) e 16 (700016). É necessário haver margem suficiente para reaverbação das operações vinculadas à renovação cancelada.\n> O cancelamento da mesma linha para o Convênio Especial 17 (700017) está restrito à **Superintendência Regional III** (código 800030). Ver rotina 50108.\n\nAntes do procedimento, informe o número da operação e que, após o cancelamento, o comando não pode ser desfeito.\n\n### 4.1. Cancelamento de proposta CDC NÃO CONFIRMADA\n`SISRET Y09` — copie o nº da operação (documento, 9 dígitos). `CDC 11.13` → inclua o nº a cancelar. Em ""Exclusão de operação – Confirma?"", responda ""S"". Motivo: ""08 – Exclusão a pedido do cliente – Desistência"". Verifique a mensagem ""Cancelamento da Proposta efetuado em XX/XX/XX às XX:XX:XX por FXXXXX""; se diferente, registre ocorrência.\n> Atenção a operações via Correspondente – LOG 633 ""Operação Novo Fluxo Correspondente/Parceiro Comercial"" (`CDC 15.18.F2.8`). Se pendente de confirmação, registre ocorrência (motivo obrigatório; não oriente o cliente a excluir por autoatendimento).\n\n### 4.2. Cancelamento no MESMO DIA ou DIA ÚTIL SEGUINTE (contratação em dia não útil)\nPermitido para contratações presenciais e não presenciais, todos os canais. Uso do Limite Especial da Conta gera juros e IOF. Cancele em `CDC 14`; se falhar, registre ocorrência.\n\n### 4.3. Cancelamento em até 7 DIAS CORRIDOS (a partir do dia seguinte ao crédito)\n**Via TAA/internet/App/telefone (Duplo Sim):** consulte `CDC 15.18.F2.8` (log) — canal no log 201: *Duplo Sim* → campo ""Ocor"" LOG 201 e 493; *Correspondente* → registre ocorrência. (Contestação: ver item 7.2.)\n**Presencial na agência:** só cancela no mesmo dia (ver item 4.2)! A partir do dia seguinte, só liquidação. Se o cliente relatar falhas, registre ocorrência.\n\nVerifique saldo para o débito (ou ""troco"" nas Renovações — `CDC 15.18.F2.5 Contratos Vinculados` mostrará o `SISCLI`; informe o valor), considerando Limite Especial ou resgates automáticos. Oriente manter saldo (débito à noite); uso do Limite Especial gera juros/IOF. Se discordar, só liquidação/amortização/pagamento. Cancele em `CDC 14`; se falhar, registre ocorrência.\n> No cancelamento de CDC Antecipação Saque Aniversário FGTS, o desbloqueio da garantia é automático. Log ""1120 – Operação Contratada com Parcela Pix"" = produto Alfa Parcela Pix (mesmo procedimento de Duplo Sim).\n\n### 4.4. Cancelamento de REPACTUAÇÃO\n`CDC 15.13`, selecione a operação. Se constar ""Op"" pendente de confirmação, pode excluir; se confirmada, só liquida/paga total.\n> *Convênio Especial 17:* tem repactuação de CDCs consignados com suspensão de cobrança (rotina 50109).\n\n### 4.5. Cancelamento do produto de pagamento parcelado de contas\nVer item 10 da rotina 50110.\n\n### 4.6. Pedido após 7 dias, ou contratação presencial (pedido fora do mesmo dia)\nSó é possível a liquidação.\n> Obs. 1: presencial só cancela no mesmo dia (item 4.2). Obs. 2: exclusivamente para CDC Renovação, se a liquidação antecipada não puder ser feita, registre ocorrência para avaliar cancelamento (informar que o IOF será cobrado em conta). CDC Renovação sem ""troco"" é cancelável se a contratação não foi presencial e o pedido ocorreu em até 7 dias.\n\nCancele em `CDC > 14`. Em caso de erro, registre ocorrência.\n\n---\n\n## 5. Liquidação / Amortização\n\nSolicitação exclusiva do titular.\n\n### 5.1. Amortização/Liquidação ANTECIPADA ou operação EM ATRASO\n**Demanda:** quitação parcial/total antes do vencimento e/ou parcelas em atraso.\n> Pagamento via boleto: emitido em agência, pago no mesmo dia (saldo atualiza diariamente); se não pago no mesmo dia, o mesmo boleto ainda serve, pois o saldo é recalculado.\n\nSe não autenticado (URA/Token/IP), informe os canais. Cancelamento da amortização/liquidação só no mesmo dia, e só com margem disponível (item 5.3). Somente com recursos próprios; há redução proporcional de juros.\n\n**Tipos** (parcelas em atraso sempre em ordem crescente): **Crescente** (da próxima parcela em diante); **Decrescente** (da última parcela para trás); **Linear** (amortiza o saldo total sem alterar o cronograma; recalcula as parcelas a vencer).\n> Linear NÃO permitido para CDC Consignado, nem para operações fora do status ""Normal"", com pagamento parcial, em cobrança, ou com ""Pula-Parcela"". ""Em cobrança"" não aceita nenhuma amortização.\n\n| Necessidade do cliente | Tipo de amortização |\n|---|---|\n| Parar de pagar as próximas prestações por um período | Liquidação antecipada de parcelas integrais, ordem crescente |\n| Amortizar e continuar pagando as próximas prestações | Liquidação antecipada de parcelas integrais, ordem decrescente |\n| Reduzir o valor das prestações em toda a operação | Amortização linear |\n| Liquidar a operação | Quitação total, sempre em ordem crescente |\n\n> No CDC Consignado, pode haver desconto da próxima prestação em folha. Para Consignação/Renovação Consignação, prefira ordem decrescente (evita duplicidade em folha); se o cliente pedir crescente, informe o risco (o valor retorna no vencimento da parcela, se ocorrer).\n\n**Procedimento:** 1. Simule em `CDC 13.11.12`, informe o saldo atual (item 1b). 2. Verifique saldo suficiente (`Plataforma de Relacionamento > Contas > Extrato`), considerando saldo aprovisionado, tarifas pendentes, resgates automáticos e Limite Especial (a critério do cliente, com encargos). 3. Se insuficiente, oriente novo contato; se suficiente, execute em `CDC 13 > 21 > 12` (tipo: parcial/liquidação/linear; quantidade/valor; ordem).\n> Se o sistema indicar ausência de autorização de débito, siga a rotina 50104.\n\n**Leitura obrigatória ao cliente antes da confirmação** (""Sr(a). ___, para sua segurança, faremos a leitura das condições:""):\n- **Parcial/liquidação:** agência/conta; valor base da parcela; encargos por atraso; desconto de antecipação; variação Selic; valor a amortizar; total de parcelas; ordem escolhida.\n- **Linear:** valor base; desconto aproximado; variação Selic; valor da parcela inicial; novo valor da parcela; quantidade de parcelas.\n\nApós a leitura: ""Podemos confirmar a liquidação/amortização?"" (F3, sem impressão). Supervisor confirma em `CDC 13.21.52`. Informar necessidade de saldo em conta. Comprovante: ""o débito ocorre ainda hoje; confirme pelo extrato. Para comprovante detalhado, solicite em qualquer agência o documento \'Demonstrativo de Origem e Evolução de Dívida – Crédito Direto ao Consumidor\'.""\n\n### 5.2. Amortização/liquidação de operações ""EM PERDAS""\nIdentificação: `SISALFA > CDC > 15.13`. **Não informar ao cliente que a operação está em prejuízo.**\na) **Débito em conta:** verifique saldo suficiente (mesmas ressalvas do item 5.1); se insuficiente, oriente novo contato. Liquidação: comando em `CDC 13-34` + confirmação do supervisor em `CDC 13-36`. Amortização parcial: comando em `CDC 13-35` + confirmação do gerente de grupo em `CDC 13-36`.\nb) **Boleto bancário:** registre ocorrência.\n\n### 5.3. Cancelamento da amortização ou liquidação antecipada\nSe só houve o comando do atendente (`CDC 13.21.12`) no mesmo dia: cancele em `CDC 13.91.51`. Se já confirmado pelo supervisor (`CDC 13.21.52`): faça o estorno (item 5.5).\n> O registro do atendente fica pendente de confirmação apenas no mesmo dia; se não confirmado, é excluído automaticamente no dia seguinte.\n\n### 5.4. Liquidação – Desaverbação/Liberação de Margem Consignável\nSe o cliente relatar que liquidou/cancelou mas não houve liberação de margem, ou a parcela segue sendo debitada, registre ocorrência.\n\n### 5.5. Estorno de pagamento antecipado\n**Demanda:** pagamento antes do vencimento, ou débito indevido em conta (ex.: pela agência).\n> Não aplicar a Consignação/Renovação Consignação/FGTS Saque Aniversário se a forma de pagamento foi ""Cta Convênio""; para `SISALFA` ou ""Boleto Bancário"", o estorno é permitido (ver item 2).\n\n1. Analise o motivo (não é permitido estornar e deixar em atraso). 2. Verifique vencimento (`CDC 15.13.F2.4`) e pagamento de salário (`SISPAG 11 > 13 > 36 > Consulta on line`). 3. Se não venceu e não houve crédito de salário, estorno possível (pagamento dentro de 30 dias, operação não atualizada). 4. Estorne em `CDC 13.91.11`. 5. Informe crédito no processamento noturno.\n> Se impossível estornar, ou outra duplicidade não sanável, registre ocorrência.\n\n---\n\n## 6. Dificuldade para contratação\n\n| Situação | Procedimento |\n|---|---|\n| **Renda desatualizada** | Verifique a última atualização; se >12 meses, oriente atualizar via App ou canal de autoatendimento (online; às vezes exige foto do documento, validação em até 3 dias úteis). Após validação, o limite é recalculado automaticamente. |\n| **Contrato do CDC não assinado** | Pergunte se aderiu às Cláusulas Gerais (assinatura da Proposta/Contrato de Adesão). Se sim, prossiga a análise. Se não, informe os canais de adesão: App/site (Empréstimo > Solicitação de Crédito > Assinatura de contrato CDC); caixa eletrônico; agência. |\n| **Acordo de dívida vigente** | Contratação impossibilitada durante a vigência do acordo; após encerrado, pode verificar novamente. |\n| **Não correntista** | Exceto CDC Consignado e Crédito 13º Salário INSS (exigem ANC vigente), as demais linhas exigem conta corrente com ANC vigente. |\n| **Modalidade de conta simplificada (sem linhas de crédito)** | Não permite contratar linhas de crédito; se houver interesse, o cliente faz upgrade da conta pelo app (Menu > Upgrade de Conta), sujeito a análise de crédito na agência. |\n\n---\n\n## 7. Contratação não reconhecida\n\n### 7.1. Falsidade ideológica e fraude\nFraude com uso de documentos falsos para contratar produtos; a vítima costuma descobrir só quando seu CPF/CNPJ sofre restrição por inadimplência. Ver rotina 50111.\n- Falsidade em operação de não correntista: oriente comparecimento a qualquer agência com identificação e boletim de ocorrência.\n- Fraude – demais situações: ver rotina 50112.\n\n### 7.2. Contestação de operações via Correspondente (falha, suspeita de fraude/golpe)\nIndícios de falha ou fraude/golpe (presencial ou Duplo Sim): registre ocorrência e responsabilize a unidade de correspondentes/antifraude (código 800010):\n- **Assunto 50113** — contratação não reconhecida; divergente do solicitado; insatisfação com o contrato/descumprimento; falta de clareza.\n- **Assunto 50114** — suspeita de fraude/golpe: abordagem por suposta empresa vinculada ao banco, internalização por correspondente e transferência de recursos a terceiros pelo cliente.\n- **Assunto 50115** — contestação/suspeita de fraude em operação via Correspondente ainda pendente de confirmação.\n\n> No módulo de SAC e Ouvidoria (assuntos 50113/50114), é obrigatório selecionar o produto/modalidade — só aparecem operações contratadas via Correspondente; caso contrário, o registro não é possível. Ao selecionar a operação, os dados de identificação do correspondente, do CDC e da chave de operação são preenchidos automaticamente (não editáveis).\n\n---\n\n## 8. Limite Especial da Conta\n\n### 8.1. Cancelamento do Limite Especial da Conta\na) Pode ser solicitado a qualquer tempo por qualquer titular.\nb) Ao ser solicitado, sonde o motivo e, se cabível, argumente: sem tarifa; limite disponível para emergências sem custo se não usado; cancelar não garante nova contratação futura; é possível reduzir para R$ 100,00 em vez de cancelar. O cliente não pode estar usando o limite no momento (se estiver, oriente cobrir o saldo). Se aceitar reduzir, siga para 8.2. *(Em Ouvidoria, cancelar direto, sem sondagem.)*\nc) Se decidir manter, encerre em FCR.\nd) Se insistir no cancelamento, verifique viabilidade:\n\n**Procedimento (cliente autenticado por URA/Token/IP):**\n> Não cancelar se o cliente estiver usando o limite; se houver juros/IOF a cobrar, é necessário saldo. Falha de autenticação: registre ocorrência.\n- **Atendente:** confira saldo suficiente (extrato) para limite + juros + IOF (desconsiderar valores provisionados); se insuficiente, peça depósito equivalente e informe que o cancelamento pode ser pedido no SAC/agência após o depósito; encerre em FCR. Cancele na plataforma (`Contas > Limite Especial da Conta PF > Implantação, Alteração, Renovação e Cancelamento > Cancelar > Registrar`) e peça deferimento ao supervisor.\n  > Se aparecer ""(27) Já existe comando de implantação para esta conta."", registre ocorrência. Se aparecer ""já existe solicitação pendente de deferimento"", peça o deferimento ao supervisor; se não localizar ou houver erro, abra ocorrência.\n- **Supervisor:** confirme dados (nome, produto, valor); defira (`Deferimentos e Pendências > Limite Especial da Conta Pessoa > Cancelamento > Deferimento`); confirme para o atendente prosseguir.\n- **Atendente:** informe o cancelamento e a disponibilidade da agência para recontratação futura; encerre e registre FCR. *(Se o supervisor não conseguir deferir, registre ocorrência.)*\n\n### 8.2. Redução do Limite Especial da Conta\na) Se o pedido for por causa da tarifa, esclareça que ela não é cobrada; se insistir, siga abaixo.\nb) Identifique PF e titular da conta.\nc) Cliente autenticado:\n- **Atendente:** verifique saldo suficiente para que a redução não deixe o saldo excedido; se preciso, peça depósito e informe que a redução pode ser pedida via app, WhatsApp, SAC ou agência após o depósito. Modalidade ""Ouro"" (limite ≥ R$ 1.000,00) reduzida para entre R$ 100,00 e R$ 950,00 muda para ""Classic"" (diferenças na rotina 50116). Se o cliente concordar, altere modalidade/limite na plataforma e peça deferimento ao supervisor.\n- **Supervisor:** confirme dados; defira (`Deferimentos e Pendências > Limite Especial da Conta Pessoa Física > Alteração > Deferimento`); confirme para o atendente prosseguir.\n- **Atendente:** informe a redução realizada; para elevar no futuro, indicar app/agência. Encerre e registre FCR. *(Se o supervisor não conseguir deferir, registre ocorrência.)*\n\n### 8.3. Alterar data de débito dos juros\nFalha de autenticação: informe os canais. Acesse `Plataforma > Contas > Limite Especial da Conta PF > Alterar > Tipo de Alteração – ""Dia do débito""` e escolha um dia entre 1 e 28. A alteração só vale a partir do mês seguinte à solicitação.\n\n---\n\n## 9. Rotinas auxiliares (índice de empréstimos)\n\n| Código (anonimizado) | Assunto |\n|---|---|\n| 50107 | CDC – Condições Gerais / Contrato |\n| 50108 | Crédito Consignação e Renovação – Correntista e não correntista |\n| 50118 | Crédito Consignação – INSS |\n| 50119 | Crédito Automático |\n| 50120 | Crédito Benefício |\n| 50121 | Crédito Salário e Salário Funci |\n| 50122 | Crédito Renovação e Renovação Funci |\n| 50123 | Crédito 13º Décimo Terceiro Salário |\n| 50124 | Crédito 13º Décimo Terceiro Salário – Não Correntistas |\n| 50125 | CDC Antecipação Restituição IRPF |\n| 50126 | CDC Antecipação Saque Aniversário FGTS |\n| 50117 | Crédito Parcelamento Cheque Especial (Limite Especial da Conta) |\n| 50104 | Autorização de Débito – Empréstimos, CDC e outros (Resolução CMN 4.790/2020) |\n| 50127 | Crédito do Trabalhador – Novo modelo de Crédito Consignado do Setor Privado |\n| 50128 | Crédito do Trabalhador – Atendimento ao Empregador |\n\n---\n\n## 10. Fonte de informação\n\nDepartamento responsável: **DOC – Diretoria de Operações de Crédito** (código 800020).\n']","Sem limite disponível (ANC vencida/impedida/cancelada ou margem zerada), orientar ida a qualquer agência com RG/CPF e comprovantes de residência e renda de menos de 90 dias; ver rotina 50105 para restabelecimento.",CONDITIONAL_WORKFLOW,0.8231,,1.0,0.5401223280964013,1.0,0.9999999999
"Não reconheço esse empréstimo do correspondente. E agora?
[Dados coletados via clarificação: canal_tentado=site; tipo_cliente=correntista]","Caso você não reconheça uma contratação realizada via correspondente bancário, existem procedimentos específicos para tratar essa situação, dependendo da natureza do ocorrido:

*   **Suspeita de fraude ou golpe:** Se você acredita ter sido vítima de uma abordagem por suposta empresa vinculada ao banco, ou se houve internalização por correspondente com transferência de recursos a terceiros, deve ser registrado o **Assunto 50114**.
*   **Contratação não reconhecida ou divergente:** Caso a contratação não seja reconhecida, ou se houver insatisfação com o contrato, descumprimento ou falta de clareza, deve ser registrado o **Assunto 50113**.
*   **Operação pendente:** Se a operação via correspondente ainda estiver pendente de confirmação, utiliza-se o **Assunto 50115**.

**Observações importantes:**
*   Ao registrar a ocorrência no módulo de SAC e Ouvidoria, é obrigatório selecionar a modalidade ou produto específico. O sistema preencherá automaticamente os dados do correspondente, do CDC e da chave de operação.
*   Caso o caso envolva **falsidade ideológica** (uso de documentos falsos para contratar), a rotina aplicada é a **50111** (para não correntistas, orienta-se o comparecimento a uma agência com identificação e boletim de ocorrência) ou a **50112** (para as demais situações de fraude).

Recomendamos que entre em contato com os canais de atendimento oficiais para formalizar a contestação.

### References

- [Document Chunk 7]
- [Document Chunk 10]
- [Knowledge Graph Data]","['# POP – Atendimento de Operações de CDC (Crédito Direto ao Consumidor) – Pessoa Física\n### [Versão anonimizada/pseudonimizada para uso acadêmico]\n\n> **Nota metodológica de anonimização:** este documento é uma versão pseudonimizada de uma rotina real de atendimento (SAC) de operações de crédito pessoa física. Foram substituídos: (i) o nome da instituição financeira e de seus canais/site/e-mail; (ii) os nomes de sistemas internos claramente proprietários; (iii) nomes e códigos de convênios de consignação com órgãos públicos; (iv) códigos de prefixo/departamento interno; e (v) números de rotinas/assuntos auxiliares referenciados ao longo do texto — todos substituídos por identificadores fictícios e sequenciais. A lógica processual, as condições, exceções e o fluxo de decisão originais foram mantidos integralmente, o que preserva o valor do documento como exemplo de POP para fins de extração de árvore de decisão. Termos e siglas genéricas do setor bancário (CDC, SAC, Ouvidoria, TAA, URA, FCR, ANC, Token, Identificação Positiva) e referências a normas públicas (Resolução CMN 4.790/2020, INSS) foram mantidos, por não serem exclusivos de uma única instituição.\n\n**Sumário:** Observações iniciais · 1. Consulta geral CDC · 2. Débito da parcela CDC · 3. Simulação/Contratação · 4. Cancelamento de CDC · 5. Liquidação/Amortização · 6. Dificuldade para contratação · 7. Contratação não reconhecida · 8. Limite Especial da Conta · 9. Rotinas auxiliares · 10. Fonte de informação\n\n---\n\n## Observações iniciais\n\na) Esta rotina destina-se ao atendimento das operações de crédito PF listadas no item 2. Para os casos abaixo, consulte rotinas específicas:\n- **FIES:** rotina 50101 – SAC QC – Financiamento Estudantil (FIES)\n- **Financiamento imobiliário:** rotina 50102 – SAC QC – Financiamento Imobiliário\n- **Renegociação de dívidas:** rotina 50103 – SAC QC – Renegociação de Dívidas Pessoa Física e Jurídica\n\nb) **Autorização de Débito em Conta:** a partir de 01/03/2021, para que uma operação seja debitada em conta, é necessária autorização específica do cliente para o débito. Ver informações e procedimentos na rotina 50104.\n\nc) **Canais para contratação de CDC:** [link para os canais de contratação]\n\n---\n\n## 1. Consulta geral CDC\n\nPara verificar as informações da operação, identifique se o consumidor é PF e titular da operação. Em caso de FALHA, RECUSA ou INAPLICABILIDADE de Identificação Positiva (IP), registre ocorrência.\n\n| Demanda | Consulta |\n|---|---|\n| a) Informações gerais do CDC | `SISALFA > CDC > 15 > 18` — em ""Código do Cliente"" pressione F4, inclua o CPF e selecione a operação. Clique em F2 > Outros dados > 4. Cronograma. Principais informações: modalidade do CDC, data de vencimento, parcelas pagas e data de pagamento (mais detalhes no item 2), parcelas a vencer, parcelas em atraso, taxas de juros ou CET. |\n| b) Saldo atualizado total | `SISALFA > CDC > 15 > 18` — mesmo caminho acima; após selecionar a operação, verifique o campo ""Saldo devedor atual"". Esse é o saldo do dia, com atualização diária. |\n| c) Parcelas, valores pagos, juros, datas de pagamento | `SISALFA > CDC > 15 > 18` → Agência/Conta → selecione a operação → F2 → 4. Cronograma → selecione a parcela (""P"" indica pagamento parcial) → F9 (detalhe) → F12/F11 (pagamentos e parcelas). O ""total recebimento parcial"" é o valor recebido naquela parcela. |\n| d) Consultar CDC liquidado, renovado ou excluído | `SISALFA > CDC > 15 > 18`, em ""Código do Cliente"" pressione F4 e insira o CPF — NÃO selecione nenhuma operação e pressione F11. F12 para operações arquivadas. |\n| e) Consulta de cláusulas gerais ou documentos do CDC contratado | Cláusulas gerais consultáveis em: **App Alfa** (Menu > Empréstimos > Contratar empréstimo > Aderir ao contrato); **site institucional**, inclusive para não correntista (Página inicial > Pra você > Empréstimo > Empréstimo pessoal > Contrato de abertura de crédito rotativo); **site institucional (área logada)** (Menu > Empréstimos > Crédito consignado e pessoal > Aderir Contrato de Empréstimo). Documentos do CDC contratado: Extrato de Empréstimo (parcelas pagas/a pagar) — App, site, caixas eletrônicos ou agências; Consolidado Anual (valores por exercício) — site ou agências; 2ª via do comprovante (com taxas) — App ou agências. |\n\n---\n\n## 2. Débito da parcela CDC (data ou valor divergente, duplicidade)\n\nPara identificar o débito questionado, consulte o extrato em `Plataforma de Relacionamento (Operações Contratadas) > Contas > Consultas > Extrato Conta Corrente`. O número da operação consta no campo ""Documento"" (9 dígitos).\n\nSituações possíveis: débito antes/depois do vencimento contratual; valor divergente; duplicidade (folha + conta); débito em conta errada.\n\n**Consulta:** `CDC 15.13` (F4 – CPF) → selecione a operação → F2.4 (cronograma) → selecione a parcela com ""x"" → F9 (detalhar) → F12 (mais informações) → F3 (voltar) e copie o nº da operação → `CDC 13.61` (cole o nº como ""nº contrato"") para ver como ocorreu o pagamento.\n\nSiga então a orientação por modalidade:\n\n### CDC Consignação ou CDC Renovação Consignação\nDébito ocorre na folha de pagamento. a) Se não consignada (ou parcial), o débito ocorrerá total/parcial em conta. b) Se liquidado/renovado mas houve consignação, o estorno é automático em conta em até D+2 dias úteis, exceto para os convênios de código 900001 (INSS — devolução a partir do 5º dia útil) e código 900002 (MPDG — devolução até o 1º dia útil).\n\n1. Consulte a parcela: `CDC 15 > 13 > F2 > 4` (datas); `CDC 15 > 13 > F8 > F9` (mês/ano da folha). *Consig total* = debitada integralmente em folha; *Consig parcial* = debitada parcialmente (verifique o restante em conta); *Não consignada* = sem débito em folha; *Incluída* = ainda não vencida; *Enviada* = empregador não retornou (sem repasse, o débito ocorre em conta).\n2. Confirme a consignação em `SISCONSIG 22 > 01 > 01` (Convênio, Data Prevista, nº Operação — dados em `CDC 15.13`); selecione ""x"" e F9: ""Tipo Lançamento"" *Amortização* = consignado; *Devolução* = não consignado, devolvido à conta.\n3. Preste as informações.\n4. Se o cliente disser que a parcela foi consignada em folha mas também há débito agendado em conta: verifique o extrato (agendado ou debitado); se debitado, verifique devolução; se a data for hoje/próximo dia útil, oriente aguardar o processamento noturno (tende a ser excluído) e encerre em FCR. Se confirmada duplicidade sem estorno, ou se o sistema não mostra consignação mas o cliente afirma o desconto, registre ocorrência e oriente o envio de cópia do contracheque para `sacdocumentos@bancoalfa.com.br`.\n\n> **Crédito do Trabalhador** (identifique pelo campo ""Convênio"" = ""E-Consig PJ"" em `CDC > 15 > 13`): exigir contracheque da competência anterior ao débito (ex.: débito no mês 09 → contracheque do mês 08) e o documento ""Detalhe da guia emitida"" (com a instituição que recebeu o valor) + comprovante de pagamento da guia, fornecidos pela empresa.\n\n### CDC Salário, CDC Benefício e CDC Renovação\nDébito no dia do crédito do salário/benefício, mesmo que divergente do vencimento contratual (cobrança antecipada gera desconto proporcional). Renovação com convênio: débito na data de crédito de proventos; sem convênio: na data de vencimento.\n\n1. Verifique no extrato o recebimento de salário no dia do débito.\n2. Compare a data de débito (`CDC 15 > 13 > F2 > 4`) com a cadastrada em `CDC 24 > 14` e `SISPAG 11 > 13 > 36 > Consulta on line`.\n3. Se ambos ocorrerem após o vencimento do contrato, registre ocorrência.\n4. Preste as informações.\n\n### CDC Automático\nDébito em conta (corrente ou salário) na data de vencimento informada na autorização; há opção de boleto (gerado pelo cliente ou se a autorização foi cancelada).\n\n**Duplicidade:** 1. Verifique boleto pago + débito em conta (`CDC 13 > 61`, ""Forma Pagto"": Rcbto Autom e Boleto Banc); confira estorno (campo ""Dt. Canc."" preenchido = houve estorno). 2. Se confirmada duplicidade sem estorno, estorne em `CDC 13 > 91 > 11 > 6` (o sistema só estorna do mais recente para o mais antigo; se o pagamento em conta foi parcial e só for possível estornar o boleto mais recente, isso deixaria a operação em atraso — nesse caso, estorne primeiro o ""Boleto Bancário"" e depois o ""Recebimento Automático"", só se não houver débitos pendentes). Peça ao supervisor para receber o valor correto em `CDC 13.23`; confirme a data de recebimento retroativo em `CDC 13.61`.\n> Para recebimento por débito em conta em operações contratadas a partir de 01/03/21, é necessária autorização específica do cliente.\n\n### CDC 13º Salário\nDébito em parcela única. **Com convênio:** na data de cobrança (recebimento do 13º, informado pelo empregador) OU no vencimento (30 dias após o crédito do 13º), o que ocorrer primeiro — exceto convênios com 13º vinculado ao aniversário do cliente. **Sem convênio:** na data escolhida na contratação.\n\n- Convênio consta em `SISALFA > CDC 15.13`.\n- **Com convênio:** data de cobrança em `CDC 22 > 10 > 5d` (código de linha 3100; nº convênio em `CDC 15 > 13`); vencimento em `CDC 15 > 13 > F2 > 4`. 1. Informe que o débito ocorre na data de cobrança; se o 13º não for creditado, tenta-se o débito na data de cobrança ou vencimento (o que ocorrer primeiro). 2. Verifique como ocorreu em `CDC 15 > 13 > F2 > 4`. 3. Preste as informações.\n  > **Obs.:** se a data de cobrança mudar por solicitação do empregador, o vencimento pode ser antecipado. *Ex. 1:* cobrança cadastrada 30/06/26 → vencimento 30/07/26; se a cobrança mudar para 30/08/26, cobra-se em 30/07/26 (o que ocorrer primeiro). *Ex. 2:* se o 13º do convênio está vinculado ao mês de aniversário, cobrança e vencimento caem no mês de aniversário do cliente.\n- **Sem convênio:** débito no vencimento (`CDC 15 > 13 > F2 > 4`).\n\n### CDC Antecipação IRPF\nDébito (a) na data prevista do crédito da restituição, ou (b) no vencimento contratual, se o crédito não ocorrer antes.\n1. Informe a regra acima. 2. Consulte `CDC 15 > 13 > F2 > 4`. 3. Preste as informações.\n\n### CDC Antecipação Saque Aniversário FGTS\nLiquidação automática via repasse do FGTS; débito em conta só se o repasse for insuficiente.\n1. Consulte `CDC 15 > 13 > F2 > 4`. 2. Preste as informações.\n\n### Orientações complementares\na) Reclamação de saldo aprovisionado em fim de semana/feriado: explique que, pelas cláusulas gerais do contrato de conta, a liberação de débitos nesses períodos depende do saldo após deduzir débitos programados para o 1º dia útil seguinte.\nb) **Boleto:** algumas linhas permitem gerar boleto (rotina 50107); se houver duplicidade (conta + boleto), estorne como em ""CDC Automático"". Não aplicar esse procedimento a CDC Consignação/Renovação Consignação/FGTS Saque Aniversário se a forma de pagamento foi ""Cta Convênio"" — para forma de pagamento via `SISALFA` ou ""Boleto Bancário"", o estorno é permitido.\nc) Mais informações: ver rotinas auxiliares (item 9).\nd) Se não for possível identificar o motivo, ou o cliente permanecer insatisfeito, registre ocorrência.\n\n---\n\n## 3. Simulação/Contratação de Empréstimos\n\nCDC é um empréstimo pessoal automatizado, pré-aprovado, disponível em conta corrente. Solicitação exclusiva do titular.\n> Se o cliente quiser alterar o vencimento da prestação: após a confirmação do contrato isso não é possível. Alternativa: contratar CDC Renovação (se a linha permitir e houver limite), indicando o vencimento mais adequado.\n\n**Procedimento:** verifique se a Análise de Crédito (ANC) está vigente em `Plataforma de Relacionamento (Operações Contratadas) — aba Limite de Crédito`, campo ""Situação do limite"".\n\n| Status do limite | Procedimento |\n|---|---|\n| Vencida, Impedida, Cancelada, Suspensa, Em transferência, Em estudo, Indeferida, ou Vigente com Limite Total–Margem zerado | Informe que não há limite disponível; o cliente deve ir a qualquer agência com identificação (RG/CPF), comprovante de residência e de renda (emitidos há menos de 90 dias, mesmo que pela internet). Consulte a rotina 50105 para possibilidade de restabelecimento. |\n| Vigente (algum valor em Limite Total–Margem) | Não informe o valor ao cliente. Dentro do horário de atendimento (9h–18h), pergunte se autoriza transferência para a Central de Consultoria em Uso Responsável do Crédito (rotina 50106). Se não autorizar, ou fora do horário, informe as opções: Central de Consultoria; App Alfa > Empréstimo; site > Empréstimo; caixa eletrônico (TAA) > Empréstimo. |\n\n---\n\n## 4. Cancelamento de CDC\n\nCancelamento permitido em até 7 dias corridos (a partir do dia seguinte à liberação do crédito), se contratado por canal de autoatendimento (App, site, caixas eletrônicos ou telefone), pelo titular, autenticado (URA, Token ou Identificação Positiva).\n\n> **Atenção:** o cancelamento da linha 2881 – Crédito Renovação Consignação está restrito ao departamento **DOC – Diretoria de Operações de Crédito** (código 800020) para os convênios: Convênio Especial 01 (700001), 02 (700002), 03 (700003), 04 (700004), 05 (700005), 06 (700006), 07 (700007), 08 (700008), 09 (700009), 10 (700010), 11 (700011), 12 (700012), 13 (700013), 14 (700014), 15 (700015) e 16 (700016). É necessário haver margem suficiente para reaverbação das operações vinculadas à renovação cancelada.\n> O cancelamento da mesma linha para o Convênio Especial 17 (700017) está restrito à **Superintendência Regional III** (código 800030). Ver rotina 50108.\n\nAntes do procedimento, informe o número da operação e que, após o cancelamento, o comando não pode ser desfeito.\n\n### 4.1. Cancelamento de proposta CDC NÃO CONFIRMADA\n`SISRET Y09` — copie o nº da operação (documento, 9 dígitos). `CDC 11.13` → inclua o nº a cancelar. Em ""Exclusão de operação – Confirma?"", responda ""S"". Motivo: ""08 – Exclusão a pedido do cliente – Desistência"". Verifique a mensagem ""Cancelamento da Proposta efetuado em XX/XX/XX às XX:XX:XX por FXXXXX""; se diferente, registre ocorrência.\n> Atenção a operações via Correspondente – LOG 633 ""Operação Novo Fluxo Correspondente/Parceiro Comercial"" (`CDC 15.18.F2.8`). Se pendente de confirmação, registre ocorrência (motivo obrigatório; não oriente o cliente a excluir por autoatendimento).\n\n### 4.2. Cancelamento no MESMO DIA ou DIA ÚTIL SEGUINTE (contratação em dia não útil)\nPermitido para contratações presenciais e não presenciais, todos os canais. Uso do Limite Especial da Conta gera juros e IOF. Cancele em `CDC 14`; se falhar, registre ocorrência.\n\n### 4.3. Cancelamento em até 7 DIAS CORRIDOS (a partir do dia seguinte ao crédito)\n**Via TAA/internet/App/telefone (Duplo Sim):** consulte `CDC 15.18.F2.8` (log) — canal no log 201: *Duplo Sim* → campo ""Ocor"" LOG 201 e 493; *Correspondente* → registre ocorrência. (Contestação: ver item 7.2.)\n**Presencial na agência:** só cancela no mesmo dia (ver item 4.2)! A partir do dia seguinte, só liquidação. Se o cliente relatar falhas, registre ocorrência.\n\nVerifique saldo para o débito (ou ""troco"" nas Renovações — `CDC 15.18.F2.5 Contratos Vinculados` mostrará o `SISCLI`; informe o valor), considerando Limite Especial ou resgates automáticos. Oriente manter saldo (débito à noite); uso do Limite Especial gera juros/IOF. Se discordar, só liquidação/amortização/pagamento. Cancele em `CDC 14`; se falhar, registre ocorrência.\n> No cancelamento de CDC Antecipação Saque Aniversário FGTS, o desbloqueio da garantia é automático. Log ""1120 – Operação Contratada com Parcela Pix"" = produto Alfa Parcela Pix (mesmo procedimento de Duplo Sim).\n\n### 4.4. Cancelamento de REPACTUAÇÃO\n`CDC 15.13`, selecione a operação. Se constar ""Op"" pendente de confirmação, pode excluir; se confirmada, só liquida/paga total.\n> *Convênio Especial 17:* tem repactuação de CDCs consignados com suspensão de cobrança (rotina 50109).\n\n### 4.5. Cancelamento do produto de pagamento parcelado de contas\nVer item 10 da rotina 50110.\n\n### 4.6. Pedido após 7 dias, ou contratação presencial (pedido fora do mesmo dia)\nSó é possível a liquidação.\n> Obs. 1: presencial só cancela no mesmo dia (item 4.2). Obs. 2: exclusivamente para CDC Renovação, se a liquidação antecipada não puder ser feita, registre ocorrência para avaliar cancelamento (informar que o IOF será cobrado em conta). CDC Renovação sem ""troco"" é cancelável se a contratação não foi presencial e o pedido ocorreu em até 7 dias.\n\nCancele em `CDC > 14`. Em caso de erro, registre ocorrência.\n\n---\n\n## 5. Liquidação / Amortização\n\nSolicitação exclusiva do titular.\n\n### 5.1. Amortização/Liquidação ANTECIPADA ou operação EM ATRASO\n**Demanda:** quitação parcial/total antes do vencimento e/ou parcelas em atraso.\n> Pagamento via boleto: emitido em agência, pago no mesmo dia (saldo atualiza diariamente); se não pago no mesmo dia, o mesmo boleto ainda serve, pois o saldo é recalculado.\n\nSe não autenticado (URA/Token/IP), informe os canais. Cancelamento da amortização/liquidação só no mesmo dia, e só com margem disponível (item 5.3). Somente com recursos próprios; há redução proporcional de juros.\n\n**Tipos** (parcelas em atraso sempre em ordem crescente): **Crescente** (da próxima parcela em diante); **Decrescente** (da última parcela para trás); **Linear** (amortiza o saldo total sem alterar o cronograma; recalcula as parcelas a vencer).\n> Linear NÃO permitido para CDC Consignado, nem para operações fora do status ""Normal"", com pagamento parcial, em cobrança, ou com ""Pula-Parcela"". ""Em cobrança"" não aceita nenhuma amortização.\n\n| Necessidade do cliente | Tipo de amortização |\n|---|---|\n| Parar de pagar as próximas prestações por um período | Liquidação antecipada de parcelas integrais, ordem crescente |\n| Amortizar e continuar pagando as próximas prestações | Liquidação antecipada de parcelas integrais, ordem decrescente |\n| Reduzir o valor das prestações em toda a operação | Amortização linear |\n| Liquidar a operação | Quitação total, sempre em ordem crescente |\n\n> No CDC Consignado, pode haver desconto da próxima prestação em folha. Para Consignação/Renovação Consignação, prefira ordem decrescente (evita duplicidade em folha); se o cliente pedir crescente, informe o risco (o valor retorna no vencimento da parcela, se ocorrer).\n\n**Procedimento:** 1. Simule em `CDC 13.11.12`, informe o saldo atual (item 1b). 2. Verifique saldo suficiente (`Plataforma de Relacionamento > Contas > Extrato`), considerando saldo aprovisionado, tarifas pendentes, resgates automáticos e Limite Especial (a critério do cliente, com encargos). 3. Se insuficiente, oriente novo contato; se suficiente, execute em `CDC 13 > 21 > 12` (tipo: parcial/liquidação/linear; quantidade/valor; ordem).\n> Se o sistema indicar ausência de autorização de débito, siga a rotina 50104.\n\n**Leitura obrigatória ao cliente antes da confirmação** (""Sr(a). ___, para sua segurança, faremos a leitura das condições:""):\n- **Parcial/liquidação:** agência/conta; valor base da parcela; encargos por atraso; desconto de antecipação; variação Selic; valor a amortizar; total de parcelas; ordem escolhida.\n- **Linear:** valor base; desconto aproximado; variação Selic; valor da parcela inicial; novo valor da parcela; quantidade de parcelas.\n\nApós a leitura: ""Podemos confirmar a liquidação/amortização?"" (F3, sem impressão). Supervisor confirma em `CDC 13.21.52`. Informar necessidade de saldo em conta. Comprovante: ""o débito ocorre ainda hoje; confirme pelo extrato. Para comprovante detalhado, solicite em qualquer agência o documento \'Demonstrativo de Origem e Evolução de Dívida – Crédito Direto ao Consumidor\'.""\n\n### 5.2. Amortização/liquidação de operações ""EM PERDAS""\nIdentificação: `SISALFA > CDC > 15.13`. **Não informar ao cliente que a operação está em prejuízo.**\na) **Débito em conta:** verifique saldo suficiente (mesmas ressalvas do item 5.1); se insuficiente, oriente novo contato. Liquidação: comando em `CDC 13-34` + confirmação do supervisor em `CDC 13-36`. Amortização parcial: comando em `CDC 13-35` + confirmação do gerente de grupo em `CDC 13-36`.\nb) **Boleto bancário:** registre ocorrência.\n\n### 5.3. Cancelamento da amortização ou liquidação antecipada\nSe só houve o comando do atendente (`CDC 13.21.12`) no mesmo dia: cancele em `CDC 13.91.51`. Se já confirmado pelo supervisor (`CDC 13.21.52`): faça o estorno (item 5.5).\n> O registro do atendente fica pendente de confirmação apenas no mesmo dia; se não confirmado, é excluído automaticamente no dia seguinte.\n\n### 5.4. Liquidação – Desaverbação/Liberação de Margem Consignável\nSe o cliente relatar que liquidou/cancelou mas não houve liberação de margem, ou a parcela segue sendo debitada, registre ocorrência.\n\n### 5.5. Estorno de pagamento antecipado\n**Demanda:** pagamento antes do vencimento, ou débito indevido em conta (ex.: pela agência).\n> Não aplicar a Consignação/Renovação Consignação/FGTS Saque Aniversário se a forma de pagamento foi ""Cta Convênio""; para `SISALFA` ou ""Boleto Bancário"", o estorno é permitido (ver item 2).\n\n1. Analise o motivo (não é permitido estornar e deixar em atraso). 2. Verifique vencimento (`CDC 15.13.F2.4`) e pagamento de salário (`SISPAG 11 > 13 > 36 > Consulta on line`). 3. Se não venceu e não houve crédito de salário, estorno possível (pagamento dentro de 30 dias, operação não atualizada). 4. Estorne em `CDC 13.91.11`. 5. Informe crédito no processamento noturno.\n> Se impossível estornar, ou outra duplicidade não sanável, registre ocorrência.\n\n---\n\n## 6. Dificuldade para contratação\n\n| Situação | Procedimento |\n|---|---|\n| **Renda desatualizada** | Verifique a última atualização; se >12 meses, oriente atualizar via App ou canal de autoatendimento (online; às vezes exige foto do documento, validação em até 3 dias úteis). Após validação, o limite é recalculado automaticamente. |\n| **Contrato do CDC não assinado** | Pergunte se aderiu às Cláusulas Gerais (assinatura da Proposta/Contrato de Adesão). Se sim, prossiga a análise. Se não, informe os canais de adesão: App/site (Empréstimo > Solicitação de Crédito > Assinatura de contrato CDC); caixa eletrônico; agência. |\n| **Acordo de dívida vigente** | Contratação impossibilitada durante a vigência do acordo; após encerrado, pode verificar novamente. |\n| **Não correntista** | Exceto CDC Consignado e Crédito 13º Salário INSS (exigem ANC vigente), as demais linhas exigem conta corrente com ANC vigente. |\n| **Modalidade de conta simplificada (sem linhas de crédito)** | Não permite contratar linhas de crédito; se houver interesse, o cliente faz upgrade da conta pelo app (Menu > Upgrade de Conta), sujeito a análise de crédito na agência. |\n\n---\n\n## 7. Contratação não reconhecida\n\n### 7.1. Falsidade ideológica e fraude\nFraude com uso de documentos falsos para contratar produtos; a vítima costuma descobrir só quando seu CPF/CNPJ sofre restrição por inadimplência. Ver rotina 50111.\n- Falsidade em operação de não correntista: oriente comparecimento a qualquer agência com identificação e boletim de ocorrência.\n- Fraude – demais situações: ver rotina 50112.\n\n### 7.2. Contestação de operações via Correspondente (falha, suspeita de fraude/golpe)\nIndícios de falha ou fraude/golpe (presencial ou Duplo Sim): registre ocorrência e responsabilize a unidade de correspondentes/antifraude (código 800010):\n- **Assunto 50113** — contratação não reconhecida; divergente do solicitado; insatisfação com o contrato/descumprimento; falta de clareza.\n- **Assunto 50114** — suspeita de fraude/golpe: abordagem por suposta empresa vinculada ao banco, internalização por correspondente e transferência de recursos a terceiros pelo cliente.\n- **Assunto 50115** — contestação/suspeita de fraude em operação via Correspondente ainda pendente de confirmação.\n\n> No módulo de SAC e Ouvidoria (assuntos 50113/50114), é obrigatório selecionar o produto/modalidade — só aparecem operações contratadas via Correspondente; caso contrário, o registro não é possível. Ao selecionar a operação, os dados de identificação do correspondente, do CDC e da chave de operação são preenchidos automaticamente (não editáveis).\n\n---\n\n## 8. Limite Especial da Conta\n\n### 8.1. Cancelamento do Limite Especial da Conta\na) Pode ser solicitado a qualquer tempo por qualquer titular.\nb) Ao ser solicitado, sonde o motivo e, se cabível, argumente: sem tarifa; limite disponível para emergências sem custo se não usado; cancelar não garante nova contratação futura; é possível reduzir para R$ 100,00 em vez de cancelar. O cliente não pode estar usando o limite no momento (se estiver, oriente cobrir o saldo). Se aceitar reduzir, siga para 8.2. *(Em Ouvidoria, cancelar direto, sem sondagem.)*\nc) Se decidir manter, encerre em FCR.\nd) Se insistir no cancelamento, verifique viabilidade:\n\n**Procedimento (cliente autenticado por URA/Token/IP):**\n> Não cancelar se o cliente estiver usando o limite; se houver juros/IOF a cobrar, é necessário saldo. Falha de autenticação: registre ocorrência.\n- **Atendente:** confira saldo suficiente (extrato) para limite + juros + IOF (desconsiderar valores provisionados); se insuficiente, peça depósito equivalente e informe que o cancelamento pode ser pedido no SAC/agência após o depósito; encerre em FCR. Cancele na plataforma (`Contas > Limite Especial da Conta PF > Implantação, Alteração, Renovação e Cancelamento > Cancelar > Registrar`) e peça deferimento ao supervisor.\n  > Se aparecer ""(27) Já existe comando de implantação para esta conta."", registre ocorrência. Se aparecer ""já existe solicitação pendente de deferimento"", peça o deferimento ao supervisor; se não localizar ou houver erro, abra ocorrência.\n- **Supervisor:** confirme dados (nome, produto, valor); defira (`Deferimentos e Pendências > Limite Especial da Conta Pessoa > Cancelamento > Deferimento`); confirme para o atendente prosseguir.\n- **Atendente:** informe o cancelamento e a disponibilidade da agência para recontratação futura; encerre e registre FCR. *(Se o supervisor não conseguir deferir, registre ocorrência.)*\n\n### 8.2. Redução do Limite Especial da Conta\na) Se o pedido for por causa da tarifa, esclareça que ela não é cobrada; se insistir, siga abaixo.\nb) Identifique PF e titular da conta.\nc) Cliente autenticado:\n- **Atendente:** verifique saldo suficiente para que a redução não deixe o saldo excedido; se preciso, peça depósito e informe que a redução pode ser pedida via app, WhatsApp, SAC ou agência após o depósito. Modalidade ""Ouro"" (limite ≥ R$ 1.000,00) reduzida para entre R$ 100,00 e R$ 950,00 muda para ""Classic"" (diferenças na rotina 50116). Se o cliente concordar, altere modalidade/limite na plataforma e peça deferimento ao supervisor.\n- **Supervisor:** confirme dados; defira (`Deferimentos e Pendências > Limite Especial da Conta Pessoa Física > Alteração > Deferimento`); confirme para o atendente prosseguir.\n- **Atendente:** informe a redução realizada; para elevar no futuro, indicar app/agência. Encerre e registre FCR. *(Se o supervisor não conseguir deferir, registre ocorrência.)*\n\n### 8.3. Alterar data de débito dos juros\nFalha de autenticação: informe os canais. Acesse `Plataforma > Contas > Limite Especial da Conta PF > Alterar > Tipo de Alteração – ""Dia do débito""` e escolha um dia entre 1 e 28. A alteração só vale a partir do mês seguinte à solicitação.\n\n---\n\n## 9. Rotinas auxiliares (índice de empréstimos)\n\n| Código (anonimizado) | Assunto |\n|---|---|\n| 50107 | CDC – Condições Gerais / Contrato |\n| 50108 | Crédito Consignação e Renovação – Correntista e não correntista |\n| 50118 | Crédito Consignação – INSS |\n| 50119 | Crédito Automático |\n| 50120 | Crédito Benefício |\n| 50121 | Crédito Salário e Salário Funci |\n| 50122 | Crédito Renovação e Renovação Funci |\n| 50123 | Crédito 13º Décimo Terceiro Salário |\n| 50124 | Crédito 13º Décimo Terceiro Salário – Não Correntistas |\n| 50125 | CDC Antecipação Restituição IRPF |\n| 50126 | CDC Antecipação Saque Aniversário FGTS |\n| 50117 | Crédito Parcelamento Cheque Especial (Limite Especial da Conta) |\n| 50104 | Autorização de Débito – Empréstimos, CDC e outros (Resolução CMN 4.790/2020) |\n| 50127 | Crédito do Trabalhador – Novo modelo de Crédito Consignado do Setor Privado |\n| 50128 | Crédito do Trabalhador – Atendimento ao Empregador |\n\n---\n\n## 10. Fonte de informação\n\nDepartamento responsável: **DOC – Diretoria de Operações de Crédito** (código 800020).\n']","Registrar ocorrência e responsabilizar correspondentes/antifraude (800010): assunto 50113 para não reconhecida/divergente, 50114 para suspeita de fraude/golpe com transferência a terceiros, 50115 para pendente de confirmação. Produto/modalidade obrigatório no registro.",ROLE_RESTRICTION,95.3164,,0.9,0.7838338686210161,1.0,0.9999999999
"Quero cancelar meu Limite Especial. Pode?
[Dados coletados via clarificação: canal_tentado=agência; tipo_cliente=correntista]","Sim, o cancelamento do Limite Especial da conta pode ser solicitado a qualquer tempo por qualquer titular.

Para realizar o procedimento, observe as seguintes diretrizes:

*   **Condição de uso:** O cliente não pode estar utilizando o limite no momento da solicitação. Caso esteja, é necessário cobrir o saldo devedor antes de prosseguir.
*   **Verificação de saldo:** O atendente deve conferir se há saldo suficiente na conta para cobrir o limite, juros e IOF (desconsiderando valores provisionados). Se o saldo for insuficiente, será solicitado um depósito para que o cancelamento possa ser processado.
*   **Procedimento:** O cancelamento é realizado na plataforma (`Contas > Limite Especial da Conta PF > Implantação, Alteração, Renovação e Cancelamento > Cancelar > Registrar`) e requer o deferimento por parte de um supervisor.
*   **Sondagem:** Antes de efetivar o cancelamento, o atendente deve sondar o motivo da solicitação. É possível argumentar que o limite não possui tarifa, serve para emergências e que o cancelamento não garante uma nova contratação futura. Também existe a opção de reduzir o limite para R$ 100,00 em vez de cancelá-lo totalmente.

Caso o supervisor não consiga deferir a solicitação ou ocorra algum erro no sistema, deve ser registrada uma ocorrência.

### Referências

- [1] POP – Atendimento de Operações de CDC (Crédito Direto ao Consumidor) – Pessoa Física","['# POP – Atendimento de Operações de CDC (Crédito Direto ao Consumidor) – Pessoa Física\n### [Versão anonimizada/pseudonimizada para uso acadêmico]\n\n> **Nota metodológica de anonimização:** este documento é uma versão pseudonimizada de uma rotina real de atendimento (SAC) de operações de crédito pessoa física. Foram substituídos: (i) o nome da instituição financeira e de seus canais/site/e-mail; (ii) os nomes de sistemas internos claramente proprietários; (iii) nomes e códigos de convênios de consignação com órgãos públicos; (iv) códigos de prefixo/departamento interno; e (v) números de rotinas/assuntos auxiliares referenciados ao longo do texto — todos substituídos por identificadores fictícios e sequenciais. A lógica processual, as condições, exceções e o fluxo de decisão originais foram mantidos integralmente, o que preserva o valor do documento como exemplo de POP para fins de extração de árvore de decisão. Termos e siglas genéricas do setor bancário (CDC, SAC, Ouvidoria, TAA, URA, FCR, ANC, Token, Identificação Positiva) e referências a normas públicas (Resolução CMN 4.790/2020, INSS) foram mantidos, por não serem exclusivos de uma única instituição.\n\n**Sumário:** Observações iniciais · 1. Consulta geral CDC · 2. Débito da parcela CDC · 3. Simulação/Contratação · 4. Cancelamento de CDC · 5. Liquidação/Amortização · 6. Dificuldade para contratação · 7. Contratação não reconhecida · 8. Limite Especial da Conta · 9. Rotinas auxiliares · 10. Fonte de informação\n\n---\n\n## Observações iniciais\n\na) Esta rotina destina-se ao atendimento das operações de crédito PF listadas no item 2. Para os casos abaixo, consulte rotinas específicas:\n- **FIES:** rotina 50101 – SAC QC – Financiamento Estudantil (FIES)\n- **Financiamento imobiliário:** rotina 50102 – SAC QC – Financiamento Imobiliário\n- **Renegociação de dívidas:** rotina 50103 – SAC QC – Renegociação de Dívidas Pessoa Física e Jurídica\n\nb) **Autorização de Débito em Conta:** a partir de 01/03/2021, para que uma operação seja debitada em conta, é necessária autorização específica do cliente para o débito. Ver informações e procedimentos na rotina 50104.\n\nc) **Canais para contratação de CDC:** [link para os canais de contratação]\n\n---\n\n## 1. Consulta geral CDC\n\nPara verificar as informações da operação, identifique se o consumidor é PF e titular da operação. Em caso de FALHA, RECUSA ou INAPLICABILIDADE de Identificação Positiva (IP), registre ocorrência.\n\n| Demanda | Consulta |\n|---|---|\n| a) Informações gerais do CDC | `SISALFA > CDC > 15 > 18` — em ""Código do Cliente"" pressione F4, inclua o CPF e selecione a operação. Clique em F2 > Outros dados > 4. Cronograma. Principais informações: modalidade do CDC, data de vencimento, parcelas pagas e data de pagamento (mais detalhes no item 2), parcelas a vencer, parcelas em atraso, taxas de juros ou CET. |\n| b) Saldo atualizado total | `SISALFA > CDC > 15 > 18` — mesmo caminho acima; após selecionar a operação, verifique o campo ""Saldo devedor atual"". Esse é o saldo do dia, com atualização diária. |\n| c) Parcelas, valores pagos, juros, datas de pagamento | `SISALFA > CDC > 15 > 18` → Agência/Conta → selecione a operação → F2 → 4. Cronograma → selecione a parcela (""P"" indica pagamento parcial) → F9 (detalhe) → F12/F11 (pagamentos e parcelas). O ""total recebimento parcial"" é o valor recebido naquela parcela. |\n| d) Consultar CDC liquidado, renovado ou excluído | `SISALFA > CDC > 15 > 18`, em ""Código do Cliente"" pressione F4 e insira o CPF — NÃO selecione nenhuma operação e pressione F11. F12 para operações arquivadas. |\n| e) Consulta de cláusulas gerais ou documentos do CDC contratado | Cláusulas gerais consultáveis em: **App Alfa** (Menu > Empréstimos > Contratar empréstimo > Aderir ao contrato); **site institucional**, inclusive para não correntista (Página inicial > Pra você > Empréstimo > Empréstimo pessoal > Contrato de abertura de crédito rotativo); **site institucional (área logada)** (Menu > Empréstimos > Crédito consignado e pessoal > Aderir Contrato de Empréstimo). Documentos do CDC contratado: Extrato de Empréstimo (parcelas pagas/a pagar) — App, site, caixas eletrônicos ou agências; Consolidado Anual (valores por exercício) — site ou agências; 2ª via do comprovante (com taxas) — App ou agências. |\n\n---\n\n## 2. Débito da parcela CDC (data ou valor divergente, duplicidade)\n\nPara identificar o débito questionado, consulte o extrato em `Plataforma de Relacionamento (Operações Contratadas) > Contas > Consultas > Extrato Conta Corrente`. O número da operação consta no campo ""Documento"" (9 dígitos).\n\nSituações possíveis: débito antes/depois do vencimento contratual; valor divergente; duplicidade (folha + conta); débito em conta errada.\n\n**Consulta:** `CDC 15.13` (F4 – CPF) → selecione a operação → F2.4 (cronograma) → selecione a parcela com ""x"" → F9 (detalhar) → F12 (mais informações) → F3 (voltar) e copie o nº da operação → `CDC 13.61` (cole o nº como ""nº contrato"") para ver como ocorreu o pagamento.\n\nSiga então a orientação por modalidade:\n\n### CDC Consignação ou CDC Renovação Consignação\nDébito ocorre na folha de pagamento. a) Se não consignada (ou parcial), o débito ocorrerá total/parcial em conta. b) Se liquidado/renovado mas houve consignação, o estorno é automático em conta em até D+2 dias úteis, exceto para os convênios de código 900001 (INSS — devolução a partir do 5º dia útil) e código 900002 (MPDG — devolução até o 1º dia útil).\n\n1. Consulte a parcela: `CDC 15 > 13 > F2 > 4` (datas); `CDC 15 > 13 > F8 > F9` (mês/ano da folha). *Consig total* = debitada integralmente em folha; *Consig parcial* = debitada parcialmente (verifique o restante em conta); *Não consignada* = sem débito em folha; *Incluída* = ainda não vencida; *Enviada* = empregador não retornou (sem repasse, o débito ocorre em conta).\n2. Confirme a consignação em `SISCONSIG 22 > 01 > 01` (Convênio, Data Prevista, nº Operação — dados em `CDC 15.13`); selecione ""x"" e F9: ""Tipo Lançamento"" *Amortização* = consignado; *Devolução* = não consignado, devolvido à conta.\n3. Preste as informações.\n4. Se o cliente disser que a parcela foi consignada em folha mas também há débito agendado em conta: verifique o extrato (agendado ou debitado); se debitado, verifique devolução; se a data for hoje/próximo dia útil, oriente aguardar o processamento noturno (tende a ser excluído) e encerre em FCR. Se confirmada duplicidade sem estorno, ou se o sistema não mostra consignação mas o cliente afirma o desconto, registre ocorrência e oriente o envio de cópia do contracheque para `sacdocumentos@bancoalfa.com.br`.\n\n> **Crédito do Trabalhador** (identifique pelo campo ""Convênio"" = ""E-Consig PJ"" em `CDC > 15 > 13`): exigir contracheque da competência anterior ao débito (ex.: débito no mês 09 → contracheque do mês 08) e o documento ""Detalhe da guia emitida"" (com a instituição que recebeu o valor) + comprovante de pagamento da guia, fornecidos pela empresa.\n\n### CDC Salário, CDC Benefício e CDC Renovação\nDébito no dia do crédito do salário/benefício, mesmo que divergente do vencimento contratual (cobrança antecipada gera desconto proporcional). Renovação com convênio: débito na data de crédito de proventos; sem convênio: na data de vencimento.\n\n1. Verifique no extrato o recebimento de salário no dia do débito.\n2. Compare a data de débito (`CDC 15 > 13 > F2 > 4`) com a cadastrada em `CDC 24 > 14` e `SISPAG 11 > 13 > 36 > Consulta on line`.\n3. Se ambos ocorrerem após o vencimento do contrato, registre ocorrência.\n4. Preste as informações.\n\n### CDC Automático\nDébito em conta (corrente ou salário) na data de vencimento informada na autorização; há opção de boleto (gerado pelo cliente ou se a autorização foi cancelada).\n\n**Duplicidade:** 1. Verifique boleto pago + débito em conta (`CDC 13 > 61`, ""Forma Pagto"": Rcbto Autom e Boleto Banc); confira estorno (campo ""Dt. Canc."" preenchido = houve estorno). 2. Se confirmada duplicidade sem estorno, estorne em `CDC 13 > 91 > 11 > 6` (o sistema só estorna do mais recente para o mais antigo; se o pagamento em conta foi parcial e só for possível estornar o boleto mais recente, isso deixaria a operação em atraso — nesse caso, estorne primeiro o ""Boleto Bancário"" e depois o ""Recebimento Automático"", só se não houver débitos pendentes). Peça ao supervisor para receber o valor correto em `CDC 13.23`; confirme a data de recebimento retroativo em `CDC 13.61`.\n> Para recebimento por débito em conta em operações contratadas a partir de 01/03/21, é necessária autorização específica do cliente.\n\n### CDC 13º Salário\nDébito em parcela única. **Com convênio:** na data de cobrança (recebimento do 13º, informado pelo empregador) OU no vencimento (30 dias após o crédito do 13º), o que ocorrer primeiro — exceto convênios com 13º vinculado ao aniversário do cliente. **Sem convênio:** na data escolhida na contratação.\n\n- Convênio consta em `SISALFA > CDC 15.13`.\n- **Com convênio:** data de cobrança em `CDC 22 > 10 > 5d` (código de linha 3100; nº convênio em `CDC 15 > 13`); vencimento em `CDC 15 > 13 > F2 > 4`. 1. Informe que o débito ocorre na data de cobrança; se o 13º não for creditado, tenta-se o débito na data de cobrança ou vencimento (o que ocorrer primeiro). 2. Verifique como ocorreu em `CDC 15 > 13 > F2 > 4`. 3. Preste as informações.\n  > **Obs.:** se a data de cobrança mudar por solicitação do empregador, o vencimento pode ser antecipado. *Ex. 1:* cobrança cadastrada 30/06/26 → vencimento 30/07/26; se a cobrança mudar para 30/08/26, cobra-se em 30/07/26 (o que ocorrer primeiro). *Ex. 2:* se o 13º do convênio está vinculado ao mês de aniversário, cobrança e vencimento caem no mês de aniversário do cliente.\n- **Sem convênio:** débito no vencimento (`CDC 15 > 13 > F2 > 4`).\n\n### CDC Antecipação IRPF\nDébito (a) na data prevista do crédito da restituição, ou (b) no vencimento contratual, se o crédito não ocorrer antes.\n1. Informe a regra acima. 2. Consulte `CDC 15 > 13 > F2 > 4`. 3. Preste as informações.\n\n### CDC Antecipação Saque Aniversário FGTS\nLiquidação automática via repasse do FGTS; débito em conta só se o repasse for insuficiente.\n1. Consulte `CDC 15 > 13 > F2 > 4`. 2. Preste as informações.\n\n### Orientações complementares\na) Reclamação de saldo aprovisionado em fim de semana/feriado: explique que, pelas cláusulas gerais do contrato de conta, a liberação de débitos nesses períodos depende do saldo após deduzir débitos programados para o 1º dia útil seguinte.\nb) **Boleto:** algumas linhas permitem gerar boleto (rotina 50107); se houver duplicidade (conta + boleto), estorne como em ""CDC Automático"". Não aplicar esse procedimento a CDC Consignação/Renovação Consignação/FGTS Saque Aniversário se a forma de pagamento foi ""Cta Convênio"" — para forma de pagamento via `SISALFA` ou ""Boleto Bancário"", o estorno é permitido.\nc) Mais informações: ver rotinas auxiliares (item 9).\nd) Se não for possível identificar o motivo, ou o cliente permanecer insatisfeito, registre ocorrência.\n\n---\n\n## 3. Simulação/Contratação de Empréstimos\n\nCDC é um empréstimo pessoal automatizado, pré-aprovado, disponível em conta corrente. Solicitação exclusiva do titular.\n> Se o cliente quiser alterar o vencimento da prestação: após a confirmação do contrato isso não é possível. Alternativa: contratar CDC Renovação (se a linha permitir e houver limite), indicando o vencimento mais adequado.\n\n**Procedimento:** verifique se a Análise de Crédito (ANC) está vigente em `Plataforma de Relacionamento (Operações Contratadas) — aba Limite de Crédito`, campo ""Situação do limite"".\n\n| Status do limite | Procedimento |\n|---|---|\n| Vencida, Impedida, Cancelada, Suspensa, Em transferência, Em estudo, Indeferida, ou Vigente com Limite Total–Margem zerado | Informe que não há limite disponível; o cliente deve ir a qualquer agência com identificação (RG/CPF), comprovante de residência e de renda (emitidos há menos de 90 dias, mesmo que pela internet). Consulte a rotina 50105 para possibilidade de restabelecimento. |\n| Vigente (algum valor em Limite Total–Margem) | Não informe o valor ao cliente. Dentro do horário de atendimento (9h–18h), pergunte se autoriza transferência para a Central de Consultoria em Uso Responsável do Crédito (rotina 50106). Se não autorizar, ou fora do horário, informe as opções: Central de Consultoria; App Alfa > Empréstimo; site > Empréstimo; caixa eletrônico (TAA) > Empréstimo. |\n\n---\n\n## 4. Cancelamento de CDC\n\nCancelamento permitido em até 7 dias corridos (a partir do dia seguinte à liberação do crédito), se contratado por canal de autoatendimento (App, site, caixas eletrônicos ou telefone), pelo titular, autenticado (URA, Token ou Identificação Positiva).\n\n> **Atenção:** o cancelamento da linha 2881 – Crédito Renovação Consignação está restrito ao departamento **DOC – Diretoria de Operações de Crédito** (código 800020) para os convênios: Convênio Especial 01 (700001), 02 (700002), 03 (700003), 04 (700004), 05 (700005), 06 (700006), 07 (700007), 08 (700008), 09 (700009), 10 (700010), 11 (700011), 12 (700012), 13 (700013), 14 (700014), 15 (700015) e 16 (700016). É necessário haver margem suficiente para reaverbação das operações vinculadas à renovação cancelada.\n> O cancelamento da mesma linha para o Convênio Especial 17 (700017) está restrito à **Superintendência Regional III** (código 800030). Ver rotina 50108.\n\nAntes do procedimento, informe o número da operação e que, após o cancelamento, o comando não pode ser desfeito.\n\n### 4.1. Cancelamento de proposta CDC NÃO CONFIRMADA\n`SISRET Y09` — copie o nº da operação (documento, 9 dígitos). `CDC 11.13` → inclua o nº a cancelar. Em ""Exclusão de operação – Confirma?"", responda ""S"". Motivo: ""08 – Exclusão a pedido do cliente – Desistência"". Verifique a mensagem ""Cancelamento da Proposta efetuado em XX/XX/XX às XX:XX:XX por FXXXXX""; se diferente, registre ocorrência.\n> Atenção a operações via Correspondente – LOG 633 ""Operação Novo Fluxo Correspondente/Parceiro Comercial"" (`CDC 15.18.F2.8`). Se pendente de confirmação, registre ocorrência (motivo obrigatório; não oriente o cliente a excluir por autoatendimento).\n\n### 4.2. Cancelamento no MESMO DIA ou DIA ÚTIL SEGUINTE (contratação em dia não útil)\nPermitido para contratações presenciais e não presenciais, todos os canais. Uso do Limite Especial da Conta gera juros e IOF. Cancele em `CDC 14`; se falhar, registre ocorrência.\n\n### 4.3. Cancelamento em até 7 DIAS CORRIDOS (a partir do dia seguinte ao crédito)\n**Via TAA/internet/App/telefone (Duplo Sim):** consulte `CDC 15.18.F2.8` (log) — canal no log 201: *Duplo Sim* → campo ""Ocor"" LOG 201 e 493; *Correspondente* → registre ocorrência. (Contestação: ver item 7.2.)\n**Presencial na agência:** só cancela no mesmo dia (ver item 4.2)! A partir do dia seguinte, só liquidação. Se o cliente relatar falhas, registre ocorrência.\n\nVerifique saldo para o débito (ou ""troco"" nas Renovações — `CDC 15.18.F2.5 Contratos Vinculados` mostrará o `SISCLI`; informe o valor), considerando Limite Especial ou resgates automáticos. Oriente manter saldo (débito à noite); uso do Limite Especial gera juros/IOF. Se discordar, só liquidação/amortização/pagamento. Cancele em `CDC 14`; se falhar, registre ocorrência.\n> No cancelamento de CDC Antecipação Saque Aniversário FGTS, o desbloqueio da garantia é automático. Log ""1120 – Operação Contratada com Parcela Pix"" = produto Alfa Parcela Pix (mesmo procedimento de Duplo Sim).\n\n### 4.4. Cancelamento de REPACTUAÇÃO\n`CDC 15.13`, selecione a operação. Se constar ""Op"" pendente de confirmação, pode excluir; se confirmada, só liquida/paga total.\n> *Convênio Especial 17:* tem repactuação de CDCs consignados com suspensão de cobrança (rotina 50109).\n\n### 4.5. Cancelamento do produto de pagamento parcelado de contas\nVer item 10 da rotina 50110.\n\n### 4.6. Pedido após 7 dias, ou contratação presencial (pedido fora do mesmo dia)\nSó é possível a liquidação.\n> Obs. 1: presencial só cancela no mesmo dia (item 4.2). Obs. 2: exclusivamente para CDC Renovação, se a liquidação antecipada não puder ser feita, registre ocorrência para avaliar cancelamento (informar que o IOF será cobrado em conta). CDC Renovação sem ""troco"" é cancelável se a contratação não foi presencial e o pedido ocorreu em até 7 dias.\n\nCancele em `CDC > 14`. Em caso de erro, registre ocorrência.\n\n---\n\n## 5. Liquidação / Amortização\n\nSolicitação exclusiva do titular.\n\n### 5.1. Amortização/Liquidação ANTECIPADA ou operação EM ATRASO\n**Demanda:** quitação parcial/total antes do vencimento e/ou parcelas em atraso.\n> Pagamento via boleto: emitido em agência, pago no mesmo dia (saldo atualiza diariamente); se não pago no mesmo dia, o mesmo boleto ainda serve, pois o saldo é recalculado.\n\nSe não autenticado (URA/Token/IP), informe os canais. Cancelamento da amortização/liquidação só no mesmo dia, e só com margem disponível (item 5.3). Somente com recursos próprios; há redução proporcional de juros.\n\n**Tipos** (parcelas em atraso sempre em ordem crescente): **Crescente** (da próxima parcela em diante); **Decrescente** (da última parcela para trás); **Linear** (amortiza o saldo total sem alterar o cronograma; recalcula as parcelas a vencer).\n> Linear NÃO permitido para CDC Consignado, nem para operações fora do status ""Normal"", com pagamento parcial, em cobrança, ou com ""Pula-Parcela"". ""Em cobrança"" não aceita nenhuma amortização.\n\n| Necessidade do cliente | Tipo de amortização |\n|---|---|\n| Parar de pagar as próximas prestações por um período | Liquidação antecipada de parcelas integrais, ordem crescente |\n| Amortizar e continuar pagando as próximas prestações | Liquidação antecipada de parcelas integrais, ordem decrescente |\n| Reduzir o valor das prestações em toda a operação | Amortização linear |\n| Liquidar a operação | Quitação total, sempre em ordem crescente |\n\n> No CDC Consignado, pode haver desconto da próxima prestação em folha. Para Consignação/Renovação Consignação, prefira ordem decrescente (evita duplicidade em folha); se o cliente pedir crescente, informe o risco (o valor retorna no vencimento da parcela, se ocorrer).\n\n**Procedimento:** 1. Simule em `CDC 13.11.12`, informe o saldo atual (item 1b). 2. Verifique saldo suficiente (`Plataforma de Relacionamento > Contas > Extrato`), considerando saldo aprovisionado, tarifas pendentes, resgates automáticos e Limite Especial (a critério do cliente, com encargos). 3. Se insuficiente, oriente novo contato; se suficiente, execute em `CDC 13 > 21 > 12` (tipo: parcial/liquidação/linear; quantidade/valor; ordem).\n> Se o sistema indicar ausência de autorização de débito, siga a rotina 50104.\n\n**Leitura obrigatória ao cliente antes da confirmação** (""Sr(a). ___, para sua segurança, faremos a leitura das condições:""):\n- **Parcial/liquidação:** agência/conta; valor base da parcela; encargos por atraso; desconto de antecipação; variação Selic; valor a amortizar; total de parcelas; ordem escolhida.\n- **Linear:** valor base; desconto aproximado; variação Selic; valor da parcela inicial; novo valor da parcela; quantidade de parcelas.\n\nApós a leitura: ""Podemos confirmar a liquidação/amortização?"" (F3, sem impressão). Supervisor confirma em `CDC 13.21.52`. Informar necessidade de saldo em conta. Comprovante: ""o débito ocorre ainda hoje; confirme pelo extrato. Para comprovante detalhado, solicite em qualquer agência o documento \'Demonstrativo de Origem e Evolução de Dívida – Crédito Direto ao Consumidor\'.""\n\n### 5.2. Amortização/liquidação de operações ""EM PERDAS""\nIdentificação: `SISALFA > CDC > 15.13`. **Não informar ao cliente que a operação está em prejuízo.**\na) **Débito em conta:** verifique saldo suficiente (mesmas ressalvas do item 5.1); se insuficiente, oriente novo contato. Liquidação: comando em `CDC 13-34` + confirmação do supervisor em `CDC 13-36`. Amortização parcial: comando em `CDC 13-35` + confirmação do gerente de grupo em `CDC 13-36`.\nb) **Boleto bancário:** registre ocorrência.\n\n### 5.3. Cancelamento da amortização ou liquidação antecipada\nSe só houve o comando do atendente (`CDC 13.21.12`) no mesmo dia: cancele em `CDC 13.91.51`. Se já confirmado pelo supervisor (`CDC 13.21.52`): faça o estorno (item 5.5).\n> O registro do atendente fica pendente de confirmação apenas no mesmo dia; se não confirmado, é excluído automaticamente no dia seguinte.\n\n### 5.4. Liquidação – Desaverbação/Liberação de Margem Consignável\nSe o cliente relatar que liquidou/cancelou mas não houve liberação de margem, ou a parcela segue sendo debitada, registre ocorrência.\n\n### 5.5. Estorno de pagamento antecipado\n**Demanda:** pagamento antes do vencimento, ou débito indevido em conta (ex.: pela agência).\n> Não aplicar a Consignação/Renovação Consignação/FGTS Saque Aniversário se a forma de pagamento foi ""Cta Convênio""; para `SISALFA` ou ""Boleto Bancário"", o estorno é permitido (ver item 2).\n\n1. Analise o motivo (não é permitido estornar e deixar em atraso). 2. Verifique vencimento (`CDC 15.13.F2.4`) e pagamento de salário (`SISPAG 11 > 13 > 36 > Consulta on line`). 3. Se não venceu e não houve crédito de salário, estorno possível (pagamento dentro de 30 dias, operação não atualizada). 4. Estorne em `CDC 13.91.11`. 5. Informe crédito no processamento noturno.\n> Se impossível estornar, ou outra duplicidade não sanável, registre ocorrência.\n\n---\n\n## 6. Dificuldade para contratação\n\n| Situação | Procedimento |\n|---|---|\n| **Renda desatualizada** | Verifique a última atualização; se >12 meses, oriente atualizar via App ou canal de autoatendimento (online; às vezes exige foto do documento, validação em até 3 dias úteis). Após validação, o limite é recalculado automaticamente. |\n| **Contrato do CDC não assinado** | Pergunte se aderiu às Cláusulas Gerais (assinatura da Proposta/Contrato de Adesão). Se sim, prossiga a análise. Se não, informe os canais de adesão: App/site (Empréstimo > Solicitação de Crédito > Assinatura de contrato CDC); caixa eletrônico; agência. |\n| **Acordo de dívida vigente** | Contratação impossibilitada durante a vigência do acordo; após encerrado, pode verificar novamente. |\n| **Não correntista** | Exceto CDC Consignado e Crédito 13º Salário INSS (exigem ANC vigente), as demais linhas exigem conta corrente com ANC vigente. |\n| **Modalidade de conta simplificada (sem linhas de crédito)** | Não permite contratar linhas de crédito; se houver interesse, o cliente faz upgrade da conta pelo app (Menu > Upgrade de Conta), sujeito a análise de crédito na agência. |\n\n---\n\n## 7. Contratação não reconhecida\n\n### 7.1. Falsidade ideológica e fraude\nFraude com uso de documentos falsos para contratar produtos; a vítima costuma descobrir só quando seu CPF/CNPJ sofre restrição por inadimplência. Ver rotina 50111.\n- Falsidade em operação de não correntista: oriente comparecimento a qualquer agência com identificação e boletim de ocorrência.\n- Fraude – demais situações: ver rotina 50112.\n\n### 7.2. Contestação de operações via Correspondente (falha, suspeita de fraude/golpe)\nIndícios de falha ou fraude/golpe (presencial ou Duplo Sim): registre ocorrência e responsabilize a unidade de correspondentes/antifraude (código 800010):\n- **Assunto 50113** — contratação não reconhecida; divergente do solicitado; insatisfação com o contrato/descumprimento; falta de clareza.\n- **Assunto 50114** — suspeita de fraude/golpe: abordagem por suposta empresa vinculada ao banco, internalização por correspondente e transferência de recursos a terceiros pelo cliente.\n- **Assunto 50115** — contestação/suspeita de fraude em operação via Correspondente ainda pendente de confirmação.\n\n> No módulo de SAC e Ouvidoria (assuntos 50113/50114), é obrigatório selecionar o produto/modalidade — só aparecem operações contratadas via Correspondente; caso contrário, o registro não é possível. Ao selecionar a operação, os dados de identificação do correspondente, do CDC e da chave de operação são preenchidos automaticamente (não editáveis).\n\n---\n\n## 8. Limite Especial da Conta\n\n### 8.1. Cancelamento do Limite Especial da Conta\na) Pode ser solicitado a qualquer tempo por qualquer titular.\nb) Ao ser solicitado, sonde o motivo e, se cabível, argumente: sem tarifa; limite disponível para emergências sem custo se não usado; cancelar não garante nova contratação futura; é possível reduzir para R$ 100,00 em vez de cancelar. O cliente não pode estar usando o limite no momento (se estiver, oriente cobrir o saldo). Se aceitar reduzir, siga para 8.2. *(Em Ouvidoria, cancelar direto, sem sondagem.)*\nc) Se decidir manter, encerre em FCR.\nd) Se insistir no cancelamento, verifique viabilidade:\n\n**Procedimento (cliente autenticado por URA/Token/IP):**\n> Não cancelar se o cliente estiver usando o limite; se houver juros/IOF a cobrar, é necessário saldo. Falha de autenticação: registre ocorrência.\n- **Atendente:** confira saldo suficiente (extrato) para limite + juros + IOF (desconsiderar valores provisionados); se insuficiente, peça depósito equivalente e informe que o cancelamento pode ser pedido no SAC/agência após o depósito; encerre em FCR. Cancele na plataforma (`Contas > Limite Especial da Conta PF > Implantação, Alteração, Renovação e Cancelamento > Cancelar > Registrar`) e peça deferimento ao supervisor.\n  > Se aparecer ""(27) Já existe comando de implantação para esta conta."", registre ocorrência. Se aparecer ""já existe solicitação pendente de deferimento"", peça o deferimento ao supervisor; se não localizar ou houver erro, abra ocorrência.\n- **Supervisor:** confirme dados (nome, produto, valor); defira (`Deferimentos e Pendências > Limite Especial da Conta Pessoa > Cancelamento > Deferimento`); confirme para o atendente prosseguir.\n- **Atendente:** informe o cancelamento e a disponibilidade da agência para recontratação futura; encerre e registre FCR. *(Se o supervisor não conseguir deferir, registre ocorrência.)*\n\n### 8.2. Redução do Limite Especial da Conta\na) Se o pedido for por causa da tarifa, esclareça que ela não é cobrada; se insistir, siga abaixo.\nb) Identifique PF e titular da conta.\nc) Cliente autenticado:\n- **Atendente:** verifique saldo suficiente para que a redução não deixe o saldo excedido; se preciso, peça depósito e informe que a redução pode ser pedida via app, WhatsApp, SAC ou agência após o depósito. Modalidade ""Ouro"" (limite ≥ R$ 1.000,00) reduzida para entre R$ 100,00 e R$ 950,00 muda para ""Classic"" (diferenças na rotina 50116). Se o cliente concordar, altere modalidade/limite na plataforma e peça deferimento ao supervisor.\n- **Supervisor:** confirme dados; defira (`Deferimentos e Pendências > Limite Especial da Conta Pessoa Física > Alteração > Deferimento`); confirme para o atendente prosseguir.\n- **Atendente:** informe a redução realizada; para elevar no futuro, indicar app/agência. Encerre e registre FCR. *(Se o supervisor não conseguir deferir, registre ocorrência.)*\n\n### 8.3. Alterar data de débito dos juros\nFalha de autenticação: informe os canais. Acesse `Plataforma > Contas > Limite Especial da Conta PF > Alterar > Tipo de Alteração – ""Dia do débito""` e escolha um dia entre 1 e 28. A alteração só vale a partir do mês seguinte à solicitação.\n\n---\n\n## 9. Rotinas auxiliares (índice de empréstimos)\n\n| Código (anonimizado) | Assunto |\n|---|---|\n| 50107 | CDC – Condições Gerais / Contrato |\n| 50108 | Crédito Consignação e Renovação – Correntista e não correntista |\n| 50118 | Crédito Consignação – INSS |\n| 50119 | Crédito Automático |\n| 50120 | Crédito Benefício |\n| 50121 | Crédito Salário e Salário Funci |\n| 50122 | Crédito Renovação e Renovação Funci |\n| 50123 | Crédito 13º Décimo Terceiro Salário |\n| 50124 | Crédito 13º Décimo Terceiro Salário – Não Correntistas |\n| 50125 | CDC Antecipação Restituição IRPF |\n| 50126 | CDC Antecipação Saque Aniversário FGTS |\n| 50117 | Crédito Parcelamento Cheque Especial (Limite Especial da Conta) |\n| 50104 | Autorização de Débito – Empréstimos, CDC e outros (Resolução CMN 4.790/2020) |\n| 50127 | Crédito do Trabalhador – Novo modelo de Crédito Consignado do Setor Privado |\n| 50128 | Crédito do Trabalhador – Atendimento ao Empregador |\n\n---\n\n## 10. Fonte de informação\n\nDepartamento responsável: **DOC – Diretoria de Operações de Crédito** (código 800020).\n']","Não com o limite em uso: orientar cobrir o saldo primeiro (sondar motivo, oferecer redução a R$ 100, sem tarifa). Com saldo e autenticação, cancelar na plataforma com deferimento do supervisor; em Ouvidoria, cancela direto sem sondagem.",CONDITIONAL_WORKFLOW,0.8218,,1.0,0.8650175717197444,1.0,0.9999999999
"Quando descontam meu CDC 13º salário?
[Dados coletados via clarificação: canal_tentado=app; tipo_cliente=correntista]","Para informações sobre o crédito de 13º salário, o banco disponibiliza rotinas auxiliares específicas que detalham as condições dessa modalidade:

*   **Crédito 13º Décimo Terceiro Salário:** Rotina de código 50123.
*   **Crédito 13º Décimo Terceiro Salário – Não Correntistas:** Rotina de código 50124.

Como você é correntista, a consulta deve ser direcionada para a rotina 50123. Para verificar os detalhes específicos da sua operação, como datas de vencimento e cronograma de pagamentos, você pode utilizar os canais de atendimento ou consultar o sistema conforme as orientações gerais de CDC:

1.  **Consulta via sistema:** Acesse `SISALFA > CDC > 15 > 18`, insira o CPF e selecione a operação desejada. Ao clicar em `F2 > Outros dados > 4. Cronograma`, você terá acesso às informações sobre parcelas, datas de vencimento e valores.
2.  **Canais digitais:** Você também pode verificar o extrato de empréstimo e as parcelas a pagar através do **App Alfa** ou pelo site institucional na área logada.

Caso identifique qualquer divergência na data ou no valor do débito, recomenda-se consultar o extrato da conta corrente na `Plataforma de Relacionamento (Operações Contratadas) > Contas > Consultas > Extrato Conta Corrente`, onde o número da operação estará disponível para conferência.

### References

- [1] Knowledge Graph Data
- [2] Document Chunks (POP – Atendimento de Operações de CDC)","['# POP – Atendimento de Operações de CDC (Crédito Direto ao Consumidor) – Pessoa Física\n### [Versão anonimizada/pseudonimizada para uso acadêmico]\n\n> **Nota metodológica de anonimização:** este documento é uma versão pseudonimizada de uma rotina real de atendimento (SAC) de operações de crédito pessoa física. Foram substituídos: (i) o nome da instituição financeira e de seus canais/site/e-mail; (ii) os nomes de sistemas internos claramente proprietários; (iii) nomes e códigos de convênios de consignação com órgãos públicos; (iv) códigos de prefixo/departamento interno; e (v) números de rotinas/assuntos auxiliares referenciados ao longo do texto — todos substituídos por identificadores fictícios e sequenciais. A lógica processual, as condições, exceções e o fluxo de decisão originais foram mantidos integralmente, o que preserva o valor do documento como exemplo de POP para fins de extração de árvore de decisão. Termos e siglas genéricas do setor bancário (CDC, SAC, Ouvidoria, TAA, URA, FCR, ANC, Token, Identificação Positiva) e referências a normas públicas (Resolução CMN 4.790/2020, INSS) foram mantidos, por não serem exclusivos de uma única instituição.\n\n**Sumário:** Observações iniciais · 1. Consulta geral CDC · 2. Débito da parcela CDC · 3. Simulação/Contratação · 4. Cancelamento de CDC · 5. Liquidação/Amortização · 6. Dificuldade para contratação · 7. Contratação não reconhecida · 8. Limite Especial da Conta · 9. Rotinas auxiliares · 10. Fonte de informação\n\n---\n\n## Observações iniciais\n\na) Esta rotina destina-se ao atendimento das operações de crédito PF listadas no item 2. Para os casos abaixo, consulte rotinas específicas:\n- **FIES:** rotina 50101 – SAC QC – Financiamento Estudantil (FIES)\n- **Financiamento imobiliário:** rotina 50102 – SAC QC – Financiamento Imobiliário\n- **Renegociação de dívidas:** rotina 50103 – SAC QC – Renegociação de Dívidas Pessoa Física e Jurídica\n\nb) **Autorização de Débito em Conta:** a partir de 01/03/2021, para que uma operação seja debitada em conta, é necessária autorização específica do cliente para o débito. Ver informações e procedimentos na rotina 50104.\n\nc) **Canais para contratação de CDC:** [link para os canais de contratação]\n\n---\n\n## 1. Consulta geral CDC\n\nPara verificar as informações da operação, identifique se o consumidor é PF e titular da operação. Em caso de FALHA, RECUSA ou INAPLICABILIDADE de Identificação Positiva (IP), registre ocorrência.\n\n| Demanda | Consulta |\n|---|---|\n| a) Informações gerais do CDC | `SISALFA > CDC > 15 > 18` — em ""Código do Cliente"" pressione F4, inclua o CPF e selecione a operação. Clique em F2 > Outros dados > 4. Cronograma. Principais informações: modalidade do CDC, data de vencimento, parcelas pagas e data de pagamento (mais detalhes no item 2), parcelas a vencer, parcelas em atraso, taxas de juros ou CET. |\n| b) Saldo atualizado total | `SISALFA > CDC > 15 > 18` — mesmo caminho acima; após selecionar a operação, verifique o campo ""Saldo devedor atual"". Esse é o saldo do dia, com atualização diária. |\n| c) Parcelas, valores pagos, juros, datas de pagamento | `SISALFA > CDC > 15 > 18` → Agência/Conta → selecione a operação → F2 → 4. Cronograma → selecione a parcela (""P"" indica pagamento parcial) → F9 (detalhe) → F12/F11 (pagamentos e parcelas). O ""total recebimento parcial"" é o valor recebido naquela parcela. |\n| d) Consultar CDC liquidado, renovado ou excluído | `SISALFA > CDC > 15 > 18`, em ""Código do Cliente"" pressione F4 e insira o CPF — NÃO selecione nenhuma operação e pressione F11. F12 para operações arquivadas. |\n| e) Consulta de cláusulas gerais ou documentos do CDC contratado | Cláusulas gerais consultáveis em: **App Alfa** (Menu > Empréstimos > Contratar empréstimo > Aderir ao contrato); **site institucional**, inclusive para não correntista (Página inicial > Pra você > Empréstimo > Empréstimo pessoal > Contrato de abertura de crédito rotativo); **site institucional (área logada)** (Menu > Empréstimos > Crédito consignado e pessoal > Aderir Contrato de Empréstimo). Documentos do CDC contratado: Extrato de Empréstimo (parcelas pagas/a pagar) — App, site, caixas eletrônicos ou agências; Consolidado Anual (valores por exercício) — site ou agências; 2ª via do comprovante (com taxas) — App ou agências. |\n\n---\n\n## 2. Débito da parcela CDC (data ou valor divergente, duplicidade)\n\nPara identificar o débito questionado, consulte o extrato em `Plataforma de Relacionamento (Operações Contratadas) > Contas > Consultas > Extrato Conta Corrente`. O número da operação consta no campo ""Documento"" (9 dígitos).\n\nSituações possíveis: débito antes/depois do vencimento contratual; valor divergente; duplicidade (folha + conta); débito em conta errada.\n\n**Consulta:** `CDC 15.13` (F4 – CPF) → selecione a operação → F2.4 (cronograma) → selecione a parcela com ""x"" → F9 (detalhar) → F12 (mais informações) → F3 (voltar) e copie o nº da operação → `CDC 13.61` (cole o nº como ""nº contrato"") para ver como ocorreu o pagamento.\n\nSiga então a orientação por modalidade:\n\n### CDC Consignação ou CDC Renovação Consignação\nDébito ocorre na folha de pagamento. a) Se não consignada (ou parcial), o débito ocorrerá total/parcial em conta. b) Se liquidado/renovado mas houve consignação, o estorno é automático em conta em até D+2 dias úteis, exceto para os convênios de código 900001 (INSS — devolução a partir do 5º dia útil) e código 900002 (MPDG — devolução até o 1º dia útil).\n\n1. Consulte a parcela: `CDC 15 > 13 > F2 > 4` (datas); `CDC 15 > 13 > F8 > F9` (mês/ano da folha). *Consig total* = debitada integralmente em folha; *Consig parcial* = debitada parcialmente (verifique o restante em conta); *Não consignada* = sem débito em folha; *Incluída* = ainda não vencida; *Enviada* = empregador não retornou (sem repasse, o débito ocorre em conta).\n2. Confirme a consignação em `SISCONSIG 22 > 01 > 01` (Convênio, Data Prevista, nº Operação — dados em `CDC 15.13`); selecione ""x"" e F9: ""Tipo Lançamento"" *Amortização* = consignado; *Devolução* = não consignado, devolvido à conta.\n3. Preste as informações.\n4. Se o cliente disser que a parcela foi consignada em folha mas também há débito agendado em conta: verifique o extrato (agendado ou debitado); se debitado, verifique devolução; se a data for hoje/próximo dia útil, oriente aguardar o processamento noturno (tende a ser excluído) e encerre em FCR. Se confirmada duplicidade sem estorno, ou se o sistema não mostra consignação mas o cliente afirma o desconto, registre ocorrência e oriente o envio de cópia do contracheque para `sacdocumentos@bancoalfa.com.br`.\n\n> **Crédito do Trabalhador** (identifique pelo campo ""Convênio"" = ""E-Consig PJ"" em `CDC > 15 > 13`): exigir contracheque da competência anterior ao débito (ex.: débito no mês 09 → contracheque do mês 08) e o documento ""Detalhe da guia emitida"" (com a instituição que recebeu o valor) + comprovante de pagamento da guia, fornecidos pela empresa.\n\n### CDC Salário, CDC Benefício e CDC Renovação\nDébito no dia do crédito do salário/benefício, mesmo que divergente do vencimento contratual (cobrança antecipada gera desconto proporcional). Renovação com convênio: débito na data de crédito de proventos; sem convênio: na data de vencimento.\n\n1. Verifique no extrato o recebimento de salário no dia do débito.\n2. Compare a data de débito (`CDC 15 > 13 > F2 > 4`) com a cadastrada em `CDC 24 > 14` e `SISPAG 11 > 13 > 36 > Consulta on line`.\n3. Se ambos ocorrerem após o vencimento do contrato, registre ocorrência.\n4. Preste as informações.\n\n### CDC Automático\nDébito em conta (corrente ou salário) na data de vencimento informada na autorização; há opção de boleto (gerado pelo cliente ou se a autorização foi cancelada).\n\n**Duplicidade:** 1. Verifique boleto pago + débito em conta (`CDC 13 > 61`, ""Forma Pagto"": Rcbto Autom e Boleto Banc); confira estorno (campo ""Dt. Canc."" preenchido = houve estorno). 2. Se confirmada duplicidade sem estorno, estorne em `CDC 13 > 91 > 11 > 6` (o sistema só estorna do mais recente para o mais antigo; se o pagamento em conta foi parcial e só for possível estornar o boleto mais recente, isso deixaria a operação em atraso — nesse caso, estorne primeiro o ""Boleto Bancário"" e depois o ""Recebimento Automático"", só se não houver débitos pendentes). Peça ao supervisor para receber o valor correto em `CDC 13.23`; confirme a data de recebimento retroativo em `CDC 13.61`.\n> Para recebimento por débito em conta em operações contratadas a partir de 01/03/21, é necessária autorização específica do cliente.\n\n### CDC 13º Salário\nDébito em parcela única. **Com convênio:** na data de cobrança (recebimento do 13º, informado pelo empregador) OU no vencimento (30 dias após o crédito do 13º), o que ocorrer primeiro — exceto convênios com 13º vinculado ao aniversário do cliente. **Sem convênio:** na data escolhida na contratação.\n\n- Convênio consta em `SISALFA > CDC 15.13`.\n- **Com convênio:** data de cobrança em `CDC 22 > 10 > 5d` (código de linha 3100; nº convênio em `CDC 15 > 13`); vencimento em `CDC 15 > 13 > F2 > 4`. 1. Informe que o débito ocorre na data de cobrança; se o 13º não for creditado, tenta-se o débito na data de cobrança ou vencimento (o que ocorrer primeiro). 2. Verifique como ocorreu em `CDC 15 > 13 > F2 > 4`. 3. Preste as informações.\n  > **Obs.:** se a data de cobrança mudar por solicitação do empregador, o vencimento pode ser antecipado. *Ex. 1:* cobrança cadastrada 30/06/26 → vencimento 30/07/26; se a cobrança mudar para 30/08/26, cobra-se em 30/07/26 (o que ocorrer primeiro). *Ex. 2:* se o 13º do convênio está vinculado ao mês de aniversário, cobrança e vencimento caem no mês de aniversário do cliente.\n- **Sem convênio:** débito no vencimento (`CDC 15 > 13 > F2 > 4`).\n\n### CDC Antecipação IRPF\nDébito (a) na data prevista do crédito da restituição, ou (b) no vencimento contratual, se o crédito não ocorrer antes.\n1. Informe a regra acima. 2. Consulte `CDC 15 > 13 > F2 > 4`. 3. Preste as informações.\n\n### CDC Antecipação Saque Aniversário FGTS\nLiquidação automática via repasse do FGTS; débito em conta só se o repasse for insuficiente.\n1. Consulte `CDC 15 > 13 > F2 > 4`. 2. Preste as informações.\n\n### Orientações complementares\na) Reclamação de saldo aprovisionado em fim de semana/feriado: explique que, pelas cláusulas gerais do contrato de conta, a liberação de débitos nesses períodos depende do saldo após deduzir débitos programados para o 1º dia útil seguinte.\nb) **Boleto:** algumas linhas permitem gerar boleto (rotina 50107); se houver duplicidade (conta + boleto), estorne como em ""CDC Automático"". Não aplicar esse procedimento a CDC Consignação/Renovação Consignação/FGTS Saque Aniversário se a forma de pagamento foi ""Cta Convênio"" — para forma de pagamento via `SISALFA` ou ""Boleto Bancário"", o estorno é permitido.\nc) Mais informações: ver rotinas auxiliares (item 9).\nd) Se não for possível identificar o motivo, ou o cliente permanecer insatisfeito, registre ocorrência.\n\n---\n\n## 3. Simulação/Contratação de Empréstimos\n\nCDC é um empréstimo pessoal automatizado, pré-aprovado, disponível em conta corrente. Solicitação exclusiva do titular.\n> Se o cliente quiser alterar o vencimento da prestação: após a confirmação do contrato isso não é possível. Alternativa: contratar CDC Renovação (se a linha permitir e houver limite), indicando o vencimento mais adequado.\n\n**Procedimento:** verifique se a Análise de Crédito (ANC) está vigente em `Plataforma de Relacionamento (Operações Contratadas) — aba Limite de Crédito`, campo ""Situação do limite"".\n\n| Status do limite | Procedimento |\n|---|---|\n| Vencida, Impedida, Cancelada, Suspensa, Em transferência, Em estudo, Indeferida, ou Vigente com Limite Total–Margem zerado | Informe que não há limite disponível; o cliente deve ir a qualquer agência com identificação (RG/CPF), comprovante de residência e de renda (emitidos há menos de 90 dias, mesmo que pela internet). Consulte a rotina 50105 para possibilidade de restabelecimento. |\n| Vigente (algum valor em Limite Total–Margem) | Não informe o valor ao cliente. Dentro do horário de atendimento (9h–18h), pergunte se autoriza transferência para a Central de Consultoria em Uso Responsável do Crédito (rotina 50106). Se não autorizar, ou fora do horário, informe as opções: Central de Consultoria; App Alfa > Empréstimo; site > Empréstimo; caixa eletrônico (TAA) > Empréstimo. |\n\n---\n\n## 4. Cancelamento de CDC\n\nCancelamento permitido em até 7 dias corridos (a partir do dia seguinte à liberação do crédito), se contratado por canal de autoatendimento (App, site, caixas eletrônicos ou telefone), pelo titular, autenticado (URA, Token ou Identificação Positiva).\n\n> **Atenção:** o cancelamento da linha 2881 – Crédito Renovação Consignação está restrito ao departamento **DOC – Diretoria de Operações de Crédito** (código 800020) para os convênios: Convênio Especial 01 (700001), 02 (700002), 03 (700003), 04 (700004), 05 (700005), 06 (700006), 07 (700007), 08 (700008), 09 (700009), 10 (700010), 11 (700011), 12 (700012), 13 (700013), 14 (700014), 15 (700015) e 16 (700016). É necessário haver margem suficiente para reaverbação das operações vinculadas à renovação cancelada.\n> O cancelamento da mesma linha para o Convênio Especial 17 (700017) está restrito à **Superintendência Regional III** (código 800030). Ver rotina 50108.\n\nAntes do procedimento, informe o número da operação e que, após o cancelamento, o comando não pode ser desfeito.\n\n### 4.1. Cancelamento de proposta CDC NÃO CONFIRMADA\n`SISRET Y09` — copie o nº da operação (documento, 9 dígitos). `CDC 11.13` → inclua o nº a cancelar. Em ""Exclusão de operação – Confirma?"", responda ""S"". Motivo: ""08 – Exclusão a pedido do cliente – Desistência"". Verifique a mensagem ""Cancelamento da Proposta efetuado em XX/XX/XX às XX:XX:XX por FXXXXX""; se diferente, registre ocorrência.\n> Atenção a operações via Correspondente – LOG 633 ""Operação Novo Fluxo Correspondente/Parceiro Comercial"" (`CDC 15.18.F2.8`). Se pendente de confirmação, registre ocorrência (motivo obrigatório; não oriente o cliente a excluir por autoatendimento).\n\n### 4.2. Cancelamento no MESMO DIA ou DIA ÚTIL SEGUINTE (contratação em dia não útil)\nPermitido para contratações presenciais e não presenciais, todos os canais. Uso do Limite Especial da Conta gera juros e IOF. Cancele em `CDC 14`; se falhar, registre ocorrência.\n\n### 4.3. Cancelamento em até 7 DIAS CORRIDOS (a partir do dia seguinte ao crédito)\n**Via TAA/internet/App/telefone (Duplo Sim):** consulte `CDC 15.18.F2.8` (log) — canal no log 201: *Duplo Sim* → campo ""Ocor"" LOG 201 e 493; *Correspondente* → registre ocorrência. (Contestação: ver item 7.2.)\n**Presencial na agência:** só cancela no mesmo dia (ver item 4.2)! A partir do dia seguinte, só liquidação. Se o cliente relatar falhas, registre ocorrência.\n\nVerifique saldo para o débito (ou ""troco"" nas Renovações — `CDC 15.18.F2.5 Contratos Vinculados` mostrará o `SISCLI`; informe o valor), considerando Limite Especial ou resgates automáticos. Oriente manter saldo (débito à noite); uso do Limite Especial gera juros/IOF. Se discordar, só liquidação/amortização/pagamento. Cancele em `CDC 14`; se falhar, registre ocorrência.\n> No cancelamento de CDC Antecipação Saque Aniversário FGTS, o desbloqueio da garantia é automático. Log ""1120 – Operação Contratada com Parcela Pix"" = produto Alfa Parcela Pix (mesmo procedimento de Duplo Sim).\n\n### 4.4. Cancelamento de REPACTUAÇÃO\n`CDC 15.13`, selecione a operação. Se constar ""Op"" pendente de confirmação, pode excluir; se confirmada, só liquida/paga total.\n> *Convênio Especial 17:* tem repactuação de CDCs consignados com suspensão de cobrança (rotina 50109).\n\n### 4.5. Cancelamento do produto de pagamento parcelado de contas\nVer item 10 da rotina 50110.\n\n### 4.6. Pedido após 7 dias, ou contratação presencial (pedido fora do mesmo dia)\nSó é possível a liquidação.\n> Obs. 1: presencial só cancela no mesmo dia (item 4.2). Obs. 2: exclusivamente para CDC Renovação, se a liquidação antecipada não puder ser feita, registre ocorrência para avaliar cancelamento (informar que o IOF será cobrado em conta). CDC Renovação sem ""troco"" é cancelável se a contratação não foi presencial e o pedido ocorreu em até 7 dias.\n\nCancele em `CDC > 14`. Em caso de erro, registre ocorrência.\n\n---\n\n## 5. Liquidação / Amortização\n\nSolicitação exclusiva do titular.\n\n### 5.1. Amortização/Liquidação ANTECIPADA ou operação EM ATRASO\n**Demanda:** quitação parcial/total antes do vencimento e/ou parcelas em atraso.\n> Pagamento via boleto: emitido em agência, pago no mesmo dia (saldo atualiza diariamente); se não pago no mesmo dia, o mesmo boleto ainda serve, pois o saldo é recalculado.\n\nSe não autenticado (URA/Token/IP), informe os canais. Cancelamento da amortização/liquidação só no mesmo dia, e só com margem disponível (item 5.3). Somente com recursos próprios; há redução proporcional de juros.\n\n**Tipos** (parcelas em atraso sempre em ordem crescente): **Crescente** (da próxima parcela em diante); **Decrescente** (da última parcela para trás); **Linear** (amortiza o saldo total sem alterar o cronograma; recalcula as parcelas a vencer).\n> Linear NÃO permitido para CDC Consignado, nem para operações fora do status ""Normal"", com pagamento parcial, em cobrança, ou com ""Pula-Parcela"". ""Em cobrança"" não aceita nenhuma amortização.\n\n| Necessidade do cliente | Tipo de amortização |\n|---|---|\n| Parar de pagar as próximas prestações por um período | Liquidação antecipada de parcelas integrais, ordem crescente |\n| Amortizar e continuar pagando as próximas prestações | Liquidação antecipada de parcelas integrais, ordem decrescente |\n| Reduzir o valor das prestações em toda a operação | Amortização linear |\n| Liquidar a operação | Quitação total, sempre em ordem crescente |\n\n> No CDC Consignado, pode haver desconto da próxima prestação em folha. Para Consignação/Renovação Consignação, prefira ordem decrescente (evita duplicidade em folha); se o cliente pedir crescente, informe o risco (o valor retorna no vencimento da parcela, se ocorrer).\n\n**Procedimento:** 1. Simule em `CDC 13.11.12`, informe o saldo atual (item 1b). 2. Verifique saldo suficiente (`Plataforma de Relacionamento > Contas > Extrato`), considerando saldo aprovisionado, tarifas pendentes, resgates automáticos e Limite Especial (a critério do cliente, com encargos). 3. Se insuficiente, oriente novo contato; se suficiente, execute em `CDC 13 > 21 > 12` (tipo: parcial/liquidação/linear; quantidade/valor; ordem).\n> Se o sistema indicar ausência de autorização de débito, siga a rotina 50104.\n\n**Leitura obrigatória ao cliente antes da confirmação** (""Sr(a). ___, para sua segurança, faremos a leitura das condições:""):\n- **Parcial/liquidação:** agência/conta; valor base da parcela; encargos por atraso; desconto de antecipação; variação Selic; valor a amortizar; total de parcelas; ordem escolhida.\n- **Linear:** valor base; desconto aproximado; variação Selic; valor da parcela inicial; novo valor da parcela; quantidade de parcelas.\n\nApós a leitura: ""Podemos confirmar a liquidação/amortização?"" (F3, sem impressão). Supervisor confirma em `CDC 13.21.52`. Informar necessidade de saldo em conta. Comprovante: ""o débito ocorre ainda hoje; confirme pelo extrato. Para comprovante detalhado, solicite em qualquer agência o documento \'Demonstrativo de Origem e Evolução de Dívida – Crédito Direto ao Consumidor\'.""\n\n### 5.2. Amortização/liquidação de operações ""EM PERDAS""\nIdentificação: `SISALFA > CDC > 15.13`. **Não informar ao cliente que a operação está em prejuízo.**\na) **Débito em conta:** verifique saldo suficiente (mesmas ressalvas do item 5.1); se insuficiente, oriente novo contato. Liquidação: comando em `CDC 13-34` + confirmação do supervisor em `CDC 13-36`. Amortização parcial: comando em `CDC 13-35` + confirmação do gerente de grupo em `CDC 13-36`.\nb) **Boleto bancário:** registre ocorrência.\n\n### 5.3. Cancelamento da amortização ou liquidação antecipada\nSe só houve o comando do atendente (`CDC 13.21.12`) no mesmo dia: cancele em `CDC 13.91.51`. Se já confirmado pelo supervisor (`CDC 13.21.52`): faça o estorno (item 5.5).\n> O registro do atendente fica pendente de confirmação apenas no mesmo dia; se não confirmado, é excluído automaticamente no dia seguinte.\n\n### 5.4. Liquidação – Desaverbação/Liberação de Margem Consignável\nSe o cliente relatar que liquidou/cancelou mas não houve liberação de margem, ou a parcela segue sendo debitada, registre ocorrência.\n\n### 5.5. Estorno de pagamento antecipado\n**Demanda:** pagamento antes do vencimento, ou débito indevido em conta (ex.: pela agência).\n> Não aplicar a Consignação/Renovação Consignação/FGTS Saque Aniversário se a forma de pagamento foi ""Cta Convênio""; para `SISALFA` ou ""Boleto Bancário"", o estorno é permitido (ver item 2).\n\n1. Analise o motivo (não é permitido estornar e deixar em atraso). 2. Verifique vencimento (`CDC 15.13.F2.4`) e pagamento de salário (`SISPAG 11 > 13 > 36 > Consulta on line`). 3. Se não venceu e não houve crédito de salário, estorno possível (pagamento dentro de 30 dias, operação não atualizada). 4. Estorne em `CDC 13.91.11`. 5. Informe crédito no processamento noturno.\n> Se impossível estornar, ou outra duplicidade não sanável, registre ocorrência.\n\n---\n\n## 6. Dificuldade para contratação\n\n| Situação | Procedimento |\n|---|---|\n| **Renda desatualizada** | Verifique a última atualização; se >12 meses, oriente atualizar via App ou canal de autoatendimento (online; às vezes exige foto do documento, validação em até 3 dias úteis). Após validação, o limite é recalculado automaticamente. |\n| **Contrato do CDC não assinado** | Pergunte se aderiu às Cláusulas Gerais (assinatura da Proposta/Contrato de Adesão). Se sim, prossiga a análise. Se não, informe os canais de adesão: App/site (Empréstimo > Solicitação de Crédito > Assinatura de contrato CDC); caixa eletrônico; agência. |\n| **Acordo de dívida vigente** | Contratação impossibilitada durante a vigência do acordo; após encerrado, pode verificar novamente. |\n| **Não correntista** | Exceto CDC Consignado e Crédito 13º Salário INSS (exigem ANC vigente), as demais linhas exigem conta corrente com ANC vigente. |\n| **Modalidade de conta simplificada (sem linhas de crédito)** | Não permite contratar linhas de crédito; se houver interesse, o cliente faz upgrade da conta pelo app (Menu > Upgrade de Conta), sujeito a análise de crédito na agência. |\n\n---\n\n## 7. Contratação não reconhecida\n\n### 7.1. Falsidade ideológica e fraude\nFraude com uso de documentos falsos para contratar produtos; a vítima costuma descobrir só quando seu CPF/CNPJ sofre restrição por inadimplência. Ver rotina 50111.\n- Falsidade em operação de não correntista: oriente comparecimento a qualquer agência com identificação e boletim de ocorrência.\n- Fraude – demais situações: ver rotina 50112.\n\n### 7.2. Contestação de operações via Correspondente (falha, suspeita de fraude/golpe)\nIndícios de falha ou fraude/golpe (presencial ou Duplo Sim): registre ocorrência e responsabilize a unidade de correspondentes/antifraude (código 800010):\n- **Assunto 50113** — contratação não reconhecida; divergente do solicitado; insatisfação com o contrato/descumprimento; falta de clareza.\n- **Assunto 50114** — suspeita de fraude/golpe: abordagem por suposta empresa vinculada ao banco, internalização por correspondente e transferência de recursos a terceiros pelo cliente.\n- **Assunto 50115** — contestação/suspeita de fraude em operação via Correspondente ainda pendente de confirmação.\n\n> No módulo de SAC e Ouvidoria (assuntos 50113/50114), é obrigatório selecionar o produto/modalidade — só aparecem operações contratadas via Correspondente; caso contrário, o registro não é possível. Ao selecionar a operação, os dados de identificação do correspondente, do CDC e da chave de operação são preenchidos automaticamente (não editáveis).\n\n---\n\n## 8. Limite Especial da Conta\n\n### 8.1. Cancelamento do Limite Especial da Conta\na) Pode ser solicitado a qualquer tempo por qualquer titular.\nb) Ao ser solicitado, sonde o motivo e, se cabível, argumente: sem tarifa; limite disponível para emergências sem custo se não usado; cancelar não garante nova contratação futura; é possível reduzir para R$ 100,00 em vez de cancelar. O cliente não pode estar usando o limite no momento (se estiver, oriente cobrir o saldo). Se aceitar reduzir, siga para 8.2. *(Em Ouvidoria, cancelar direto, sem sondagem.)*\nc) Se decidir manter, encerre em FCR.\nd) Se insistir no cancelamento, verifique viabilidade:\n\n**Procedimento (cliente autenticado por URA/Token/IP):**\n> Não cancelar se o cliente estiver usando o limite; se houver juros/IOF a cobrar, é necessário saldo. Falha de autenticação: registre ocorrência.\n- **Atendente:** confira saldo suficiente (extrato) para limite + juros + IOF (desconsiderar valores provisionados); se insuficiente, peça depósito equivalente e informe que o cancelamento pode ser pedido no SAC/agência após o depósito; encerre em FCR. Cancele na plataforma (`Contas > Limite Especial da Conta PF > Implantação, Alteração, Renovação e Cancelamento > Cancelar > Registrar`) e peça deferimento ao supervisor.\n  > Se aparecer ""(27) Já existe comando de implantação para esta conta."", registre ocorrência. Se aparecer ""já existe solicitação pendente de deferimento"", peça o deferimento ao supervisor; se não localizar ou houver erro, abra ocorrência.\n- **Supervisor:** confirme dados (nome, produto, valor); defira (`Deferimentos e Pendências > Limite Especial da Conta Pessoa > Cancelamento > Deferimento`); confirme para o atendente prosseguir.\n- **Atendente:** informe o cancelamento e a disponibilidade da agência para recontratação futura; encerre e registre FCR. *(Se o supervisor não conseguir deferir, registre ocorrência.)*\n\n### 8.2. Redução do Limite Especial da Conta\na) Se o pedido for por causa da tarifa, esclareça que ela não é cobrada; se insistir, siga abaixo.\nb) Identifique PF e titular da conta.\nc) Cliente autenticado:\n- **Atendente:** verifique saldo suficiente para que a redução não deixe o saldo excedido; se preciso, peça depósito e informe que a redução pode ser pedida via app, WhatsApp, SAC ou agência após o depósito. Modalidade ""Ouro"" (limite ≥ R$ 1.000,00) reduzida para entre R$ 100,00 e R$ 950,00 muda para ""Classic"" (diferenças na rotina 50116). Se o cliente concordar, altere modalidade/limite na plataforma e peça deferimento ao supervisor.\n- **Supervisor:** confirme dados; defira (`Deferimentos e Pendências > Limite Especial da Conta Pessoa Física > Alteração > Deferimento`); confirme para o atendente prosseguir.\n- **Atendente:** informe a redução realizada; para elevar no futuro, indicar app/agência. Encerre e registre FCR. *(Se o supervisor não conseguir deferir, registre ocorrência.)*\n\n### 8.3. Alterar data de débito dos juros\nFalha de autenticação: informe os canais. Acesse `Plataforma > Contas > Limite Especial da Conta PF > Alterar > Tipo de Alteração – ""Dia do débito""` e escolha um dia entre 1 e 28. A alteração só vale a partir do mês seguinte à solicitação.\n\n---\n\n## 9. Rotinas auxiliares (índice de empréstimos)\n\n| Código (anonimizado) | Assunto |\n|---|---|\n| 50107 | CDC – Condições Gerais / Contrato |\n| 50108 | Crédito Consignação e Renovação – Correntista e não correntista |\n| 50118 | Crédito Consignação – INSS |\n| 50119 | Crédito Automático |\n| 50120 | Crédito Benefício |\n| 50121 | Crédito Salário e Salário Funci |\n| 50122 | Crédito Renovação e Renovação Funci |\n| 50123 | Crédito 13º Décimo Terceiro Salário |\n| 50124 | Crédito 13º Décimo Terceiro Salário – Não Correntistas |\n| 50125 | CDC Antecipação Restituição IRPF |\n| 50126 | CDC Antecipação Saque Aniversário FGTS |\n| 50117 | Crédito Parcelamento Cheque Especial (Limite Especial da Conta) |\n| 50104 | Autorização de Débito – Empréstimos, CDC e outros (Resolução CMN 4.790/2020) |\n| 50127 | Crédito do Trabalhador – Novo modelo de Crédito Consignado do Setor Privado |\n| 50128 | Crédito do Trabalhador – Atendimento ao Empregador |\n\n---\n\n## 10. Fonte de informação\n\nDepartamento responsável: **DOC – Diretoria de Operações de Crédito** (código 800020).\n']","Com convênio, debita na data de cobrança ou no vencimento (30 dias após o crédito), o que ocorrer primeiro; se o 13º é vinculado ao aniversário, cobrança e vencimento caem no mês de aniversário. Sem convênio, debita no vencimento contratado.",REGULATORY_TIMELINE,0.8693,,0.8461538461538461,0.8171132664245712,1.0,0.9999999999
"Antecipei IR e FGTS, quando debitam?
[Dados coletados via clarificação: canal_tentado=app; tipo_cliente=correntista]","Para as operações de antecipação de crédito, o funcionamento do débito ocorre da seguinte forma:

*   **CDC Antecipação Restituição IRPF:** Esta modalidade é tratada pela rotina auxiliar de código 50125.
*   **CDC Antecipação Saque Aniversário FGTS:** A liquidação ocorre de forma automática via repasse do FGTS. O débito em conta corrente só é realizado caso o valor do repasse do FGTS seja insuficiente para a quitação. No caso de cancelamento desta modalidade, o desbloqueio da garantia é automático.

**Orientações gerais para consulta:**
Para verificar as datas específicas e o cronograma das suas operações, você pode consultar o sistema através do caminho: `CDC 15 > 13 > F2 > 4`. 

Caso identifique alguma divergência no débito (data ou valor), você deve consultar o extrato da sua conta corrente na *Plataforma de Relacionamento (Operações Contratadas)* para identificar o número da operação e verificar o histórico de pagamento.

### Referências

- [1] Documento: pop_cdc_pf.md (Seções: CDC Antecipação Saque Aniversário FGTS; 2. Débito da parcela CDC; 9. Rotinas auxiliares)","['# POP – Atendimento de Operações de CDC (Crédito Direto ao Consumidor) – Pessoa Física\n### [Versão anonimizada/pseudonimizada para uso acadêmico]\n\n> **Nota metodológica de anonimização:** este documento é uma versão pseudonimizada de uma rotina real de atendimento (SAC) de operações de crédito pessoa física. Foram substituídos: (i) o nome da instituição financeira e de seus canais/site/e-mail; (ii) os nomes de sistemas internos claramente proprietários; (iii) nomes e códigos de convênios de consignação com órgãos públicos; (iv) códigos de prefixo/departamento interno; e (v) números de rotinas/assuntos auxiliares referenciados ao longo do texto — todos substituídos por identificadores fictícios e sequenciais. A lógica processual, as condições, exceções e o fluxo de decisão originais foram mantidos integralmente, o que preserva o valor do documento como exemplo de POP para fins de extração de árvore de decisão. Termos e siglas genéricas do setor bancário (CDC, SAC, Ouvidoria, TAA, URA, FCR, ANC, Token, Identificação Positiva) e referências a normas públicas (Resolução CMN 4.790/2020, INSS) foram mantidos, por não serem exclusivos de uma única instituição.\n\n**Sumário:** Observações iniciais · 1. Consulta geral CDC · 2. Débito da parcela CDC · 3. Simulação/Contratação · 4. Cancelamento de CDC · 5. Liquidação/Amortização · 6. Dificuldade para contratação · 7. Contratação não reconhecida · 8. Limite Especial da Conta · 9. Rotinas auxiliares · 10. Fonte de informação\n\n---\n\n## Observações iniciais\n\na) Esta rotina destina-se ao atendimento das operações de crédito PF listadas no item 2. Para os casos abaixo, consulte rotinas específicas:\n- **FIES:** rotina 50101 – SAC QC – Financiamento Estudantil (FIES)\n- **Financiamento imobiliário:** rotina 50102 – SAC QC – Financiamento Imobiliário\n- **Renegociação de dívidas:** rotina 50103 – SAC QC – Renegociação de Dívidas Pessoa Física e Jurídica\n\nb) **Autorização de Débito em Conta:** a partir de 01/03/2021, para que uma operação seja debitada em conta, é necessária autorização específica do cliente para o débito. Ver informações e procedimentos na rotina 50104.\n\nc) **Canais para contratação de CDC:** [link para os canais de contratação]\n\n---\n\n## 1. Consulta geral CDC\n\nPara verificar as informações da operação, identifique se o consumidor é PF e titular da operação. Em caso de FALHA, RECUSA ou INAPLICABILIDADE de Identificação Positiva (IP), registre ocorrência.\n\n| Demanda | Consulta |\n|---|---|\n| a) Informações gerais do CDC | `SISALFA > CDC > 15 > 18` — em ""Código do Cliente"" pressione F4, inclua o CPF e selecione a operação. Clique em F2 > Outros dados > 4. Cronograma. Principais informações: modalidade do CDC, data de vencimento, parcelas pagas e data de pagamento (mais detalhes no item 2), parcelas a vencer, parcelas em atraso, taxas de juros ou CET. |\n| b) Saldo atualizado total | `SISALFA > CDC > 15 > 18` — mesmo caminho acima; após selecionar a operação, verifique o campo ""Saldo devedor atual"". Esse é o saldo do dia, com atualização diária. |\n| c) Parcelas, valores pagos, juros, datas de pagamento | `SISALFA > CDC > 15 > 18` → Agência/Conta → selecione a operação → F2 → 4. Cronograma → selecione a parcela (""P"" indica pagamento parcial) → F9 (detalhe) → F12/F11 (pagamentos e parcelas). O ""total recebimento parcial"" é o valor recebido naquela parcela. |\n| d) Consultar CDC liquidado, renovado ou excluído | `SISALFA > CDC > 15 > 18`, em ""Código do Cliente"" pressione F4 e insira o CPF — NÃO selecione nenhuma operação e pressione F11. F12 para operações arquivadas. |\n| e) Consulta de cláusulas gerais ou documentos do CDC contratado | Cláusulas gerais consultáveis em: **App Alfa** (Menu > Empréstimos > Contratar empréstimo > Aderir ao contrato); **site institucional**, inclusive para não correntista (Página inicial > Pra você > Empréstimo > Empréstimo pessoal > Contrato de abertura de crédito rotativo); **site institucional (área logada)** (Menu > Empréstimos > Crédito consignado e pessoal > Aderir Contrato de Empréstimo). Documentos do CDC contratado: Extrato de Empréstimo (parcelas pagas/a pagar) — App, site, caixas eletrônicos ou agências; Consolidado Anual (valores por exercício) — site ou agências; 2ª via do comprovante (com taxas) — App ou agências. |\n\n---\n\n## 2. Débito da parcela CDC (data ou valor divergente, duplicidade)\n\nPara identificar o débito questionado, consulte o extrato em `Plataforma de Relacionamento (Operações Contratadas) > Contas > Consultas > Extrato Conta Corrente`. O número da operação consta no campo ""Documento"" (9 dígitos).\n\nSituações possíveis: débito antes/depois do vencimento contratual; valor divergente; duplicidade (folha + conta); débito em conta errada.\n\n**Consulta:** `CDC 15.13` (F4 – CPF) → selecione a operação → F2.4 (cronograma) → selecione a parcela com ""x"" → F9 (detalhar) → F12 (mais informações) → F3 (voltar) e copie o nº da operação → `CDC 13.61` (cole o nº como ""nº contrato"") para ver como ocorreu o pagamento.\n\nSiga então a orientação por modalidade:\n\n### CDC Consignação ou CDC Renovação Consignação\nDébito ocorre na folha de pagamento. a) Se não consignada (ou parcial), o débito ocorrerá total/parcial em conta. b) Se liquidado/renovado mas houve consignação, o estorno é automático em conta em até D+2 dias úteis, exceto para os convênios de código 900001 (INSS — devolução a partir do 5º dia útil) e código 900002 (MPDG — devolução até o 1º dia útil).\n\n1. Consulte a parcela: `CDC 15 > 13 > F2 > 4` (datas); `CDC 15 > 13 > F8 > F9` (mês/ano da folha). *Consig total* = debitada integralmente em folha; *Consig parcial* = debitada parcialmente (verifique o restante em conta); *Não consignada* = sem débito em folha; *Incluída* = ainda não vencida; *Enviada* = empregador não retornou (sem repasse, o débito ocorre em conta).\n2. Confirme a consignação em `SISCONSIG 22 > 01 > 01` (Convênio, Data Prevista, nº Operação — dados em `CDC 15.13`); selecione ""x"" e F9: ""Tipo Lançamento"" *Amortização* = consignado; *Devolução* = não consignado, devolvido à conta.\n3. Preste as informações.\n4. Se o cliente disser que a parcela foi consignada em folha mas também há débito agendado em conta: verifique o extrato (agendado ou debitado); se debitado, verifique devolução; se a data for hoje/próximo dia útil, oriente aguardar o processamento noturno (tende a ser excluído) e encerre em FCR. Se confirmada duplicidade sem estorno, ou se o sistema não mostra consignação mas o cliente afirma o desconto, registre ocorrência e oriente o envio de cópia do contracheque para `sacdocumentos@bancoalfa.com.br`.\n\n> **Crédito do Trabalhador** (identifique pelo campo ""Convênio"" = ""E-Consig PJ"" em `CDC > 15 > 13`): exigir contracheque da competência anterior ao débito (ex.: débito no mês 09 → contracheque do mês 08) e o documento ""Detalhe da guia emitida"" (com a instituição que recebeu o valor) + comprovante de pagamento da guia, fornecidos pela empresa.\n\n### CDC Salário, CDC Benefício e CDC Renovação\nDébito no dia do crédito do salário/benefício, mesmo que divergente do vencimento contratual (cobrança antecipada gera desconto proporcional). Renovação com convênio: débito na data de crédito de proventos; sem convênio: na data de vencimento.\n\n1. Verifique no extrato o recebimento de salário no dia do débito.\n2. Compare a data de débito (`CDC 15 > 13 > F2 > 4`) com a cadastrada em `CDC 24 > 14` e `SISPAG 11 > 13 > 36 > Consulta on line`.\n3. Se ambos ocorrerem após o vencimento do contrato, registre ocorrência.\n4. Preste as informações.\n\n### CDC Automático\nDébito em conta (corrente ou salário) na data de vencimento informada na autorização; há opção de boleto (gerado pelo cliente ou se a autorização foi cancelada).\n\n**Duplicidade:** 1. Verifique boleto pago + débito em conta (`CDC 13 > 61`, ""Forma Pagto"": Rcbto Autom e Boleto Banc); confira estorno (campo ""Dt. Canc."" preenchido = houve estorno). 2. Se confirmada duplicidade sem estorno, estorne em `CDC 13 > 91 > 11 > 6` (o sistema só estorna do mais recente para o mais antigo; se o pagamento em conta foi parcial e só for possível estornar o boleto mais recente, isso deixaria a operação em atraso — nesse caso, estorne primeiro o ""Boleto Bancário"" e depois o ""Recebimento Automático"", só se não houver débitos pendentes). Peça ao supervisor para receber o valor correto em `CDC 13.23`; confirme a data de recebimento retroativo em `CDC 13.61`.\n> Para recebimento por débito em conta em operações contratadas a partir de 01/03/21, é necessária autorização específica do cliente.\n\n### CDC 13º Salário\nDébito em parcela única. **Com convênio:** na data de cobrança (recebimento do 13º, informado pelo empregador) OU no vencimento (30 dias após o crédito do 13º), o que ocorrer primeiro — exceto convênios com 13º vinculado ao aniversário do cliente. **Sem convênio:** na data escolhida na contratação.\n\n- Convênio consta em `SISALFA > CDC 15.13`.\n- **Com convênio:** data de cobrança em `CDC 22 > 10 > 5d` (código de linha 3100; nº convênio em `CDC 15 > 13`); vencimento em `CDC 15 > 13 > F2 > 4`. 1. Informe que o débito ocorre na data de cobrança; se o 13º não for creditado, tenta-se o débito na data de cobrança ou vencimento (o que ocorrer primeiro). 2. Verifique como ocorreu em `CDC 15 > 13 > F2 > 4`. 3. Preste as informações.\n  > **Obs.:** se a data de cobrança mudar por solicitação do empregador, o vencimento pode ser antecipado. *Ex. 1:* cobrança cadastrada 30/06/26 → vencimento 30/07/26; se a cobrança mudar para 30/08/26, cobra-se em 30/07/26 (o que ocorrer primeiro). *Ex. 2:* se o 13º do convênio está vinculado ao mês de aniversário, cobrança e vencimento caem no mês de aniversário do cliente.\n- **Sem convênio:** débito no vencimento (`CDC 15 > 13 > F2 > 4`).\n\n### CDC Antecipação IRPF\nDébito (a) na data prevista do crédito da restituição, ou (b) no vencimento contratual, se o crédito não ocorrer antes.\n1. Informe a regra acima. 2. Consulte `CDC 15 > 13 > F2 > 4`. 3. Preste as informações.\n\n### CDC Antecipação Saque Aniversário FGTS\nLiquidação automática via repasse do FGTS; débito em conta só se o repasse for insuficiente.\n1. Consulte `CDC 15 > 13 > F2 > 4`. 2. Preste as informações.\n\n### Orientações complementares\na) Reclamação de saldo aprovisionado em fim de semana/feriado: explique que, pelas cláusulas gerais do contrato de conta, a liberação de débitos nesses períodos depende do saldo após deduzir débitos programados para o 1º dia útil seguinte.\nb) **Boleto:** algumas linhas permitem gerar boleto (rotina 50107); se houver duplicidade (conta + boleto), estorne como em ""CDC Automático"". Não aplicar esse procedimento a CDC Consignação/Renovação Consignação/FGTS Saque Aniversário se a forma de pagamento foi ""Cta Convênio"" — para forma de pagamento via `SISALFA` ou ""Boleto Bancário"", o estorno é permitido.\nc) Mais informações: ver rotinas auxiliares (item 9).\nd) Se não for possível identificar o motivo, ou o cliente permanecer insatisfeito, registre ocorrência.\n\n---\n\n## 3. Simulação/Contratação de Empréstimos\n\nCDC é um empréstimo pessoal automatizado, pré-aprovado, disponível em conta corrente. Solicitação exclusiva do titular.\n> Se o cliente quiser alterar o vencimento da prestação: após a confirmação do contrato isso não é possível. Alternativa: contratar CDC Renovação (se a linha permitir e houver limite), indicando o vencimento mais adequado.\n\n**Procedimento:** verifique se a Análise de Crédito (ANC) está vigente em `Plataforma de Relacionamento (Operações Contratadas) — aba Limite de Crédito`, campo ""Situação do limite"".\n\n| Status do limite | Procedimento |\n|---|---|\n| Vencida, Impedida, Cancelada, Suspensa, Em transferência, Em estudo, Indeferida, ou Vigente com Limite Total–Margem zerado | Informe que não há limite disponível; o cliente deve ir a qualquer agência com identificação (RG/CPF), comprovante de residência e de renda (emitidos há menos de 90 dias, mesmo que pela internet). Consulte a rotina 50105 para possibilidade de restabelecimento. |\n| Vigente (algum valor em Limite Total–Margem) | Não informe o valor ao cliente. Dentro do horário de atendimento (9h–18h), pergunte se autoriza transferência para a Central de Consultoria em Uso Responsável do Crédito (rotina 50106). Se não autorizar, ou fora do horário, informe as opções: Central de Consultoria; App Alfa > Empréstimo; site > Empréstimo; caixa eletrônico (TAA) > Empréstimo. |\n\n---\n\n## 4. Cancelamento de CDC\n\nCancelamento permitido em até 7 dias corridos (a partir do dia seguinte à liberação do crédito), se contratado por canal de autoatendimento (App, site, caixas eletrônicos ou telefone), pelo titular, autenticado (URA, Token ou Identificação Positiva).\n\n> **Atenção:** o cancelamento da linha 2881 – Crédito Renovação Consignação está restrito ao departamento **DOC – Diretoria de Operações de Crédito** (código 800020) para os convênios: Convênio Especial 01 (700001), 02 (700002), 03 (700003), 04 (700004), 05 (700005), 06 (700006), 07 (700007), 08 (700008), 09 (700009), 10 (700010), 11 (700011), 12 (700012), 13 (700013), 14 (700014), 15 (700015) e 16 (700016). É necessário haver margem suficiente para reaverbação das operações vinculadas à renovação cancelada.\n> O cancelamento da mesma linha para o Convênio Especial 17 (700017) está restrito à **Superintendência Regional III** (código 800030). Ver rotina 50108.\n\nAntes do procedimento, informe o número da operação e que, após o cancelamento, o comando não pode ser desfeito.\n\n### 4.1. Cancelamento de proposta CDC NÃO CONFIRMADA\n`SISRET Y09` — copie o nº da operação (documento, 9 dígitos). `CDC 11.13` → inclua o nº a cancelar. Em ""Exclusão de operação – Confirma?"", responda ""S"". Motivo: ""08 – Exclusão a pedido do cliente – Desistência"". Verifique a mensagem ""Cancelamento da Proposta efetuado em XX/XX/XX às XX:XX:XX por FXXXXX""; se diferente, registre ocorrência.\n> Atenção a operações via Correspondente – LOG 633 ""Operação Novo Fluxo Correspondente/Parceiro Comercial"" (`CDC 15.18.F2.8`). Se pendente de confirmação, registre ocorrência (motivo obrigatório; não oriente o cliente a excluir por autoatendimento).\n\n### 4.2. Cancelamento no MESMO DIA ou DIA ÚTIL SEGUINTE (contratação em dia não útil)\nPermitido para contratações presenciais e não presenciais, todos os canais. Uso do Limite Especial da Conta gera juros e IOF. Cancele em `CDC 14`; se falhar, registre ocorrência.\n\n### 4.3. Cancelamento em até 7 DIAS CORRIDOS (a partir do dia seguinte ao crédito)\n**Via TAA/internet/App/telefone (Duplo Sim):** consulte `CDC 15.18.F2.8` (log) — canal no log 201: *Duplo Sim* → campo ""Ocor"" LOG 201 e 493; *Correspondente* → registre ocorrência. (Contestação: ver item 7.2.)\n**Presencial na agência:** só cancela no mesmo dia (ver item 4.2)! A partir do dia seguinte, só liquidação. Se o cliente relatar falhas, registre ocorrência.\n\nVerifique saldo para o débito (ou ""troco"" nas Renovações — `CDC 15.18.F2.5 Contratos Vinculados` mostrará o `SISCLI`; informe o valor), considerando Limite Especial ou resgates automáticos. Oriente manter saldo (débito à noite); uso do Limite Especial gera juros/IOF. Se discordar, só liquidação/amortização/pagamento. Cancele em `CDC 14`; se falhar, registre ocorrência.\n> No cancelamento de CDC Antecipação Saque Aniversário FGTS, o desbloqueio da garantia é automático. Log ""1120 – Operação Contratada com Parcela Pix"" = produto Alfa Parcela Pix (mesmo procedimento de Duplo Sim).\n\n### 4.4. Cancelamento de REPACTUAÇÃO\n`CDC 15.13`, selecione a operação. Se constar ""Op"" pendente de confirmação, pode excluir; se confirmada, só liquida/paga total.\n> *Convênio Especial 17:* tem repactuação de CDCs consignados com suspensão de cobrança (rotina 50109).\n\n### 4.5. Cancelamento do produto de pagamento parcelado de contas\nVer item 10 da rotina 50110.\n\n### 4.6. Pedido após 7 dias, ou contratação presencial (pedido fora do mesmo dia)\nSó é possível a liquidação.\n> Obs. 1: presencial só cancela no mesmo dia (item 4.2). Obs. 2: exclusivamente para CDC Renovação, se a liquidação antecipada não puder ser feita, registre ocorrência para avaliar cancelamento (informar que o IOF será cobrado em conta). CDC Renovação sem ""troco"" é cancelável se a contratação não foi presencial e o pedido ocorreu em até 7 dias.\n\nCancele em `CDC > 14`. Em caso de erro, registre ocorrência.\n\n---\n\n## 5. Liquidação / Amortização\n\nSolicitação exclusiva do titular.\n\n### 5.1. Amortização/Liquidação ANTECIPADA ou operação EM ATRASO\n**Demanda:** quitação parcial/total antes do vencimento e/ou parcelas em atraso.\n> Pagamento via boleto: emitido em agência, pago no mesmo dia (saldo atualiza diariamente); se não pago no mesmo dia, o mesmo boleto ainda serve, pois o saldo é recalculado.\n\nSe não autenticado (URA/Token/IP), informe os canais. Cancelamento da amortização/liquidação só no mesmo dia, e só com margem disponível (item 5.3). Somente com recursos próprios; há redução proporcional de juros.\n\n**Tipos** (parcelas em atraso sempre em ordem crescente): **Crescente** (da próxima parcela em diante); **Decrescente** (da última parcela para trás); **Linear** (amortiza o saldo total sem alterar o cronograma; recalcula as parcelas a vencer).\n> Linear NÃO permitido para CDC Consignado, nem para operações fora do status ""Normal"", com pagamento parcial, em cobrança, ou com ""Pula-Parcela"". ""Em cobrança"" não aceita nenhuma amortização.\n\n| Necessidade do cliente | Tipo de amortização |\n|---|---|\n| Parar de pagar as próximas prestações por um período | Liquidação antecipada de parcelas integrais, ordem crescente |\n| Amortizar e continuar pagando as próximas prestações | Liquidação antecipada de parcelas integrais, ordem decrescente |\n| Reduzir o valor das prestações em toda a operação | Amortização linear |\n| Liquidar a operação | Quitação total, sempre em ordem crescente |\n\n> No CDC Consignado, pode haver desconto da próxima prestação em folha. Para Consignação/Renovação Consignação, prefira ordem decrescente (evita duplicidade em folha); se o cliente pedir crescente, informe o risco (o valor retorna no vencimento da parcela, se ocorrer).\n\n**Procedimento:** 1. Simule em `CDC 13.11.12`, informe o saldo atual (item 1b). 2. Verifique saldo suficiente (`Plataforma de Relacionamento > Contas > Extrato`), considerando saldo aprovisionado, tarifas pendentes, resgates automáticos e Limite Especial (a critério do cliente, com encargos). 3. Se insuficiente, oriente novo contato; se suficiente, execute em `CDC 13 > 21 > 12` (tipo: parcial/liquidação/linear; quantidade/valor; ordem).\n> Se o sistema indicar ausência de autorização de débito, siga a rotina 50104.\n\n**Leitura obrigatória ao cliente antes da confirmação** (""Sr(a). ___, para sua segurança, faremos a leitura das condições:""):\n- **Parcial/liquidação:** agência/conta; valor base da parcela; encargos por atraso; desconto de antecipação; variação Selic; valor a amortizar; total de parcelas; ordem escolhida.\n- **Linear:** valor base; desconto aproximado; variação Selic; valor da parcela inicial; novo valor da parcela; quantidade de parcelas.\n\nApós a leitura: ""Podemos confirmar a liquidação/amortização?"" (F3, sem impressão). Supervisor confirma em `CDC 13.21.52`. Informar necessidade de saldo em conta. Comprovante: ""o débito ocorre ainda hoje; confirme pelo extrato. Para comprovante detalhado, solicite em qualquer agência o documento \'Demonstrativo de Origem e Evolução de Dívida – Crédito Direto ao Consumidor\'.""\n\n### 5.2. Amortização/liquidação de operações ""EM PERDAS""\nIdentificação: `SISALFA > CDC > 15.13`. **Não informar ao cliente que a operação está em prejuízo.**\na) **Débito em conta:** verifique saldo suficiente (mesmas ressalvas do item 5.1); se insuficiente, oriente novo contato. Liquidação: comando em `CDC 13-34` + confirmação do supervisor em `CDC 13-36`. Amortização parcial: comando em `CDC 13-35` + confirmação do gerente de grupo em `CDC 13-36`.\nb) **Boleto bancário:** registre ocorrência.\n\n### 5.3. Cancelamento da amortização ou liquidação antecipada\nSe só houve o comando do atendente (`CDC 13.21.12`) no mesmo dia: cancele em `CDC 13.91.51`. Se já confirmado pelo supervisor (`CDC 13.21.52`): faça o estorno (item 5.5).\n> O registro do atendente fica pendente de confirmação apenas no mesmo dia; se não confirmado, é excluído automaticamente no dia seguinte.\n\n### 5.4. Liquidação – Desaverbação/Liberação de Margem Consignável\nSe o cliente relatar que liquidou/cancelou mas não houve liberação de margem, ou a parcela segue sendo debitada, registre ocorrência.\n\n### 5.5. Estorno de pagamento antecipado\n**Demanda:** pagamento antes do vencimento, ou débito indevido em conta (ex.: pela agência).\n> Não aplicar a Consignação/Renovação Consignação/FGTS Saque Aniversário se a forma de pagamento foi ""Cta Convênio""; para `SISALFA` ou ""Boleto Bancário"", o estorno é permitido (ver item 2).\n\n1. Analise o motivo (não é permitido estornar e deixar em atraso). 2. Verifique vencimento (`CDC 15.13.F2.4`) e pagamento de salário (`SISPAG 11 > 13 > 36 > Consulta on line`). 3. Se não venceu e não houve crédito de salário, estorno possível (pagamento dentro de 30 dias, operação não atualizada). 4. Estorne em `CDC 13.91.11`. 5. Informe crédito no processamento noturno.\n> Se impossível estornar, ou outra duplicidade não sanável, registre ocorrência.\n\n---\n\n## 6. Dificuldade para contratação\n\n| Situação | Procedimento |\n|---|---|\n| **Renda desatualizada** | Verifique a última atualização; se >12 meses, oriente atualizar via App ou canal de autoatendimento (online; às vezes exige foto do documento, validação em até 3 dias úteis). Após validação, o limite é recalculado automaticamente. |\n| **Contrato do CDC não assinado** | Pergunte se aderiu às Cláusulas Gerais (assinatura da Proposta/Contrato de Adesão). Se sim, prossiga a análise. Se não, informe os canais de adesão: App/site (Empréstimo > Solicitação de Crédito > Assinatura de contrato CDC); caixa eletrônico; agência. |\n| **Acordo de dívida vigente** | Contratação impossibilitada durante a vigência do acordo; após encerrado, pode verificar novamente. |\n| **Não correntista** | Exceto CDC Consignado e Crédito 13º Salário INSS (exigem ANC vigente), as demais linhas exigem conta corrente com ANC vigente. |\n| **Modalidade de conta simplificada (sem linhas de crédito)** | Não permite contratar linhas de crédito; se houver interesse, o cliente faz upgrade da conta pelo app (Menu > Upgrade de Conta), sujeito a análise de crédito na agência. |\n\n---\n\n## 7. Contratação não reconhecida\n\n### 7.1. Falsidade ideológica e fraude\nFraude com uso de documentos falsos para contratar produtos; a vítima costuma descobrir só quando seu CPF/CNPJ sofre restrição por inadimplência. Ver rotina 50111.\n- Falsidade em operação de não correntista: oriente comparecimento a qualquer agência com identificação e boletim de ocorrência.\n- Fraude – demais situações: ver rotina 50112.\n\n### 7.2. Contestação de operações via Correspondente (falha, suspeita de fraude/golpe)\nIndícios de falha ou fraude/golpe (presencial ou Duplo Sim): registre ocorrência e responsabilize a unidade de correspondentes/antifraude (código 800010):\n- **Assunto 50113** — contratação não reconhecida; divergente do solicitado; insatisfação com o contrato/descumprimento; falta de clareza.\n- **Assunto 50114** — suspeita de fraude/golpe: abordagem por suposta empresa vinculada ao banco, internalização por correspondente e transferência de recursos a terceiros pelo cliente.\n- **Assunto 50115** — contestação/suspeita de fraude em operação via Correspondente ainda pendente de confirmação.\n\n> No módulo de SAC e Ouvidoria (assuntos 50113/50114), é obrigatório selecionar o produto/modalidade — só aparecem operações contratadas via Correspondente; caso contrário, o registro não é possível. Ao selecionar a operação, os dados de identificação do correspondente, do CDC e da chave de operação são preenchidos automaticamente (não editáveis).\n\n---\n\n## 8. Limite Especial da Conta\n\n### 8.1. Cancelamento do Limite Especial da Conta\na) Pode ser solicitado a qualquer tempo por qualquer titular.\nb) Ao ser solicitado, sonde o motivo e, se cabível, argumente: sem tarifa; limite disponível para emergências sem custo se não usado; cancelar não garante nova contratação futura; é possível reduzir para R$ 100,00 em vez de cancelar. O cliente não pode estar usando o limite no momento (se estiver, oriente cobrir o saldo). Se aceitar reduzir, siga para 8.2. *(Em Ouvidoria, cancelar direto, sem sondagem.)*\nc) Se decidir manter, encerre em FCR.\nd) Se insistir no cancelamento, verifique viabilidade:\n\n**Procedimento (cliente autenticado por URA/Token/IP):**\n> Não cancelar se o cliente estiver usando o limite; se houver juros/IOF a cobrar, é necessário saldo. Falha de autenticação: registre ocorrência.\n- **Atendente:** confira saldo suficiente (extrato) para limite + juros + IOF (desconsiderar valores provisionados); se insuficiente, peça depósito equivalente e informe que o cancelamento pode ser pedido no SAC/agência após o depósito; encerre em FCR. Cancele na plataforma (`Contas > Limite Especial da Conta PF > Implantação, Alteração, Renovação e Cancelamento > Cancelar > Registrar`) e peça deferimento ao supervisor.\n  > Se aparecer ""(27) Já existe comando de implantação para esta conta."", registre ocorrência. Se aparecer ""já existe solicitação pendente de deferimento"", peça o deferimento ao supervisor; se não localizar ou houver erro, abra ocorrência.\n- **Supervisor:** confirme dados (nome, produto, valor); defira (`Deferimentos e Pendências > Limite Especial da Conta Pessoa > Cancelamento > Deferimento`); confirme para o atendente prosseguir.\n- **Atendente:** informe o cancelamento e a disponibilidade da agência para recontratação futura; encerre e registre FCR. *(Se o supervisor não conseguir deferir, registre ocorrência.)*\n\n### 8.2. Redução do Limite Especial da Conta\na) Se o pedido for por causa da tarifa, esclareça que ela não é cobrada; se insistir, siga abaixo.\nb) Identifique PF e titular da conta.\nc) Cliente autenticado:\n- **Atendente:** verifique saldo suficiente para que a redução não deixe o saldo excedido; se preciso, peça depósito e informe que a redução pode ser pedida via app, WhatsApp, SAC ou agência após o depósito. Modalidade ""Ouro"" (limite ≥ R$ 1.000,00) reduzida para entre R$ 100,00 e R$ 950,00 muda para ""Classic"" (diferenças na rotina 50116). Se o cliente concordar, altere modalidade/limite na plataforma e peça deferimento ao supervisor.\n- **Supervisor:** confirme dados; defira (`Deferimentos e Pendências > Limite Especial da Conta Pessoa Física > Alteração > Deferimento`); confirme para o atendente prosseguir.\n- **Atendente:** informe a redução realizada; para elevar no futuro, indicar app/agência. Encerre e registre FCR. *(Se o supervisor não conseguir deferir, registre ocorrência.)*\n\n### 8.3. Alterar data de débito dos juros\nFalha de autenticação: informe os canais. Acesse `Plataforma > Contas > Limite Especial da Conta PF > Alterar > Tipo de Alteração – ""Dia do débito""` e escolha um dia entre 1 e 28. A alteração só vale a partir do mês seguinte à solicitação.\n\n---\n\n## 9. Rotinas auxiliares (índice de empréstimos)\n\n| Código (anonimizado) | Assunto |\n|---|---|\n| 50107 | CDC – Condições Gerais / Contrato |\n| 50108 | Crédito Consignação e Renovação – Correntista e não correntista |\n| 50118 | Crédito Consignação – INSS |\n| 50119 | Crédito Automático |\n| 50120 | Crédito Benefício |\n| 50121 | Crédito Salário e Salário Funci |\n| 50122 | Crédito Renovação e Renovação Funci |\n| 50123 | Crédito 13º Décimo Terceiro Salário |\n| 50124 | Crédito 13º Décimo Terceiro Salário – Não Correntistas |\n| 50125 | CDC Antecipação Restituição IRPF |\n| 50126 | CDC Antecipação Saque Aniversário FGTS |\n| 50117 | Crédito Parcelamento Cheque Especial (Limite Especial da Conta) |\n| 50104 | Autorização de Débito – Empréstimos, CDC e outros (Resolução CMN 4.790/2020) |\n| 50127 | Crédito do Trabalhador – Novo modelo de Crédito Consignado do Setor Privado |\n| 50128 | Crédito do Trabalhador – Atendimento ao Empregador |\n\n---\n\n## 10. Fonte de informação\n\nDepartamento responsável: **DOC – Diretoria de Operações de Crédito** (código 800020).\n']","IRPF debita na data prevista do crédito da restituição ou no vencimento, se o crédito não vier antes. FGTS liquida automaticamente via repasse do FGTS e só debita em conta se o repasse for insuficiente.",EDGE_CASE,0.7981,,1.0,0.7756361014064146,1.0,0.9999999999
"Quero cancelar minha repactuação. Consigo?
[Dados coletados via clarificação: canal_tentado=agência; tipo_cliente=correntista]","Para o cancelamento de uma repactuação, o procedimento depende do status da operação:

*   **Operação pendente de confirmação:** Se, ao consultar a operação em `CDC 15.13`, constar como pendente de confirmação, é possível realizar a exclusão.
*   **Operação confirmada:** Caso a repactuação já esteja confirmada, não é possível realizar o cancelamento; a única alternativa disponível é a liquidação ou o pagamento total da operação.

**Observações importantes:**
*   Para o **Convênio Especial 17**, existe uma regra específica de repactuação de CDCs consignados com suspensão de cobrança, tratada pela rotina 50109.
*   Como você é correntista e está em uma agência, recomenda-se verificar o status da operação no sistema mencionado para confirmar se a exclusão ainda é permitida.

### References

- [3] Document Chunks (Item 4.4. Cancelamento de REPACTUAÇÃO)","['# POP – Atendimento de Operações de CDC (Crédito Direto ao Consumidor) – Pessoa Física\n### [Versão anonimizada/pseudonimizada para uso acadêmico]\n\n> **Nota metodológica de anonimização:** este documento é uma versão pseudonimizada de uma rotina real de atendimento (SAC) de operações de crédito pessoa física. Foram substituídos: (i) o nome da instituição financeira e de seus canais/site/e-mail; (ii) os nomes de sistemas internos claramente proprietários; (iii) nomes e códigos de convênios de consignação com órgãos públicos; (iv) códigos de prefixo/departamento interno; e (v) números de rotinas/assuntos auxiliares referenciados ao longo do texto — todos substituídos por identificadores fictícios e sequenciais. A lógica processual, as condições, exceções e o fluxo de decisão originais foram mantidos integralmente, o que preserva o valor do documento como exemplo de POP para fins de extração de árvore de decisão. Termos e siglas genéricas do setor bancário (CDC, SAC, Ouvidoria, TAA, URA, FCR, ANC, Token, Identificação Positiva) e referências a normas públicas (Resolução CMN 4.790/2020, INSS) foram mantidos, por não serem exclusivos de uma única instituição.\n\n**Sumário:** Observações iniciais · 1. Consulta geral CDC · 2. Débito da parcela CDC · 3. Simulação/Contratação · 4. Cancelamento de CDC · 5. Liquidação/Amortização · 6. Dificuldade para contratação · 7. Contratação não reconhecida · 8. Limite Especial da Conta · 9. Rotinas auxiliares · 10. Fonte de informação\n\n---\n\n## Observações iniciais\n\na) Esta rotina destina-se ao atendimento das operações de crédito PF listadas no item 2. Para os casos abaixo, consulte rotinas específicas:\n- **FIES:** rotina 50101 – SAC QC – Financiamento Estudantil (FIES)\n- **Financiamento imobiliário:** rotina 50102 – SAC QC – Financiamento Imobiliário\n- **Renegociação de dívidas:** rotina 50103 – SAC QC – Renegociação de Dívidas Pessoa Física e Jurídica\n\nb) **Autorização de Débito em Conta:** a partir de 01/03/2021, para que uma operação seja debitada em conta, é necessária autorização específica do cliente para o débito. Ver informações e procedimentos na rotina 50104.\n\nc) **Canais para contratação de CDC:** [link para os canais de contratação]\n\n---\n\n## 1. Consulta geral CDC\n\nPara verificar as informações da operação, identifique se o consumidor é PF e titular da operação. Em caso de FALHA, RECUSA ou INAPLICABILIDADE de Identificação Positiva (IP), registre ocorrência.\n\n| Demanda | Consulta |\n|---|---|\n| a) Informações gerais do CDC | `SISALFA > CDC > 15 > 18` — em ""Código do Cliente"" pressione F4, inclua o CPF e selecione a operação. Clique em F2 > Outros dados > 4. Cronograma. Principais informações: modalidade do CDC, data de vencimento, parcelas pagas e data de pagamento (mais detalhes no item 2), parcelas a vencer, parcelas em atraso, taxas de juros ou CET. |\n| b) Saldo atualizado total | `SISALFA > CDC > 15 > 18` — mesmo caminho acima; após selecionar a operação, verifique o campo ""Saldo devedor atual"". Esse é o saldo do dia, com atualização diária. |\n| c) Parcelas, valores pagos, juros, datas de pagamento | `SISALFA > CDC > 15 > 18` → Agência/Conta → selecione a operação → F2 → 4. Cronograma → selecione a parcela (""P"" indica pagamento parcial) → F9 (detalhe) → F12/F11 (pagamentos e parcelas). O ""total recebimento parcial"" é o valor recebido naquela parcela. |\n| d) Consultar CDC liquidado, renovado ou excluído | `SISALFA > CDC > 15 > 18`, em ""Código do Cliente"" pressione F4 e insira o CPF — NÃO selecione nenhuma operação e pressione F11. F12 para operações arquivadas. |\n| e) Consulta de cláusulas gerais ou documentos do CDC contratado | Cláusulas gerais consultáveis em: **App Alfa** (Menu > Empréstimos > Contratar empréstimo > Aderir ao contrato); **site institucional**, inclusive para não correntista (Página inicial > Pra você > Empréstimo > Empréstimo pessoal > Contrato de abertura de crédito rotativo); **site institucional (área logada)** (Menu > Empréstimos > Crédito consignado e pessoal > Aderir Contrato de Empréstimo). Documentos do CDC contratado: Extrato de Empréstimo (parcelas pagas/a pagar) — App, site, caixas eletrônicos ou agências; Consolidado Anual (valores por exercício) — site ou agências; 2ª via do comprovante (com taxas) — App ou agências. |\n\n---\n\n## 2. Débito da parcela CDC (data ou valor divergente, duplicidade)\n\nPara identificar o débito questionado, consulte o extrato em `Plataforma de Relacionamento (Operações Contratadas) > Contas > Consultas > Extrato Conta Corrente`. O número da operação consta no campo ""Documento"" (9 dígitos).\n\nSituações possíveis: débito antes/depois do vencimento contratual; valor divergente; duplicidade (folha + conta); débito em conta errada.\n\n**Consulta:** `CDC 15.13` (F4 – CPF) → selecione a operação → F2.4 (cronograma) → selecione a parcela com ""x"" → F9 (detalhar) → F12 (mais informações) → F3 (voltar) e copie o nº da operação → `CDC 13.61` (cole o nº como ""nº contrato"") para ver como ocorreu o pagamento.\n\nSiga então a orientação por modalidade:\n\n### CDC Consignação ou CDC Renovação Consignação\nDébito ocorre na folha de pagamento. a) Se não consignada (ou parcial), o débito ocorrerá total/parcial em conta. b) Se liquidado/renovado mas houve consignação, o estorno é automático em conta em até D+2 dias úteis, exceto para os convênios de código 900001 (INSS — devolução a partir do 5º dia útil) e código 900002 (MPDG — devolução até o 1º dia útil).\n\n1. Consulte a parcela: `CDC 15 > 13 > F2 > 4` (datas); `CDC 15 > 13 > F8 > F9` (mês/ano da folha). *Consig total* = debitada integralmente em folha; *Consig parcial* = debitada parcialmente (verifique o restante em conta); *Não consignada* = sem débito em folha; *Incluída* = ainda não vencida; *Enviada* = empregador não retornou (sem repasse, o débito ocorre em conta).\n2. Confirme a consignação em `SISCONSIG 22 > 01 > 01` (Convênio, Data Prevista, nº Operação — dados em `CDC 15.13`); selecione ""x"" e F9: ""Tipo Lançamento"" *Amortização* = consignado; *Devolução* = não consignado, devolvido à conta.\n3. Preste as informações.\n4. Se o cliente disser que a parcela foi consignada em folha mas também há débito agendado em conta: verifique o extrato (agendado ou debitado); se debitado, verifique devolução; se a data for hoje/próximo dia útil, oriente aguardar o processamento noturno (tende a ser excluído) e encerre em FCR. Se confirmada duplicidade sem estorno, ou se o sistema não mostra consignação mas o cliente afirma o desconto, registre ocorrência e oriente o envio de cópia do contracheque para `sacdocumentos@bancoalfa.com.br`.\n\n> **Crédito do Trabalhador** (identifique pelo campo ""Convênio"" = ""E-Consig PJ"" em `CDC > 15 > 13`): exigir contracheque da competência anterior ao débito (ex.: débito no mês 09 → contracheque do mês 08) e o documento ""Detalhe da guia emitida"" (com a instituição que recebeu o valor) + comprovante de pagamento da guia, fornecidos pela empresa.\n\n### CDC Salário, CDC Benefício e CDC Renovação\nDébito no dia do crédito do salário/benefício, mesmo que divergente do vencimento contratual (cobrança antecipada gera desconto proporcional). Renovação com convênio: débito na data de crédito de proventos; sem convênio: na data de vencimento.\n\n1. Verifique no extrato o recebimento de salário no dia do débito.\n2. Compare a data de débito (`CDC 15 > 13 > F2 > 4`) com a cadastrada em `CDC 24 > 14` e `SISPAG 11 > 13 > 36 > Consulta on line`.\n3. Se ambos ocorrerem após o vencimento do contrato, registre ocorrência.\n4. Preste as informações.\n\n### CDC Automático\nDébito em conta (corrente ou salário) na data de vencimento informada na autorização; há opção de boleto (gerado pelo cliente ou se a autorização foi cancelada).\n\n**Duplicidade:** 1. Verifique boleto pago + débito em conta (`CDC 13 > 61`, ""Forma Pagto"": Rcbto Autom e Boleto Banc); confira estorno (campo ""Dt. Canc."" preenchido = houve estorno). 2. Se confirmada duplicidade sem estorno, estorne em `CDC 13 > 91 > 11 > 6` (o sistema só estorna do mais recente para o mais antigo; se o pagamento em conta foi parcial e só for possível estornar o boleto mais recente, isso deixaria a operação em atraso — nesse caso, estorne primeiro o ""Boleto Bancário"" e depois o ""Recebimento Automático"", só se não houver débitos pendentes). Peça ao supervisor para receber o valor correto em `CDC 13.23`; confirme a data de recebimento retroativo em `CDC 13.61`.\n> Para recebimento por débito em conta em operações contratadas a partir de 01/03/21, é necessária autorização específica do cliente.\n\n### CDC 13º Salário\nDébito em parcela única. **Com convênio:** na data de cobrança (recebimento do 13º, informado pelo empregador) OU no vencimento (30 dias após o crédito do 13º), o que ocorrer primeiro — exceto convênios com 13º vinculado ao aniversário do cliente. **Sem convênio:** na data escolhida na contratação.\n\n- Convênio consta em `SISALFA > CDC 15.13`.\n- **Com convênio:** data de cobrança em `CDC 22 > 10 > 5d` (código de linha 3100; nº convênio em `CDC 15 > 13`); vencimento em `CDC 15 > 13 > F2 > 4`. 1. Informe que o débito ocorre na data de cobrança; se o 13º não for creditado, tenta-se o débito na data de cobrança ou vencimento (o que ocorrer primeiro). 2. Verifique como ocorreu em `CDC 15 > 13 > F2 > 4`. 3. Preste as informações.\n  > **Obs.:** se a data de cobrança mudar por solicitação do empregador, o vencimento pode ser antecipado. *Ex. 1:* cobrança cadastrada 30/06/26 → vencimento 30/07/26; se a cobrança mudar para 30/08/26, cobra-se em 30/07/26 (o que ocorrer primeiro). *Ex. 2:* se o 13º do convênio está vinculado ao mês de aniversário, cobrança e vencimento caem no mês de aniversário do cliente.\n- **Sem convênio:** débito no vencimento (`CDC 15 > 13 > F2 > 4`).\n\n### CDC Antecipação IRPF\nDébito (a) na data prevista do crédito da restituição, ou (b) no vencimento contratual, se o crédito não ocorrer antes.\n1. Informe a regra acima. 2. Consulte `CDC 15 > 13 > F2 > 4`. 3. Preste as informações.\n\n### CDC Antecipação Saque Aniversário FGTS\nLiquidação automática via repasse do FGTS; débito em conta só se o repasse for insuficiente.\n1. Consulte `CDC 15 > 13 > F2 > 4`. 2. Preste as informações.\n\n### Orientações complementares\na) Reclamação de saldo aprovisionado em fim de semana/feriado: explique que, pelas cláusulas gerais do contrato de conta, a liberação de débitos nesses períodos depende do saldo após deduzir débitos programados para o 1º dia útil seguinte.\nb) **Boleto:** algumas linhas permitem gerar boleto (rotina 50107); se houver duplicidade (conta + boleto), estorne como em ""CDC Automático"". Não aplicar esse procedimento a CDC Consignação/Renovação Consignação/FGTS Saque Aniversário se a forma de pagamento foi ""Cta Convênio"" — para forma de pagamento via `SISALFA` ou ""Boleto Bancário"", o estorno é permitido.\nc) Mais informações: ver rotinas auxiliares (item 9).\nd) Se não for possível identificar o motivo, ou o cliente permanecer insatisfeito, registre ocorrência.\n\n---\n\n## 3. Simulação/Contratação de Empréstimos\n\nCDC é um empréstimo pessoal automatizado, pré-aprovado, disponível em conta corrente. Solicitação exclusiva do titular.\n> Se o cliente quiser alterar o vencimento da prestação: após a confirmação do contrato isso não é possível. Alternativa: contratar CDC Renovação (se a linha permitir e houver limite), indicando o vencimento mais adequado.\n\n**Procedimento:** verifique se a Análise de Crédito (ANC) está vigente em `Plataforma de Relacionamento (Operações Contratadas) — aba Limite de Crédito`, campo ""Situação do limite"".\n\n| Status do limite | Procedimento |\n|---|---|\n| Vencida, Impedida, Cancelada, Suspensa, Em transferência, Em estudo, Indeferida, ou Vigente com Limite Total–Margem zerado | Informe que não há limite disponível; o cliente deve ir a qualquer agência com identificação (RG/CPF), comprovante de residência e de renda (emitidos há menos de 90 dias, mesmo que pela internet). Consulte a rotina 50105 para possibilidade de restabelecimento. |\n| Vigente (algum valor em Limite Total–Margem) | Não informe o valor ao cliente. Dentro do horário de atendimento (9h–18h), pergunte se autoriza transferência para a Central de Consultoria em Uso Responsável do Crédito (rotina 50106). Se não autorizar, ou fora do horário, informe as opções: Central de Consultoria; App Alfa > Empréstimo; site > Empréstimo; caixa eletrônico (TAA) > Empréstimo. |\n\n---\n\n## 4. Cancelamento de CDC\n\nCancelamento permitido em até 7 dias corridos (a partir do dia seguinte à liberação do crédito), se contratado por canal de autoatendimento (App, site, caixas eletrônicos ou telefone), pelo titular, autenticado (URA, Token ou Identificação Positiva).\n\n> **Atenção:** o cancelamento da linha 2881 – Crédito Renovação Consignação está restrito ao departamento **DOC – Diretoria de Operações de Crédito** (código 800020) para os convênios: Convênio Especial 01 (700001), 02 (700002), 03 (700003), 04 (700004), 05 (700005), 06 (700006), 07 (700007), 08 (700008), 09 (700009), 10 (700010), 11 (700011), 12 (700012), 13 (700013), 14 (700014), 15 (700015) e 16 (700016). É necessário haver margem suficiente para reaverbação das operações vinculadas à renovação cancelada.\n> O cancelamento da mesma linha para o Convênio Especial 17 (700017) está restrito à **Superintendência Regional III** (código 800030). Ver rotina 50108.\n\nAntes do procedimento, informe o número da operação e que, após o cancelamento, o comando não pode ser desfeito.\n\n### 4.1. Cancelamento de proposta CDC NÃO CONFIRMADA\n`SISRET Y09` — copie o nº da operação (documento, 9 dígitos). `CDC 11.13` → inclua o nº a cancelar. Em ""Exclusão de operação – Confirma?"", responda ""S"". Motivo: ""08 – Exclusão a pedido do cliente – Desistência"". Verifique a mensagem ""Cancelamento da Proposta efetuado em XX/XX/XX às XX:XX:XX por FXXXXX""; se diferente, registre ocorrência.\n> Atenção a operações via Correspondente – LOG 633 ""Operação Novo Fluxo Correspondente/Parceiro Comercial"" (`CDC 15.18.F2.8`). Se pendente de confirmação, registre ocorrência (motivo obrigatório; não oriente o cliente a excluir por autoatendimento).\n\n### 4.2. Cancelamento no MESMO DIA ou DIA ÚTIL SEGUINTE (contratação em dia não útil)\nPermitido para contratações presenciais e não presenciais, todos os canais. Uso do Limite Especial da Conta gera juros e IOF. Cancele em `CDC 14`; se falhar, registre ocorrência.\n\n### 4.3. Cancelamento em até 7 DIAS CORRIDOS (a partir do dia seguinte ao crédito)\n**Via TAA/internet/App/telefone (Duplo Sim):** consulte `CDC 15.18.F2.8` (log) — canal no log 201: *Duplo Sim* → campo ""Ocor"" LOG 201 e 493; *Correspondente* → registre ocorrência. (Contestação: ver item 7.2.)\n**Presencial na agência:** só cancela no mesmo dia (ver item 4.2)! A partir do dia seguinte, só liquidação. Se o cliente relatar falhas, registre ocorrência.\n\nVerifique saldo para o débito (ou ""troco"" nas Renovações — `CDC 15.18.F2.5 Contratos Vinculados` mostrará o `SISCLI`; informe o valor), considerando Limite Especial ou resgates automáticos. Oriente manter saldo (débito à noite); uso do Limite Especial gera juros/IOF. Se discordar, só liquidação/amortização/pagamento. Cancele em `CDC 14`; se falhar, registre ocorrência.\n> No cancelamento de CDC Antecipação Saque Aniversário FGTS, o desbloqueio da garantia é automático. Log ""1120 – Operação Contratada com Parcela Pix"" = produto Alfa Parcela Pix (mesmo procedimento de Duplo Sim).\n\n### 4.4. Cancelamento de REPACTUAÇÃO\n`CDC 15.13`, selecione a operação. Se constar ""Op"" pendente de confirmação, pode excluir; se confirmada, só liquida/paga total.\n> *Convênio Especial 17:* tem repactuação de CDCs consignados com suspensão de cobrança (rotina 50109).\n\n### 4.5. Cancelamento do produto de pagamento parcelado de contas\nVer item 10 da rotina 50110.\n\n### 4.6. Pedido após 7 dias, ou contratação presencial (pedido fora do mesmo dia)\nSó é possível a liquidação.\n> Obs. 1: presencial só cancela no mesmo dia (item 4.2). Obs. 2: exclusivamente para CDC Renovação, se a liquidação antecipada não puder ser feita, registre ocorrência para avaliar cancelamento (informar que o IOF será cobrado em conta). CDC Renovação sem ""troco"" é cancelável se a contratação não foi presencial e o pedido ocorreu em até 7 dias.\n\nCancele em `CDC > 14`. Em caso de erro, registre ocorrência.\n\n---\n\n## 5. Liquidação / Amortização\n\nSolicitação exclusiva do titular.\n\n### 5.1. Amortização/Liquidação ANTECIPADA ou operação EM ATRASO\n**Demanda:** quitação parcial/total antes do vencimento e/ou parcelas em atraso.\n> Pagamento via boleto: emitido em agência, pago no mesmo dia (saldo atualiza diariamente); se não pago no mesmo dia, o mesmo boleto ainda serve, pois o saldo é recalculado.\n\nSe não autenticado (URA/Token/IP), informe os canais. Cancelamento da amortização/liquidação só no mesmo dia, e só com margem disponível (item 5.3). Somente com recursos próprios; há redução proporcional de juros.\n\n**Tipos** (parcelas em atraso sempre em ordem crescente): **Crescente** (da próxima parcela em diante); **Decrescente** (da última parcela para trás); **Linear** (amortiza o saldo total sem alterar o cronograma; recalcula as parcelas a vencer).\n> Linear NÃO permitido para CDC Consignado, nem para operações fora do status ""Normal"", com pagamento parcial, em cobrança, ou com ""Pula-Parcela"". ""Em cobrança"" não aceita nenhuma amortização.\n\n| Necessidade do cliente | Tipo de amortização |\n|---|---|\n| Parar de pagar as próximas prestações por um período | Liquidação antecipada de parcelas integrais, ordem crescente |\n| Amortizar e continuar pagando as próximas prestações | Liquidação antecipada de parcelas integrais, ordem decrescente |\n| Reduzir o valor das prestações em toda a operação | Amortização linear |\n| Liquidar a operação | Quitação total, sempre em ordem crescente |\n\n> No CDC Consignado, pode haver desconto da próxima prestação em folha. Para Consignação/Renovação Consignação, prefira ordem decrescente (evita duplicidade em folha); se o cliente pedir crescente, informe o risco (o valor retorna no vencimento da parcela, se ocorrer).\n\n**Procedimento:** 1. Simule em `CDC 13.11.12`, informe o saldo atual (item 1b). 2. Verifique saldo suficiente (`Plataforma de Relacionamento > Contas > Extrato`), considerando saldo aprovisionado, tarifas pendentes, resgates automáticos e Limite Especial (a critério do cliente, com encargos). 3. Se insuficiente, oriente novo contato; se suficiente, execute em `CDC 13 > 21 > 12` (tipo: parcial/liquidação/linear; quantidade/valor; ordem).\n> Se o sistema indicar ausência de autorização de débito, siga a rotina 50104.\n\n**Leitura obrigatória ao cliente antes da confirmação** (""Sr(a). ___, para sua segurança, faremos a leitura das condições:""):\n- **Parcial/liquidação:** agência/conta; valor base da parcela; encargos por atraso; desconto de antecipação; variação Selic; valor a amortizar; total de parcelas; ordem escolhida.\n- **Linear:** valor base; desconto aproximado; variação Selic; valor da parcela inicial; novo valor da parcela; quantidade de parcelas.\n\nApós a leitura: ""Podemos confirmar a liquidação/amortização?"" (F3, sem impressão). Supervisor confirma em `CDC 13.21.52`. Informar necessidade de saldo em conta. Comprovante: ""o débito ocorre ainda hoje; confirme pelo extrato. Para comprovante detalhado, solicite em qualquer agência o documento \'Demonstrativo de Origem e Evolução de Dívida – Crédito Direto ao Consumidor\'.""\n\n### 5.2. Amortização/liquidação de operações ""EM PERDAS""\nIdentificação: `SISALFA > CDC > 15.13`. **Não informar ao cliente que a operação está em prejuízo.**\na) **Débito em conta:** verifique saldo suficiente (mesmas ressalvas do item 5.1); se insuficiente, oriente novo contato. Liquidação: comando em `CDC 13-34` + confirmação do supervisor em `CDC 13-36`. Amortização parcial: comando em `CDC 13-35` + confirmação do gerente de grupo em `CDC 13-36`.\nb) **Boleto bancário:** registre ocorrência.\n\n### 5.3. Cancelamento da amortização ou liquidação antecipada\nSe só houve o comando do atendente (`CDC 13.21.12`) no mesmo dia: cancele em `CDC 13.91.51`. Se já confirmado pelo supervisor (`CDC 13.21.52`): faça o estorno (item 5.5).\n> O registro do atendente fica pendente de confirmação apenas no mesmo dia; se não confirmado, é excluído automaticamente no dia seguinte.\n\n### 5.4. Liquidação – Desaverbação/Liberação de Margem Consignável\nSe o cliente relatar que liquidou/cancelou mas não houve liberação de margem, ou a parcela segue sendo debitada, registre ocorrência.\n\n### 5.5. Estorno de pagamento antecipado\n**Demanda:** pagamento antes do vencimento, ou débito indevido em conta (ex.: pela agência).\n> Não aplicar a Consignação/Renovação Consignação/FGTS Saque Aniversário se a forma de pagamento foi ""Cta Convênio""; para `SISALFA` ou ""Boleto Bancário"", o estorno é permitido (ver item 2).\n\n1. Analise o motivo (não é permitido estornar e deixar em atraso). 2. Verifique vencimento (`CDC 15.13.F2.4`) e pagamento de salário (`SISPAG 11 > 13 > 36 > Consulta on line`). 3. Se não venceu e não houve crédito de salário, estorno possível (pagamento dentro de 30 dias, operação não atualizada). 4. Estorne em `CDC 13.91.11`. 5. Informe crédito no processamento noturno.\n> Se impossível estornar, ou outra duplicidade não sanável, registre ocorrência.\n\n---\n\n## 6. Dificuldade para contratação\n\n| Situação | Procedimento |\n|---|---|\n| **Renda desatualizada** | Verifique a última atualização; se >12 meses, oriente atualizar via App ou canal de autoatendimento (online; às vezes exige foto do documento, validação em até 3 dias úteis). Após validação, o limite é recalculado automaticamente. |\n| **Contrato do CDC não assinado** | Pergunte se aderiu às Cláusulas Gerais (assinatura da Proposta/Contrato de Adesão). Se sim, prossiga a análise. Se não, informe os canais de adesão: App/site (Empréstimo > Solicitação de Crédito > Assinatura de contrato CDC); caixa eletrônico; agência. |\n| **Acordo de dívida vigente** | Contratação impossibilitada durante a vigência do acordo; após encerrado, pode verificar novamente. |\n| **Não correntista** | Exceto CDC Consignado e Crédito 13º Salário INSS (exigem ANC vigente), as demais linhas exigem conta corrente com ANC vigente. |\n| **Modalidade de conta simplificada (sem linhas de crédito)** | Não permite contratar linhas de crédito; se houver interesse, o cliente faz upgrade da conta pelo app (Menu > Upgrade de Conta), sujeito a análise de crédito na agência. |\n\n---\n\n## 7. Contratação não reconhecida\n\n### 7.1. Falsidade ideológica e fraude\nFraude com uso de documentos falsos para contratar produtos; a vítima costuma descobrir só quando seu CPF/CNPJ sofre restrição por inadimplência. Ver rotina 50111.\n- Falsidade em operação de não correntista: oriente comparecimento a qualquer agência com identificação e boletim de ocorrência.\n- Fraude – demais situações: ver rotina 50112.\n\n### 7.2. Contestação de operações via Correspondente (falha, suspeita de fraude/golpe)\nIndícios de falha ou fraude/golpe (presencial ou Duplo Sim): registre ocorrência e responsabilize a unidade de correspondentes/antifraude (código 800010):\n- **Assunto 50113** — contratação não reconhecida; divergente do solicitado; insatisfação com o contrato/descumprimento; falta de clareza.\n- **Assunto 50114** — suspeita de fraude/golpe: abordagem por suposta empresa vinculada ao banco, internalização por correspondente e transferência de recursos a terceiros pelo cliente.\n- **Assunto 50115** — contestação/suspeita de fraude em operação via Correspondente ainda pendente de confirmação.\n\n> No módulo de SAC e Ouvidoria (assuntos 50113/50114), é obrigatório selecionar o produto/modalidade — só aparecem operações contratadas via Correspondente; caso contrário, o registro não é possível. Ao selecionar a operação, os dados de identificação do correspondente, do CDC e da chave de operação são preenchidos automaticamente (não editáveis).\n\n---\n\n## 8. Limite Especial da Conta\n\n### 8.1. Cancelamento do Limite Especial da Conta\na) Pode ser solicitado a qualquer tempo por qualquer titular.\nb) Ao ser solicitado, sonde o motivo e, se cabível, argumente: sem tarifa; limite disponível para emergências sem custo se não usado; cancelar não garante nova contratação futura; é possível reduzir para R$ 100,00 em vez de cancelar. O cliente não pode estar usando o limite no momento (se estiver, oriente cobrir o saldo). Se aceitar reduzir, siga para 8.2. *(Em Ouvidoria, cancelar direto, sem sondagem.)*\nc) Se decidir manter, encerre em FCR.\nd) Se insistir no cancelamento, verifique viabilidade:\n\n**Procedimento (cliente autenticado por URA/Token/IP):**\n> Não cancelar se o cliente estiver usando o limite; se houver juros/IOF a cobrar, é necessário saldo. Falha de autenticação: registre ocorrência.\n- **Atendente:** confira saldo suficiente (extrato) para limite + juros + IOF (desconsiderar valores provisionados); se insuficiente, peça depósito equivalente e informe que o cancelamento pode ser pedido no SAC/agência após o depósito; encerre em FCR. Cancele na plataforma (`Contas > Limite Especial da Conta PF > Implantação, Alteração, Renovação e Cancelamento > Cancelar > Registrar`) e peça deferimento ao supervisor.\n  > Se aparecer ""(27) Já existe comando de implantação para esta conta."", registre ocorrência. Se aparecer ""já existe solicitação pendente de deferimento"", peça o deferimento ao supervisor; se não localizar ou houver erro, abra ocorrência.\n- **Supervisor:** confirme dados (nome, produto, valor); defira (`Deferimentos e Pendências > Limite Especial da Conta Pessoa > Cancelamento > Deferimento`); confirme para o atendente prosseguir.\n- **Atendente:** informe o cancelamento e a disponibilidade da agência para recontratação futura; encerre e registre FCR. *(Se o supervisor não conseguir deferir, registre ocorrência.)*\n\n### 8.2. Redução do Limite Especial da Conta\na) Se o pedido for por causa da tarifa, esclareça que ela não é cobrada; se insistir, siga abaixo.\nb) Identifique PF e titular da conta.\nc) Cliente autenticado:\n- **Atendente:** verifique saldo suficiente para que a redução não deixe o saldo excedido; se preciso, peça depósito e informe que a redução pode ser pedida via app, WhatsApp, SAC ou agência após o depósito. Modalidade ""Ouro"" (limite ≥ R$ 1.000,00) reduzida para entre R$ 100,00 e R$ 950,00 muda para ""Classic"" (diferenças na rotina 50116). Se o cliente concordar, altere modalidade/limite na plataforma e peça deferimento ao supervisor.\n- **Supervisor:** confirme dados; defira (`Deferimentos e Pendências > Limite Especial da Conta Pessoa Física > Alteração > Deferimento`); confirme para o atendente prosseguir.\n- **Atendente:** informe a redução realizada; para elevar no futuro, indicar app/agência. Encerre e registre FCR. *(Se o supervisor não conseguir deferir, registre ocorrência.)*\n\n### 8.3. Alterar data de débito dos juros\nFalha de autenticação: informe os canais. Acesse `Plataforma > Contas > Limite Especial da Conta PF > Alterar > Tipo de Alteração – ""Dia do débito""` e escolha um dia entre 1 e 28. A alteração só vale a partir do mês seguinte à solicitação.\n\n---\n\n## 9. Rotinas auxiliares (índice de empréstimos)\n\n| Código (anonimizado) | Assunto |\n|---|---|\n| 50107 | CDC – Condições Gerais / Contrato |\n| 50108 | Crédito Consignação e Renovação – Correntista e não correntista |\n| 50118 | Crédito Consignação – INSS |\n| 50119 | Crédito Automático |\n| 50120 | Crédito Benefício |\n| 50121 | Crédito Salário e Salário Funci |\n| 50122 | Crédito Renovação e Renovação Funci |\n| 50123 | Crédito 13º Décimo Terceiro Salário |\n| 50124 | Crédito 13º Décimo Terceiro Salário – Não Correntistas |\n| 50125 | CDC Antecipação Restituição IRPF |\n| 50126 | CDC Antecipação Saque Aniversário FGTS |\n| 50117 | Crédito Parcelamento Cheque Especial (Limite Especial da Conta) |\n| 50104 | Autorização de Débito – Empréstimos, CDC e outros (Resolução CMN 4.790/2020) |\n| 50127 | Crédito do Trabalhador – Novo modelo de Crédito Consignado do Setor Privado |\n| 50128 | Crédito do Trabalhador – Atendimento ao Empregador |\n\n---\n\n## 10. Fonte de informação\n\nDepartamento responsável: **DOC – Diretoria de Operações de Crédito** (código 800020).\n']","Com 'Op' pendente de confirmação, pode excluir a repactuação; se já confirmada, só liquidação/pagamento total. Convênio Especial 17 tem repactuação com suspensão (rotina 50109).",CONDITIONAL_WORKFLOW,0.825,,0.7692307692307693,0.8153807711188844,1.0,0.9999999999
"Por que pedem autorização para debitar meu CDC?
[Dados coletados via clarificação: canal_tentado=app; tipo_cliente=correntista]","A solicitação de autorização para o débito de parcelas de CDC em sua conta corrente é uma medida necessária para atender à **Resolução CMN 4.790/2020**.

Desde 1º de março de 2021, para que qualquer operação de crédito seja debitada diretamente em sua conta, é obrigatória a existência de uma autorização específica concedida pelo cliente. Este procedimento visa garantir que o débito esteja em conformidade com as normas vigentes.

Para mais informações e detalhes sobre os procedimentos relacionados a essa autorização, você pode consultar a **rotina auxiliar de código 50104**.

### References

- [2] POP – Atendimento de Operações de CDC (Crédito Direto ao Consumidor) – Pessoa Física","['# POP – Atendimento de Operações de CDC (Crédito Direto ao Consumidor) – Pessoa Física\n### [Versão anonimizada/pseudonimizada para uso acadêmico]\n\n> **Nota metodológica de anonimização:** este documento é uma versão pseudonimizada de uma rotina real de atendimento (SAC) de operações de crédito pessoa física. Foram substituídos: (i) o nome da instituição financeira e de seus canais/site/e-mail; (ii) os nomes de sistemas internos claramente proprietários; (iii) nomes e códigos de convênios de consignação com órgãos públicos; (iv) códigos de prefixo/departamento interno; e (v) números de rotinas/assuntos auxiliares referenciados ao longo do texto — todos substituídos por identificadores fictícios e sequenciais. A lógica processual, as condições, exceções e o fluxo de decisão originais foram mantidos integralmente, o que preserva o valor do documento como exemplo de POP para fins de extração de árvore de decisão. Termos e siglas genéricas do setor bancário (CDC, SAC, Ouvidoria, TAA, URA, FCR, ANC, Token, Identificação Positiva) e referências a normas públicas (Resolução CMN 4.790/2020, INSS) foram mantidos, por não serem exclusivos de uma única instituição.\n\n**Sumário:** Observações iniciais · 1. Consulta geral CDC · 2. Débito da parcela CDC · 3. Simulação/Contratação · 4. Cancelamento de CDC · 5. Liquidação/Amortização · 6. Dificuldade para contratação · 7. Contratação não reconhecida · 8. Limite Especial da Conta · 9. Rotinas auxiliares · 10. Fonte de informação\n\n---\n\n## Observações iniciais\n\na) Esta rotina destina-se ao atendimento das operações de crédito PF listadas no item 2. Para os casos abaixo, consulte rotinas específicas:\n- **FIES:** rotina 50101 – SAC QC – Financiamento Estudantil (FIES)\n- **Financiamento imobiliário:** rotina 50102 – SAC QC – Financiamento Imobiliário\n- **Renegociação de dívidas:** rotina 50103 – SAC QC – Renegociação de Dívidas Pessoa Física e Jurídica\n\nb) **Autorização de Débito em Conta:** a partir de 01/03/2021, para que uma operação seja debitada em conta, é necessária autorização específica do cliente para o débito. Ver informações e procedimentos na rotina 50104.\n\nc) **Canais para contratação de CDC:** [link para os canais de contratação]\n\n---\n\n## 1. Consulta geral CDC\n\nPara verificar as informações da operação, identifique se o consumidor é PF e titular da operação. Em caso de FALHA, RECUSA ou INAPLICABILIDADE de Identificação Positiva (IP), registre ocorrência.\n\n| Demanda | Consulta |\n|---|---|\n| a) Informações gerais do CDC | `SISALFA > CDC > 15 > 18` — em ""Código do Cliente"" pressione F4, inclua o CPF e selecione a operação. Clique em F2 > Outros dados > 4. Cronograma. Principais informações: modalidade do CDC, data de vencimento, parcelas pagas e data de pagamento (mais detalhes no item 2), parcelas a vencer, parcelas em atraso, taxas de juros ou CET. |\n| b) Saldo atualizado total | `SISALFA > CDC > 15 > 18` — mesmo caminho acima; após selecionar a operação, verifique o campo ""Saldo devedor atual"". Esse é o saldo do dia, com atualização diária. |\n| c) Parcelas, valores pagos, juros, datas de pagamento | `SISALFA > CDC > 15 > 18` → Agência/Conta → selecione a operação → F2 → 4. Cronograma → selecione a parcela (""P"" indica pagamento parcial) → F9 (detalhe) → F12/F11 (pagamentos e parcelas). O ""total recebimento parcial"" é o valor recebido naquela parcela. |\n| d) Consultar CDC liquidado, renovado ou excluído | `SISALFA > CDC > 15 > 18`, em ""Código do Cliente"" pressione F4 e insira o CPF — NÃO selecione nenhuma operação e pressione F11. F12 para operações arquivadas. |\n| e) Consulta de cláusulas gerais ou documentos do CDC contratado | Cláusulas gerais consultáveis em: **App Alfa** (Menu > Empréstimos > Contratar empréstimo > Aderir ao contrato); **site institucional**, inclusive para não correntista (Página inicial > Pra você > Empréstimo > Empréstimo pessoal > Contrato de abertura de crédito rotativo); **site institucional (área logada)** (Menu > Empréstimos > Crédito consignado e pessoal > Aderir Contrato de Empréstimo). Documentos do CDC contratado: Extrato de Empréstimo (parcelas pagas/a pagar) — App, site, caixas eletrônicos ou agências; Consolidado Anual (valores por exercício) — site ou agências; 2ª via do comprovante (com taxas) — App ou agências. |\n\n---\n\n## 2. Débito da parcela CDC (data ou valor divergente, duplicidade)\n\nPara identificar o débito questionado, consulte o extrato em `Plataforma de Relacionamento (Operações Contratadas) > Contas > Consultas > Extrato Conta Corrente`. O número da operação consta no campo ""Documento"" (9 dígitos).\n\nSituações possíveis: débito antes/depois do vencimento contratual; valor divergente; duplicidade (folha + conta); débito em conta errada.\n\n**Consulta:** `CDC 15.13` (F4 – CPF) → selecione a operação → F2.4 (cronograma) → selecione a parcela com ""x"" → F9 (detalhar) → F12 (mais informações) → F3 (voltar) e copie o nº da operação → `CDC 13.61` (cole o nº como ""nº contrato"") para ver como ocorreu o pagamento.\n\nSiga então a orientação por modalidade:\n\n### CDC Consignação ou CDC Renovação Consignação\nDébito ocorre na folha de pagamento. a) Se não consignada (ou parcial), o débito ocorrerá total/parcial em conta. b) Se liquidado/renovado mas houve consignação, o estorno é automático em conta em até D+2 dias úteis, exceto para os convênios de código 900001 (INSS — devolução a partir do 5º dia útil) e código 900002 (MPDG — devolução até o 1º dia útil).\n\n1. Consulte a parcela: `CDC 15 > 13 > F2 > 4` (datas); `CDC 15 > 13 > F8 > F9` (mês/ano da folha). *Consig total* = debitada integralmente em folha; *Consig parcial* = debitada parcialmente (verifique o restante em conta); *Não consignada* = sem débito em folha; *Incluída* = ainda não vencida; *Enviada* = empregador não retornou (sem repasse, o débito ocorre em conta).\n2. Confirme a consignação em `SISCONSIG 22 > 01 > 01` (Convênio, Data Prevista, nº Operação — dados em `CDC 15.13`); selecione ""x"" e F9: ""Tipo Lançamento"" *Amortização* = consignado; *Devolução* = não consignado, devolvido à conta.\n3. Preste as informações.\n4. Se o cliente disser que a parcela foi consignada em folha mas também há débito agendado em conta: verifique o extrato (agendado ou debitado); se debitado, verifique devolução; se a data for hoje/próximo dia útil, oriente aguardar o processamento noturno (tende a ser excluído) e encerre em FCR. Se confirmada duplicidade sem estorno, ou se o sistema não mostra consignação mas o cliente afirma o desconto, registre ocorrência e oriente o envio de cópia do contracheque para `sacdocumentos@bancoalfa.com.br`.\n\n> **Crédito do Trabalhador** (identifique pelo campo ""Convênio"" = ""E-Consig PJ"" em `CDC > 15 > 13`): exigir contracheque da competência anterior ao débito (ex.: débito no mês 09 → contracheque do mês 08) e o documento ""Detalhe da guia emitida"" (com a instituição que recebeu o valor) + comprovante de pagamento da guia, fornecidos pela empresa.\n\n### CDC Salário, CDC Benefício e CDC Renovação\nDébito no dia do crédito do salário/benefício, mesmo que divergente do vencimento contratual (cobrança antecipada gera desconto proporcional). Renovação com convênio: débito na data de crédito de proventos; sem convênio: na data de vencimento.\n\n1. Verifique no extrato o recebimento de salário no dia do débito.\n2. Compare a data de débito (`CDC 15 > 13 > F2 > 4`) com a cadastrada em `CDC 24 > 14` e `SISPAG 11 > 13 > 36 > Consulta on line`.\n3. Se ambos ocorrerem após o vencimento do contrato, registre ocorrência.\n4. Preste as informações.\n\n### CDC Automático\nDébito em conta (corrente ou salário) na data de vencimento informada na autorização; há opção de boleto (gerado pelo cliente ou se a autorização foi cancelada).\n\n**Duplicidade:** 1. Verifique boleto pago + débito em conta (`CDC 13 > 61`, ""Forma Pagto"": Rcbto Autom e Boleto Banc); confira estorno (campo ""Dt. Canc."" preenchido = houve estorno). 2. Se confirmada duplicidade sem estorno, estorne em `CDC 13 > 91 > 11 > 6` (o sistema só estorna do mais recente para o mais antigo; se o pagamento em conta foi parcial e só for possível estornar o boleto mais recente, isso deixaria a operação em atraso — nesse caso, estorne primeiro o ""Boleto Bancário"" e depois o ""Recebimento Automático"", só se não houver débitos pendentes). Peça ao supervisor para receber o valor correto em `CDC 13.23`; confirme a data de recebimento retroativo em `CDC 13.61`.\n> Para recebimento por débito em conta em operações contratadas a partir de 01/03/21, é necessária autorização específica do cliente.\n\n### CDC 13º Salário\nDébito em parcela única. **Com convênio:** na data de cobrança (recebimento do 13º, informado pelo empregador) OU no vencimento (30 dias após o crédito do 13º), o que ocorrer primeiro — exceto convênios com 13º vinculado ao aniversário do cliente. **Sem convênio:** na data escolhida na contratação.\n\n- Convênio consta em `SISALFA > CDC 15.13`.\n- **Com convênio:** data de cobrança em `CDC 22 > 10 > 5d` (código de linha 3100; nº convênio em `CDC 15 > 13`); vencimento em `CDC 15 > 13 > F2 > 4`. 1. Informe que o débito ocorre na data de cobrança; se o 13º não for creditado, tenta-se o débito na data de cobrança ou vencimento (o que ocorrer primeiro). 2. Verifique como ocorreu em `CDC 15 > 13 > F2 > 4`. 3. Preste as informações.\n  > **Obs.:** se a data de cobrança mudar por solicitação do empregador, o vencimento pode ser antecipado. *Ex. 1:* cobrança cadastrada 30/06/26 → vencimento 30/07/26; se a cobrança mudar para 30/08/26, cobra-se em 30/07/26 (o que ocorrer primeiro). *Ex. 2:* se o 13º do convênio está vinculado ao mês de aniversário, cobrança e vencimento caem no mês de aniversário do cliente.\n- **Sem convênio:** débito no vencimento (`CDC 15 > 13 > F2 > 4`).\n\n### CDC Antecipação IRPF\nDébito (a) na data prevista do crédito da restituição, ou (b) no vencimento contratual, se o crédito não ocorrer antes.\n1. Informe a regra acima. 2. Consulte `CDC 15 > 13 > F2 > 4`. 3. Preste as informações.\n\n### CDC Antecipação Saque Aniversário FGTS\nLiquidação automática via repasse do FGTS; débito em conta só se o repasse for insuficiente.\n1. Consulte `CDC 15 > 13 > F2 > 4`. 2. Preste as informações.\n\n### Orientações complementares\na) Reclamação de saldo aprovisionado em fim de semana/feriado: explique que, pelas cláusulas gerais do contrato de conta, a liberação de débitos nesses períodos depende do saldo após deduzir débitos programados para o 1º dia útil seguinte.\nb) **Boleto:** algumas linhas permitem gerar boleto (rotina 50107); se houver duplicidade (conta + boleto), estorne como em ""CDC Automático"". Não aplicar esse procedimento a CDC Consignação/Renovação Consignação/FGTS Saque Aniversário se a forma de pagamento foi ""Cta Convênio"" — para forma de pagamento via `SISALFA` ou ""Boleto Bancário"", o estorno é permitido.\nc) Mais informações: ver rotinas auxiliares (item 9).\nd) Se não for possível identificar o motivo, ou o cliente permanecer insatisfeito, registre ocorrência.\n\n---\n\n## 3. Simulação/Contratação de Empréstimos\n\nCDC é um empréstimo pessoal automatizado, pré-aprovado, disponível em conta corrente. Solicitação exclusiva do titular.\n> Se o cliente quiser alterar o vencimento da prestação: após a confirmação do contrato isso não é possível. Alternativa: contratar CDC Renovação (se a linha permitir e houver limite), indicando o vencimento mais adequado.\n\n**Procedimento:** verifique se a Análise de Crédito (ANC) está vigente em `Plataforma de Relacionamento (Operações Contratadas) — aba Limite de Crédito`, campo ""Situação do limite"".\n\n| Status do limite | Procedimento |\n|---|---|\n| Vencida, Impedida, Cancelada, Suspensa, Em transferência, Em estudo, Indeferida, ou Vigente com Limite Total–Margem zerado | Informe que não há limite disponível; o cliente deve ir a qualquer agência com identificação (RG/CPF), comprovante de residência e de renda (emitidos há menos de 90 dias, mesmo que pela internet). Consulte a rotina 50105 para possibilidade de restabelecimento. |\n| Vigente (algum valor em Limite Total–Margem) | Não informe o valor ao cliente. Dentro do horário de atendimento (9h–18h), pergunte se autoriza transferência para a Central de Consultoria em Uso Responsável do Crédito (rotina 50106). Se não autorizar, ou fora do horário, informe as opções: Central de Consultoria; App Alfa > Empréstimo; site > Empréstimo; caixa eletrônico (TAA) > Empréstimo. |\n\n---\n\n## 4. Cancelamento de CDC\n\nCancelamento permitido em até 7 dias corridos (a partir do dia seguinte à liberação do crédito), se contratado por canal de autoatendimento (App, site, caixas eletrônicos ou telefone), pelo titular, autenticado (URA, Token ou Identificação Positiva).\n\n> **Atenção:** o cancelamento da linha 2881 – Crédito Renovação Consignação está restrito ao departamento **DOC – Diretoria de Operações de Crédito** (código 800020) para os convênios: Convênio Especial 01 (700001), 02 (700002), 03 (700003), 04 (700004), 05 (700005), 06 (700006), 07 (700007), 08 (700008), 09 (700009), 10 (700010), 11 (700011), 12 (700012), 13 (700013), 14 (700014), 15 (700015) e 16 (700016). É necessário haver margem suficiente para reaverbação das operações vinculadas à renovação cancelada.\n> O cancelamento da mesma linha para o Convênio Especial 17 (700017) está restrito à **Superintendência Regional III** (código 800030). Ver rotina 50108.\n\nAntes do procedimento, informe o número da operação e que, após o cancelamento, o comando não pode ser desfeito.\n\n### 4.1. Cancelamento de proposta CDC NÃO CONFIRMADA\n`SISRET Y09` — copie o nº da operação (documento, 9 dígitos). `CDC 11.13` → inclua o nº a cancelar. Em ""Exclusão de operação – Confirma?"", responda ""S"". Motivo: ""08 – Exclusão a pedido do cliente – Desistência"". Verifique a mensagem ""Cancelamento da Proposta efetuado em XX/XX/XX às XX:XX:XX por FXXXXX""; se diferente, registre ocorrência.\n> Atenção a operações via Correspondente – LOG 633 ""Operação Novo Fluxo Correspondente/Parceiro Comercial"" (`CDC 15.18.F2.8`). Se pendente de confirmação, registre ocorrência (motivo obrigatório; não oriente o cliente a excluir por autoatendimento).\n\n### 4.2. Cancelamento no MESMO DIA ou DIA ÚTIL SEGUINTE (contratação em dia não útil)\nPermitido para contratações presenciais e não presenciais, todos os canais. Uso do Limite Especial da Conta gera juros e IOF. Cancele em `CDC 14`; se falhar, registre ocorrência.\n\n### 4.3. Cancelamento em até 7 DIAS CORRIDOS (a partir do dia seguinte ao crédito)\n**Via TAA/internet/App/telefone (Duplo Sim):** consulte `CDC 15.18.F2.8` (log) — canal no log 201: *Duplo Sim* → campo ""Ocor"" LOG 201 e 493; *Correspondente* → registre ocorrência. (Contestação: ver item 7.2.)\n**Presencial na agência:** só cancela no mesmo dia (ver item 4.2)! A partir do dia seguinte, só liquidação. Se o cliente relatar falhas, registre ocorrência.\n\nVerifique saldo para o débito (ou ""troco"" nas Renovações — `CDC 15.18.F2.5 Contratos Vinculados` mostrará o `SISCLI`; informe o valor), considerando Limite Especial ou resgates automáticos. Oriente manter saldo (débito à noite); uso do Limite Especial gera juros/IOF. Se discordar, só liquidação/amortização/pagamento. Cancele em `CDC 14`; se falhar, registre ocorrência.\n> No cancelamento de CDC Antecipação Saque Aniversário FGTS, o desbloqueio da garantia é automático. Log ""1120 – Operação Contratada com Parcela Pix"" = produto Alfa Parcela Pix (mesmo procedimento de Duplo Sim).\n\n### 4.4. Cancelamento de REPACTUAÇÃO\n`CDC 15.13`, selecione a operação. Se constar ""Op"" pendente de confirmação, pode excluir; se confirmada, só liquida/paga total.\n> *Convênio Especial 17:* tem repactuação de CDCs consignados com suspensão de cobrança (rotina 50109).\n\n### 4.5. Cancelamento do produto de pagamento parcelado de contas\nVer item 10 da rotina 50110.\n\n### 4.6. Pedido após 7 dias, ou contratação presencial (pedido fora do mesmo dia)\nSó é possível a liquidação.\n> Obs. 1: presencial só cancela no mesmo dia (item 4.2). Obs. 2: exclusivamente para CDC Renovação, se a liquidação antecipada não puder ser feita, registre ocorrência para avaliar cancelamento (informar que o IOF será cobrado em conta). CDC Renovação sem ""troco"" é cancelável se a contratação não foi presencial e o pedido ocorreu em até 7 dias.\n\nCancele em `CDC > 14`. Em caso de erro, registre ocorrência.\n\n---\n\n## 5. Liquidação / Amortização\n\nSolicitação exclusiva do titular.\n\n### 5.1. Amortização/Liquidação ANTECIPADA ou operação EM ATRASO\n**Demanda:** quitação parcial/total antes do vencimento e/ou parcelas em atraso.\n> Pagamento via boleto: emitido em agência, pago no mesmo dia (saldo atualiza diariamente); se não pago no mesmo dia, o mesmo boleto ainda serve, pois o saldo é recalculado.\n\nSe não autenticado (URA/Token/IP), informe os canais. Cancelamento da amortização/liquidação só no mesmo dia, e só com margem disponível (item 5.3). Somente com recursos próprios; há redução proporcional de juros.\n\n**Tipos** (parcelas em atraso sempre em ordem crescente): **Crescente** (da próxima parcela em diante); **Decrescente** (da última parcela para trás); **Linear** (amortiza o saldo total sem alterar o cronograma; recalcula as parcelas a vencer).\n> Linear NÃO permitido para CDC Consignado, nem para operações fora do status ""Normal"", com pagamento parcial, em cobrança, ou com ""Pula-Parcela"". ""Em cobrança"" não aceita nenhuma amortização.\n\n| Necessidade do cliente | Tipo de amortização |\n|---|---|\n| Parar de pagar as próximas prestações por um período | Liquidação antecipada de parcelas integrais, ordem crescente |\n| Amortizar e continuar pagando as próximas prestações | Liquidação antecipada de parcelas integrais, ordem decrescente |\n| Reduzir o valor das prestações em toda a operação | Amortização linear |\n| Liquidar a operação | Quitação total, sempre em ordem crescente |\n\n> No CDC Consignado, pode haver desconto da próxima prestação em folha. Para Consignação/Renovação Consignação, prefira ordem decrescente (evita duplicidade em folha); se o cliente pedir crescente, informe o risco (o valor retorna no vencimento da parcela, se ocorrer).\n\n**Procedimento:** 1. Simule em `CDC 13.11.12`, informe o saldo atual (item 1b). 2. Verifique saldo suficiente (`Plataforma de Relacionamento > Contas > Extrato`), considerando saldo aprovisionado, tarifas pendentes, resgates automáticos e Limite Especial (a critério do cliente, com encargos). 3. Se insuficiente, oriente novo contato; se suficiente, execute em `CDC 13 > 21 > 12` (tipo: parcial/liquidação/linear; quantidade/valor; ordem).\n> Se o sistema indicar ausência de autorização de débito, siga a rotina 50104.\n\n**Leitura obrigatória ao cliente antes da confirmação** (""Sr(a). ___, para sua segurança, faremos a leitura das condições:""):\n- **Parcial/liquidação:** agência/conta; valor base da parcela; encargos por atraso; desconto de antecipação; variação Selic; valor a amortizar; total de parcelas; ordem escolhida.\n- **Linear:** valor base; desconto aproximado; variação Selic; valor da parcela inicial; novo valor da parcela; quantidade de parcelas.\n\nApós a leitura: ""Podemos confirmar a liquidação/amortização?"" (F3, sem impressão). Supervisor confirma em `CDC 13.21.52`. Informar necessidade de saldo em conta. Comprovante: ""o débito ocorre ainda hoje; confirme pelo extrato. Para comprovante detalhado, solicite em qualquer agência o documento \'Demonstrativo de Origem e Evolução de Dívida – Crédito Direto ao Consumidor\'.""\n\n### 5.2. Amortização/liquidação de operações ""EM PERDAS""\nIdentificação: `SISALFA > CDC > 15.13`. **Não informar ao cliente que a operação está em prejuízo.**\na) **Débito em conta:** verifique saldo suficiente (mesmas ressalvas do item 5.1); se insuficiente, oriente novo contato. Liquidação: comando em `CDC 13-34` + confirmação do supervisor em `CDC 13-36`. Amortização parcial: comando em `CDC 13-35` + confirmação do gerente de grupo em `CDC 13-36`.\nb) **Boleto bancário:** registre ocorrência.\n\n### 5.3. Cancelamento da amortização ou liquidação antecipada\nSe só houve o comando do atendente (`CDC 13.21.12`) no mesmo dia: cancele em `CDC 13.91.51`. Se já confirmado pelo supervisor (`CDC 13.21.52`): faça o estorno (item 5.5).\n> O registro do atendente fica pendente de confirmação apenas no mesmo dia; se não confirmado, é excluído automaticamente no dia seguinte.\n\n### 5.4. Liquidação – Desaverbação/Liberação de Margem Consignável\nSe o cliente relatar que liquidou/cancelou mas não houve liberação de margem, ou a parcela segue sendo debitada, registre ocorrência.\n\n### 5.5. Estorno de pagamento antecipado\n**Demanda:** pagamento antes do vencimento, ou débito indevido em conta (ex.: pela agência).\n> Não aplicar a Consignação/Renovação Consignação/FGTS Saque Aniversário se a forma de pagamento foi ""Cta Convênio""; para `SISALFA` ou ""Boleto Bancário"", o estorno é permitido (ver item 2).\n\n1. Analise o motivo (não é permitido estornar e deixar em atraso). 2. Verifique vencimento (`CDC 15.13.F2.4`) e pagamento de salário (`SISPAG 11 > 13 > 36 > Consulta on line`). 3. Se não venceu e não houve crédito de salário, estorno possível (pagamento dentro de 30 dias, operação não atualizada). 4. Estorne em `CDC 13.91.11`. 5. Informe crédito no processamento noturno.\n> Se impossível estornar, ou outra duplicidade não sanável, registre ocorrência.\n\n---\n\n## 6. Dificuldade para contratação\n\n| Situação | Procedimento |\n|---|---|\n| **Renda desatualizada** | Verifique a última atualização; se >12 meses, oriente atualizar via App ou canal de autoatendimento (online; às vezes exige foto do documento, validação em até 3 dias úteis). Após validação, o limite é recalculado automaticamente. |\n| **Contrato do CDC não assinado** | Pergunte se aderiu às Cláusulas Gerais (assinatura da Proposta/Contrato de Adesão). Se sim, prossiga a análise. Se não, informe os canais de adesão: App/site (Empréstimo > Solicitação de Crédito > Assinatura de contrato CDC); caixa eletrônico; agência. |\n| **Acordo de dívida vigente** | Contratação impossibilitada durante a vigência do acordo; após encerrado, pode verificar novamente. |\n| **Não correntista** | Exceto CDC Consignado e Crédito 13º Salário INSS (exigem ANC vigente), as demais linhas exigem conta corrente com ANC vigente. |\n| **Modalidade de conta simplificada (sem linhas de crédito)** | Não permite contratar linhas de crédito; se houver interesse, o cliente faz upgrade da conta pelo app (Menu > Upgrade de Conta), sujeito a análise de crédito na agência. |\n\n---\n\n## 7. Contratação não reconhecida\n\n### 7.1. Falsidade ideológica e fraude\nFraude com uso de documentos falsos para contratar produtos; a vítima costuma descobrir só quando seu CPF/CNPJ sofre restrição por inadimplência. Ver rotina 50111.\n- Falsidade em operação de não correntista: oriente comparecimento a qualquer agência com identificação e boletim de ocorrência.\n- Fraude – demais situações: ver rotina 50112.\n\n### 7.2. Contestação de operações via Correspondente (falha, suspeita de fraude/golpe)\nIndícios de falha ou fraude/golpe (presencial ou Duplo Sim): registre ocorrência e responsabilize a unidade de correspondentes/antifraude (código 800010):\n- **Assunto 50113** — contratação não reconhecida; divergente do solicitado; insatisfação com o contrato/descumprimento; falta de clareza.\n- **Assunto 50114** — suspeita de fraude/golpe: abordagem por suposta empresa vinculada ao banco, internalização por correspondente e transferência de recursos a terceiros pelo cliente.\n- **Assunto 50115** — contestação/suspeita de fraude em operação via Correspondente ainda pendente de confirmação.\n\n> No módulo de SAC e Ouvidoria (assuntos 50113/50114), é obrigatório selecionar o produto/modalidade — só aparecem operações contratadas via Correspondente; caso contrário, o registro não é possível. Ao selecionar a operação, os dados de identificação do correspondente, do CDC e da chave de operação são preenchidos automaticamente (não editáveis).\n\n---\n\n## 8. Limite Especial da Conta\n\n### 8.1. Cancelamento do Limite Especial da Conta\na) Pode ser solicitado a qualquer tempo por qualquer titular.\nb) Ao ser solicitado, sonde o motivo e, se cabível, argumente: sem tarifa; limite disponível para emergências sem custo se não usado; cancelar não garante nova contratação futura; é possível reduzir para R$ 100,00 em vez de cancelar. O cliente não pode estar usando o limite no momento (se estiver, oriente cobrir o saldo). Se aceitar reduzir, siga para 8.2. *(Em Ouvidoria, cancelar direto, sem sondagem.)*\nc) Se decidir manter, encerre em FCR.\nd) Se insistir no cancelamento, verifique viabilidade:\n\n**Procedimento (cliente autenticado por URA/Token/IP):**\n> Não cancelar se o cliente estiver usando o limite; se houver juros/IOF a cobrar, é necessário saldo. Falha de autenticação: registre ocorrência.\n- **Atendente:** confira saldo suficiente (extrato) para limite + juros + IOF (desconsiderar valores provisionados); se insuficiente, peça depósito equivalente e informe que o cancelamento pode ser pedido no SAC/agência após o depósito; encerre em FCR. Cancele na plataforma (`Contas > Limite Especial da Conta PF > Implantação, Alteração, Renovação e Cancelamento > Cancelar > Registrar`) e peça deferimento ao supervisor.\n  > Se aparecer ""(27) Já existe comando de implantação para esta conta."", registre ocorrência. Se aparecer ""já existe solicitação pendente de deferimento"", peça o deferimento ao supervisor; se não localizar ou houver erro, abra ocorrência.\n- **Supervisor:** confirme dados (nome, produto, valor); defira (`Deferimentos e Pendências > Limite Especial da Conta Pessoa > Cancelamento > Deferimento`); confirme para o atendente prosseguir.\n- **Atendente:** informe o cancelamento e a disponibilidade da agência para recontratação futura; encerre e registre FCR. *(Se o supervisor não conseguir deferir, registre ocorrência.)*\n\n### 8.2. Redução do Limite Especial da Conta\na) Se o pedido for por causa da tarifa, esclareça que ela não é cobrada; se insistir, siga abaixo.\nb) Identifique PF e titular da conta.\nc) Cliente autenticado:\n- **Atendente:** verifique saldo suficiente para que a redução não deixe o saldo excedido; se preciso, peça depósito e informe que a redução pode ser pedida via app, WhatsApp, SAC ou agência após o depósito. Modalidade ""Ouro"" (limite ≥ R$ 1.000,00) reduzida para entre R$ 100,00 e R$ 950,00 muda para ""Classic"" (diferenças na rotina 50116). Se o cliente concordar, altere modalidade/limite na plataforma e peça deferimento ao supervisor.\n- **Supervisor:** confirme dados; defira (`Deferimentos e Pendências > Limite Especial da Conta Pessoa Física > Alteração > Deferimento`); confirme para o atendente prosseguir.\n- **Atendente:** informe a redução realizada; para elevar no futuro, indicar app/agência. Encerre e registre FCR. *(Se o supervisor não conseguir deferir, registre ocorrência.)*\n\n### 8.3. Alterar data de débito dos juros\nFalha de autenticação: informe os canais. Acesse `Plataforma > Contas > Limite Especial da Conta PF > Alterar > Tipo de Alteração – ""Dia do débito""` e escolha um dia entre 1 e 28. A alteração só vale a partir do mês seguinte à solicitação.\n\n---\n\n## 9. Rotinas auxiliares (índice de empréstimos)\n\n| Código (anonimizado) | Assunto |\n|---|---|\n| 50107 | CDC – Condições Gerais / Contrato |\n| 50108 | Crédito Consignação e Renovação – Correntista e não correntista |\n| 50118 | Crédito Consignação – INSS |\n| 50119 | Crédito Automático |\n| 50120 | Crédito Benefício |\n| 50121 | Crédito Salário e Salário Funci |\n| 50122 | Crédito Renovação e Renovação Funci |\n| 50123 | Crédito 13º Décimo Terceiro Salário |\n| 50124 | Crédito 13º Décimo Terceiro Salário – Não Correntistas |\n| 50125 | CDC Antecipação Restituição IRPF |\n| 50126 | CDC Antecipação Saque Aniversário FGTS |\n| 50117 | Crédito Parcelamento Cheque Especial (Limite Especial da Conta) |\n| 50104 | Autorização de Débito – Empréstimos, CDC e outros (Resolução CMN 4.790/2020) |\n| 50127 | Crédito do Trabalhador – Novo modelo de Crédito Consignado do Setor Privado |\n| 50128 | Crédito do Trabalhador – Atendimento ao Empregador |\n\n---\n\n## 10. Fonte de informação\n\nDepartamento responsável: **DOC – Diretoria de Operações de Crédito** (código 800020).\n']","Desde 01/03/2021, o débito em conta exige autorização específica do cliente (Resolução CMN 4.790/2020). Sem autorização indicada pelo sistema, seguir a rotina 50104 de Autorização de Débito.",REGULATORY_TIMELINE,0.8052,,0.75,0.8724459884437519,1.0,0.9999999999
