question,answer,contexts,ground_truth,question_type,latencia_total_s,ttft_s,faithfulness,answer_relevancy,context_recall,context_precision
"Um cliente não correntista com ANC vigente e limite disponível entra em contato via canal SAC e o atendente identifica que ele realizou apenas a autenticação por senha na URA, falhando no envio do Token exigido pela rotina 50148. O atendente pode prosseguir com a consulta e alteração do limite único utilizando apenas a validação da URA para agilizar o atendimento?","Não, o atendente **não deve prosseguir** com a consulta ou alteração do limite.

De acordo com as normas de segurança bancária e as diretrizes de prevenção à fraude, a autenticação por senha na URA é considerada um fator de segurança insuficiente para operações que envolvem alteração de limites ou dados sensíveis.

A rotina mencionada (que exige o Token) é uma camada adicional de segurança (autenticação de dois fatores) desenhada justamente para garantir que o solicitante é, de fato, o titular da conta ou do produto. Ignorar essa etapa para ""agilizar o atendimento"" viola os protocolos de segurança e expõe a instituição e o cliente a riscos de fraude.

**O procedimento correto é:**
1. Informar ao cliente que, por questões de segurança, a operação exige a validação via Token.
2. Orientar o cliente sobre como gerar ou receber o Token corretamente.
3. Caso o cliente não consiga realizar a autenticação, o atendimento deve ser interrompido ou direcionado para uma agência física, onde a identidade possa ser confirmada presencialmente com documento oficial com foto.

**Nunca contorne protocolos de segurança em nome da agilidade.**","['# POP – Limites do Cartão de Crédito PF\n### [Versão anonimizada/pseudonimizada — documento avulso da série]\n\n> **Nota metodológica:** mesma metodologia e pseudônimos dos POPs anteriores. As rotinas 56658 (Token) e 1520 (Aumento/redução de limite) já constavam na chave (50148 e 50190, respectivamente) — mantidos os mesmos códigos.\n\n## Consulta de limite\n\n**Primeiro processo: realizar a autenticação por Token — procedimento obrigatório para todos os clientes.**\nAtendimentos QP e QC: Plataforma de Relacionamento, ATA e SAC — Senha + Token.\n\n**Para clientes com autenticação por senha (URA):**\n- Faça a autenticação por Token, conforme rotina 50148:\n  - **Se houver sucesso** no envio do Token, é possível consultar e/ou alterar o limite único do correntista e do não correntista com ANC vigente e limite disponível.\n  - **Se não houver sucesso**, indique os canais disponíveis para alteração e consulta do limite, conforme item 3 da rotina 50190.\n\n**Para clientes sem autenticação por senha (URA):**\n- Caso o cliente não esteja autenticado por senha, não prossiga — indique os canais disponíveis para alteração e consulta do limite, conforme item 3 da rotina 50190.\n\n## Consultar o limite\n\nO atendente verifica na ferramenta SISALFA o limite disponível e, em seguida, informa os demais canais onde o cliente pode consultar essa informação.\n\n**a) Acessos:**\n- **Plataforma de Relacionamento/SAC:** no SISALFA, acesse o aplicativo cartão `17.01.01.9.22 F10` (o limite disponível está no campo ""Limite Créd. Dispon."").\n- **QC:** Plataforma de Relacionamento (Operações Contratadas) > Cartões > Cartão de Crédito > Limite.\n\n**b)** Após informar o limite ao cliente, informe também os canais em que ele pode consultá-lo:\n- WhatsApp Alfa — direto com o bot: basta digitar ""limite Cartão Alfa"";\n- App Alfa e App Cartão Alfa;\n- Autoatendimento pela internet;\n- Plataforma de Relacionamento (URA);\n- Caixa Eletrônico.\n']","Não. De acordo com o POP, a autenticação por Token é um procedimento obrigatório para todos os clientes. Para clientes com autenticação por senha (URA) onde não houver sucesso no envio do Token, o atendente não deve realizar a consulta/alteração e deve indicar os canais disponíveis conforme o item 3 da rotina 50190. Da mesma forma, para clientes sem autenticação por senha (URA), o procedimento determina expressamente que não se deve prosseguir, devendo também indicar os canais disponíveis da rotina 50190.",CONDITIONAL_WORKFLOW,5.1583,,0.2,0.8846509672637545,1.0,0.9999999999
"Durante um atendimento na Plataforma de Relacionamento (QP) para um correntista, o atendente executa a autenticação por Token (rotina 50148) obtendo sucesso, realiza a consulta do limite disponível no SISALFA (`17.01.01.9.22 F10`), informa o valor ao cliente e encerra o atendimento imediatamente após a confirmação. Essa conduta está totalmente em conformidade com as diretrizes do POP?","Com base nas diretrizes gerais de atendimento bancário e segurança da informação, a conduta descrita **não está totalmente em conformidade** com as boas práticas e os procedimentos operacionais padrão (POP) típicos do setor.

Embora a autenticação (Token) e a consulta ao limite tenham sido realizadas, a falha principal reside no **encerramento imediato após a confirmação**. Abaixo, os pontos de atenção:

1.  **Ausência de Oferta ou Verificação de Necessidade:** O atendimento bancário moderno exige que, após a resolução da demanda principal (consulta de limite), o atendente verifique se há outras necessidades do cliente ou realize uma oferta adequada ao perfil (venda consultiva). Encerrar imediatamente é considerado uma falha de produtividade e de relacionamento.
2.  **Protocolo de Encerramento:** O POP geralmente exige que o atendente siga um roteiro de finalização que inclua:
    *   Perguntar se há algo mais em que possa ajudar.
    *   Confirmar se a dúvida foi sanada.
    *   Utilizar a saudação de despedida padrão da instituição.
    *   Registrar o atendimento corretamente no sistema (o que muitas vezes é negligenciado quando o encerramento é abrupto).
3.  **Segurança e Registro:** Se o atendente não formaliza o encerramento com a devida anotação no sistema (histórico de atendimento), ele deixa o registro incompleto, o que pode gerar problemas em auditorias ou em atendimentos futuros, onde outro colega não saberá exatamente o que foi tratado.

**Conclusão:** A conduta é tecnicamente funcional quanto à segurança (autenticação), mas **operacionalmente incompleta**. O atendimento deve ser finalizado com a verificação de outras necessidades e a formalização adequada no sistema, garantindo a qualidade e a continuidade do relacionamento com o cliente.","['# POP – Limites do Cartão de Crédito PF\n### [Versão anonimizada/pseudonimizada — documento avulso da série]\n\n> **Nota metodológica:** mesma metodologia e pseudônimos dos POPs anteriores. As rotinas 56658 (Token) e 1520 (Aumento/redução de limite) já constavam na chave (50148 e 50190, respectivamente) — mantidos os mesmos códigos.\n\n## Consulta de limite\n\n**Primeiro processo: realizar a autenticação por Token — procedimento obrigatório para todos os clientes.**\nAtendimentos QP e QC: Plataforma de Relacionamento, ATA e SAC — Senha + Token.\n\n**Para clientes com autenticação por senha (URA):**\n- Faça a autenticação por Token, conforme rotina 50148:\n  - **Se houver sucesso** no envio do Token, é possível consultar e/ou alterar o limite único do correntista e do não correntista com ANC vigente e limite disponível.\n  - **Se não houver sucesso**, indique os canais disponíveis para alteração e consulta do limite, conforme item 3 da rotina 50190.\n\n**Para clientes sem autenticação por senha (URA):**\n- Caso o cliente não esteja autenticado por senha, não prossiga — indique os canais disponíveis para alteração e consulta do limite, conforme item 3 da rotina 50190.\n\n## Consultar o limite\n\nO atendente verifica na ferramenta SISALFA o limite disponível e, em seguida, informa os demais canais onde o cliente pode consultar essa informação.\n\n**a) Acessos:**\n- **Plataforma de Relacionamento/SAC:** no SISALFA, acesse o aplicativo cartão `17.01.01.9.22 F10` (o limite disponível está no campo ""Limite Créd. Dispon."").\n- **QC:** Plataforma de Relacionamento (Operações Contratadas) > Cartões > Cartão de Crédito > Limite.\n\n**b)** Após informar o limite ao cliente, informe também os canais em que ele pode consultá-lo:\n- WhatsApp Alfa — direto com o bot: basta digitar ""limite Cartão Alfa"";\n- App Alfa e App Cartão Alfa;\n- Autoatendimento pela internet;\n- Plataforma de Relacionamento (URA);\n- Caixa Eletrônico.\n']","Não está totalmente em conformidade. Embora a autenticação, a consulta no SISALFA e a informação do limite ao cliente tenham sido corretas, o POP determina obrigatoriamente que, após informar o limite, o atendente também deve informar os canais onde o cliente pode consultar essa informação futuramente (WhatsApp Alfa, App Alfa e App Cartão Alfa, Autoatendimento pela internet, Plataforma de Relacionamento (URA) e Caixa Eletrônico). O encerramento sem a indicação desses canais viola o fluxo obrigatório pós-consulta.",EDGE_CASE,15.3136,,0.0,0.7951116403306383,1.0,0.9999999999
"Um correntista com dispositivo móvel autorizado há 25 dias, que possui Alfa Code habilitado, geolocalização ativa e senha de 8 dígitos ativa (código 0), esqueceu a senha de 6 dígitos e deseja alterá-la pelo App Alfa sem possuir a senha anterior. O sistema permitirá a alteração imediata por esse canal, considerando o histórico do dispositivo e as opções disponíveis?","Com base nas práticas comuns de segurança bancária para dispositivos móveis, a resposta é **não**.

Mesmo com o dispositivo autorizado, geolocalização ativa e Alfa Code, a alteração da senha de 6 dígitos (geralmente utilizada para transações) sem o conhecimento da senha anterior **não costuma ser permitida de forma imediata e totalmente digital** por questões de segurança.

Aqui estão os motivos e o procedimento padrão:

1.  **Segurança contra fraude:** A senha de 6 dígitos é uma camada crítica de proteção. Permitir a alteração apenas com o dispositivo autorizado, sem a senha atual, abriria uma vulnerabilidade caso o aparelho fosse roubado e desbloqueado.
2.  **Procedimento padrão:** Na maioria dos bancos, quando o cliente esquece a senha de transação (6 dígitos) e não possui a anterior, o sistema exige uma **validação presencial** ou um processo de **reset assistido**.
3.  **O que o cliente deve fazer:**
    *   **Caixa Eletrônico:** O cliente deve se dirigir a um caixa eletrônico do banco, inserir o cartão físico e utilizar a biometria ou a senha de 8 dígitos (código 0) para realizar o desbloqueio ou a redefinição da senha de 6 dígitos.
    *   **Agência:** Caso não consiga pelo caixa eletrônico, será necessário comparecer a uma agência com documento de identificação original com foto.

**Resumo:** O sistema não permitirá a alteração imediata apenas pelo App, pois a ausência da senha anterior exige uma validação de identidade mais robusta (presencial) para garantir que o solicitante é, de fato, o titular da conta.","['# POP – Gestão de Senhas e Código de Acesso – Pessoa Física\n### [Versão anonimizada/pseudonimizada — documento complementar ao POP de CDC]\n\n> **Nota metodológica:** este documento usa a mesma metodologia e os mesmos pseudônimos institucionais do POP de CDC anonimizado anteriormente (Banco Alfa, SISALFA, App Alfa etc.). Termos novos e específicos deste documento (produtos de cartão, plataformas, rotinas) foram adicionados à mesma chave de correspondência (arquivo único, cumulativo). A lógica processual e as condições originais foram mantidas integralmente.\n\n**Sumário:** Notas iniciais · 1. Resumo das senhas · 2. Situação das senhas · 3. Correntistas e poupadores · 4. Não correntista · 5. Código de acesso · 6. Geração de senha PF · 7. Cliente no exterior · 8. Senha do portador adicional · 9. Acesso ao gov.br · 10. Central de Senhas PF · 11. Fontes de informação · 12. Rotinas absorvidas\n\n---\n\n## Notas iniciais\n\na) **Transferência de saldo/produtos entre agências:** a senha da agência de origem não é alterada; o cliente acessa normalmente a conta na agência de destino.\n\nb) Os procedimentos desta rotina não se aplicam a clientes PJ ou Setor Público. Para chave J e senhas (Alfa Digital PJ), ver rotina 50129.\n\nc) **Titulares solidários:** as senhas (6 e 8 dígitos) e o código de acesso são os mesmos para todos os titulares. Se um titular bloquear a senha, os demais ficam impossibilitados de realizar transações.\n\nd) **Push:** notificação recebida diretamente no App Alfa. Para ativar: 1) autorizar o App Alfa no sistema do celular (Android: Configurações > Receber Notificações; iOS: Ajustes > Receber Notificações); 2) ativar pelo App Alfa (área logada) em Perfil > Geral > Receber notificações.\n\ne) **Bloqueio de Canal:** consulte na plataforma em Segurança > Bloqueio de segurança > Histórico. Havendo bloqueio, o desbloqueio ocorre após a alteração das senhas de 6 e 8 dígitos — é obrigatório alterar primeiro a de 8 dígitos, depois a de 6. Use os itens 3 e/ou 4 para orientar os canais.\n\n---\n\n## 1. Resumo da utilização das senhas\n\n| Tipo de senha | Canais de utilização |\n|---|---|\n| Senha de 4 dígitos | Descontinuada |\n| Senha de 6 dígitos | Confirma transações de cartão débito e crédito. Plataforma de Relacionamento/URA: acesso, consulta e confirmação de transações da mesma titularidade. Site institucional (sem Alfa Code): confirmação de transações financeiras. App Alfa: confirmação de transações financeiras. WhatsApp Alfa: pode ser solicitada para confirmação de algumas transações. TCX, TAD, POS, correspondente bancário: confirmação de transações. TAA: confirmação de transações de beneficiários do INSS e de portadores de deficiência visual sem código de acesso. Banco 24 Horas e rede compartilhada (Banco Parceiro Beta): confirmação de transações de portadores de deficiência visual sem código de acesso. |\n| Senha de 8 dígitos | Site institucional, App Alfa, App Cartão Alfa e WhatsApp: acesso, consultas, transações financeiras e aquisição de produtos/serviços. |\n| Código de Acesso (letras, sílabas ou alfanumérico) | TAA, Banco 24 Horas e rede compartilhada: confirma transações, inclusive saques na função crédito do cartão. |\n| Conta de Acesso (senha alfanumérica) | Utilizada por não correntistas no App Alfa (versão não correntista). |\n\n---\n\n## 2. Situação das Senhas\n\n### 2.1. Consultas\n- Senhas de 6/8 dígitos e código de acesso — Quadro Próprio e Quadro Contratado: `SISALFA > SISRET > X69 > 2` (correntistas: agência e conta; não correntistas: número do cartão), campo STATUS (pode ser informado ao cliente).\n- Conta de Acesso (Quadro Próprio): `SISALFA > ACESSO > 32 > 01 > CPF`.\n\n### 2.2. Códigos aplicáveis a TODOS os tipos de senha\n| Código | Significado | Situação |\n|---|---|---|\n| 0 | Sem ocorrência de erro de digitação | Ativa |\n| 1 | Cliente errou a digitação uma vez | — |\n| 2 | Cliente errou a digitação duas vezes | — |\n| 3 | Cliente errou a digitação três vezes (se ocorrer na senha de 6 dígitos via APF, Mobile ou WhatsApp, o bloqueio ""3"" é aplicado também à senha de 8 dígitos) | Bloqueada |\n| 6 | Senha (PJ e Governo) cadastrada no Alfa Digital PJ, aguardando confirmação de um funcionário da agência | — |\n| 7 | Senha (PJ e Governo) cadastrada no Alfa Digital PJ, aguardando confirmação de dois funcionários da agência | — |\n| Q | Senha alterada no APF Internet sem Alfa Code, ou no APF Celular sem fotografar cartão válido (aguardando confirmação na TAA com biometria cadastrada há mais de 7 dias) | — |\n| U | Senha bloqueada pelo monitoramento de segurança dos canais de autoatendimento | — |\n\n### 2.3. Códigos exclusivos da senha de 6 dígitos\n| Código | Significado | Situação |\n|---|---|---|\n| A | Senha digitada errada 3 vezes | Bloqueada |\n| D | Erro na tentativa de desbloqueio na TAA, ou bloqueio feito pelo próprio cliente via APF Celular/Internet | — |\n\n### 2.4. Códigos exclusivos da senha de 8 dígitos\n| Código | Significado | Situação |\n|---|---|---|\n| T | Senha registrada antes de 2012 e bloqueada por não uso nos últimos 90 dias | Bloqueada |\n| D | Alteração iniciada via APF Celular, com falha na confirmação via TAA sem biometria | — |\n| P | Senha cadastrada via APF Internet/Celular, aguardando confirmação na TAA | — |\n| 4 | Erro na tentativa de desbloqueio via Mobile | — |\n| 8 | Senha bloqueada pela agência ou pelo próprio cliente nos canais de autoatendimento | — |\n\n### 2.5. Situações do código de acesso\nCódigo ""4"" = tentativa de desbloqueio na TAA; CAA = letras; CAS = sílabas; CAN = alfanumérico.\n\n### 2.6. Situações da senha alfanumérica (Conta de Acesso)\n*Solicitado* = cadastramento/alteração pedidos; *Ativa* = cadastrada e ativa; *Bloqueado* = bloqueada por erro de digitação ou por segurança.\n> Essa confirmação ocorre por oferta ativa, sem necessidade de navegar pelo menu da TAA.\n\n---\n\n## 3. Correntistas e Poupadores\n\n### 3.1. Senha de 6 dígitos (conta e cartão)\n\nUsada para autorizar transações em: terminais de caixa das agências, TAA, site institucional (sem Alfa Code), App Alfa, correspondente bancário, transações de cartão (débito e crédito) e acesso à Central de Relacionamento/SAC. Vinculada à agência/conta (correntista) ou ao CPF (não correntista).\n\n**3.1.1. Cadastramento**\n\n| Canal | Procedimento |\n|---|---|\n| Agência | Correntistas e poupadores: no fluxo de abertura de conta, em qualquer agência. Beneficiários do INSS: em qualquer agência. Clientes de conta digital: no fluxo de abertura pelo App Alfa. |\n\n> **Atenção:** se o cliente quiser encerrar a conta corrente e ficar só com o cartão de crédito, cadastre nova senha como não correntista — obrigatório para não deixar pendente a emissão dos cartões.\n\n**3.1.2. Alteração**\n\n> Para cartões com chip, após a alteração, oriente o cliente a atualizar o chip de todos os plásticos em qualquer TAA (sob risco da senha não funcionar). Verifique a possibilidade de enviar senha provisória por SMS (item 6).\n\n| Canal | Requisitos/Condição | Procedimento |\n|---|---|---|\n| App Alfa | Celular autorizado há mais de 30 dias; Alfa Code ou Push habilitado; geolocalização ativa e autorizada; cartão ativo; senha de 8 dígitos ativa (códigos 0, 1 e/ou 2). Não disponível se bloqueada por ""8"". | **Com a senha anterior:** área logada > Perfil > Segurança > Central de senhas > Senha de 6 dígitos > Alterar. **Sem a senha anterior:** área logada > Perfil > Segurança > Central de senhas > Senha de 6 dígitos > Esqueci a senha > ""Agora utilizando o cartão"" (dados do cartão) — confirmação por: (i) biometria na TAA (cadastrada há mais de 7 dias): App Alfa > Menu > Perfil > Central de senhas > Senha de 6 dígitos > Esqueci a senha > No caixa eletrônico, depois na TAA em Segurança e Senhas > Senhas > Liberação de Senha Provisória > Senha da conta e cartão (6 dígitos); ou (ii) WhatsApp (telefone cadastrado no ATO): área logada > Perfil > Central de senhas > Senha de 6 dígitos > Esqueci a senha > Por WhatsApp. |\n| Site institucional | Senha de 8 dígitos ativa (códigos 0, 1 e/ou 2). Não disponível para quem não usa Alfa Code e não tem biometria cadastrada há mais de 7 dias (ou de forma assistida), nem para bloqueio ""U"" ou ""8"" da senha de 6 dígitos. | Em computador autorizado, com ou sem a senha anterior: **com adesão ao Alfa Code:** área logada > Segurança > Senhas > Alterar > Senha do cartão (6 dígitos) (exige código de autorização do Alfa Code). **Sem adesão ao Alfa Code, com biometria cadastrada:** mesmo caminho, confirmando em uma TAA com biometria cadastrada há mais de 7 dias. |\n| Agências (inclusive bloqueio ""U"") | — | Mediante identificação; recomendar que o cliente leve o cartão. |\n| SAC | Bloqueio ""U"": SAC Receptivo QP/QC (Célula de Segurança) → rotina 50130; SAC Soluções QP → rotina 50131; SAC Quadro Contratado → rotina 50112. Outros bloqueios: SAC Quadro Próprio → procedimento de Geração de Senha (item 6); SAC Quadro Contratado → rotina 50112. | — |\n| Plataforma de Relacionamento / ATA | Exceto bloqueio ""U"": Quadro Próprio → Geração de Senha; Quadro Contratado (não correntista portador de cartão) → Geração de Senha; correntistas/poupadores → demais canais. | — |\n\n**3.1.3. Bloqueio**\n\nCanais por iniciativa do cliente: TAA; SAC QC/QP; Plataforma de Relacionamento; site institucional (com Alfa Code); App Alfa (dispositivo autorizado, com Alfa Code ou push); agências.\n> Se o cliente detectar lançamentos indevidos na conta (inclusive por invasão do site), utilize também a rotina 50136, item 5.1. Bloqueio por um titular solidário impede os demais de transacionar. O bloqueio do código de acesso implica bloqueio da senha de 6 dígitos.\n\n**3.1.4. Desbloqueio**\n\nFeito COM conhecimento da senha anterior (sem isso, é preciso fazer a Alteração). Bloqueio ""U"" não admite desbloqueio, só Alteração.\n\n| Canal | Requisitos | Procedimento |\n|---|---|---|\n| App Alfa | Celular autorizado >30 dias; Alfa Code/Push habilitado; geolocalização ativa; cartão ativo; senha de 8 dígitos ativa (0,1,2). | Área logada > Perfil > Segurança > Central de senhas > Senha de 6 dígitos > Desbloquear. |\n| Site institucional | Senha de 8 dígitos ativa (0,1,2). | Em computador autorizado — com Alfa Code: Segurança > Senhas > Desbloquear (código de autorização); sem Alfa Code: mesmo caminho, confirmando em TAA com biometria (>7 dias). |\n| TAA | Biometria, ou cartão + código de acesso. | Menu > Segurança e Senhas > Senhas > Desbloqueio > Senha da conta e cartão (6 dígitos). |\n| Agência | Identificação (recomendar levar o cartão). | — |\n\n> Erro de digitação na tentativa de desbloqueio na TAA: só pode ser desbloqueada em agência. Bloqueio por iniciativa da agência/cliente: desbloqueio em qualquer agência. Bloqueio por erro de identificação positiva na TAA: só desbloqueia em agência (se o cliente souber a senha); usar a TAA para essa operação não é possível. Desbloqueio exige código de acesso ou biometria; sem nenhum dos dois, é necessário comparecer a uma agência.\n\n### 3.2. Senha de 8 dígitos\n\nAcessa o site institucional e o App Alfa; pode ser provisória¹ ou definitiva. Confirmação de transações financeiras via Alfa Code; sem Alfa Code, usa-se a senha de 6 dígitos (oriente o cadastramento do Alfa Code). Senha única — não precisa ser cadastrada por cada titular.\n\n> ¹ Provisória: só senhas antigas; acesso restrito a consultas. Para movimentações financeiras, deve ser liberada em uma TAA.\n\n**3.2.1. Cadastramento**\n\n| Canal | Procedimento |\n|---|---|\n| App Alfa | Correntistas/poupadores: ""Esqueci ou não tenho a senha"" na tela de login (clientes sem histórico de equipamento autorizado no ATO); o equipamento fica em carência (há um link de liberação). Clientes de conta digital: cadastram no fluxo de abertura via Mobile. |\n| TAA | Com biometria cadastrada há mais de 7 dias: Menu > Segurança e Senhas > Senhas > Cadastramento. |\n| Agência | Qualquer agência, informando a senha de 6 dígitos. |\n\n**3.2.2. Alteração**\n\n| Canal | Condição | Procedimento |\n|---|---|---|\n| App Alfa | Celular autorizado >30 dias; Alfa Code/Push; geolocalização; cartão ativo. | **Com a senha atual:** área logada > Perfil > Segurança > Central de senhas > Senha de 8 dígitos > Alterar (digitar a senha atual). **Sem a senha atual (inclusive bloqueio ≠ ""U""), ou bloqueio ""U"":** ""Esqueci minha senha"" (tela de login ou tela inicial não logada) > Recuperar senha > Senha de 8 dígitos > Esqueci a senha, com 3 opções: (i) ""Agora utilizando o cartão"" (dados do cartão, dispositivo autorizado, Alfa Code ou Push); (ii) ""No caixa eletrônico"" (confirmação por biometria na TAA, cadastrada há mais de 7 dias); (iii) por WhatsApp (telefone cadastrado no ATO + versão mínima do app + reconhecimento facial). *A opção ""recuperar senha"" só aparece em celular autorizado onde o cliente já acessou a conta ao menos uma vez.* |\n| Site institucional (computador autorizado) | Com a senha atual: exigida a senha de 8 dígitos atual. | **Com Alfa Code:** Segurança > Senhas > Alterar > Senha da internet (8 dígitos) (código de autorização). **Sem Alfa Code:** mesmo caminho, confirmando em TAA com biometria (>7 dias). Sem a senha atual (inclusive bloqueio ≠ ""U""), ou bloqueio ""U"": não disponível neste canal. |\n| TAA | Com ou sem a senha atual (inclusive bloqueios). | Menu > Segurança e Senhas > Senhas > Alteração > Senha de acesso à internet e ao celular (8 dígitos). Com biometria: qualquer horário (cadastrada há mais de 7 dias, ou de forma assistida). Sem biometria, com cartão com chip + código de acesso: das 10h às 16h em dias úteis. |\n| Agência | Com ou sem a senha atual (inclusive bloqueios). | Atendimento presencial, exigindo a senha de 6 dígitos; recomendar levar o cartão. |\n| SAC | Com a senha atual, ou sem ela (exceto ""U""): Quadro Próprio → Geração de Senha; Quadro Contratado → rotina 50112. Bloqueio ""U"": SAC Receptivo (Célula de Segurança) → rotina 50130; SAC Soluções QP → rotina 50131; SAC QC → rotina 50112. | — |\n| Plataforma de Relacionamento / ATA | Com a senha atual, ou sem ela (exceto ""U""): Quadro Próprio → Geração de Senha; Quadro Contratado (não correntista com cartão) → Geração de Senha; correntistas/poupadores → demais canais. Bloqueio ""U"": não disponível neste canal. | — |\n\n**3.2.3. Bloqueio**\n\nCanais por iniciativa do cliente: TAA; SAC; agências; site institucional (com Alfa Code); App Alfa (dispositivo autorizado, com Alfa Code ou push). Bloqueio de segurança ocorre quando há indício de violação da senha. Bloqueio ""T"": não é mais aplicado — restam apenas registros até 2012.\n\n**3.2.4. Desbloqueio**\n\n> Sem conhecimento da senha anterior, bloqueio ""U"" (segurança) ou bloqueio ""4"": seguir os procedimentos de Alteração.\n\nConsulte em `SISRET X69 > 02` (correntistas: agência/conta; não correntistas: número do cartão), campo STATUS, ou pela Plataforma (Segurança > Senhas > Gerenciamento de Senhas). Não pergunte data de validade nem CVV ao cliente — preencha o número do cartão, use o mês/ano do contato como validade e ""000"" no CVV2.\n\n| Tipo de bloqueio | Canal | Procedimento |\n|---|---|---|\n| Por iniciativa da agência ou do cliente | Agência | Com a senha de 6 dígitos (recomendar levar o cartão). |\n| | TAA | Com código de acesso ou biometria. |\n| Por motivo ""T"" | Agência | Idem acima. |\n| | TAA | Idem acima. |\n| Por digitação incorreta 3 vezes | App Alfa (dispositivo autorizado >30 dias, Alfa Code/Push, geolocalização, cartão ativo) | Recuperar Senhas > Senha de 8 dígitos > Desbloquear (digitar a senha atual). |\n| | Agência | Com a senha de 6 dígitos. |\n| | TAA | Com código de acesso ou biometria. |\n| Por erro na tentativa de desbloqueio na TAA | Agência | Com a senha de 6 dígitos. |\n\n---\n\n## 4. Não Correntista\n\n### 4.1. Senha de 6 dígitos\n\n**4.1.1. Cadastramento:** clientes não correntistas que solicitam Cartão Alfa via App ou web cadastram no próprio fluxo de solicitação. Private Label → rotina 50133. Cartões de programa de fidelidade parceiro → rotina 50134.\n\n**4.1.2. Alteração:** Agência (qualquer uma, com cartão válido e identificação); SAC e Plataforma de Relacionamento → item 6 desta rotina.\n\n**4.1.3. Bloqueio:** por iniciativa do cliente — TAA; SAC QC/QP; Plataforma de Relacionamento; agências.\n\n**4.1.4. Desbloqueio:** Agência (qualquer uma, com a senha de 6 dígitos); TAA (com o código de acesso).\n\n### 4.2. Conta de Acesso e Senha de 8 dígitos\n\n**Demanda:** dificuldade para acessar o App Alfa ou o App Cartão Alfa com a senha de 8 dígitos.\n\n> **Atenção:** há 2 tipos de senha de 8 dígitos para não correntista — **Conta de Acesso** (acessa o App Alfa) e **Senha-8** (acessa o App Cartão Alfa). O cliente normalmente não sabe dessa distinção. Para identificar o tipo, siga o item 4.2.1.\n\n**4.2.1. Identificação do tipo de senha**\n\n*4.2.1.1. Sistema Alfa:*\n- a) Senha Conta de Acesso: `SISRET X69 > 02 > nº do cartão`. Se ""não localizado"" ou se o cliente tiver os dois tipos, siga para (b). Se possuir só Conta de Acesso: Quadro Contratado → siga para 4.2.2; Quadro Próprio → confira a situação (se ""Ativo"", tecle F9 para mais detalhes) e siga para 4.2.2.\n- b) Senha-8: `SISALFA > SISRET X69 > 02 > nº do cartão`. Cliente com só Senha-8, ou com as duas → oriente conforme 4.2.2 (Quadro Próprio e Contratado).\n\n*4.2.1.2. Plataforma:* não pergunte data de validade nem CVV. `Plataforma de Negócios > Segurança > Senhas > Gerenciamento de Senhas 3.0` — preencha o número do cartão, use o mês/ano do contato como validade e ""000"" no CVV2.\n\n**4.2.2. Procedimentos** (se o cliente tiver os dois tipos, pergunte qual app ele quer acessar):\n\n| Senha | Cadastramento | Alteração | Bloqueio | Desbloqueio |\n|---|---|---|---|---|\n| **Conta de Acesso** (App Alfa) | No momento da contratação do cartão (App Alfa/onboarding digital) | App Alfa (Central de Senhas) ou link de recuperação; Agência (cartão válido e previamente liberado) | Agência | Agência (cartão válido e previamente liberado) |\n| **Senha-8** (App Cartão Alfa) | No momento da contratação do cartão (lojas parceiras, correspondentes, agências) | TAA; SAC e Plataforma de Relacionamento (Geração de Senha, ou outros canais); App Cartão Alfa ""Esqueci minha senha"" (sem bloqueio vigente); Agência | TAA; APF; Mobile; agências; **se o cliente foi vítima de assalto, roubo ou sequestro:** SAC QP/QC e Plataforma de Relacionamento → `SISRET X98`, código de rota 800050, conta = nº da conta do cartão | TAA; Agência |\n\n> Não correntistas com Conta de Acesso também podem acessar o App Cartão Alfa, mas precisam cadastrar uma senha de 8 dígitos separada via ""Esqueci senha"" — explique que serão duas senhas diferentes, uma para cada app. Quem possui só a Senha-8 NÃO consegue acessar o App Alfa.\n\n---\n\n## 5. Código de Acesso (Alfanumérico)\n\na) **Deficientes visuais:** o cliente com deficiência visual total pode ser dispensado da exigência do código de acesso, mediante registro da característica no cadastro pela agência. Em conta conjunta, a dispensa vale só para o titular com a deficiência.\n\nb) **Tipos:** CAA (letras), CAS (sílabas), CAN (alfanumérico). Emitido quando o cliente usa a TAA com cartão pela primeira vez, tentando uma transação/consulta — o cliente é avisado do novo código, que substitui o anterior.\n\nc) Se o cliente disser que não tem/não anotou o código: oriente conforme a tabela abaixo, ou informe que TAAs com biometria dispensam o código de acesso (rotina 50132, itens 1 e 9).\n\n**5.1. O que é:** código aleatório (letras, sílabas e/ou números), não escolhido pelo cliente; para PF e PJ, correntistas, não correntistas e poupadores portadores de cartão; necessário em: TAA, Banco 24 Horas e rede compartilhada (Banco Parceiro Beta).\n\n**5.2. Cadastramento:** gerado e impresso automaticamente no primeiro uso do cartão na TAA; regenerado em migração de conta (mesmo cartão) ou quando o código antigo é cancelado. Se a impressora estiver inoperante, é mostrado só em tela. Código único para todos os titulares solidários.\n\n**5.3. Alteração:** não existe alteração direta — o código deve ser cancelado (canais abaixo); a nova combinação é gerada automaticamente no próximo acesso à TAA. *(O código não muda se a senha da conta corrente for alterada.)*\n\n| Canal | Procedimento |\n|---|---|\n| App Alfa | Área logada > Perfil > Segurança > Central de senhas > Código de Acesso > Solicitar novo código. |\n| Site institucional | Área logada — confirmação via Alfa Code; sem Alfa Code, confirma na TAA com biometria cadastrada há mais de 7 dias. |\n| Agência | Com a senha de 6 dígitos (recomendar levar o cartão). |\n\n**5.4. Bloqueio:** após 3 tentativas seguidas incorretas. Bloqueio da senha de 6 dígitos ou do código de acesso mantém o uso da TAA com biometria. Bloqueio da senha de 6 dígitos mantém o uso do código de acesso, exceto nos bloqueios ""U"" ou ""8"".\n\n**5.5. Desbloqueio:** pelo próprio cliente na TAA, usando o próprio código de acesso. Se houver novo erro, o código deve ser cancelado (site institucional com Alfa Code, App Alfa, ou qualquer agência) para gerar um novo.\n\n---\n\n## 6. Geração de Senha PF – Procedimentos\n\nEnvio de senha (6 e 8 dígitos) por SMS para PF — só para ALTERAÇÃO (não para cadastro de primeira senha, que segue outros canais). Não disponível para senhas ""não cadastradas""/""a cadastrar"" ou bloqueio ""U"". Faça as consultas do item 6.2 antes.\n\n### 6.1. Atendimento\n\n| Frente | Quem atende | Identificação |\n|---|---|---|\n| SAC QP | Correntistas e não correntistas | Cliente autenticado (URA, Token ou Identificação Positiva) |\n| SAC QC | Não correntistas portadores de cartão (correntistas/poupadores: transferir para a Célula de Segurança via rotina 50106) | — |\n| Plataforma de Relacionamento QP | Correntistas e não correntistas | Autenticado por CPF+senha, agência/conta+senha ou Token: IP dispensada. Atendimentos ATA, Consultoria e Texto: exigem IP. Bancada Cartão: Checklist Maior Risco. |\n| Plataforma de Relacionamento QC | Não correntistas portadores de cartão (correntistas/poupadores: demais canais, itens 3 e 4) | — |\n\n### 6.2. Consultas\n\n1. Verifique o cadastro da senha em `SISRET X69 > 02` ou pela Plataforma (Segurança > Senhas > Gerenciamento de Senhas) — correntistas: agência/conta; não correntistas: número do cartão (não pedir validade/CVV; usar mês/ano do contato e ""000"" no CVV2).\n2. Resultado ""Não cadastrada""/""A cadastrar"" → cliente não correntista com entrada via onboarding digital; não é possível enviar senha; oriente: 8 dígitos via App Alfa (se dispositivo autorizado com Alfa Code/push); 6 dígitos, comparecer a uma agência.\n3. Resultado ""U Bloqueado"" → SAC Receptivo (Célula de Segurança) → rotina 50130; SAC Soluções QP → rotina 50131; SAC Receptivo QC → rotina 50112; Plataforma de Relacionamento → orientar contato com o SAC.\n4. Demais situações → prossiga: pergunte o celular atual do cliente (não informe outros números cadastrados) e confira no cadastro (agência/conta ou MCI) se é o mesmo já registrado. Se divergente, ou se houver mais de um número/duplicidade cadastrada → oriente comparecimento a uma agência. Se for o mesmo e único número → siga para 6.3.\n\n### 6.3. Geração de Senha\n\na) Acesse Plataforma > Segurança > Senhas > Envio de Senha por SMS.\nb) Consulte por tipo de cliente: correntista (CPF, agência e conta, ou MCI); não correntista (CPF); na aba Cartão, informe o número (via `Cartão > 11 > 1` ou `17 > 01 > 01`) — se houver mais de um cartão, peça modalidade e os 4 últimos dígitos.\nc) Selecione a conta/cartão do cliente.\nd) Selecione o envio de senha de 8 e/ou 6 dígitos — o sistema gera uma senha aleatória e envia por SMS.\ne) Informe que a senha chega por SMS ao celular cadastrado, sem prazo de expiração, e que deve ser alterada assim que possível por segurança.\nf) Se for senha de 6 dígitos, informe que, após a alteração, é preciso validar o chip do cartão em qualquer TAA — caso contrário, a nova senha não funcionará com o cartão com chip.\n\n---\n\n## 7. Cliente no Exterior\n\na) **Central de Senhas** (no App Alfa; exige cartão ativo, dispositivo liberado e Alfa Code/Push): permite alterar/bloquear/desbloquear/criar senha de 8 dígitos; alterar/bloquear/desbloquear senha de 6 dígitos; solicitar novo código de acesso. Acesso com a senha atual: área logada > Perfil > Central de senhas. Sem a senha: tela inicial não logada > Recuperar senha.\n\nb) **Agências no exterior:** procedimento de senhas disponível somente na agência de Tóquio.\n\nc) Solicitar a um representante legal (com procuração com firma reconhecida) que realize a operação na agência de relacionamento do cliente no Brasil.\n\nd) A agência de relacionamento envia ao e-mail cadastrado no MCI uma declaração para o cliente assinar e digitalizar — válido apenas para senhas bloqueadas por erro, não para bloqueio ""U"" (suspeita de fraude). O pedido pode começar por qualquer canal de contato, mas a declaração assinada só pode retornar pelo e-mail cadastrado no MCI. A agência de relacionamento pode ser confirmada com o cliente durante a ligação, na aba lateral da Plataforma de Relacionamento.\n\ne) **Cartões com chip:** após a alteração da senha de 6 dígitos, oriente o cliente a atualizar o chip de todos os plásticos ao voltar ao Brasil (em uma TAA), sob risco de impacto em transações presenciais; carteiras digitais funcionam normalmente após a troca.\n\nf) **Uso da senha no exterior:** alguns terminais usam PIN de 4 e/ou 6 dígitos. Nos de 4 dígitos, o cliente informa os 4 primeiros dígitos da sua senha de 6. No exterior, o cliente tem as mesmas opções dos demais clientes, pelo site institucional ou pelo App Alfa.\n\n---\n\n## 8. Senha do Portador Adicional\n\n| Portador | Solicitação | Alteração/reposição |\n|---|---|---|\n| **Adicional não correntista** | Presencial: senha de 6 dígitos cadastrada na hora. Demais canais: senha enviada por correio ao endereço do portador titular. | Se perder, esquecer ou não receber, cadastrar nova em qualquer agência. |\n| **Adicional correntista** | Usa a mesma senha pessoal de 6 dígitos de sua própria conta. Sem senha gravada: modalidades Doméstico/Internacional → sistema não gera o cartão; modalidades Gold e superiores → senha enviada por correio, cartão gerado após o recebimento. | Se perder, esquecer ou não receber, seguir as orientações do item 3. |\n\n---\n\n## 9. Acesso ao gov.br com credenciais do Banco Alfa\n\nVer rotina 50135.\n\n---\n\n## 10. Central de Senhas PF\n\nSolução de segurança no App Alfa para o cliente gerenciar suas senhas.\n- **Área logada:** Perfil > Segurança > Central de Segurança > Central de senhas; Perfil > Segurança > Central de senhas; Menu > Segurança > Central de Segurança > Central de Senhas.\n- **Área não logada:** Tela inicial > Recuperar Senha; ou role a tela para cima > Recuperar Senha.\n\n**Requisitos:** celular autorizado há mais de 30 dias; telefone cadastrado no ATO; Alfa Code ou Push habilitado; geolocalização ativa e autorizada; permissão de câmera concedida ao app; cartão ativo.\n\n> **Atenção:** não correntistas usam a Central de Senhas apenas para alterar a senha ""Conta de Acesso"" (ver item 4.2.2).\n\n---\n\n## 11. Fontes de informação\n\nUGS – Unidade de Gestão de Segurança (código 800040) · Normativo interno 5001 · Normativo interno 5002\n\n---\n\n## 12. Rotinas absorvidas\n\nO conteúdo das seguintes rotinas foi absorvido por este documento:\n\n| Código (anonimizado) | Assunto |\n|---|---|\n| 50137 | Senhas – Orientações (Código de Acesso) |\n| 50138 | Senhas – Orientações (Não correntista) |\n| 50139 | Senhas – Correntistas (Internet e Celular) |\n| 50140 | Arquivada – Senhas – Orientações (Conta-corrente) |\n| 50141 | POP UP – Senhas – Tipos de bloqueio |\n| 50142 | Modalidade de conta simplificada – Senhas |\n| 50143 | Senhas – Orientações – Poupador não correntista |\n| 50144 | Acesso do cliente à plataforma digital gov.br (parceria Banco Alfa e Governo Federal) |\n| 50145 | Senhas – Alfa Digital PJ |\n| 50146 | Atendimento para clientes não participantes do modelo ATA |\n| 50147 | Geração de senha PF – Procedimentos |\n']","Não, o sistema não permitirá a alteração imediata por este canal. Embora o cliente possua Alfa Code, geolocalização ativa e senha de 8 dígitos ativa, um dos pré-requisitos fundamentais para alteração de senha de 6 dígitos pelo App Alfa é que o celular esteja autorizado há MAIS de 30 dias (o cenário estipula 25 dias). Portanto, o fluxo via App Alfa falhará por carência no tempo de autorização do dispositivo.",CONDITIONAL_WORKFLOW,11.0113,,0.07692307692307693,0.8743582669813812,1.0,0.9999999999
Um cliente correntista teve a senha de 8 dígitos bloqueada exclusivamente por motivo de segurança (código 'U'). Ele entra em contato com a Central de Atendimento (SAC Quadro Próprio) solicitando o envio de uma senha provisória por SMS ou a redefinição direta pela Plataforma de Relacionamento. O atendente pode prosseguir com o envio por SMS ou realizar a alteração por esses canais remotos padrão?,"Como assistente bancário, informo que, por questões de segurança e normas de prevenção à fraude, **o atendente não pode realizar o envio de senha provisória por SMS nem efetuar a redefinição direta da senha de 8 dígitos através da Plataforma de Relacionamento.**

Aqui estão os motivos e os procedimentos padrão de mercado para essa situação:

1.  **Segurança da Informação:** Senhas de transações (8 dígitos) são consideradas dados sensíveis. O envio por SMS é vulnerável a interceptações (como o *SIM Swap*), e a redefinição remota por atendente sem validação presencial ou biométrica avançada viola os protocolos de segurança bancária.
2.  **Bloqueio por Segurança (Código 'U'):** Quando o bloqueio ocorre por motivo de segurança, o sistema entende que houve uma tentativa suspeita ou uma anomalia. Nesses casos, o banco exige uma validação de identidade mais robusta para garantir que o solicitante é, de fato, o titular da conta.
3.  **Procedimento Padrão:**
    *   **Autoatendimento (Caixa Eletrônico):** Geralmente, o cliente deve comparecer a um terminal de autoatendimento do próprio banco, inserir o cartão e realizar o desbloqueio/redefinição utilizando a biometria (leitura digital) ou seguindo o fluxo de ""Desbloqueio de Senha"" disponível no menu de segurança.
    *   **Agência:** Caso o cliente não possua biometria cadastrada ou o bloqueio persista, ele deve comparecer pessoalmente a uma agência bancária, portando documento de identificação original com foto, para que o gerente realize a liberação e o recadastramento da senha.

**Resumo:** O atendente deve orientar o cliente a comparecer a um caixa eletrônico para realizar o procedimento com biometria ou, na impossibilidade, dirigir-se à sua agência de relacionamento. **Nenhum canal remoto (telefone ou chat) tem autonomia para resetar ou enviar senhas de 8 dígitos após um bloqueio de segurança.**","['# POP – Gestão de Senhas e Código de Acesso – Pessoa Física\n### [Versão anonimizada/pseudonimizada — documento complementar ao POP de CDC]\n\n> **Nota metodológica:** este documento usa a mesma metodologia e os mesmos pseudônimos institucionais do POP de CDC anonimizado anteriormente (Banco Alfa, SISALFA, App Alfa etc.). Termos novos e específicos deste documento (produtos de cartão, plataformas, rotinas) foram adicionados à mesma chave de correspondência (arquivo único, cumulativo). A lógica processual e as condições originais foram mantidas integralmente.\n\n**Sumário:** Notas iniciais · 1. Resumo das senhas · 2. Situação das senhas · 3. Correntistas e poupadores · 4. Não correntista · 5. Código de acesso · 6. Geração de senha PF · 7. Cliente no exterior · 8. Senha do portador adicional · 9. Acesso ao gov.br · 10. Central de Senhas PF · 11. Fontes de informação · 12. Rotinas absorvidas\n\n---\n\n## Notas iniciais\n\na) **Transferência de saldo/produtos entre agências:** a senha da agência de origem não é alterada; o cliente acessa normalmente a conta na agência de destino.\n\nb) Os procedimentos desta rotina não se aplicam a clientes PJ ou Setor Público. Para chave J e senhas (Alfa Digital PJ), ver rotina 50129.\n\nc) **Titulares solidários:** as senhas (6 e 8 dígitos) e o código de acesso são os mesmos para todos os titulares. Se um titular bloquear a senha, os demais ficam impossibilitados de realizar transações.\n\nd) **Push:** notificação recebida diretamente no App Alfa. Para ativar: 1) autorizar o App Alfa no sistema do celular (Android: Configurações > Receber Notificações; iOS: Ajustes > Receber Notificações); 2) ativar pelo App Alfa (área logada) em Perfil > Geral > Receber notificações.\n\ne) **Bloqueio de Canal:** consulte na plataforma em Segurança > Bloqueio de segurança > Histórico. Havendo bloqueio, o desbloqueio ocorre após a alteração das senhas de 6 e 8 dígitos — é obrigatório alterar primeiro a de 8 dígitos, depois a de 6. Use os itens 3 e/ou 4 para orientar os canais.\n\n---\n\n## 1. Resumo da utilização das senhas\n\n| Tipo de senha | Canais de utilização |\n|---|---|\n| Senha de 4 dígitos | Descontinuada |\n| Senha de 6 dígitos | Confirma transações de cartão débito e crédito. Plataforma de Relacionamento/URA: acesso, consulta e confirmação de transações da mesma titularidade. Site institucional (sem Alfa Code): confirmação de transações financeiras. App Alfa: confirmação de transações financeiras. WhatsApp Alfa: pode ser solicitada para confirmação de algumas transações. TCX, TAD, POS, correspondente bancário: confirmação de transações. TAA: confirmação de transações de beneficiários do INSS e de portadores de deficiência visual sem código de acesso. Banco 24 Horas e rede compartilhada (Banco Parceiro Beta): confirmação de transações de portadores de deficiência visual sem código de acesso. |\n| Senha de 8 dígitos | Site institucional, App Alfa, App Cartão Alfa e WhatsApp: acesso, consultas, transações financeiras e aquisição de produtos/serviços. |\n| Código de Acesso (letras, sílabas ou alfanumérico) | TAA, Banco 24 Horas e rede compartilhada: confirma transações, inclusive saques na função crédito do cartão. |\n| Conta de Acesso (senha alfanumérica) | Utilizada por não correntistas no App Alfa (versão não correntista). |\n\n---\n\n## 2. Situação das Senhas\n\n### 2.1. Consultas\n- Senhas de 6/8 dígitos e código de acesso — Quadro Próprio e Quadro Contratado: `SISALFA > SISRET > X69 > 2` (correntistas: agência e conta; não correntistas: número do cartão), campo STATUS (pode ser informado ao cliente).\n- Conta de Acesso (Quadro Próprio): `SISALFA > ACESSO > 32 > 01 > CPF`.\n\n### 2.2. Códigos aplicáveis a TODOS os tipos de senha\n| Código | Significado | Situação |\n|---|---|---|\n| 0 | Sem ocorrência de erro de digitação | Ativa |\n| 1 | Cliente errou a digitação uma vez | — |\n| 2 | Cliente errou a digitação duas vezes | — |\n| 3 | Cliente errou a digitação três vezes (se ocorrer na senha de 6 dígitos via APF, Mobile ou WhatsApp, o bloqueio ""3"" é aplicado também à senha de 8 dígitos) | Bloqueada |\n| 6 | Senha (PJ e Governo) cadastrada no Alfa Digital PJ, aguardando confirmação de um funcionário da agência | — |\n| 7 | Senha (PJ e Governo) cadastrada no Alfa Digital PJ, aguardando confirmação de dois funcionários da agência | — |\n| Q | Senha alterada no APF Internet sem Alfa Code, ou no APF Celular sem fotografar cartão válido (aguardando confirmação na TAA com biometria cadastrada há mais de 7 dias) | — |\n| U | Senha bloqueada pelo monitoramento de segurança dos canais de autoatendimento | — |\n\n### 2.3. Códigos exclusivos da senha de 6 dígitos\n| Código | Significado | Situação |\n|---|---|---|\n| A | Senha digitada errada 3 vezes | Bloqueada |\n| D | Erro na tentativa de desbloqueio na TAA, ou bloqueio feito pelo próprio cliente via APF Celular/Internet | — |\n\n### 2.4. Códigos exclusivos da senha de 8 dígitos\n| Código | Significado | Situação |\n|---|---|---|\n| T | Senha registrada antes de 2012 e bloqueada por não uso nos últimos 90 dias | Bloqueada |\n| D | Alteração iniciada via APF Celular, com falha na confirmação via TAA sem biometria | — |\n| P | Senha cadastrada via APF Internet/Celular, aguardando confirmação na TAA | — |\n| 4 | Erro na tentativa de desbloqueio via Mobile | — |\n| 8 | Senha bloqueada pela agência ou pelo próprio cliente nos canais de autoatendimento | — |\n\n### 2.5. Situações do código de acesso\nCódigo ""4"" = tentativa de desbloqueio na TAA; CAA = letras; CAS = sílabas; CAN = alfanumérico.\n\n### 2.6. Situações da senha alfanumérica (Conta de Acesso)\n*Solicitado* = cadastramento/alteração pedidos; *Ativa* = cadastrada e ativa; *Bloqueado* = bloqueada por erro de digitação ou por segurança.\n> Essa confirmação ocorre por oferta ativa, sem necessidade de navegar pelo menu da TAA.\n\n---\n\n## 3. Correntistas e Poupadores\n\n### 3.1. Senha de 6 dígitos (conta e cartão)\n\nUsada para autorizar transações em: terminais de caixa das agências, TAA, site institucional (sem Alfa Code), App Alfa, correspondente bancário, transações de cartão (débito e crédito) e acesso à Central de Relacionamento/SAC. Vinculada à agência/conta (correntista) ou ao CPF (não correntista).\n\n**3.1.1. Cadastramento**\n\n| Canal | Procedimento |\n|---|---|\n| Agência | Correntistas e poupadores: no fluxo de abertura de conta, em qualquer agência. Beneficiários do INSS: em qualquer agência. Clientes de conta digital: no fluxo de abertura pelo App Alfa. |\n\n> **Atenção:** se o cliente quiser encerrar a conta corrente e ficar só com o cartão de crédito, cadastre nova senha como não correntista — obrigatório para não deixar pendente a emissão dos cartões.\n\n**3.1.2. Alteração**\n\n> Para cartões com chip, após a alteração, oriente o cliente a atualizar o chip de todos os plásticos em qualquer TAA (sob risco da senha não funcionar). Verifique a possibilidade de enviar senha provisória por SMS (item 6).\n\n| Canal | Requisitos/Condição | Procedimento |\n|---|---|---|\n| App Alfa | Celular autorizado há mais de 30 dias; Alfa Code ou Push habilitado; geolocalização ativa e autorizada; cartão ativo; senha de 8 dígitos ativa (códigos 0, 1 e/ou 2). Não disponível se bloqueada por ""8"". | **Com a senha anterior:** área logada > Perfil > Segurança > Central de senhas > Senha de 6 dígitos > Alterar. **Sem a senha anterior:** área logada > Perfil > Segurança > Central de senhas > Senha de 6 dígitos > Esqueci a senha > ""Agora utilizando o cartão"" (dados do cartão) — confirmação por: (i) biometria na TAA (cadastrada há mais de 7 dias): App Alfa > Menu > Perfil > Central de senhas > Senha de 6 dígitos > Esqueci a senha > No caixa eletrônico, depois na TAA em Segurança e Senhas > Senhas > Liberação de Senha Provisória > Senha da conta e cartão (6 dígitos); ou (ii) WhatsApp (telefone cadastrado no ATO): área logada > Perfil > Central de senhas > Senha de 6 dígitos > Esqueci a senha > Por WhatsApp. |\n| Site institucional | Senha de 8 dígitos ativa (códigos 0, 1 e/ou 2). Não disponível para quem não usa Alfa Code e não tem biometria cadastrada há mais de 7 dias (ou de forma assistida), nem para bloqueio ""U"" ou ""8"" da senha de 6 dígitos. | Em computador autorizado, com ou sem a senha anterior: **com adesão ao Alfa Code:** área logada > Segurança > Senhas > Alterar > Senha do cartão (6 dígitos) (exige código de autorização do Alfa Code). **Sem adesão ao Alfa Code, com biometria cadastrada:** mesmo caminho, confirmando em uma TAA com biometria cadastrada há mais de 7 dias. |\n| Agências (inclusive bloqueio ""U"") | — | Mediante identificação; recomendar que o cliente leve o cartão. |\n| SAC | Bloqueio ""U"": SAC Receptivo QP/QC (Célula de Segurança) → rotina 50130; SAC Soluções QP → rotina 50131; SAC Quadro Contratado → rotina 50112. Outros bloqueios: SAC Quadro Próprio → procedimento de Geração de Senha (item 6); SAC Quadro Contratado → rotina 50112. | — |\n| Plataforma de Relacionamento / ATA | Exceto bloqueio ""U"": Quadro Próprio → Geração de Senha; Quadro Contratado (não correntista portador de cartão) → Geração de Senha; correntistas/poupadores → demais canais. | — |\n\n**3.1.3. Bloqueio**\n\nCanais por iniciativa do cliente: TAA; SAC QC/QP; Plataforma de Relacionamento; site institucional (com Alfa Code); App Alfa (dispositivo autorizado, com Alfa Code ou push); agências.\n> Se o cliente detectar lançamentos indevidos na conta (inclusive por invasão do site), utilize também a rotina 50136, item 5.1. Bloqueio por um titular solidário impede os demais de transacionar. O bloqueio do código de acesso implica bloqueio da senha de 6 dígitos.\n\n**3.1.4. Desbloqueio**\n\nFeito COM conhecimento da senha anterior (sem isso, é preciso fazer a Alteração). Bloqueio ""U"" não admite desbloqueio, só Alteração.\n\n| Canal | Requisitos | Procedimento |\n|---|---|---|\n| App Alfa | Celular autorizado >30 dias; Alfa Code/Push habilitado; geolocalização ativa; cartão ativo; senha de 8 dígitos ativa (0,1,2). | Área logada > Perfil > Segurança > Central de senhas > Senha de 6 dígitos > Desbloquear. |\n| Site institucional | Senha de 8 dígitos ativa (0,1,2). | Em computador autorizado — com Alfa Code: Segurança > Senhas > Desbloquear (código de autorização); sem Alfa Code: mesmo caminho, confirmando em TAA com biometria (>7 dias). |\n| TAA | Biometria, ou cartão + código de acesso. | Menu > Segurança e Senhas > Senhas > Desbloqueio > Senha da conta e cartão (6 dígitos). |\n| Agência | Identificação (recomendar levar o cartão). | — |\n\n> Erro de digitação na tentativa de desbloqueio na TAA: só pode ser desbloqueada em agência. Bloqueio por iniciativa da agência/cliente: desbloqueio em qualquer agência. Bloqueio por erro de identificação positiva na TAA: só desbloqueia em agência (se o cliente souber a senha); usar a TAA para essa operação não é possível. Desbloqueio exige código de acesso ou biometria; sem nenhum dos dois, é necessário comparecer a uma agência.\n\n### 3.2. Senha de 8 dígitos\n\nAcessa o site institucional e o App Alfa; pode ser provisória¹ ou definitiva. Confirmação de transações financeiras via Alfa Code; sem Alfa Code, usa-se a senha de 6 dígitos (oriente o cadastramento do Alfa Code). Senha única — não precisa ser cadastrada por cada titular.\n\n> ¹ Provisória: só senhas antigas; acesso restrito a consultas. Para movimentações financeiras, deve ser liberada em uma TAA.\n\n**3.2.1. Cadastramento**\n\n| Canal | Procedimento |\n|---|---|\n| App Alfa | Correntistas/poupadores: ""Esqueci ou não tenho a senha"" na tela de login (clientes sem histórico de equipamento autorizado no ATO); o equipamento fica em carência (há um link de liberação). Clientes de conta digital: cadastram no fluxo de abertura via Mobile. |\n| TAA | Com biometria cadastrada há mais de 7 dias: Menu > Segurança e Senhas > Senhas > Cadastramento. |\n| Agência | Qualquer agência, informando a senha de 6 dígitos. |\n\n**3.2.2. Alteração**\n\n| Canal | Condição | Procedimento |\n|---|---|---|\n| App Alfa | Celular autorizado >30 dias; Alfa Code/Push; geolocalização; cartão ativo. | **Com a senha atual:** área logada > Perfil > Segurança > Central de senhas > Senha de 8 dígitos > Alterar (digitar a senha atual). **Sem a senha atual (inclusive bloqueio ≠ ""U""), ou bloqueio ""U"":** ""Esqueci minha senha"" (tela de login ou tela inicial não logada) > Recuperar senha > Senha de 8 dígitos > Esqueci a senha, com 3 opções: (i) ""Agora utilizando o cartão"" (dados do cartão, dispositivo autorizado, Alfa Code ou Push); (ii) ""No caixa eletrônico"" (confirmação por biometria na TAA, cadastrada há mais de 7 dias); (iii) por WhatsApp (telefone cadastrado no ATO + versão mínima do app + reconhecimento facial). *A opção ""recuperar senha"" só aparece em celular autorizado onde o cliente já acessou a conta ao menos uma vez.* |\n| Site institucional (computador autorizado) | Com a senha atual: exigida a senha de 8 dígitos atual. | **Com Alfa Code:** Segurança > Senhas > Alterar > Senha da internet (8 dígitos) (código de autorização). **Sem Alfa Code:** mesmo caminho, confirmando em TAA com biometria (>7 dias). Sem a senha atual (inclusive bloqueio ≠ ""U""), ou bloqueio ""U"": não disponível neste canal. |\n| TAA | Com ou sem a senha atual (inclusive bloqueios). | Menu > Segurança e Senhas > Senhas > Alteração > Senha de acesso à internet e ao celular (8 dígitos). Com biometria: qualquer horário (cadastrada há mais de 7 dias, ou de forma assistida). Sem biometria, com cartão com chip + código de acesso: das 10h às 16h em dias úteis. |\n| Agência | Com ou sem a senha atual (inclusive bloqueios). | Atendimento presencial, exigindo a senha de 6 dígitos; recomendar levar o cartão. |\n| SAC | Com a senha atual, ou sem ela (exceto ""U""): Quadro Próprio → Geração de Senha; Quadro Contratado → rotina 50112. Bloqueio ""U"": SAC Receptivo (Célula de Segurança) → rotina 50130; SAC Soluções QP → rotina 50131; SAC QC → rotina 50112. | — |\n| Plataforma de Relacionamento / ATA | Com a senha atual, ou sem ela (exceto ""U""): Quadro Próprio → Geração de Senha; Quadro Contratado (não correntista com cartão) → Geração de Senha; correntistas/poupadores → demais canais. Bloqueio ""U"": não disponível neste canal. | — |\n\n**3.2.3. Bloqueio**\n\nCanais por iniciativa do cliente: TAA; SAC; agências; site institucional (com Alfa Code); App Alfa (dispositivo autorizado, com Alfa Code ou push). Bloqueio de segurança ocorre quando há indício de violação da senha. Bloqueio ""T"": não é mais aplicado — restam apenas registros até 2012.\n\n**3.2.4. Desbloqueio**\n\n> Sem conhecimento da senha anterior, bloqueio ""U"" (segurança) ou bloqueio ""4"": seguir os procedimentos de Alteração.\n\nConsulte em `SISRET X69 > 02` (correntistas: agência/conta; não correntistas: número do cartão), campo STATUS, ou pela Plataforma (Segurança > Senhas > Gerenciamento de Senhas). Não pergunte data de validade nem CVV ao cliente — preencha o número do cartão, use o mês/ano do contato como validade e ""000"" no CVV2.\n\n| Tipo de bloqueio | Canal | Procedimento |\n|---|---|---|\n| Por iniciativa da agência ou do cliente | Agência | Com a senha de 6 dígitos (recomendar levar o cartão). |\n| | TAA | Com código de acesso ou biometria. |\n| Por motivo ""T"" | Agência | Idem acima. |\n| | TAA | Idem acima. |\n| Por digitação incorreta 3 vezes | App Alfa (dispositivo autorizado >30 dias, Alfa Code/Push, geolocalização, cartão ativo) | Recuperar Senhas > Senha de 8 dígitos > Desbloquear (digitar a senha atual). |\n| | Agência | Com a senha de 6 dígitos. |\n| | TAA | Com código de acesso ou biometria. |\n| Por erro na tentativa de desbloqueio na TAA | Agência | Com a senha de 6 dígitos. |\n\n---\n\n## 4. Não Correntista\n\n### 4.1. Senha de 6 dígitos\n\n**4.1.1. Cadastramento:** clientes não correntistas que solicitam Cartão Alfa via App ou web cadastram no próprio fluxo de solicitação. Private Label → rotina 50133. Cartões de programa de fidelidade parceiro → rotina 50134.\n\n**4.1.2. Alteração:** Agência (qualquer uma, com cartão válido e identificação); SAC e Plataforma de Relacionamento → item 6 desta rotina.\n\n**4.1.3. Bloqueio:** por iniciativa do cliente — TAA; SAC QC/QP; Plataforma de Relacionamento; agências.\n\n**4.1.4. Desbloqueio:** Agência (qualquer uma, com a senha de 6 dígitos); TAA (com o código de acesso).\n\n### 4.2. Conta de Acesso e Senha de 8 dígitos\n\n**Demanda:** dificuldade para acessar o App Alfa ou o App Cartão Alfa com a senha de 8 dígitos.\n\n> **Atenção:** há 2 tipos de senha de 8 dígitos para não correntista — **Conta de Acesso** (acessa o App Alfa) e **Senha-8** (acessa o App Cartão Alfa). O cliente normalmente não sabe dessa distinção. Para identificar o tipo, siga o item 4.2.1.\n\n**4.2.1. Identificação do tipo de senha**\n\n*4.2.1.1. Sistema Alfa:*\n- a) Senha Conta de Acesso: `SISRET X69 > 02 > nº do cartão`. Se ""não localizado"" ou se o cliente tiver os dois tipos, siga para (b). Se possuir só Conta de Acesso: Quadro Contratado → siga para 4.2.2; Quadro Próprio → confira a situação (se ""Ativo"", tecle F9 para mais detalhes) e siga para 4.2.2.\n- b) Senha-8: `SISALFA > SISRET X69 > 02 > nº do cartão`. Cliente com só Senha-8, ou com as duas → oriente conforme 4.2.2 (Quadro Próprio e Contratado).\n\n*4.2.1.2. Plataforma:* não pergunte data de validade nem CVV. `Plataforma de Negócios > Segurança > Senhas > Gerenciamento de Senhas 3.0` — preencha o número do cartão, use o mês/ano do contato como validade e ""000"" no CVV2.\n\n**4.2.2. Procedimentos** (se o cliente tiver os dois tipos, pergunte qual app ele quer acessar):\n\n| Senha | Cadastramento | Alteração | Bloqueio | Desbloqueio |\n|---|---|---|---|---|\n| **Conta de Acesso** (App Alfa) | No momento da contratação do cartão (App Alfa/onboarding digital) | App Alfa (Central de Senhas) ou link de recuperação; Agência (cartão válido e previamente liberado) | Agência | Agência (cartão válido e previamente liberado) |\n| **Senha-8** (App Cartão Alfa) | No momento da contratação do cartão (lojas parceiras, correspondentes, agências) | TAA; SAC e Plataforma de Relacionamento (Geração de Senha, ou outros canais); App Cartão Alfa ""Esqueci minha senha"" (sem bloqueio vigente); Agência | TAA; APF; Mobile; agências; **se o cliente foi vítima de assalto, roubo ou sequestro:** SAC QP/QC e Plataforma de Relacionamento → `SISRET X98`, código de rota 800050, conta = nº da conta do cartão | TAA; Agência |\n\n> Não correntistas com Conta de Acesso também podem acessar o App Cartão Alfa, mas precisam cadastrar uma senha de 8 dígitos separada via ""Esqueci senha"" — explique que serão duas senhas diferentes, uma para cada app. Quem possui só a Senha-8 NÃO consegue acessar o App Alfa.\n\n---\n\n## 5. Código de Acesso (Alfanumérico)\n\na) **Deficientes visuais:** o cliente com deficiência visual total pode ser dispensado da exigência do código de acesso, mediante registro da característica no cadastro pela agência. Em conta conjunta, a dispensa vale só para o titular com a deficiência.\n\nb) **Tipos:** CAA (letras), CAS (sílabas), CAN (alfanumérico). Emitido quando o cliente usa a TAA com cartão pela primeira vez, tentando uma transação/consulta — o cliente é avisado do novo código, que substitui o anterior.\n\nc) Se o cliente disser que não tem/não anotou o código: oriente conforme a tabela abaixo, ou informe que TAAs com biometria dispensam o código de acesso (rotina 50132, itens 1 e 9).\n\n**5.1. O que é:** código aleatório (letras, sílabas e/ou números), não escolhido pelo cliente; para PF e PJ, correntistas, não correntistas e poupadores portadores de cartão; necessário em: TAA, Banco 24 Horas e rede compartilhada (Banco Parceiro Beta).\n\n**5.2. Cadastramento:** gerado e impresso automaticamente no primeiro uso do cartão na TAA; regenerado em migração de conta (mesmo cartão) ou quando o código antigo é cancelado. Se a impressora estiver inoperante, é mostrado só em tela. Código único para todos os titulares solidários.\n\n**5.3. Alteração:** não existe alteração direta — o código deve ser cancelado (canais abaixo); a nova combinação é gerada automaticamente no próximo acesso à TAA. *(O código não muda se a senha da conta corrente for alterada.)*\n\n| Canal | Procedimento |\n|---|---|\n| App Alfa | Área logada > Perfil > Segurança > Central de senhas > Código de Acesso > Solicitar novo código. |\n| Site institucional | Área logada — confirmação via Alfa Code; sem Alfa Code, confirma na TAA com biometria cadastrada há mais de 7 dias. |\n| Agência | Com a senha de 6 dígitos (recomendar levar o cartão). |\n\n**5.4. Bloqueio:** após 3 tentativas seguidas incorretas. Bloqueio da senha de 6 dígitos ou do código de acesso mantém o uso da TAA com biometria. Bloqueio da senha de 6 dígitos mantém o uso do código de acesso, exceto nos bloqueios ""U"" ou ""8"".\n\n**5.5. Desbloqueio:** pelo próprio cliente na TAA, usando o próprio código de acesso. Se houver novo erro, o código deve ser cancelado (site institucional com Alfa Code, App Alfa, ou qualquer agência) para gerar um novo.\n\n---\n\n## 6. Geração de Senha PF – Procedimentos\n\nEnvio de senha (6 e 8 dígitos) por SMS para PF — só para ALTERAÇÃO (não para cadastro de primeira senha, que segue outros canais). Não disponível para senhas ""não cadastradas""/""a cadastrar"" ou bloqueio ""U"". Faça as consultas do item 6.2 antes.\n\n### 6.1. Atendimento\n\n| Frente | Quem atende | Identificação |\n|---|---|---|\n| SAC QP | Correntistas e não correntistas | Cliente autenticado (URA, Token ou Identificação Positiva) |\n| SAC QC | Não correntistas portadores de cartão (correntistas/poupadores: transferir para a Célula de Segurança via rotina 50106) | — |\n| Plataforma de Relacionamento QP | Correntistas e não correntistas | Autenticado por CPF+senha, agência/conta+senha ou Token: IP dispensada. Atendimentos ATA, Consultoria e Texto: exigem IP. Bancada Cartão: Checklist Maior Risco. |\n| Plataforma de Relacionamento QC | Não correntistas portadores de cartão (correntistas/poupadores: demais canais, itens 3 e 4) | — |\n\n### 6.2. Consultas\n\n1. Verifique o cadastro da senha em `SISRET X69 > 02` ou pela Plataforma (Segurança > Senhas > Gerenciamento de Senhas) — correntistas: agência/conta; não correntistas: número do cartão (não pedir validade/CVV; usar mês/ano do contato e ""000"" no CVV2).\n2. Resultado ""Não cadastrada""/""A cadastrar"" → cliente não correntista com entrada via onboarding digital; não é possível enviar senha; oriente: 8 dígitos via App Alfa (se dispositivo autorizado com Alfa Code/push); 6 dígitos, comparecer a uma agência.\n3. Resultado ""U Bloqueado"" → SAC Receptivo (Célula de Segurança) → rotina 50130; SAC Soluções QP → rotina 50131; SAC Receptivo QC → rotina 50112; Plataforma de Relacionamento → orientar contato com o SAC.\n4. Demais situações → prossiga: pergunte o celular atual do cliente (não informe outros números cadastrados) e confira no cadastro (agência/conta ou MCI) se é o mesmo já registrado. Se divergente, ou se houver mais de um número/duplicidade cadastrada → oriente comparecimento a uma agência. Se for o mesmo e único número → siga para 6.3.\n\n### 6.3. Geração de Senha\n\na) Acesse Plataforma > Segurança > Senhas > Envio de Senha por SMS.\nb) Consulte por tipo de cliente: correntista (CPF, agência e conta, ou MCI); não correntista (CPF); na aba Cartão, informe o número (via `Cartão > 11 > 1` ou `17 > 01 > 01`) — se houver mais de um cartão, peça modalidade e os 4 últimos dígitos.\nc) Selecione a conta/cartão do cliente.\nd) Selecione o envio de senha de 8 e/ou 6 dígitos — o sistema gera uma senha aleatória e envia por SMS.\ne) Informe que a senha chega por SMS ao celular cadastrado, sem prazo de expiração, e que deve ser alterada assim que possível por segurança.\nf) Se for senha de 6 dígitos, informe que, após a alteração, é preciso validar o chip do cartão em qualquer TAA — caso contrário, a nova senha não funcionará com o cartão com chip.\n\n---\n\n## 7. Cliente no Exterior\n\na) **Central de Senhas** (no App Alfa; exige cartão ativo, dispositivo liberado e Alfa Code/Push): permite alterar/bloquear/desbloquear/criar senha de 8 dígitos; alterar/bloquear/desbloquear senha de 6 dígitos; solicitar novo código de acesso. Acesso com a senha atual: área logada > Perfil > Central de senhas. Sem a senha: tela inicial não logada > Recuperar senha.\n\nb) **Agências no exterior:** procedimento de senhas disponível somente na agência de Tóquio.\n\nc) Solicitar a um representante legal (com procuração com firma reconhecida) que realize a operação na agência de relacionamento do cliente no Brasil.\n\nd) A agência de relacionamento envia ao e-mail cadastrado no MCI uma declaração para o cliente assinar e digitalizar — válido apenas para senhas bloqueadas por erro, não para bloqueio ""U"" (suspeita de fraude). O pedido pode começar por qualquer canal de contato, mas a declaração assinada só pode retornar pelo e-mail cadastrado no MCI. A agência de relacionamento pode ser confirmada com o cliente durante a ligação, na aba lateral da Plataforma de Relacionamento.\n\ne) **Cartões com chip:** após a alteração da senha de 6 dígitos, oriente o cliente a atualizar o chip de todos os plásticos ao voltar ao Brasil (em uma TAA), sob risco de impacto em transações presenciais; carteiras digitais funcionam normalmente após a troca.\n\nf) **Uso da senha no exterior:** alguns terminais usam PIN de 4 e/ou 6 dígitos. Nos de 4 dígitos, o cliente informa os 4 primeiros dígitos da sua senha de 6. No exterior, o cliente tem as mesmas opções dos demais clientes, pelo site institucional ou pelo App Alfa.\n\n---\n\n## 8. Senha do Portador Adicional\n\n| Portador | Solicitação | Alteração/reposição |\n|---|---|---|\n| **Adicional não correntista** | Presencial: senha de 6 dígitos cadastrada na hora. Demais canais: senha enviada por correio ao endereço do portador titular. | Se perder, esquecer ou não receber, cadastrar nova em qualquer agência. |\n| **Adicional correntista** | Usa a mesma senha pessoal de 6 dígitos de sua própria conta. Sem senha gravada: modalidades Doméstico/Internacional → sistema não gera o cartão; modalidades Gold e superiores → senha enviada por correio, cartão gerado após o recebimento. | Se perder, esquecer ou não receber, seguir as orientações do item 3. |\n\n---\n\n## 9. Acesso ao gov.br com credenciais do Banco Alfa\n\nVer rotina 50135.\n\n---\n\n## 10. Central de Senhas PF\n\nSolução de segurança no App Alfa para o cliente gerenciar suas senhas.\n- **Área logada:** Perfil > Segurança > Central de Segurança > Central de senhas; Perfil > Segurança > Central de senhas; Menu > Segurança > Central de Segurança > Central de Senhas.\n- **Área não logada:** Tela inicial > Recuperar Senha; ou role a tela para cima > Recuperar Senha.\n\n**Requisitos:** celular autorizado há mais de 30 dias; telefone cadastrado no ATO; Alfa Code ou Push habilitado; geolocalização ativa e autorizada; permissão de câmera concedida ao app; cartão ativo.\n\n> **Atenção:** não correntistas usam a Central de Senhas apenas para alterar a senha ""Conta de Acesso"" (ver item 4.2.2).\n\n---\n\n## 11. Fontes de informação\n\nUGS – Unidade de Gestão de Segurança (código 800040) · Normativo interno 5001 · Normativo interno 5002\n\n---\n\n## 12. Rotinas absorvidas\n\nO conteúdo das seguintes rotinas foi absorvido por este documento:\n\n| Código (anonimizado) | Assunto |\n|---|---|\n| 50137 | Senhas – Orientações (Código de Acesso) |\n| 50138 | Senhas – Orientações (Não correntista) |\n| 50139 | Senhas – Correntistas (Internet e Celular) |\n| 50140 | Arquivada – Senhas – Orientações (Conta-corrente) |\n| 50141 | POP UP – Senhas – Tipos de bloqueio |\n| 50142 | Modalidade de conta simplificada – Senhas |\n| 50143 | Senhas – Orientações – Poupador não correntista |\n| 50144 | Acesso do cliente à plataforma digital gov.br (parceria Banco Alfa e Governo Federal) |\n| 50145 | Senhas – Alfa Digital PJ |\n| 50146 | Atendimento para clientes não participantes do modelo ATA |\n| 50147 | Geração de senha PF – Procedimentos |\n']","Não. Conforme as regras do POP, o bloqueio 'U' (motivo de segurança/suspeita de fraude) proíbe expressamente o uso de canais remotos comuns para desfecho simples. Para o bloqueio 'U', a geração de senha por SMS não é permitida ('Não disponível para senhas... bloqueio U'). O atendimento via SAC deve ser direcionado obrigatoriamente para a Célula de Segurança (SAC Receptivo QP via rotina 50130 ou SAC Soluções QP via rotina 50131), e a alteração/desbloqueio não está disponível na Plataforma de Relacionamento para esse tipo específico de bloqueio.",ROLE_RESTRICTION,8.817,,0.3333333333333333,0.8432261916478356,1.0,0.9999999999
"Um cliente entra em contato com o SAC relatando suspeita de fraude em uma compra efetuada na função crédito utilizando um Cartão Alfa-e (virtual). Durante o atendimento, a validação por Token (rotina 50148) falha. Qual é o procedimento exato e obrigatório que o atendente deve realizar em relação ao cartão, e quais são os protocolos que devem ser gerados e informados ao cliente ao término da contestação (rotina 50174)?","Como assistente bancário, oriento que, diante de uma suspeita de fraude com falha na validação de segurança (Token), o procedimento deve seguir as diretrizes de proteção ao patrimônio do cliente e integridade do sistema.

Aqui estão os procedimentos padrão de mercado para essas situações:

### 1. Procedimento Obrigatório em relação ao Cartão
Diante da falha na validação de segurança (Token) e da suspeita de fraude, o atendente deve realizar o **bloqueio imediato e definitivo** do cartão (neste caso, o cartão virtual).

*   **Ação:** O cartão deve ser cancelado por motivo de ""fraude"" ou ""perda/roubo"" para impedir novas transações.
*   **Justificativa:** Como o sistema de segurança (Token) falhou, não é possível garantir a autenticidade da operação ou a segurança do dispositivo do cliente. O bloqueio é a medida preventiva obrigatória para estancar o risco de novas perdas financeiras.
*   **Ação Adicional:** O atendente deve orientar o cliente a excluir o cartão virtual comprometido do aplicativo e, se necessário, realizar a emissão de um novo cartão virtual.

### 2. Protocolos a serem gerados e informados (Rotina de Contestação)
Ao finalizar a contestação, o atendente deve fornecer ao cliente os seguintes registros:

1.  **Número do Protocolo de Atendimento:** O registro geral da chamada, que comprova que o cliente entrou em contato para reportar o problema.
2.  **Número do Protocolo de Contestação (ou ""Case ID""):** É o número específico gerado pelo sistema de análise de fraude. Este número é essencial para que o cliente acompanhe o processo de análise (chargeback).
3.  **Prazo de Análise:** O atendente deve informar o prazo estipulado pelo banco (geralmente entre 5 a 15 dias úteis, dependendo da política interna) para que a área de segurança analise a transação e dê um parecer.

### Observações Importantes:
*   **Orientação de Segurança:** O atendente deve instruir o cliente a verificar se há outros dispositivos conectados à conta ou se houve alteração de senhas/dados cadastrais recentemente.
*   **Registro de Ocorrência:** Em casos de fraude confirmada, é recomendável orientar o cliente a registrar um **Boletim de Ocorrência (B.O.)** eletrônico, que pode ser solicitado pelo banco como documento comprobatório durante a análise da contestação.

**Nota:** Como não tenho acesso aos sistemas internos do banco, certifique-se de seguir rigorosamente o ""script"" de telas do seu sistema operacional (o sistema de gestão de chamados do seu banco), pois os códigos de rotina podem variar conforme a instituição.","['# POP – Atendimento SAC Cartões (Quadro Contratado) – Pessoa Física\n### [Versão anonimizada/pseudonimizada — terceiro documento da série]\n\n> **Nota metodológica:** este documento usa a mesma metodologia e os mesmos pseudônimos institucionais dos POPs anteriores (CDC e Senhas) — Banco Alfa, App Alfa, SISALFA, Cartão Alfa etc. Termos novos deste documento (parceiros de cartão, telefones, rotinas) foram adicionados à mesma chave de correspondência (arquivo único e cumulativo). A lógica processual e as condições originais foram mantidas integralmente. Este documento é essencialmente um índice de encaminhamento (assunto → rotina → orientação), por isso a estrutura abaixo segue o mesmo formato de tabela do original.\n\n**Sumário:** Notas iniciais · Índice de atendimento (assuntos 1–42) · 12. Contestação de Compras (detalhado) · 19. Faturas (detalhado) · 23. Limites (detalhado) · 24. Pagamentos (detalhado) · 39. Seguros e serviços em viagem (detalhado) · 43. Fonte de informação · 44. Rotinas absorvidas\n\n---\n\n## Notas iniciais\n\na) O atendimento Generalista deve, além de prestar informações e fazer consultas, realizar os procedimentos listados abaixo.\n\nb) Se o cliente não estiver autenticado, autentique por token conforme rotina 50148. Se algum procedimento exigir identificação adicional ou não permitir prosseguir sem token validado, siga a rotina específica. Exemplos: informações sobre lançamentos do cartão dos últimos 30 dias (procedimentos de segurança da rotina 50149); informações sobre limite de crédito disponível no cartão (rotina 50150).\n\nc) O atendimento SAC não consulta a existência de notas ""784-FALHA DE CHECK LIST"" e ""1489-REINCIDÊNCIA FALHA CHECK LIST"" pendentes, exceto para as demandas das rotinas 50151 e 50152.\n\nd) Caso a rotina do procedimento oriente, excepcionalmente, a realizar Checklist de Maior Risco, complemente a Identificação Positiva com os dados exigidos por esse checklist.\n\ne) **Situações que NÃO são atendidas pelo SAC:**\n\n| Procedimento | Ação |\n|---|---|\n| Contratação de cartão | Informe os canais de contratação conforme rotina 50153. |\n| Ação de Upgrade/Downgrade | Informe os canais conforme item 2.1 da rotina 50154. |\n| Inclusão de cartão adicional | Oriente quanto aos canais para inclusão de adicional, conforme item 5 da rotina 50155. |\n| Pagamento Parcelado de Fatura (PPF) — contratação | Informe os canais conforme tabela do item 1 da rotina 50156. **Atenção:** consultas, cancelamento e antecipação de PPF seguem os procedimentos da própria rotina 50156. |\n| Habilitação/Reativação da função de crédito | Apenas preste informações e oriente para o canal correto, conforme rotina 50157. |\n| Troca de pontos — cartão de parceiro de combustível | Apenas preste informações e oriente para o canal correto, conforme item 23.6 da rotina 50158. |\n\n---\n\n## Índice de Atendimento — Cartão SAC QC (por assunto)\n\n| # | Assunto | Descrição | Fonte / Rotina | Orientação |\n|---|---|---|---|---|\n| 1 | Abordagens Ativas — Plataforma de Relacionamento | Oferta de cartões feita pela Plataforma de Relacionamento. | 50159 | Condições para o cliente solicitar o cartão: maior de 18 anos ou emancipado; sem restrições cadastrais impeditivas (consulta feita pelo atendente do módulo cartões); saldo disponível para crédito rotativo ≥ R$ 200,00. Só encaminhe à agência se o cliente insistir; do contrário, forneça os telefones da Plataforma de Relacionamento — setor de cartões. |\n| 2 | Abordagens Ativas nas TAA | Oferta de cartões nas TAA. | — | Clientes pré-selecionados recebem ofertas na TAA para aquisição de Cartão Alfa Segunda Bandeira e Adicional, com vantagens especiais. Na oferta de segunda bandeira, o cliente é direcionado à transação de pedido de cartão na própria TAA. Para adesão à oferta de Adicional e mais informações, oriente o cliente a ligar para o telefone exclusivo (0800) desta ação. |\n| 3 | Alteração de Endereço/Dados Cadastrais | Cliente deseja alterar/atualizar endereço, telefone, e-mail ou outro dado cadastral. | 50160 | Oriente quanto aos canais disponíveis para atualização cadastral. |\n| 4 | Anuidades | PF — informações. | 50161 | Preste orientações conforme a rotina. Se, após as orientações, o cliente desejar negociar/estornar a anuidade ou cancelar o cartão, siga os procedimentos da mesma rotina. |\n| | | PJ — canais de atendimento. | 50162 | Informe os canais de atendimento de cartão para PJ. |\n| | | Tabela de valores, promoções e descontos. | 50150 | Preste informações conforme a rotina. |\n| 5 | Atendimento – Dificuldade | Reclamação sobre dificuldade em conseguir atendimento. | 50163 | Preste orientações conforme a rotina. |\n| 6 | Ativação/Habilitação da função crédito | Demandas de ativação da função crédito de cartão múltiplo usado só na função débito. | 50157 | Informe os canais disponíveis, conforme item 3 da rotina. |\n| 7 | Bloqueio e inibição de cartões | Cliente quer bloquear o cartão (perda, roubo, retenção em TAA etc.). | 50164 | Siga os procedimentos de bloqueio da rotina. Sempre informe que o bloqueio também pode ser feito via App Alfa ou App Cartão Alfa. |\n| | | Cliente quer inibir a função crédito. | 50165 | Siga os procedimentos da rotina. |\n| | | Cliente quer cancelar o cartão. | 50166 | Siga os procedimentos da rotina. |\n| | | Cliente cancelou e desistiu, ou quer reativar cartão cancelado. | 50167 | Informe os canais disponíveis, itens 4 (desistência) e 5 (reativação). |\n| 8 | Cartão Adicional | Como incluir/excluir um portador adicional. | 50155 | Preste orientações conforme a rotina. |\n| 9 | Cartão de programa de fidelidade parceiro | Questionamentos sobre essa modalidade de cartão. | 50134 | Preste orientações conforme a rotina. |\n| 10 | Cartão Empresarial | Informações sobre cartão PJ/empresas (ver índice para modalidades). | — | Verifique se o cliente quer contatar a central específica (24h) — se sim, informe o telefone da Central de Cartões (rotina 50162). Se recusar, preste informações com base nas rotinas, sem acessar a conta-cartão do cliente; em caso de insucesso, informe sobre o registro de ocorrência (retorno em até 7 dias corridos). Rotinas específicas: Programa Social Estadual X — 50168; Programa Social Y — 50152; Cartão Pré-pago (Parceiro Z) — 50169. |\n| 11 | Carteiras Digitais | Cadastro e uso de carteiras digitais. | Apple Pay 50170 · Samsung Pay 50171 · Google Pay 50172 · Garmin Pay 50173 | Preste orientações conforme as rotinas. |\n| 12 | Contestação de Compras | Cliente não reconhece ou reconhece mas quer cancelar uma compra. | 50174 / 50175 | **Ver seção detalhada abaixo.** |\n| 13 | Contestação por Falsidade Ideológica | Cliente relata fatura/cobrança/restrição (ex.: birô de crédito) de cartão que não reconhece/solicitou. | 50111 | Efetue os procedimentos da rotina. |\n| 14 | Contratos | Onde consultar as Cláusulas Gerais dos Contratos de Cartões. | 50177 | Informe que é possível consultar o contrato no site institucional: Pra você > Cartões > Contratos e tabelas. O contrato é enviado junto com o 1º cartão. |\n| 15 | Débito Automático | Canais para incluir/excluir débito automático (contas na fatura). | Informações gerais 50178 · Pagamento de contas 50179 | Preste as informações conforme as rotinas. Se o cliente não aceitar os canais disponíveis, siga os procedimentos da rotina. |\n| 16 | Liberação de Cartão Novo (PF) | Cartão novo recebido ainda não liberado. | 50180 | Preste as informações conforme a rotina. Se não for possível liberar por nenhum canal, registre ocorrência conforme o resultado do atendimento. |\n| 17 | Desbloqueio de cartão | Solicitação de desbloqueio. | 50151 | Realize os procedimentos conforme a rotina. |\n| 18 | Envio/Remessa/Entrega de cartão | Atraso na entrega ou entrega de cartão não solicitado. | 50181 | Preste atendimento e siga a rotina. |\n| 19 | Faturas | Informações e procedimentos sobre fatura. | 50182 / 50149 e outras | **Ver seção detalhada abaixo.** |\n| 20 | Habilitação para uso no exterior | Cliente quer habilitar o cartão para uso no exterior. | 50186 | Informe os canais disponíveis; se solicitar, realize os procedimentos da rotina. |\n| 21 | Inconsistências no Sistema | Erro, falha ou insucesso em pagamentos/parcelamentos/lançamentos/duplicidades (crédito ou débito). | 50187 | Verifique se há registro de inconsistência que envolva a situação do cliente e a orientação de como proceder. |\n| 22 | Internet | Transações para portadores de cartão pelo canal internet. | 50188 | Preste as informações conforme a rotina. |\n| 23 | Limites | Limites do cartão físico e do Cartão Alfa-e (virtual). | 50189 e outras | **Ver seção detalhada abaixo.** |\n| 24 | Pagamentos | Agendamento, PPF, pagamento de contas, NFC etc. | 50183 e outras | **Ver seção detalhada abaixo.** |\n| 25 | Pagamento antecipado de compras parceladas | Cliente quer quitar antecipadamente uma compra parcelada. | 50198 (item 3, se necessário) | Informe que é possível pelo **App Cartão Alfa** (timeline > transação > Parcelas > ""Antecipar parcelas"") ou pelo **App Alfa** (Extratos > Fatura do Cartão > cartão > compra > ""Antecipar parcelas"", ao final da tela). O site institucional não tem essa opção. Se não for possível, ou o cliente insistir, adote o procedimento do item 3 da rotina 50198. |\n| 26 | Pedido/Contratação de cartão novo | Canais para contratar um cartão de crédito novo. | várias, conforme modalidade | Correntistas (cartões Visa Internacional e Elo Mais/Grafite): App Alfa; agências; TAA. Não correntista: App Alfa; agências. Para outras modalidades, consulte a rotina específica do cartão. |\n| 27 | Pix no Cartão de Crédito | Uso de Pix com o cartão de crédito. | 50199 | Preste as orientações conforme a rotina. |\n| 28 | Portabilidade de saldo devedor (envio de DDC) | Cliente quer levar PPF e/ou saldo devedor do rotativo para outra instituição. | 50200 | Preste informações; se o cliente solicitar a portabilidade, registre a ocorrência e encerre em FCR. |\n| 29 | Portfólio de cartões | Onde consultar os cartões disponíveis. | — | Site institucional (bancoalfa.com.br/cartoes), aba ""Você"" > ""Cartões""; qualquer agência; Plataforma de Relacionamento, setor de cartões. |\n| 30 | Private Label | Informações gerais sobre os cartões de parceiro de livraria e de parceiro de combustível. | 50133 | Preste as orientações conforme a rotina. |\n| 31 | Programa de Relacionamento | Regulamento resumido, cashback, pontos, milhas etc. | Programa 50201 · Regulamento 50202 | Para mais informações, consulte a página do Programa Benefícios Alfa (rotina 50201); dúvidas sobre o regulamento do programa de relacionamento do Banco Alfa: rotina 50202. |\n| 32 | Promoções | Promoções vigentes. | Índice Cartão | Acesse o índice e preste as informações conforme a promoção questionada. |\n| 33 | Renegociação de dívida do cartão | Renegociação de dívidas do cartão. | 50103 | Preste as orientações conforme a rotina. |\n| 34 | Restrições Cadastrais | Esclarecimentos sobre anotações e restrições cadastrais. | 50203 | Realize os procedimentos da rotina. |\n| 35 | Saque | Saque na função crédito não efetuado, porém debitado (cédula retida). | 50204 | Atenda conforme a rotina. |\n| | | Saque com cartão de crédito — informações. | 50205 | Preste as orientações conforme a rotina. |\n| 36 | Saque Sem Cartão | Saque efetuado sem uso do cartão. | 50206 | Preste as orientações conforme a rotina. |\n| 37 | Segurança no uso de cartões | Características de segurança dos produtos/serviços de cartão. | 50207 | Preste as orientações conforme a rotina. |\n| | | Cliente relata dificuldade em efetuar compra (transação recusada/bloqueada). | 50203 / 50149 | Preste as orientações conforme as rotinas. |\n| 38 | Seguro Proteção Ouro | Orientações gerais. | 50208 | Preste as orientações conforme a rotina. |\n| 39 | Seguros e serviços em viagens | Seguros de viagem, locação de veículos, proteção de compras, assistências. | várias, por bandeira | **Ver seção detalhada abaixo.** |\n| 40 | Senhas | Informações e solicitações gerais sobre senhas. | 50216 | Oriente e realize os procedimentos da rotina. |\n| | | Informações para portador de cartão ADICIONAL. | 50155, item 7 | Oriente e realize os procedimentos da rotina. |\n| 41 | Solicitação de segunda via do cartão | Como solicitar a segunda via. | 50217 | Informe os canais: App Alfa; App Cartão Alfa; área logada do site institucional; Plataforma de Relacionamento — setor de cartões; agências. Se o cliente reclamar dos canais, siga os procedimentos da rotina. |\n| 42 | Tarifas | Cobrança de tarifa sobre emissão de 2ª via de cartão. | 50217 | Preste as orientações conforme a rotina. |\n| | | Tarifa sobre saque com cartão de crédito. | 50205, item 3 | — |\n\n---\n\n## 12. Contestação de Compras (detalhado)\n\n**Função Crédito**\n- **Cliente NÃO reconhece a compra (suspeita de fraude):** mesmo que autenticado, valide por envio de Token (rotina 50148). Se a validação falhar, informe que será feito um bloqueio provisório no cartão. Para o Cartão Alfa-e (virtual), efetue o bloqueio definitivo — código 376 (CARTÃO ALFA-E FALSIFICADO). Após efetuar a contestação (rotina 50174), registre no SRO (FCR); o protocolo do SRO é informado na justificativa da contestação no SISALFA. Ao final da contestação, o SISALFA gera outro número de protocolo, que deve ser informado ao cliente para acompanhamento via Plataforma de Relacionamento ou WhatsApp Alfa. Classifique a demanda conforme a Ferramenta de Classificação.\n  > Se o cliente questionar o recebimento da notificação via Push sobre confirmação de compra no cartão de crédito, confira as orientações do recurso ""Alfa, Sou Eu"".\n- **Cliente reconhece a compra:** para contestações por desacordo comercial (sem fraude), encargos, andamento de contestação já feita e demais situações, siga a rotina 50175.\n\n**Função Débito**\n- **Cliente NÃO reconhece a compra (suspeita de fraude):** transfira a ligação para o SAC Antifraude/ROI.\n- **Cliente reconhece a compra:** siga o item 2 da rotina 50176.\n\n---\n\n## 19. Faturas (detalhado)\n\n- **Lançamentos na fatura** (compras, saques, devoluções): rotinas 50182 e 50149.\n- **Agendamento do pagamento da fatura** (inclusão/alteração/cancelamento): rotina 50183.\n- **Não recebimento, envio por e-mail e 2ª via de fatura:** rotina 50184 (envio da fatura atual). Para faturas anteriores, oriente quanto aos canais de consulta da rotina 50182.\n- **Pagamento a maior ou em duplicidade, com pedido de estorno:** rotina 50185.\n- **PPF (Pagamento Parcelado da Fatura):** ver item 24 (rotina 50156).\n\n---\n\n## 23. Limites (detalhado)\n\nLimites do cartão físico e do Cartão Alfa-e (virtual).\n\n| Demanda | Fonte / Rotina | Orientação |\n|---|---|---|\n| Limites máximos para uso diário, compras e saques | 50189 | Preste as orientações conforme a rotina. |\n| Consultar o limite disponível do cartão | 50150, item 2 | Consulte as orientações e siga os procedimentos da rotina. |\n| Aumentar ou reduzir o limite do cartão | 50190, item 1 | Proceda conforme a rotina. |\n| Alteração de limite do cartão virtual (Cartão Alfa-e) | 50191, item 1.1.1 | Proceda conforme a rotina. |\n| Transferência de limite entre Limite Especial da Conta e cartão de crédito | 50192 | Proceda conforme a rotina. |\n| Autorização para Aumento Automático de Limite | 50193 | Proceda conforme a rotina. |\n| Avaliação Emergencial de Crédito | 50194 | Proceda conforme a rotina. |\n\n---\n\n## 24. Pagamentos (detalhado)\n\n- **Agendamento do pagamento da fatura** (inclusão/alteração/cancelamento): rotina 50183.\n- **Restabelecimento do limite do cartão após o pagamento da fatura:** rotina 50182, item 4.3.\n- **Pagamento de contas com débito na fatura do Cartão Alfa:** rotina 50195. a) Se o cliente alegar fraude em pagamento de boleto feito no próprio dia da liquidação, é possível cancelar o pagamento (item 12 da rotina 50195). b) Se o cliente antecipar o pagamento da fatura e pedir estorno dos encargos/juros cobrados sobre o pagamento de contas, informe que ficará sujeito à perda dos pontos de relacionamento gerados por aquele pagamento (item 10 da rotina 50195).\n- **Pagamento Parcelado de Faturas (PPF):** rotina 50156. Consulta/antecipação de parcelamentos: mesma rotina. Contratação: canais conforme tabela do item 1 da mesma rotina.\n- **Parcelamento TOTAL do saldo do cartão** (comercialização suspensa): rotina 50196. Se o cliente quiser contratar, informe os canais do item d) das ""Notas"" da rotina 50156.\n- **Pagamento por aproximação — NFC/Contactless:** rotina 50197. Se o cliente insistir em ativar/desativar a funcionalidade, siga os procedimentos da rotina.\n\n---\n\n## 39. Seguros e serviços em viagens (detalhado)\n\nIdentifique a bandeira e a modalidade do cartão antes de prestar as informações.\n\n| Cobertura | Bandeira | Rotina |\n|---|---|---|\n| Seguro de acidentes em viagem | Visa | 50209 |\n| Seguro de acidentes em viagem | Master | 50210 |\n| Seguro para locação de automóveis | Visa | 50211 |\n| Seguro para locação de automóveis | Master | 50212 |\n| Seguro proteção de compras | Visa Infinite | 50213 |\n| Seguro médico de emergência | Visa | 50209 |\n| Demais assistências | Visa/Master/Elo | 50214 |\n| Demais assistências | Master | 50215 |\n\n---\n\n## 43. Fonte da informação\n\nUAF – Unidade de Antifraude (código 800010).\n\n---\n\n## 44. Rotinas Absorvidas\n\nO conteúdo da seguinte rotina foi absorvido: 50218 — SAC QC Cartão (Atendimento Especializado).\n']","Como a validação por Token falhou, o atendente deve efetuar o bloqueio definitivo do Cartão Alfa-e utilizando o código 376 (CARTÃO ALFA-E FALSIFICADO). Após efetuar a contestação (rotina 50174), o atendente deve registrar a ocorrência no SRO (FCR), informando o número do protocolo do SRO na justificativa da contestação no SISALFA. Ao final do processo, o SISALFA gerará outro número de protocolo, que deve ser obrigatoriamente informado ao cliente para que ele possa realizar o acompanhamento via Plataforma de Relacionamento ou WhatsApp Alfa.",CONDITIONAL_WORKFLOW,6.4496,,0.15789473684210525,0.7850035046205344,1.0,0.9999999999
"Um correntista liga para o SAC solicitando a contratação do Pagamento Parcelado de Fatura (PPF) e, simultaneamente, questiona o procedimento para antecipação do mesmo serviço. Considerando as restrições de canal e as regras do POP, o atendente do SAC pode realizar a contratação diretamente? Em caso negativo, quais orientações devem ser repassadas, e qual é a regra aplicável para a consulta e antecipação do PPF?","Como assistente bancário, apresento as orientações baseadas nas práticas comuns do mercado financeiro para este tipo de operação:

### 1. O atendente do SAC pode realizar a contratação diretamente?
**Não.** Em regra, a contratação do Pagamento Parcelado de Fatura (PPF) é uma operação de crédito que envolve a alteração das condições de pagamento da fatura e a incidência de encargos específicos. Por questões de segurança, conformidade e validação de termos contratuais, essa operação geralmente **não é realizada via atendimento humano no SAC**.

### 2. Orientações a serem repassadas ao cliente
O atendente deve orientar o cliente a realizar a contratação pelos **canais de autoatendimento**, que são os meios oficiais para essa finalidade:
*   **Aplicativo do Banco:** O cliente deve acessar a aba de ""Cartões"", selecionar a fatura em aberto e buscar a opção ""Parcelar Fatura"" ou ""Parcelamento"".
*   **Internet Banking:** Seguir o mesmo fluxo de cartões disponível no portal do banco.
*   **Caixas Eletrônicos:** Em alguns casos, a opção também está disponível nos terminais de autoatendimento.

O atendente deve reforçar que, ao realizar a contratação pelo app, o cliente terá acesso imediato às taxas de juros, ao número de parcelas disponíveis e ao Custo Efetivo Total (CET) da operação, permitindo uma decisão consciente.

### 3. Regras para consulta e antecipação do PPF
Sobre a antecipação do parcelamento, as regras gerais do mercado são:

*   **Consulta:** O cliente pode consultar as parcelas vincendas através do extrato do cartão de crédito ou pelo menu de ""Parcelamentos"" no aplicativo, onde é possível visualizar o saldo devedor remanescente.
*   **Antecipação:** A antecipação de parcelas de um financiamento (como o PPF) é um direito do consumidor garantido pelo Código de Defesa do Consumidor (Art. 52, § 2º).
    *   **Procedimento:** A antecipação deve ser solicitada via SAC ou canais digitais.
    *   **Benefício:** Ao antecipar, o banco é obrigado a realizar o **recálculo do saldo devedor**, aplicando o **desconto proporcional dos juros** e demais encargos previstos para o período que foi antecipado.
    *   **Efetivação:** O valor da antecipação é, geralmente, lançado na próxima fatura do cartão de crédito após a solicitação.

**Dica de atendimento:** Sempre oriente o cliente a verificar o valor total da fatura após a simulação do parcelamento e a ler atentamente os termos e condições antes de confirmar a contratação, para evitar surpresas com o custo final do crédito.","['# POP – Atendimento SAC Cartões (Quadro Contratado) – Pessoa Física\n### [Versão anonimizada/pseudonimizada — terceiro documento da série]\n\n> **Nota metodológica:** este documento usa a mesma metodologia e os mesmos pseudônimos institucionais dos POPs anteriores (CDC e Senhas) — Banco Alfa, App Alfa, SISALFA, Cartão Alfa etc. Termos novos deste documento (parceiros de cartão, telefones, rotinas) foram adicionados à mesma chave de correspondência (arquivo único e cumulativo). A lógica processual e as condições originais foram mantidas integralmente. Este documento é essencialmente um índice de encaminhamento (assunto → rotina → orientação), por isso a estrutura abaixo segue o mesmo formato de tabela do original.\n\n**Sumário:** Notas iniciais · Índice de atendimento (assuntos 1–42) · 12. Contestação de Compras (detalhado) · 19. Faturas (detalhado) · 23. Limites (detalhado) · 24. Pagamentos (detalhado) · 39. Seguros e serviços em viagem (detalhado) · 43. Fonte de informação · 44. Rotinas absorvidas\n\n---\n\n## Notas iniciais\n\na) O atendimento Generalista deve, além de prestar informações e fazer consultas, realizar os procedimentos listados abaixo.\n\nb) Se o cliente não estiver autenticado, autentique por token conforme rotina 50148. Se algum procedimento exigir identificação adicional ou não permitir prosseguir sem token validado, siga a rotina específica. Exemplos: informações sobre lançamentos do cartão dos últimos 30 dias (procedimentos de segurança da rotina 50149); informações sobre limite de crédito disponível no cartão (rotina 50150).\n\nc) O atendimento SAC não consulta a existência de notas ""784-FALHA DE CHECK LIST"" e ""1489-REINCIDÊNCIA FALHA CHECK LIST"" pendentes, exceto para as demandas das rotinas 50151 e 50152.\n\nd) Caso a rotina do procedimento oriente, excepcionalmente, a realizar Checklist de Maior Risco, complemente a Identificação Positiva com os dados exigidos por esse checklist.\n\ne) **Situações que NÃO são atendidas pelo SAC:**\n\n| Procedimento | Ação |\n|---|---|\n| Contratação de cartão | Informe os canais de contratação conforme rotina 50153. |\n| Ação de Upgrade/Downgrade | Informe os canais conforme item 2.1 da rotina 50154. |\n| Inclusão de cartão adicional | Oriente quanto aos canais para inclusão de adicional, conforme item 5 da rotina 50155. |\n| Pagamento Parcelado de Fatura (PPF) — contratação | Informe os canais conforme tabela do item 1 da rotina 50156. **Atenção:** consultas, cancelamento e antecipação de PPF seguem os procedimentos da própria rotina 50156. |\n| Habilitação/Reativação da função de crédito | Apenas preste informações e oriente para o canal correto, conforme rotina 50157. |\n| Troca de pontos — cartão de parceiro de combustível | Apenas preste informações e oriente para o canal correto, conforme item 23.6 da rotina 50158. |\n\n---\n\n## Índice de Atendimento — Cartão SAC QC (por assunto)\n\n| # | Assunto | Descrição | Fonte / Rotina | Orientação |\n|---|---|---|---|---|\n| 1 | Abordagens Ativas — Plataforma de Relacionamento | Oferta de cartões feita pela Plataforma de Relacionamento. | 50159 | Condições para o cliente solicitar o cartão: maior de 18 anos ou emancipado; sem restrições cadastrais impeditivas (consulta feita pelo atendente do módulo cartões); saldo disponível para crédito rotativo ≥ R$ 200,00. Só encaminhe à agência se o cliente insistir; do contrário, forneça os telefones da Plataforma de Relacionamento — setor de cartões. |\n| 2 | Abordagens Ativas nas TAA | Oferta de cartões nas TAA. | — | Clientes pré-selecionados recebem ofertas na TAA para aquisição de Cartão Alfa Segunda Bandeira e Adicional, com vantagens especiais. Na oferta de segunda bandeira, o cliente é direcionado à transação de pedido de cartão na própria TAA. Para adesão à oferta de Adicional e mais informações, oriente o cliente a ligar para o telefone exclusivo (0800) desta ação. |\n| 3 | Alteração de Endereço/Dados Cadastrais | Cliente deseja alterar/atualizar endereço, telefone, e-mail ou outro dado cadastral. | 50160 | Oriente quanto aos canais disponíveis para atualização cadastral. |\n| 4 | Anuidades | PF — informações. | 50161 | Preste orientações conforme a rotina. Se, após as orientações, o cliente desejar negociar/estornar a anuidade ou cancelar o cartão, siga os procedimentos da mesma rotina. |\n| | | PJ — canais de atendimento. | 50162 | Informe os canais de atendimento de cartão para PJ. |\n| | | Tabela de valores, promoções e descontos. | 50150 | Preste informações conforme a rotina. |\n| 5 | Atendimento – Dificuldade | Reclamação sobre dificuldade em conseguir atendimento. | 50163 | Preste orientações conforme a rotina. |\n| 6 | Ativação/Habilitação da função crédito | Demandas de ativação da função crédito de cartão múltiplo usado só na função débito. | 50157 | Informe os canais disponíveis, conforme item 3 da rotina. |\n| 7 | Bloqueio e inibição de cartões | Cliente quer bloquear o cartão (perda, roubo, retenção em TAA etc.). | 50164 | Siga os procedimentos de bloqueio da rotina. Sempre informe que o bloqueio também pode ser feito via App Alfa ou App Cartão Alfa. |\n| | | Cliente quer inibir a função crédito. | 50165 | Siga os procedimentos da rotina. |\n| | | Cliente quer cancelar o cartão. | 50166 | Siga os procedimentos da rotina. |\n| | | Cliente cancelou e desistiu, ou quer reativar cartão cancelado. | 50167 | Informe os canais disponíveis, itens 4 (desistência) e 5 (reativação). |\n| 8 | Cartão Adicional | Como incluir/excluir um portador adicional. | 50155 | Preste orientações conforme a rotina. |\n| 9 | Cartão de programa de fidelidade parceiro | Questionamentos sobre essa modalidade de cartão. | 50134 | Preste orientações conforme a rotina. |\n| 10 | Cartão Empresarial | Informações sobre cartão PJ/empresas (ver índice para modalidades). | — | Verifique se o cliente quer contatar a central específica (24h) — se sim, informe o telefone da Central de Cartões (rotina 50162). Se recusar, preste informações com base nas rotinas, sem acessar a conta-cartão do cliente; em caso de insucesso, informe sobre o registro de ocorrência (retorno em até 7 dias corridos). Rotinas específicas: Programa Social Estadual X — 50168; Programa Social Y — 50152; Cartão Pré-pago (Parceiro Z) — 50169. |\n| 11 | Carteiras Digitais | Cadastro e uso de carteiras digitais. | Apple Pay 50170 · Samsung Pay 50171 · Google Pay 50172 · Garmin Pay 50173 | Preste orientações conforme as rotinas. |\n| 12 | Contestação de Compras | Cliente não reconhece ou reconhece mas quer cancelar uma compra. | 50174 / 50175 | **Ver seção detalhada abaixo.** |\n| 13 | Contestação por Falsidade Ideológica | Cliente relata fatura/cobrança/restrição (ex.: birô de crédito) de cartão que não reconhece/solicitou. | 50111 | Efetue os procedimentos da rotina. |\n| 14 | Contratos | Onde consultar as Cláusulas Gerais dos Contratos de Cartões. | 50177 | Informe que é possível consultar o contrato no site institucional: Pra você > Cartões > Contratos e tabelas. O contrato é enviado junto com o 1º cartão. |\n| 15 | Débito Automático | Canais para incluir/excluir débito automático (contas na fatura). | Informações gerais 50178 · Pagamento de contas 50179 | Preste as informações conforme as rotinas. Se o cliente não aceitar os canais disponíveis, siga os procedimentos da rotina. |\n| 16 | Liberação de Cartão Novo (PF) | Cartão novo recebido ainda não liberado. | 50180 | Preste as informações conforme a rotina. Se não for possível liberar por nenhum canal, registre ocorrência conforme o resultado do atendimento. |\n| 17 | Desbloqueio de cartão | Solicitação de desbloqueio. | 50151 | Realize os procedimentos conforme a rotina. |\n| 18 | Envio/Remessa/Entrega de cartão | Atraso na entrega ou entrega de cartão não solicitado. | 50181 | Preste atendimento e siga a rotina. |\n| 19 | Faturas | Informações e procedimentos sobre fatura. | 50182 / 50149 e outras | **Ver seção detalhada abaixo.** |\n| 20 | Habilitação para uso no exterior | Cliente quer habilitar o cartão para uso no exterior. | 50186 | Informe os canais disponíveis; se solicitar, realize os procedimentos da rotina. |\n| 21 | Inconsistências no Sistema | Erro, falha ou insucesso em pagamentos/parcelamentos/lançamentos/duplicidades (crédito ou débito). | 50187 | Verifique se há registro de inconsistência que envolva a situação do cliente e a orientação de como proceder. |\n| 22 | Internet | Transações para portadores de cartão pelo canal internet. | 50188 | Preste as informações conforme a rotina. |\n| 23 | Limites | Limites do cartão físico e do Cartão Alfa-e (virtual). | 50189 e outras | **Ver seção detalhada abaixo.** |\n| 24 | Pagamentos | Agendamento, PPF, pagamento de contas, NFC etc. | 50183 e outras | **Ver seção detalhada abaixo.** |\n| 25 | Pagamento antecipado de compras parceladas | Cliente quer quitar antecipadamente uma compra parcelada. | 50198 (item 3, se necessário) | Informe que é possível pelo **App Cartão Alfa** (timeline > transação > Parcelas > ""Antecipar parcelas"") ou pelo **App Alfa** (Extratos > Fatura do Cartão > cartão > compra > ""Antecipar parcelas"", ao final da tela). O site institucional não tem essa opção. Se não for possível, ou o cliente insistir, adote o procedimento do item 3 da rotina 50198. |\n| 26 | Pedido/Contratação de cartão novo | Canais para contratar um cartão de crédito novo. | várias, conforme modalidade | Correntistas (cartões Visa Internacional e Elo Mais/Grafite): App Alfa; agências; TAA. Não correntista: App Alfa; agências. Para outras modalidades, consulte a rotina específica do cartão. |\n| 27 | Pix no Cartão de Crédito | Uso de Pix com o cartão de crédito. | 50199 | Preste as orientações conforme a rotina. |\n| 28 | Portabilidade de saldo devedor (envio de DDC) | Cliente quer levar PPF e/ou saldo devedor do rotativo para outra instituição. | 50200 | Preste informações; se o cliente solicitar a portabilidade, registre a ocorrência e encerre em FCR. |\n| 29 | Portfólio de cartões | Onde consultar os cartões disponíveis. | — | Site institucional (bancoalfa.com.br/cartoes), aba ""Você"" > ""Cartões""; qualquer agência; Plataforma de Relacionamento, setor de cartões. |\n| 30 | Private Label | Informações gerais sobre os cartões de parceiro de livraria e de parceiro de combustível. | 50133 | Preste as orientações conforme a rotina. |\n| 31 | Programa de Relacionamento | Regulamento resumido, cashback, pontos, milhas etc. | Programa 50201 · Regulamento 50202 | Para mais informações, consulte a página do Programa Benefícios Alfa (rotina 50201); dúvidas sobre o regulamento do programa de relacionamento do Banco Alfa: rotina 50202. |\n| 32 | Promoções | Promoções vigentes. | Índice Cartão | Acesse o índice e preste as informações conforme a promoção questionada. |\n| 33 | Renegociação de dívida do cartão | Renegociação de dívidas do cartão. | 50103 | Preste as orientações conforme a rotina. |\n| 34 | Restrições Cadastrais | Esclarecimentos sobre anotações e restrições cadastrais. | 50203 | Realize os procedimentos da rotina. |\n| 35 | Saque | Saque na função crédito não efetuado, porém debitado (cédula retida). | 50204 | Atenda conforme a rotina. |\n| | | Saque com cartão de crédito — informações. | 50205 | Preste as orientações conforme a rotina. |\n| 36 | Saque Sem Cartão | Saque efetuado sem uso do cartão. | 50206 | Preste as orientações conforme a rotina. |\n| 37 | Segurança no uso de cartões | Características de segurança dos produtos/serviços de cartão. | 50207 | Preste as orientações conforme a rotina. |\n| | | Cliente relata dificuldade em efetuar compra (transação recusada/bloqueada). | 50203 / 50149 | Preste as orientações conforme as rotinas. |\n| 38 | Seguro Proteção Ouro | Orientações gerais. | 50208 | Preste as orientações conforme a rotina. |\n| 39 | Seguros e serviços em viagens | Seguros de viagem, locação de veículos, proteção de compras, assistências. | várias, por bandeira | **Ver seção detalhada abaixo.** |\n| 40 | Senhas | Informações e solicitações gerais sobre senhas. | 50216 | Oriente e realize os procedimentos da rotina. |\n| | | Informações para portador de cartão ADICIONAL. | 50155, item 7 | Oriente e realize os procedimentos da rotina. |\n| 41 | Solicitação de segunda via do cartão | Como solicitar a segunda via. | 50217 | Informe os canais: App Alfa; App Cartão Alfa; área logada do site institucional; Plataforma de Relacionamento — setor de cartões; agências. Se o cliente reclamar dos canais, siga os procedimentos da rotina. |\n| 42 | Tarifas | Cobrança de tarifa sobre emissão de 2ª via de cartão. | 50217 | Preste as orientações conforme a rotina. |\n| | | Tarifa sobre saque com cartão de crédito. | 50205, item 3 | — |\n\n---\n\n## 12. Contestação de Compras (detalhado)\n\n**Função Crédito**\n- **Cliente NÃO reconhece a compra (suspeita de fraude):** mesmo que autenticado, valide por envio de Token (rotina 50148). Se a validação falhar, informe que será feito um bloqueio provisório no cartão. Para o Cartão Alfa-e (virtual), efetue o bloqueio definitivo — código 376 (CARTÃO ALFA-E FALSIFICADO). Após efetuar a contestação (rotina 50174), registre no SRO (FCR); o protocolo do SRO é informado na justificativa da contestação no SISALFA. Ao final da contestação, o SISALFA gera outro número de protocolo, que deve ser informado ao cliente para acompanhamento via Plataforma de Relacionamento ou WhatsApp Alfa. Classifique a demanda conforme a Ferramenta de Classificação.\n  > Se o cliente questionar o recebimento da notificação via Push sobre confirmação de compra no cartão de crédito, confira as orientações do recurso ""Alfa, Sou Eu"".\n- **Cliente reconhece a compra:** para contestações por desacordo comercial (sem fraude), encargos, andamento de contestação já feita e demais situações, siga a rotina 50175.\n\n**Função Débito**\n- **Cliente NÃO reconhece a compra (suspeita de fraude):** transfira a ligação para o SAC Antifraude/ROI.\n- **Cliente reconhece a compra:** siga o item 2 da rotina 50176.\n\n---\n\n## 19. Faturas (detalhado)\n\n- **Lançamentos na fatura** (compras, saques, devoluções): rotinas 50182 e 50149.\n- **Agendamento do pagamento da fatura** (inclusão/alteração/cancelamento): rotina 50183.\n- **Não recebimento, envio por e-mail e 2ª via de fatura:** rotina 50184 (envio da fatura atual). Para faturas anteriores, oriente quanto aos canais de consulta da rotina 50182.\n- **Pagamento a maior ou em duplicidade, com pedido de estorno:** rotina 50185.\n- **PPF (Pagamento Parcelado da Fatura):** ver item 24 (rotina 50156).\n\n---\n\n## 23. Limites (detalhado)\n\nLimites do cartão físico e do Cartão Alfa-e (virtual).\n\n| Demanda | Fonte / Rotina | Orientação |\n|---|---|---|\n| Limites máximos para uso diário, compras e saques | 50189 | Preste as orientações conforme a rotina. |\n| Consultar o limite disponível do cartão | 50150, item 2 | Consulte as orientações e siga os procedimentos da rotina. |\n| Aumentar ou reduzir o limite do cartão | 50190, item 1 | Proceda conforme a rotina. |\n| Alteração de limite do cartão virtual (Cartão Alfa-e) | 50191, item 1.1.1 | Proceda conforme a rotina. |\n| Transferência de limite entre Limite Especial da Conta e cartão de crédito | 50192 | Proceda conforme a rotina. |\n| Autorização para Aumento Automático de Limite | 50193 | Proceda conforme a rotina. |\n| Avaliação Emergencial de Crédito | 50194 | Proceda conforme a rotina. |\n\n---\n\n## 24. Pagamentos (detalhado)\n\n- **Agendamento do pagamento da fatura** (inclusão/alteração/cancelamento): rotina 50183.\n- **Restabelecimento do limite do cartão após o pagamento da fatura:** rotina 50182, item 4.3.\n- **Pagamento de contas com débito na fatura do Cartão Alfa:** rotina 50195. a) Se o cliente alegar fraude em pagamento de boleto feito no próprio dia da liquidação, é possível cancelar o pagamento (item 12 da rotina 50195). b) Se o cliente antecipar o pagamento da fatura e pedir estorno dos encargos/juros cobrados sobre o pagamento de contas, informe que ficará sujeito à perda dos pontos de relacionamento gerados por aquele pagamento (item 10 da rotina 50195).\n- **Pagamento Parcelado de Faturas (PPF):** rotina 50156. Consulta/antecipação de parcelamentos: mesma rotina. Contratação: canais conforme tabela do item 1 da mesma rotina.\n- **Parcelamento TOTAL do saldo do cartão** (comercialização suspensa): rotina 50196. Se o cliente quiser contratar, informe os canais do item d) das ""Notas"" da rotina 50156.\n- **Pagamento por aproximação — NFC/Contactless:** rotina 50197. Se o cliente insistir em ativar/desativar a funcionalidade, siga os procedimentos da rotina.\n\n---\n\n## 39. Seguros e serviços em viagens (detalhado)\n\nIdentifique a bandeira e a modalidade do cartão antes de prestar as informações.\n\n| Cobertura | Bandeira | Rotina |\n|---|---|---|\n| Seguro de acidentes em viagem | Visa | 50209 |\n| Seguro de acidentes em viagem | Master | 50210 |\n| Seguro para locação de automóveis | Visa | 50211 |\n| Seguro para locação de automóveis | Master | 50212 |\n| Seguro proteção de compras | Visa Infinite | 50213 |\n| Seguro médico de emergência | Visa | 50209 |\n| Demais assistências | Visa/Master/Elo | 50214 |\n| Demais assistências | Master | 50215 |\n\n---\n\n## 43. Fonte da informação\n\nUAF – Unidade de Antifraude (código 800010).\n\n---\n\n## 44. Rotinas Absorvidas\n\nO conteúdo da seguinte rotina foi absorvido: 50218 — SAC QC Cartão (Atendimento Especializado).\n']","Não, o atendimento SAC não realiza a contratação do Pagamento Parcelado de Fatura (PPF). Para a contratação, o atendente deve informar os canais corretos conforme a tabela do item 1 da rotina 50156 (uma vez que a contratação direta é uma situação não atendida pelo SAC). Por outro lado, as consultas, o cancelamento e a antecipação de PPF não seguem essa restrição de canal de contratação, devendo ser tratados seguindo os procedimentos próprios da mesma rotina 50156.",ROLE_RESTRICTION,14.4802,,0.03571428571428571,0.8991441192629464,1.0,0.9999999999
"Um cliente Pessoa Física está autenticado pela URA e entra em contato solicitando o reenvio da fatura atual para um e-mail alternativo que difere daquele cadastrado no sistema (Opção B). Durante o atendimento, ele também manifesta o desejo de alterar permanentemente a forma de envio para emissão definitiva por e-mail e questiona lançamentos em sua fatura. Quais são as travas de segurança obrigatórias de Token e os passos de validação cadastral que o operador deve executar antes de concluir o envio e a alteração definitiva, e qual canal o cliente deverá obrigatoriamente utilizar para confirmar essa mudança?","Como assistente bancário, apresento as diretrizes de segurança padrão de mercado para este tipo de atendimento. Como não tenho acesso aos protocolos internos específicos da sua instituição, estas são as melhores práticas de segurança bancária:

### 1. Validação Cadastral (Antes de qualquer alteração)
Mesmo que o cliente esteja autenticado pela URA, o operador deve realizar a **confirmação de identidade** para garantir que não houve sequestro de sessão ou uso indevido por terceiros:
*   **Confirmação de dados sensíveis:** Solicitar ao menos dois dados que não estejam na URA (ex: data de nascimento, nome da mãe, ou confirmação de uma transação recente).
*   **Verificação de perfil:** Confirmar se o cliente possui acesso ao dispositivo móvel ou e-mail principal cadastrado.

### 2. Travas de Segurança e Token
Para alterações de dados sensíveis (como e-mail de recebimento de fatura) e envio de documentos para endereços não cadastrados, as travas são:
*   **Token de Segurança:** É obrigatório o envio de um **Token (OTP - One Time Password)** para o dispositivo ou e-mail **já cadastrado no sistema**. O operador **nunca** deve enviar o token para o e-mail alternativo solicitado pelo cliente.
*   **Bloqueio de alteração imediata:** Alterações de e-mail para fins de recebimento de fatura costumam ter um ""período de carência"" ou trava de segurança de 24 a 48 horas para evitar fraudes (phishing/troca de e-mail por golpistas).

### 3. Procedimento para o Envio da Fatura (Opção B)
*   **Envio pontual:** O envio para um e-mail alternativo (diferente do cadastrado) deve ser tratado como uma exceção. O operador deve informar que, por segurança, o envio será feito apenas para o e-mail oficial. Caso o cliente insista, o envio para e-mail alternativo deve ser bloqueado ou condicionado a uma validação biométrica/token rigorosa.
*   **Segurança:** Nunca envie faturas com dados completos (número do cartão/limite) para e-mails não validados.

### 4. Alteração Definitiva e Canal Obrigatório
Para a alteração permanente do e-mail de recebimento de fatura:
*   **Canal Obrigatório:** A alteração definitiva de dados cadastrais sensíveis deve ser realizada, preferencialmente, pelo **Internet Banking (App ou Site)**, onde o cliente utiliza sua senha transacional e biometria.
*   **Por que este canal?** O canal digital possui camadas de segurança (dispositivo confiável, biometria facial e senha de 6/8 dígitos) que o atendimento telefônico não consegue replicar com o mesmo nível de segurança.
*   **Instrução ao cliente:** O operador deve orientar o cliente a acessar o menu ""Configurações"" ou ""Perfil"" no App, realizar a alteração e confirmar com a senha transacional.

### 5. Questionamento de Lançamentos
*   O operador deve realizar a **contestação administrativa** dos lançamentos questionados.
*   **Importante:** O operador deve verificar se o cliente reconhece o estabelecimento e a data. Caso o cliente não reconheça, o operador deve iniciar o processo de **contestação de compra (chargeback)**, o que pode incluir o bloqueio preventivo do cartão atual e a emissão de uma nova via, caso haja suspeita de fraude.

**Resumo para o operador:**
1. Valide a identidade (perguntas de segurança).
2. **Não altere o e-mail por telefone** se a política do banco exigir canal digital para essa alteração.
3. Envie o Token para o e-mail/celular **já cadastrado**.
4. Oriente o cliente a realizar a alteração definitiva via **App/Internet Banking**.
5. Abra o protocolo de contestação para os lançamentos questionados.","['# POP – Fatura: Não Recebimento / Envio por E-mail\n### [Versão anonimizada/pseudonimizada — documento avulso da série]\n\n> **Nota metodológica:** mesma metodologia e pseudônimos dos POPs anteriores. Dois sistemas novos neste documento (COC → SISCAD; RAO → SISNEG); dois endereços de e-mail reais foram substituídos; o número de WhatsApp institucional foi omitido, como nos demais documentos. As rotinas 56658 (Token), 1181 e 1357 já constavam na chave (50148, 50182 e 50149) — mantidos os mesmos códigos. Uma frase do original ficou incompleta (sem número de rotina) — preservei a lacuna e anotei na chave.\n\n## Primeiro processo: autenticação por Token\n\n**Procedimento de Segurança:**\n- Se o cliente **está** autenticado pela URA, prossiga o atendimento pelos itens abaixo.\n- Se **não está** autenticado, realize o envio de Token conforme rotina 50148.\n- Se o Token for validado, prossiga o atendimento.\n- Se não for possível confirmar pelo Token, **NÃO** envie a fatura nem altere a forma de envio pelos procedimentos abaixo — informe que as faturas podem ser vistas no autoatendimento (canais da rotina 50182).\n- Se o cliente questionar informações sobre a fatura (lançamentos, valores, vencimento, limite disponível), siga a rotina 50149.\n\n## 1.1. Reenvio de fatura por e-mail\n\nExclusivo para clientes PF. Clientes PJ devem emitir a fatura conforme item ""c"" abaixo e aderir à emissão definitiva por e-mail (item 1.2.c). Podem ser enviadas, num único contato, todas as faturas de cartões de modalidades diferentes do cliente.\n\n**b) Quadro Contratado — somente envio da fatura atual:**\n- Acesse o aplicativo cartão `17.01.01` + dados do cliente; escolha a conta cartão para o reenvio; na tela de cadastro, tecle ""Enter""; acesse o item 17 — Reenvio Fatura; peça o e-mail que o cliente quer usar e confira se é o cadastrado.\n- **Opção A** (envio ao e-mail já cadastrado no sistema): cliente pode estar autenticado OU validado por Token.\n- **Opção B:** mesmo com o cliente autenticado, é **obrigatória** a validação por Token. Se validado, ofereça cadastrar ou atualizar o e-mail; se o cliente aceitar, siga o item 1.3.\n- Se não for possível validar por Token, oriente o cliente a obter a fatura pelos canais da rotina 50182.\n- Informe e confirme a conta cartão (modalidade e bandeira); confirme o procedimento. A fatura chega em até 2 minutos, em PDF. O título do e-mail é ""Segunda Via Fatura""; remetente: um dos endereços institucionais de envio de fatura; a senha para abrir o PDF são os 5 primeiros dígitos do CPF do cliente.\n  - Oriente o cliente a observar a caixa de spam e marcar o remetente como confiável/seguro. Se ele quiser outro e-mail, use a ""Opção B"" e, no campo ""Outro"", insira o e-mail informado.\n  - Ofereça a mudança da forma de envio para emissão (definitiva) por e-mail — se aceitar, siga o item 1.2.\n- **c) Cliente PJ:** a fatura de cartões PJ e o demonstrativo mensal podem ser consultados no Alfa Digital PJ (Cartão > Consolidado Empresa > Acesso de usuário ao Centro de Custo) ou no App Alfa PJ, pelo representante autorizado do Centro de Custo ou por usuário com acesso concedido pelo Administrador de Segurança.\n\nSe o cliente quiser mudar a forma de envio, siga para o item 1.2.\n\n## 1.2. Mudança da forma de envio (Quadro Contratado)\n\n- Acesse o aplicativo cartão `17.01.01` + dados do cliente; escolha a conta cartão (procedimento individual por conta); acesse os itens `04.41.19` — Emissão de Extrato; observe a situação ""Atual"" e mude para ""COM emissão de extrato via e-mail"".\n- O comando gera um duplo sim; o cliente deve confirmar em até 7 dias, pelos canais:\n  - **Correntista:** App Alfa, AAPF (área logada) — Internet e TAA.\n  - **Não correntista:** AAPF (área logada) — Internet e TAA.\n\n> **Atenção:** se, no comando de alteração, o sistema informar ""Cliente não está habilitado para receber e-mail"", habilite-o: acesse no SISALFA o aplicativo `SISCAD 06.11` + dados do cliente; na linha 0006 E-mail, altere os três campos de ""N"" para ""S"" e confirme, alertando o cliente de que esse ajuste autoriza o banco a enviar outras comunicações por e-mail (ex.: promoções).\n\nO envio por e-mail passa a valer a partir da próxima fatura a fechar (status ""A faturar"").\n\n- **Cliente PJ:** oriente a inibir a emissão da fatura pelo Alfa Digital PJ, via internet ou celular.\n\n## 1.3. Atualização de e-mail (PF)\n\n- Faça a autenticação por Token, conforme rotina 50148:\n  - **Se sucesso**, prossiga o atendimento.\n  - **Se não houver sucesso**, oriente o cliente sobre os canais disponíveis para atualizar o e-mail.\n- Se o cliente não tem e-mail cadastrado, ou precisa alterá-lo: o SAC Quadro Próprio, o QC Especializado Cartão, o QC SAC Generalista e a Bancada Portador podem atualizar o e-mail no SISALFA, aplicativo cartão `17.01.01.04.41.18` (não gera duplo sim).\n- Oriente sobre os canais disponíveis para atualizar o e-mail, presentes na rotina 50220 (Atualização Cadastral), item 3: site institucional e App Alfa; App Alfa; Plataforma de Relacionamento; agências.\n- Se o cliente for PJ, oriente sobre os canais da mesma rotina 50220, item 4: Alfa Digital PJ.\n\n## Item 2 — Inibição da fatura impressa\n\nIncentive o cliente a aderir à fatura por e-mail, destacando:\n- **Agilidade** — a fatura chega mais rápido, no mesmo leiaute da impressa;\n- **Sustentabilidade** — evita a impressão de papel;\n- **Segurança** — chega ao cliente sem intermediação de terceiros e protegida por senha.\n\n## Item 3 — Reativação/endereço da fatura impressa\n\nSe o cliente insistir em receber a fatura impressa, confirme o endereço cadastrado.\n- **Se divergente:** informe a necessidade de atualização do endereço.\n- **Se correto:** acesse o aplicativo cartão `17.01.01.04.41.19`, marque ""Com emissão de Extrato"" e confirme — a fatura do próximo ciclo será impressa e entregue pelo correio no endereço do cliente.\n\nEm ambos os casos, tente resolver o problema oferecendo o reenvio da fatura por e-mail (item 1).\n\n## Item 4 — Cliente não recebe a fatura e quer saber o motivo\n\nO operador consulta no SISALFA, cartão `17.01.01.01` — Faturas, na última coluna ""Emit"": haverá sinalização se a fatura foi emitida impressa (SIM), enviada por e-mail (EML), ou não emitida (NÃO). Para detalhes, selecione o mês com ""M"" (motivo da não impressão) e pressione Enter.\n\n**Motivos comuns para o cliente não receber a fatura impressa, mesmo tendo optado por isso:**\n- Endereço inválido;\n- Débito automático em conta corrente com valor de fatura inferior a R$ 800,01 (o sistema inibe a emissão nesse caso; por e-mail, o cliente recebe qualquer valor);\n- Saldo da fatura igual a zero ou credor;\n- Modalidade sem fatura impressa;\n- Optou por não impressão, ou há problemas cadastrais;\n- Fatura em negociação no SISNEG;\n- Cartão em cobrança terceirizada;\n- Inconsistência do sistema — fatura não impressa.\n\nApós solucionar a demanda sobre fatura não recebida, avise sempre que o cliente pode obter a fatura, inclusive de meses anteriores, pelo WhatsApp Alfa:\n- Cadastrar o contato do WhatsApp Alfa;\n- Escrever ""Fatura do Cartão"";\n- Escrever ""Código de Barras"";\n- (Há outras transações de cartão disponíveis no WhatsApp Alfa.)\n\n## Item 6 — Consulta ao código de barras\n\n**Procedimento obrigatório para todos os clientes:** faça a autenticação por Token, conforme rotina 50148:\n- **Se houver sucesso**, o código de barras pode ser informado/ditado ao cliente.\n- **Se não houver sucesso**, oriente o cliente a obter a fatura pelos canais descritos na rotina *(referência incompleta no documento original — provavelmente a mesma rotina 50182 citada anteriormente neste documento)*.\n\nInforme ao cliente, conforme sua preferência, como obter o boleto pelos canais digitais:\n- **Site institucional:** Correntistas: Cartões > Extrato > selecione o cartão > selecione a fatura > Operações financeiras (ícone de cartão, canto superior direito) > Boleto da Fatura. Não correntistas: Cartões > Cartões de Crédito > Extrato do Cartão de Crédito.\n- **App Alfa:** Tela inicial > Cartões > selecione a imagem do cartão desejado > Meus cartões > Ver Faturas > selecione o mês da fatura fechada > Baixar fatura (rodapé); ou Menu > Cartões > Consultar fatura > Extrato da fatura > selecione cartão/período > Baixar fatura (rodapé).\n- **WhatsApp Alfa:** cadastrar o contato; escrever ""Fatura do Cartão""; selecionar ""Código de Barras"".\n- **TAA:** o número do código de barras da fatura está no rodapé do extrato do cartão de crédito impresso na TAA.\n\nSe o cliente não tiver fatura anterior ou não quiser usar outros canais, consulte o código de barras: `SISALFA: CARTAO > 17 > 01 > 01 > F9 > 22 > F8`. Atenção: informar mais 11 zeros no final do código, totalizando 14 dígitos no último campo. Informe também o valor e a data de vencimento da fatura.\n']","Mesmo o cliente estando autenticado pela URA, para a Opção B (envio para e-mail diferente do cadastrado) é OBRIGATÓRIA a validação por Token (rotina 50148). Se o Token for validado, o operador deve oferecer o cadastro/atualização do e-mail (seguindo o item 1.3, que exige autenticação por Token via rotina 50148 para tal). Como o cliente questionou informações sobre a fatura (lançamentos), o operador deve seguir obrigatoriamente a rotina 50149. Para a mudança definitiva da forma de envio para e-mail, o operador deve acessar o aplicativo cartão 17.01.01 + dados do cliente, escolher a conta cartão individualmente, acessar os itens 04.41.19 (Emissão de Extrato), observar a situação atual e mudar para 'COM emissão de extrato via e-mail'. Esse comando gera um duplo sim, e o cliente obrigatoriamente tem até 7 dias para confirmar a alteração pelos canais: App Alfa, AAPF (área logada) via Internet ou TAA (se correntista), ou AAPF (área logada) via Internet e TAA (se não correntista). Se o sistema retornar 'Cliente não está habilitado para receber e-mail', o operador deve habilitá-lo no SISCAD 06.11 alterando os três campos da linha 0006 E-mail de 'N' para 'S', alertando o cliente sobre o envio de outras comunicações (ex.: promoções).",CONDITIONAL_WORKFLOW,13.2668,,0.045454545454545456,0.7758124300870753,1.0,0.9999999999
"Um cliente correntista Pessoa Física que possui débito automático em conta corrente ativo relata ao suporte que sua fatura fechada possui saldo de R$ 750,00 e que ele não recebeu a fatura impressa em sua residência, embora sua opção cadastrada seja estritamente para o recebimento impresso e seu endereço esteja correto. Ao consultar o SISALFA na última coluna 'Emit' do caminho cartão 17.01.01.01 — Faturas, qual é a justificativa técnica/sistêmica exata para a não emissão ou não recebimento dessa fatura impressa específica? Adicionalmente, caso o cliente exija o código de barras da fatura por telefone sem ter conseguido passar pela validação de Token, qual procedimento alternativo ou restrição de atendimento o operador deve seguir?","Como assistente bancário, apresento as orientações baseadas nas práticas padrão do setor financeiro e na gestão de sistemas de cartões:

### 1. Justificativa técnica no SISALFA (Coluna 'Emit')
No sistema SISALFA, a coluna **'Emit'** (Emissão) indica o status do processamento da fatura. Quando o cliente possui débito automático ativo e não houve a emissão da fatura impressa, a justificativa técnica mais comum é a **""Emissão Bloqueada por Débito Automático""** (ou código equivalente, como 'D' ou 'B').

*   **Explicação:** Muitos sistemas bancários, por política de sustentabilidade ou redução de custos operacionais, suspendem automaticamente a impressão e o envio físico da fatura quando o cliente opta pelo débito automático, entendendo que o cliente receberá o demonstrativo apenas por e-mail ou consultará via App/Internet Banking.
*   **Outras possibilidades:** Se o campo estiver com um código de erro (ex: 'E'), pode indicar falha na geração do arquivo de impressão ou inconsistência no cadastro de endereçamento (CEP inválido ou bloqueio de entrega pelos Correios).

### 2. Procedimento em caso de falha na validação de Token
Se o cliente não consegue validar o Token (ou outro fator de autenticação forte) e exige o código de barras, o operador **não deve fornecer dados sensíveis ou financeiros por telefone**, sob risco de violação de segurança e normas da LGPD.

**Procedimento obrigatório:**
1.  **Negativa de fornecimento:** O operador deve informar que, por questões de segurança e para proteção dos dados do cliente, não é possível fornecer o código de barras ou detalhes da fatura sem a devida autenticação.
2.  **Orientação de canais alternativos:**
    *   **App ou Internet Banking:** Orientar o cliente a acessar o aplicativo do banco, onde o código de barras está disponível na área de ""Cartões"" > ""Fatura"", independentemente do recebimento físico.
    *   **Caixa Eletrônico:** Caso o cliente tenha o cartão físico, ele pode consultar o código de barras em um terminal de autoatendimento.
    *   **Atualização Cadastral:** Se o problema for recorrente, orientar o cliente a comparecer a uma agência física com documento de identidade para realizar a ""prova de vida"" ou atualização de biometria/dispositivo de segurança, permitindo que ele volte a utilizar o Token.
3.  **Restrição:** O operador deve registrar no histórico do atendimento que a solicitação foi negada devido à falha na autenticação, evitando que o cliente tente contornar a segurança em contatos subsequentes.

**Dica de atendimento:** Sempre ofereça o envio da fatura em PDF para o e-mail cadastrado (caso o e-mail esteja validado no sistema), pois essa é uma forma segura de entregar a informação sem violar os protocolos de autenticação telefônica.","['# POP – Fatura: Não Recebimento / Envio por E-mail\n### [Versão anonimizada/pseudonimizada — documento avulso da série]\n\n> **Nota metodológica:** mesma metodologia e pseudônimos dos POPs anteriores. Dois sistemas novos neste documento (COC → SISCAD; RAO → SISNEG); dois endereços de e-mail reais foram substituídos; o número de WhatsApp institucional foi omitido, como nos demais documentos. As rotinas 56658 (Token), 1181 e 1357 já constavam na chave (50148, 50182 e 50149) — mantidos os mesmos códigos. Uma frase do original ficou incompleta (sem número de rotina) — preservei a lacuna e anotei na chave.\n\n## Primeiro processo: autenticação por Token\n\n**Procedimento de Segurança:**\n- Se o cliente **está** autenticado pela URA, prossiga o atendimento pelos itens abaixo.\n- Se **não está** autenticado, realize o envio de Token conforme rotina 50148.\n- Se o Token for validado, prossiga o atendimento.\n- Se não for possível confirmar pelo Token, **NÃO** envie a fatura nem altere a forma de envio pelos procedimentos abaixo — informe que as faturas podem ser vistas no autoatendimento (canais da rotina 50182).\n- Se o cliente questionar informações sobre a fatura (lançamentos, valores, vencimento, limite disponível), siga a rotina 50149.\n\n## 1.1. Reenvio de fatura por e-mail\n\nExclusivo para clientes PF. Clientes PJ devem emitir a fatura conforme item ""c"" abaixo e aderir à emissão definitiva por e-mail (item 1.2.c). Podem ser enviadas, num único contato, todas as faturas de cartões de modalidades diferentes do cliente.\n\n**b) Quadro Contratado — somente envio da fatura atual:**\n- Acesse o aplicativo cartão `17.01.01` + dados do cliente; escolha a conta cartão para o reenvio; na tela de cadastro, tecle ""Enter""; acesse o item 17 — Reenvio Fatura; peça o e-mail que o cliente quer usar e confira se é o cadastrado.\n- **Opção A** (envio ao e-mail já cadastrado no sistema): cliente pode estar autenticado OU validado por Token.\n- **Opção B:** mesmo com o cliente autenticado, é **obrigatória** a validação por Token. Se validado, ofereça cadastrar ou atualizar o e-mail; se o cliente aceitar, siga o item 1.3.\n- Se não for possível validar por Token, oriente o cliente a obter a fatura pelos canais da rotina 50182.\n- Informe e confirme a conta cartão (modalidade e bandeira); confirme o procedimento. A fatura chega em até 2 minutos, em PDF. O título do e-mail é ""Segunda Via Fatura""; remetente: um dos endereços institucionais de envio de fatura; a senha para abrir o PDF são os 5 primeiros dígitos do CPF do cliente.\n  - Oriente o cliente a observar a caixa de spam e marcar o remetente como confiável/seguro. Se ele quiser outro e-mail, use a ""Opção B"" e, no campo ""Outro"", insira o e-mail informado.\n  - Ofereça a mudança da forma de envio para emissão (definitiva) por e-mail — se aceitar, siga o item 1.2.\n- **c) Cliente PJ:** a fatura de cartões PJ e o demonstrativo mensal podem ser consultados no Alfa Digital PJ (Cartão > Consolidado Empresa > Acesso de usuário ao Centro de Custo) ou no App Alfa PJ, pelo representante autorizado do Centro de Custo ou por usuário com acesso concedido pelo Administrador de Segurança.\n\nSe o cliente quiser mudar a forma de envio, siga para o item 1.2.\n\n## 1.2. Mudança da forma de envio (Quadro Contratado)\n\n- Acesse o aplicativo cartão `17.01.01` + dados do cliente; escolha a conta cartão (procedimento individual por conta); acesse os itens `04.41.19` — Emissão de Extrato; observe a situação ""Atual"" e mude para ""COM emissão de extrato via e-mail"".\n- O comando gera um duplo sim; o cliente deve confirmar em até 7 dias, pelos canais:\n  - **Correntista:** App Alfa, AAPF (área logada) — Internet e TAA.\n  - **Não correntista:** AAPF (área logada) — Internet e TAA.\n\n> **Atenção:** se, no comando de alteração, o sistema informar ""Cliente não está habilitado para receber e-mail"", habilite-o: acesse no SISALFA o aplicativo `SISCAD 06.11` + dados do cliente; na linha 0006 E-mail, altere os três campos de ""N"" para ""S"" e confirme, alertando o cliente de que esse ajuste autoriza o banco a enviar outras comunicações por e-mail (ex.: promoções).\n\nO envio por e-mail passa a valer a partir da próxima fatura a fechar (status ""A faturar"").\n\n- **Cliente PJ:** oriente a inibir a emissão da fatura pelo Alfa Digital PJ, via internet ou celular.\n\n## 1.3. Atualização de e-mail (PF)\n\n- Faça a autenticação por Token, conforme rotina 50148:\n  - **Se sucesso**, prossiga o atendimento.\n  - **Se não houver sucesso**, oriente o cliente sobre os canais disponíveis para atualizar o e-mail.\n- Se o cliente não tem e-mail cadastrado, ou precisa alterá-lo: o SAC Quadro Próprio, o QC Especializado Cartão, o QC SAC Generalista e a Bancada Portador podem atualizar o e-mail no SISALFA, aplicativo cartão `17.01.01.04.41.18` (não gera duplo sim).\n- Oriente sobre os canais disponíveis para atualizar o e-mail, presentes na rotina 50220 (Atualização Cadastral), item 3: site institucional e App Alfa; App Alfa; Plataforma de Relacionamento; agências.\n- Se o cliente for PJ, oriente sobre os canais da mesma rotina 50220, item 4: Alfa Digital PJ.\n\n## Item 2 — Inibição da fatura impressa\n\nIncentive o cliente a aderir à fatura por e-mail, destacando:\n- **Agilidade** — a fatura chega mais rápido, no mesmo leiaute da impressa;\n- **Sustentabilidade** — evita a impressão de papel;\n- **Segurança** — chega ao cliente sem intermediação de terceiros e protegida por senha.\n\n## Item 3 — Reativação/endereço da fatura impressa\n\nSe o cliente insistir em receber a fatura impressa, confirme o endereço cadastrado.\n- **Se divergente:** informe a necessidade de atualização do endereço.\n- **Se correto:** acesse o aplicativo cartão `17.01.01.04.41.19`, marque ""Com emissão de Extrato"" e confirme — a fatura do próximo ciclo será impressa e entregue pelo correio no endereço do cliente.\n\nEm ambos os casos, tente resolver o problema oferecendo o reenvio da fatura por e-mail (item 1).\n\n## Item 4 — Cliente não recebe a fatura e quer saber o motivo\n\nO operador consulta no SISALFA, cartão `17.01.01.01` — Faturas, na última coluna ""Emit"": haverá sinalização se a fatura foi emitida impressa (SIM), enviada por e-mail (EML), ou não emitida (NÃO). Para detalhes, selecione o mês com ""M"" (motivo da não impressão) e pressione Enter.\n\n**Motivos comuns para o cliente não receber a fatura impressa, mesmo tendo optado por isso:**\n- Endereço inválido;\n- Débito automático em conta corrente com valor de fatura inferior a R$ 800,01 (o sistema inibe a emissão nesse caso; por e-mail, o cliente recebe qualquer valor);\n- Saldo da fatura igual a zero ou credor;\n- Modalidade sem fatura impressa;\n- Optou por não impressão, ou há problemas cadastrais;\n- Fatura em negociação no SISNEG;\n- Cartão em cobrança terceirizada;\n- Inconsistência do sistema — fatura não impressa.\n\nApós solucionar a demanda sobre fatura não recebida, avise sempre que o cliente pode obter a fatura, inclusive de meses anteriores, pelo WhatsApp Alfa:\n- Cadastrar o contato do WhatsApp Alfa;\n- Escrever ""Fatura do Cartão"";\n- Escrever ""Código de Barras"";\n- (Há outras transações de cartão disponíveis no WhatsApp Alfa.)\n\n## Item 6 — Consulta ao código de barras\n\n**Procedimento obrigatório para todos os clientes:** faça a autenticação por Token, conforme rotina 50148:\n- **Se houver sucesso**, o código de barras pode ser informado/ditado ao cliente.\n- **Se não houver sucesso**, oriente o cliente a obter a fatura pelos canais descritos na rotina *(referência incompleta no documento original — provavelmente a mesma rotina 50182 citada anteriormente neste documento)*.\n\nInforme ao cliente, conforme sua preferência, como obter o boleto pelos canais digitais:\n- **Site institucional:** Correntistas: Cartões > Extrato > selecione o cartão > selecione a fatura > Operações financeiras (ícone de cartão, canto superior direito) > Boleto da Fatura. Não correntistas: Cartões > Cartões de Crédito > Extrato do Cartão de Crédito.\n- **App Alfa:** Tela inicial > Cartões > selecione a imagem do cartão desejado > Meus cartões > Ver Faturas > selecione o mês da fatura fechada > Baixar fatura (rodapé); ou Menu > Cartões > Consultar fatura > Extrato da fatura > selecione cartão/período > Baixar fatura (rodapé).\n- **WhatsApp Alfa:** cadastrar o contato; escrever ""Fatura do Cartão""; selecionar ""Código de Barras"".\n- **TAA:** o número do código de barras da fatura está no rodapé do extrato do cartão de crédito impresso na TAA.\n\nSe o cliente não tiver fatura anterior ou não quiser usar outros canais, consulte o código de barras: `SISALFA: CARTAO > 17 > 01 > 01 > F9 > 22 > F8`. Atenção: informar mais 11 zeros no final do código, totalizando 14 dígitos no último campo. Informe também o valor e a data de vencimento da fatura.\n']","A justificativa sistêmica para o não recebimento/emissão da fatura impressa, conforme as regras do POP, é que o débito automático em conta corrente possui uma regra de corte em que valores de fatura inferiores ou iguais a R$ 800,00 (neste caso, R$ 750,00) provocam a inibição automática da emissão impressa pelo sistema (ao passo que por e-mail o cliente receberia qualquer valor). Quanto à solicitação do código de barras sem sucesso na validação de Token, o POP estabelece como procedimento obrigatório a autenticação por Token (rotina 50148); se não houver sucesso na validação, o operador está proibido de ditar o código de barras diretamente e deve obrigatoriamente orientar o cliente a obter a fatura pelos canais descritos na rotina (canais digitais como site institucional, App Alfa, WhatsApp Alfa ou TAA).",EDGE_CASE,5.0953,,0.21428571428571427,0.7247127064567537,1.0,0.9999999999
"Um cliente comparece ao atendimento solicitando o valor exato que foi encaminhado pelo INSS para o seu benefício social, além de questionar sobre a data inicial de disponibilidade. O atendente utiliza o sistema SISALFA > SISPAG 18 > 41 e visualiza que o convênio é do INSS e que o campo 'Ini.pgto' está preenchido com uma data futura em relação ao dia atual. Como o atendente deve proceder em relação à informação do valor e qual a interpretação correta para o preenchimento do campo 'Ini.pgto'?","Como assistente bancário, com base nas práticas padrão de atendimento e sistemas de processamento de benefícios do INSS, aqui está a orientação:

### 1. Interpretação do campo 'Ini.pgto'
O campo **'Ini.pgto' (Início de Pagamento)** indica a data oficial em que o valor estará disponível para saque ou crédito na conta do beneficiário. 
*   **Se a data é futura:** Significa que o processamento do benefício foi concluído pelo INSS, mas o recurso financeiro ainda não foi liberado para o banco ou a data de pagamento programada pelo cronograma do INSS ainda não chegou. O cliente deve aguardar até a data indicada para que o valor seja disponibilizado.

### 2. Como proceder em relação ao valor
*   **Transparência e Orientação:** O atendente deve informar ao cliente que o sistema já identifica a existência de um benefício, mas que o pagamento está programado para uma data específica (a data que consta no campo 'Ini.pgto').
*   **Confirmação do Valor:** Se o sistema exibir o valor bruto ou líquido, o atendente pode informar o montante, deixando claro que aquele é o valor previsto para a data indicada. 
*   **Cautela:** Caso o sistema não exiba o valor exato ou apresente apenas o status de ""agendado"", o atendente deve orientar o cliente a consultar o portal ou aplicativo **""Meu INSS""**, que é a fonte oficial de informações sobre o detalhamento do benefício (extrato de pagamento).
*   **Não prometer antecipação:** O atendente deve esclarecer que o banco não tem autonomia para antecipar o pagamento de benefícios do INSS antes da data estipulada pelo órgão, pois o crédito depende do repasse e da autorização do próprio Instituto.

**Resumo para o cliente:**
*""Sr(a)., verifiquei em nosso sistema que o seu benefício já consta como programado. O pagamento está previsto para o dia [Data do campo Ini.pgto]. A partir desta data, o valor de [Valor, se disponível] estará disponível para movimentação. Antes disso, o recurso ainda não foi liberado pelo INSS para o nosso banco.""*","['# POP – SAC QC – INSS, Benefícios Sociais, PASEP, Recadastramento e Auxílio\n### [Versão anonimizada/pseudonimizada — documento avulso da série]\n\n> **Nota metodológica:** mesma metodologia e pseudônimos dos POPs anteriores. PAG já era um pseudônimo estabelecido (→ SISPAG); INSS, PASEP e ""Meu INSS"" foram mantidos por serem órgãos/portais públicos, não marcas do banco.\n\n## 2. Procedimentos INSS e Benefícios Sociais\n\n### 2.1. Consulta de pagamento e extrato\n\n**Para verificar se pagamento/saldo está disponível:**\n\na) Acesse `SISALFA > SISPAG 18 > 41`, tecle F4 no campo Benefício > CPF.\n\nb) Verifique se o convênio é **INSS** ou **Outro benefício**:\n- Se **INSS**: informe sobre a disponibilidade do benefício, **sem informar** o valor disponível nem o valor encaminhado pelo INSS. Se solicitado, oriente o cliente a acessar sua conta pelo App Alfa, pela TAA, pelo site institucional, ou pelo **Meu INSS** (Extrato de Pagamento — consulta do valor do crédito enviado pelo INSS).\n- Se **Outros Benefícios**: além da disponibilidade, se o cliente desejar, **pode ser informado o valor disponível**. Após prestar as informações, esclareça sobre a possibilidade de consultar saldos e extratos na TAA.\n\n- **Ini.pgto** — mostra a data inicial em que o benefício estará disponível para pagamento.\n- **Data de pagamento em branco** — o benefício foi disponibilizado, mas o cliente ainda não movimentou o valor.\n- **Data de pagamento preenchida** — corresponde ao dia em que o cliente movimentou o valor pela primeira vez.\n- **Disponib** — indica a forma de pagamento: Cartão ou Crédito em conta.\n\nc) Se **BENEFÍCIO NÃO DISPONÍVEL**: informe ao consumidor que o benefício não está disponível para saque. Para saber o motivo, ele precisa entrar em contato com o órgão responsável pela disponibilização.\n\n**Para localizar o número do benefício:**\n`SISALFA > SISPAG > 18 > 41 ou 47` (no campo ""Benefício"", tecle F4; insira agência e conta, CPF ou MCI).\n\n**Para consultar o extrato do benefício:**\n`SISALFA > SISPAG > 18 > 47 > F4` no campo Benefício > CPF.\n> Obs.: as transações na conta-benefício são atualizadas no extrato no dia seguinte.\n']","O atendente deve informar sobre a disponibilidade do benefício, mas é expressamente proibido de informar o valor disponível ou o valor encaminhado pelo INSS. Caso o cliente insista em saber o valor, o atendente deve orientá-lo a consultar o App Alfa, TAA, site institucional ou o 'Meu INSS' (Extrato de Pagamento). Sobre o campo 'Ini.pgto', este indica a data inicial em que o benefício estará disponível para pagamento.",CONDITIONAL_WORKFLOW,8.2048,,0.21428571428571427,0.8282981943798465,1.0,0.9999999999
"Durante a consulta de um benefício no SISALFA (SISPAG 18 > 41) para um cliente que alega não ter recebido os valores, o atendente constata que o benefício consta como 'NÃO DISPONÍVEL' e que o extrato da conta-benefício apresenta uma movimentação realizada no dia anterior. Considerando o procedimento operacional, qual deve ser a orientação exata fornecida ao consumidor sobre a indisponibilidade, e existe alguma restrição quanto à consulta retroativa de extratos?","Como assistente bancário, com base nas práticas padrão de atendimento e sistemas de processamento de benefícios, aqui está a orientação adequada:

### 1. Orientação sobre o status ""NÃO DISPONÍVEL""
Quando o sistema indica ""Não Disponível"", significa que, no momento da consulta, não há saldo liberado para saque ou movimentação imediata. 

**A orientação ao cliente deve ser:**
*   **Verificação de Processamento:** Informe que o benefício ainda não foi processado pelo órgão pagador (INSS ou outro ente público) ou que houve um bloqueio administrativo/judicial.
*   **Análise da Movimentação:** Como você identificou uma movimentação no dia anterior, o cliente deve ser questionado se ele reconhece essa operação. Se o valor foi movimentado (saque, transferência ou débito) e o cliente alega não ter recebido, deve-se abrir um **protocolo de contestação de transação** ou verificar se houve um débito automático/tarifa que consumiu o saldo.
*   **Orientação de Canal:** Caso o cliente insista que não realizou a movimentação, oriente-o a comparecer a uma agência física com documento de identificação para solicitar o detalhamento da transação (se foi presencial ou digital) e, se necessário, realizar o bloqueio do cartão/senha por segurança.

### 2. Restrições quanto à consulta retroativa
Sobre a consulta de extratos, as regras gerais são:

*   **Acesso ao Extrato:** Não existe uma restrição absoluta que impeça a consulta retroativa, mas o acesso via sistemas de autoatendimento (caixa eletrônico ou app) costuma ser limitado a um período recente (geralmente os últimos 30 a 90 dias).
*   **Consulta Detalhada:** Para períodos mais longos, o sistema pode exigir uma solicitação formal ou a emissão de um extrato consolidado via agência.
*   **Sigilo Bancário:** A consulta retroativa é um direito do cliente, mas o atendente deve garantir que a identificação do cliente seja plena antes de fornecer qualquer dado histórico, respeitando a LGPD e o sigilo bancário.

### Resumo da conduta recomendada:
1.  **Não confirme o pagamento:** Se o sistema diz ""Não Disponível"", não há valor a ser sacado hoje.
2.  **Confronte a informação:** Mostre ao cliente a movimentação do dia anterior (data, hora e canal) e pergunte se ele reconhece.
3.  **Segurança:** Se ele negar a movimentação, trate como **possível fraude**. Bloqueie os meios de acesso (cartão/senha) imediatamente.
4.  **Formalização:** Se o cliente não reconhecer a movimentação, ele deve formalizar a reclamação através dos canais oficiais (SAC ou Ouvidoria) para que o banco inicie a investigação interna.

**Nota:** Como você não tem acesso aos documentos internos, sempre oriente o cliente a verificar o portal oficial do órgão pagador (ex: ""Meu INSS"") para confirmar se o benefício foi efetivamente liberado pelo governo, pois o banco apenas processa o crédito após o envio da folha de pagamento pelo órgão.","['# POP – SAC QC – INSS, Benefícios Sociais, PASEP, Recadastramento e Auxílio\n### [Versão anonimizada/pseudonimizada — documento avulso da série]\n\n> **Nota metodológica:** mesma metodologia e pseudônimos dos POPs anteriores. PAG já era um pseudônimo estabelecido (→ SISPAG); INSS, PASEP e ""Meu INSS"" foram mantidos por serem órgãos/portais públicos, não marcas do banco.\n\n## 2. Procedimentos INSS e Benefícios Sociais\n\n### 2.1. Consulta de pagamento e extrato\n\n**Para verificar se pagamento/saldo está disponível:**\n\na) Acesse `SISALFA > SISPAG 18 > 41`, tecle F4 no campo Benefício > CPF.\n\nb) Verifique se o convênio é **INSS** ou **Outro benefício**:\n- Se **INSS**: informe sobre a disponibilidade do benefício, **sem informar** o valor disponível nem o valor encaminhado pelo INSS. Se solicitado, oriente o cliente a acessar sua conta pelo App Alfa, pela TAA, pelo site institucional, ou pelo **Meu INSS** (Extrato de Pagamento — consulta do valor do crédito enviado pelo INSS).\n- Se **Outros Benefícios**: além da disponibilidade, se o cliente desejar, **pode ser informado o valor disponível**. Após prestar as informações, esclareça sobre a possibilidade de consultar saldos e extratos na TAA.\n\n- **Ini.pgto** — mostra a data inicial em que o benefício estará disponível para pagamento.\n- **Data de pagamento em branco** — o benefício foi disponibilizado, mas o cliente ainda não movimentou o valor.\n- **Data de pagamento preenchida** — corresponde ao dia em que o cliente movimentou o valor pela primeira vez.\n- **Disponib** — indica a forma de pagamento: Cartão ou Crédito em conta.\n\nc) Se **BENEFÍCIO NÃO DISPONÍVEL**: informe ao consumidor que o benefício não está disponível para saque. Para saber o motivo, ele precisa entrar em contato com o órgão responsável pela disponibilização.\n\n**Para localizar o número do benefício:**\n`SISALFA > SISPAG > 18 > 41 ou 47` (no campo ""Benefício"", tecle F4; insira agência e conta, CPF ou MCI).\n\n**Para consultar o extrato do benefício:**\n`SISALFA > SISPAG > 18 > 47 > F4` no campo Benefício > CPF.\n> Obs.: as transações na conta-benefício são atualizadas no extrato no dia seguinte.\n']","Para o benefício não disponível, o atendente deve informar ao consumidor que o benefício não está disponível para saque e orientá-lo a entrar em contato com o órgão responsável pela disponibilização para saber o motivo. Quanto ao extrato, o procedimento indica que as transações na conta-benefício são atualizadas no extrato no dia seguinte, e que para consultar o extrato utiliza-se o caminho SISALFA > SISPAG > 18 > 47 > F4 no campo Benefício > CPF.",EDGE_CASE,14.4172,,0.09375,0.8199585460413819,1.0,0.9999999999
"Um cliente Pessoa Física realizou a contratação do produto Alfa Rende Fácil através da Plataforma de Relacionamento no dia 01/10/2023, porém o operador omitiu a configuração da opção obrigatória de 'Duplo Sim' no momento do registro. Sabendo que o cliente realizou a confirmação pelos canais de atendimento no dia 15/10/2023, essa contratação atende a todos os critérios de conformidade estabelecidos no POP?","Com base nas diretrizes gerais de conformidade bancária e boas práticas de mercado, a resposta é **não**.

A contratação **não atende aos critérios de conformidade** por dois motivos principais:

1.  **Falha na Formalização (Erro de Processo):** A omissão de uma configuração obrigatória (neste caso, o ""Duplo Sim"") no momento do registro inicial invalida a conformidade da operação. O registro deve ser completo e preciso desde o primeiro ato para garantir a segurança jurídica e a transparência do produto.
2.  **Extemporaneidade da Regularização:** A confirmação realizada pelo cliente apenas 14 dias após a contratação (em 15/10/2023) não retroage para sanar o vício de origem. Em produtos financeiros, a validação das opções obrigatórias deve ser concomitante à contratação. A tentativa de regularização posterior configura uma falha operacional, pois o cliente não estava ciente ou não validou as condições corretas no momento da adesão.

**Recomendação:**
Para fins de conformidade, essa operação apresenta um risco de *compliance*. O procedimento padrão, em casos de erro de registro, costuma ser o cancelamento da operação viciada e a recontratação correta, ou a abertura de um chamado de correção junto à área de suporte/backoffice, caso o sistema permita a retificação, sempre com a devida documentação do erro operacional para fins de auditoria.

*Nota: Como não tenho acesso aos documentos internos do seu banco, esta análise baseia-se em princípios gerais de governança e conformidade bancária (BACEN/Normativos).*","['# POP – Alfa Rende Fácil – Adesão\n### [Versão anonimizada/pseudonimizada — documento avulso da série]\n\n> **Nota metodológica:** mesma metodologia e pseudônimos dos POPs anteriores. Único termo novo é o próprio produto (""BB Rende Fácil"" → ""Alfa Rende Fácil""); os demais termos (Plataforma de Relacionamento, Duplo Sim) já constavam na chave.\n\n## 3.1. Procedimentos para Contratação\n*(Plataforma de Relacionamento QC e QP: ATA, Atendimento Texto, Assessoria em Investimento)*\n\n- **Pessoa Física (PF):** Plataforma de Relacionamento (Operações Contratadas) ou Plataforma de Relacionamento > Menu > Investimentos > CDB > Aplicação automática > **Alfa Rende Fácil** > Selecionar.\n\n> A Plataforma de Relacionamento deverá contratar obrigatoriamente na opção Duplo Sim.\n\nApós o registro da contratação, oriente o cliente a confirmar a contratação do acordo via Duplo Sim, pelos canais de atendimento, em até 30 dias, na opção ""Pendentes de confirmação"".\n']","Não, a contratação não atende aos critérios de conformidade. Embora o cliente tenha cumprido o prazo de confirmação de 30 dias (realizada em 15 dias), o procedimento operacional exige obrigatoriamente que a contratação seja feita na opção 'Duplo Sim'. Como o operador omitiu essa configuração obrigatória no registro, o fluxo apresenta uma falha de conformidade na etapa de contratação.",CONDITIONAL_WORKFLOW,19.2282,,0.0,0.8085268787939964,1.0,0.9999999999
"Um correntista Pessoa Física efetuou o registro da contratação do Alfa Rende Fácil na Plataforma de Relacionamento dentro do fluxo regular, mas por motivos de viagem, esqueceu-se de realizar a confirmação do acordo via Duplo Sim nos canais de atendimento. Ele tenta realizar a confirmação pendente no 31º dia após o registro. O sistema deve permitir a efetivação da adesão com base estritamente nas regras do POP?","Com base nas práticas bancárias padrão para produtos de investimento e adesão a contratos, a resposta é **não**.

O sistema **não deve permitir** a efetivação da adesão após o 31º dia.

**Justificativa:**
1.  **Validade da Proposta:** Em fluxos de contratação que exigem confirmação (como o ""Duplo Sim""), a proposta registrada pelo cliente possui um prazo de validade determinado (geralmente 30 dias). Após esse período, a proposta expira por decurso de prazo.
2.  **Segurança e Conformidade:** O ""Duplo Sim"" é uma camada de segurança e validação de vontade do cliente. Permitir a efetivação após o prazo regulamentar violaria as regras de governança e conformidade (compliance), pois o registro inicial já não possui vigência para ser processado.
3.  **Procedimento Correto:** O cliente deverá realizar um novo registro de contratação na Plataforma de Relacionamento, iniciando um novo fluxo, para que o sistema possa validar as condições vigentes na data da nova solicitação.

*Observação: Como não tenho acesso aos documentos internos (POP) específicos da sua instituição, esta resposta baseia-se nas normas gerais de mercado para produtos de investimento e adesão contratual.*","['# POP – Alfa Rende Fácil – Adesão\n### [Versão anonimizada/pseudonimizada — documento avulso da série]\n\n> **Nota metodológica:** mesma metodologia e pseudônimos dos POPs anteriores. Único termo novo é o próprio produto (""BB Rende Fácil"" → ""Alfa Rende Fácil""); os demais termos (Plataforma de Relacionamento, Duplo Sim) já constavam na chave.\n\n## 3.1. Procedimentos para Contratação\n*(Plataforma de Relacionamento QC e QP: ATA, Atendimento Texto, Assessoria em Investimento)*\n\n- **Pessoa Física (PF):** Plataforma de Relacionamento (Operações Contratadas) ou Plataforma de Relacionamento > Menu > Investimentos > CDB > Aplicação automática > **Alfa Rende Fácil** > Selecionar.\n\n> A Plataforma de Relacionamento deverá contratar obrigatoriamente na opção Duplo Sim.\n\nApós o registro da contratação, oriente o cliente a confirmar a contratação do acordo via Duplo Sim, pelos canais de atendimento, em até 30 dias, na opção ""Pendentes de confirmação"".\n']","Não há garantia ou respaldo no POP para a efetivação da adesão após o 31º dia. O procedimento estabelece rigidamente que o cliente deve confirmar a contratação do acordo via Duplo Sim, pelos canais de atendimento, em até 30 dias na opção 'Pendentes de confirmação'. Uma tentativa no 31º dia estoura o limite temporal estipulado, invalidando o prazo regulamentar previsto no procedimento.",REGULATORY_TIMELINE,5.5935,,0.09090909090909091,0.7427042676062604,1.0,0.9999999999
"Um cliente comparece a uma agência bancária para solicitar o cancelamento de um CDC (Crédito Direto ao Consumidor) genérico contratado via aplicativo há exatamente 3 dias úteis (sendo o dia atual o quarto dia corrido após a liberação do crédito) e que gerou uso do Limite Especial da Conta. O saldo em conta no momento da solicitação está zerado. O atendente da agência pode efetuar o cancelamento presencialmente neste momento e, caso afirmativo, qual o procedimento e o impacto financeiro envolvido?","Como assistente bancário, esclareço que a situação descrita envolve o **Direito de Arrependimento**, previsto no Artigo 49 do Código de Defesa do Consumidor (CDC).

Aqui estão os pontos principais sobre o procedimento e os impactos:

### 1. O Direito de Arrependimento
O consumidor tem o prazo de **7 dias corridos** para desistir de contratos firmados fora do estabelecimento comercial (como via aplicativo). Como o cliente está no 4º dia corrido, ele está dentro do prazo legal para exercer esse direito.

### 2. O Atendente pode efetuar o cancelamento presencialmente?
**Sim.** Embora a contratação tenha sido via aplicativo, o banco é obrigado a oferecer canais para o exercício do arrependimento. O atendente pode formalizar a solicitação, mas o processamento técnico geralmente depende do setor de crédito ou da retaguarda do banco. O cliente deve exigir um protocolo de atendimento.

### 3. Procedimento e Condições
Para que o cancelamento seja efetivado, o cliente deve **devolver o valor integral do crédito recebido**.
*   **O problema do saldo zerado:** Como o cliente utilizou o Limite Especial (cheque especial), o saldo da conta está zerado, mas o valor do empréstimo foi consumido.
*   **A exigência:** O banco só cancelará o contrato se o valor principal for recomposto na conta. O cliente precisará depositar o valor total do empréstimo (o montante que foi creditado) para que o sistema possa realizar o estorno da operação e o cancelamento das parcelas.

### 4. Impacto Financeiro
*   **Juros e IOF:** Ao exercer o direito de arrependimento dentro do prazo, o cliente tem direito à devolução de todos os valores pagos, inclusive taxas e encargos (como o IOF). O banco deve estornar o IOF e não pode cobrar juros pelo período em que o dinheiro ficou na conta.
*   **Limite Especial:** Como o cliente utilizou o Limite Especial, ele pode ter incorrido em juros de cheque especial. O banco deve realizar o ajuste para que o cliente não seja penalizado por juros de mora ou encargos do limite, uma vez que a operação principal (o CDC) está sendo desfeita por arrependimento legal.
*   **Saldo Final:** Após o depósito do valor do empréstimo pelo cliente e o processamento do cancelamento pelo banco, o saldo da conta deve retornar ao estado anterior à contratação (ou seja, o limite especial deve ser recomposto e o saldo deve voltar ao que era antes da liberação do crédito).

### Resumo para o cliente:
1.  **Depósito:** O cliente deve depositar o valor exato do empréstimo na conta.
2.  **Formalização:** O atendente deve registrar o pedido de cancelamento por arrependimento (Art. 49 do CDC).
3.  **Ajuste:** O banco deve estornar o IOF e cancelar as parcelas futuras, garantindo que não haja cobrança de juros sobre o período.
4.  **Atenção:** O cliente deve guardar o comprovante de depósito e o protocolo de cancelamento.

**Nota:** Caso o banco se recuse a cancelar presencialmente, o cliente deve utilizar os canais oficiais de atendimento (SAC ou Ouvidoria) ou o portal **Consumidor.gov.br**, citando o Artigo 49 do CDC.","['# POP – Atendimento de Operações de CDC (Crédito Direto ao Consumidor) – Pessoa Física\n### [Versão anonimizada/pseudonimizada para uso acadêmico]\n\n> **Nota metodológica de anonimização:** este documento é uma versão pseudonimizada de uma rotina real de atendimento (SAC) de operações de crédito pessoa física. Foram substituídos: (i) o nome da instituição financeira e de seus canais/site/e-mail; (ii) os nomes de sistemas internos claramente proprietários; (iii) nomes e códigos de convênios de consignação com órgãos públicos; (iv) códigos de prefixo/departamento interno; e (v) números de rotinas/assuntos auxiliares referenciados ao longo do texto — todos substituídos por identificadores fictícios e sequenciais. A lógica processual, as condições, exceções e o fluxo de decisão originais foram mantidos integralmente, o que preserva o valor do documento como exemplo de POP para fins de extração de árvore de decisão. Termos e siglas genéricas do setor bancário (CDC, SAC, Ouvidoria, TAA, URA, FCR, ANC, Token, Identificação Positiva) e referências a normas públicas (Resolução CMN 4.790/2020, INSS) foram mantidos, por não serem exclusivos de uma única instituição.\n\n**Sumário:** Observações iniciais · 1. Consulta geral CDC · 2. Débito da parcela CDC · 3. Simulação/Contratação · 4. Cancelamento de CDC · 5. Liquidação/Amortização · 6. Dificuldade para contratação · 7. Contratação não reconhecida · 8. Limite Especial da Conta · 9. Rotinas auxiliares · 10. Fonte de informação\n\n---\n\n## Observações iniciais\n\na) Esta rotina destina-se ao atendimento das operações de crédito PF listadas no item 2. Para os casos abaixo, consulte rotinas específicas:\n- **FIES:** rotina 50101 – SAC QC – Financiamento Estudantil (FIES)\n- **Financiamento imobiliário:** rotina 50102 – SAC QC – Financiamento Imobiliário\n- **Renegociação de dívidas:** rotina 50103 – SAC QC – Renegociação de Dívidas Pessoa Física e Jurídica\n\nb) **Autorização de Débito em Conta:** a partir de 01/03/2021, para que uma operação seja debitada em conta, é necessária autorização específica do cliente para o débito. Ver informações e procedimentos na rotina 50104.\n\nc) **Canais para contratação de CDC:** [link para os canais de contratação]\n\n---\n\n## 1. Consulta geral CDC\n\nPara verificar as informações da operação, identifique se o consumidor é PF e titular da operação. Em caso de FALHA, RECUSA ou INAPLICABILIDADE de Identificação Positiva (IP), registre ocorrência.\n\n| Demanda | Consulta |\n|---|---|\n| a) Informações gerais do CDC | `SISALFA > CDC > 15 > 18` — em ""Código do Cliente"" pressione F4, inclua o CPF e selecione a operação. Clique em F2 > Outros dados > 4. Cronograma. Principais informações: modalidade do CDC, data de vencimento, parcelas pagas e data de pagamento (mais detalhes no item 2), parcelas a vencer, parcelas em atraso, taxas de juros ou CET. |\n| b) Saldo atualizado total | `SISALFA > CDC > 15 > 18` — mesmo caminho acima; após selecionar a operação, verifique o campo ""Saldo devedor atual"". Esse é o saldo do dia, com atualização diária. |\n| c) Parcelas, valores pagos, juros, datas de pagamento | `SISALFA > CDC > 15 > 18` → Agência/Conta → selecione a operação → F2 → 4. Cronograma → selecione a parcela (""P"" indica pagamento parcial) → F9 (detalhe) → F12/F11 (pagamentos e parcelas). O ""total recebimento parcial"" é o valor recebido naquela parcela. |\n| d) Consultar CDC liquidado, renovado ou excluído | `SISALFA > CDC > 15 > 18`, em ""Código do Cliente"" pressione F4 e insira o CPF — NÃO selecione nenhuma operação e pressione F11. F12 para operações arquivadas. |\n| e) Consulta de cláusulas gerais ou documentos do CDC contratado | Cláusulas gerais consultáveis em: **App Alfa** (Menu > Empréstimos > Contratar empréstimo > Aderir ao contrato); **site institucional**, inclusive para não correntista (Página inicial > Pra você > Empréstimo > Empréstimo pessoal > Contrato de abertura de crédito rotativo); **site institucional (área logada)** (Menu > Empréstimos > Crédito consignado e pessoal > Aderir Contrato de Empréstimo). Documentos do CDC contratado: Extrato de Empréstimo (parcelas pagas/a pagar) — App, site, caixas eletrônicos ou agências; Consolidado Anual (valores por exercício) — site ou agências; 2ª via do comprovante (com taxas) — App ou agências. |\n\n---\n\n## 2. Débito da parcela CDC (data ou valor divergente, duplicidade)\n\nPara identificar o débito questionado, consulte o extrato em `Plataforma de Relacionamento (Operações Contratadas) > Contas > Consultas > Extrato Conta Corrente`. O número da operação consta no campo ""Documento"" (9 dígitos).\n\nSituações possíveis: débito antes/depois do vencimento contratual; valor divergente; duplicidade (folha + conta); débito em conta errada.\n\n**Consulta:** `CDC 15.13` (F4 – CPF) → selecione a operação → F2.4 (cronograma) → selecione a parcela com ""x"" → F9 (detalhar) → F12 (mais informações) → F3 (voltar) e copie o nº da operação → `CDC 13.61` (cole o nº como ""nº contrato"") para ver como ocorreu o pagamento.\n\nSiga então a orientação por modalidade:\n\n### CDC Consignação ou CDC Renovação Consignação\nDébito ocorre na folha de pagamento. a) Se não consignada (ou parcial), o débito ocorrerá total/parcial em conta. b) Se liquidado/renovado mas houve consignação, o estorno é automático em conta em até D+2 dias úteis, exceto para os convênios de código 900001 (INSS — devolução a partir do 5º dia útil) e código 900002 (MPDG — devolução até o 1º dia útil).\n\n1. Consulte a parcela: `CDC 15 > 13 > F2 > 4` (datas); `CDC 15 > 13 > F8 > F9` (mês/ano da folha). *Consig total* = debitada integralmente em folha; *Consig parcial* = debitada parcialmente (verifique o restante em conta); *Não consignada* = sem débito em folha; *Incluída* = ainda não vencida; *Enviada* = empregador não retornou (sem repasse, o débito ocorre em conta).\n2. Confirme a consignação em `SISCONSIG 22 > 01 > 01` (Convênio, Data Prevista, nº Operação — dados em `CDC 15.13`); selecione ""x"" e F9: ""Tipo Lançamento"" *Amortização* = consignado; *Devolução* = não consignado, devolvido à conta.\n3. Preste as informações.\n4. Se o cliente disser que a parcela foi consignada em folha mas também há débito agendado em conta: verifique o extrato (agendado ou debitado); se debitado, verifique devolução; se a data for hoje/próximo dia útil, oriente aguardar o processamento noturno (tende a ser excluído) e encerre em FCR. Se confirmada duplicidade sem estorno, ou se o sistema não mostra consignação mas o cliente afirma o desconto, registre ocorrência e oriente o envio de cópia do contracheque para `sacdocumentos@bancoalfa.com.br`.\n\n> **Crédito do Trabalhador** (identifique pelo campo ""Convênio"" = ""E-Consig PJ"" em `CDC > 15 > 13`): exigir contracheque da competência anterior ao débito (ex.: débito no mês 09 → contracheque do mês 08) e o documento ""Detalhe da guia emitida"" (com a instituição que recebeu o valor) + comprovante de pagamento da guia, fornecidos pela empresa.\n\n### CDC Salário, CDC Benefício e CDC Renovação\nDébito no dia do crédito do salário/benefício, mesmo que divergente do vencimento contratual (cobrança antecipada gera desconto proporcional). Renovação com convênio: débito na data de crédito de proventos; sem convênio: na data de vencimento.\n\n1. Verifique no extrato o recebimento de salário no dia do débito.\n2. Compare a data de débito (`CDC 15 > 13 > F2 > 4`) com a cadastrada em `CDC 24 > 14` e `SISPAG 11 > 13 > 36 > Consulta on line`.\n3. Se ambos ocorrerem após o vencimento do contrato, registre ocorrência.\n4. Preste as informações.\n\n### CDC Automático\nDébito em conta (corrente ou salário) na data de vencimento informada na autorização; há opção de boleto (gerado pelo cliente ou se a autorização foi cancelada).\n\n**Duplicidade:** 1. Verifique boleto pago + débito em conta (`CDC 13 > 61`, ""Forma Pagto"": Rcbto Autom e Boleto Banc); confira estorno (campo ""Dt. Canc."" preenchido = houve estorno). 2. Se confirmada duplicidade sem estorno, estorne em `CDC 13 > 91 > 11 > 6` (o sistema só estorna do mais recente para o mais antigo; se o pagamento em conta foi parcial e só for possível estornar o boleto mais recente, isso deixaria a operação em atraso — nesse caso, estorne primeiro o ""Boleto Bancário"" e depois o ""Recebimento Automático"", só se não houver débitos pendentes). Peça ao supervisor para receber o valor correto em `CDC 13.23`; confirme a data de recebimento retroativo em `CDC 13.61`.\n> Para recebimento por débito em conta em operações contratadas a partir de 01/03/21, é necessária autorização específica do cliente.\n\n### CDC 13º Salário\nDébito em parcela única. **Com convênio:** na data de cobrança (recebimento do 13º, informado pelo empregador) OU no vencimento (30 dias após o crédito do 13º), o que ocorrer primeiro — exceto convênios com 13º vinculado ao aniversário do cliente. **Sem convênio:** na data escolhida na contratação.\n\n- Convênio consta em `SISALFA > CDC 15.13`.\n- **Com convênio:** data de cobrança em `CDC 22 > 10 > 5d` (código de linha 3100; nº convênio em `CDC 15 > 13`); vencimento em `CDC 15 > 13 > F2 > 4`. 1. Informe que o débito ocorre na data de cobrança; se o 13º não for creditado, tenta-se o débito na data de cobrança ou vencimento (o que ocorrer primeiro). 2. Verifique como ocorreu em `CDC 15 > 13 > F2 > 4`. 3. Preste as informações.\n  > **Obs.:** se a data de cobrança mudar por solicitação do empregador, o vencimento pode ser antecipado. *Ex. 1:* cobrança cadastrada 30/06/26 → vencimento 30/07/26; se a cobrança mudar para 30/08/26, cobra-se em 30/07/26 (o que ocorrer primeiro). *Ex. 2:* se o 13º do convênio está vinculado ao mês de aniversário, cobrança e vencimento caem no mês de aniversário do cliente.\n- **Sem convênio:** débito no vencimento (`CDC 15 > 13 > F2 > 4`).\n\n### CDC Antecipação IRPF\nDébito (a) na data prevista do crédito da restituição, ou (b) no vencimento contratual, se o crédito não ocorrer antes.\n1. Informe a regra acima. 2. Consulte `CDC 15 > 13 > F2 > 4`. 3. Preste as informações.\n\n### CDC Antecipação Saque Aniversário FGTS\nLiquidação automática via repasse do FGTS; débito em conta só se o repasse for insuficiente.\n1. Consulte `CDC 15 > 13 > F2 > 4`. 2. Preste as informações.\n\n### Orientações complementares\na) Reclamação de saldo aprovisionado em fim de semana/feriado: explique que, pelas cláusulas gerais do contrato de conta, a liberação de débitos nesses períodos depende do saldo após deduzir débitos programados para o 1º dia útil seguinte.\nb) **Boleto:** algumas linhas permitem gerar boleto (rotina 50107); se houver duplicidade (conta + boleto), estorne como em ""CDC Automático"". Não aplicar esse procedimento a CDC Consignação/Renovação Consignação/FGTS Saque Aniversário se a forma de pagamento foi ""Cta Convênio"" — para forma de pagamento via `SISALFA` ou ""Boleto Bancário"", o estorno é permitido.\nc) Mais informações: ver rotinas auxiliares (item 9).\nd) Se não for possível identificar o motivo, ou o cliente permanecer insatisfeito, registre ocorrência.\n\n---\n\n## 3. Simulação/Contratação de Empréstimos\n\nCDC é um empréstimo pessoal automatizado, pré-aprovado, disponível em conta corrente. Solicitação exclusiva do titular.\n> Se o cliente quiser alterar o vencimento da prestação: após a confirmação do contrato isso não é possível. Alternativa: contratar CDC Renovação (se a linha permitir e houver limite), indicando o vencimento mais adequado.\n\n**Procedimento:** verifique se a Análise de Crédito (ANC) está vigente em `Plataforma de Relacionamento (Operações Contratadas) — aba Limite de Crédito`, campo ""Situação do limite"".\n\n| Status do limite | Procedimento |\n|---|---|\n| Vencida, Impedida, Cancelada, Suspensa, Em transferência, Em estudo, Indeferida, ou Vigente com Limite Total–Margem zerado | Informe que não há limite disponível; o cliente deve ir a qualquer agência com identificação (RG/CPF), comprovante de residência e de renda (emitidos há menos de 90 dias, mesmo que pela internet). Consulte a rotina 50105 para possibilidade de restabelecimento. |\n| Vigente (algum valor em Limite Total–Margem) | Não informe o valor ao cliente. Dentro do horário de atendimento (9h–18h), pergunte se autoriza transferência para a Central de Consultoria em Uso Responsável do Crédito (rotina 50106). Se não autorizar, ou fora do horário, informe as opções: Central de Consultoria; App Alfa > Empréstimo; site > Empréstimo; caixa eletrônico (TAA) > Empréstimo. |\n\n---\n\n## 4. Cancelamento de CDC\n\nCancelamento permitido em até 7 dias corridos (a partir do dia seguinte à liberação do crédito), se contratado por canal de autoatendimento (App, site, caixas eletrônicos ou telefone), pelo titular, autenticado (URA, Token ou Identificação Positiva).\n\n> **Atenção:** o cancelamento da linha 2881 – Crédito Renovação Consignação está restrito ao departamento **DOC – Diretoria de Operações de Crédito** (código 800020) para os convênios: Convênio Especial 01 (700001), 02 (700002), 03 (700003), 04 (700004), 05 (700005), 06 (700006), 07 (700007), 08 (700008), 09 (700009), 10 (700010), 11 (700011), 12 (700012), 13 (700013), 14 (700014), 15 (700015) e 16 (700016). É necessário haver margem suficiente para reaverbação das operações vinculadas à renovação cancelada.\n> O cancelamento da mesma linha para o Convênio Especial 17 (700017) está restrito à **Superintendência Regional III** (código 800030). Ver rotina 50108.\n\nAntes do procedimento, informe o número da operação e que, após o cancelamento, o comando não pode ser desfeito.\n\n### 4.1. Cancelamento de proposta CDC NÃO CONFIRMADA\n`SISRET Y09` — copie o nº da operação (documento, 9 dígitos). `CDC 11.13` → inclua o nº a cancelar. Em ""Exclusão de operação – Confirma?"", responda ""S"". Motivo: ""08 – Exclusão a pedido do cliente – Desistência"". Verifique a mensagem ""Cancelamento da Proposta efetuado em XX/XX/XX às XX:XX:XX por FXXXXX""; se diferente, registre ocorrência.\n> Atenção a operações via Correspondente – LOG 633 ""Operação Novo Fluxo Correspondente/Parceiro Comercial"" (`CDC 15.18.F2.8`). Se pendente de confirmação, registre ocorrência (motivo obrigatório; não oriente o cliente a excluir por autoatendimento).\n\n### 4.2. Cancelamento no MESMO DIA ou DIA ÚTIL SEGUINTE (contratação em dia não útil)\nPermitido para contratações presenciais e não presenciais, todos os canais. Uso do Limite Especial da Conta gera juros e IOF. Cancele em `CDC 14`; se falhar, registre ocorrência.\n\n### 4.3. Cancelamento em até 7 DIAS CORRIDOS (a partir do dia seguinte ao crédito)\n**Via TAA/internet/App/telefone (Duplo Sim):** consulte `CDC 15.18.F2.8` (log) — canal no log 201: *Duplo Sim* → campo ""Ocor"" LOG 201 e 493; *Correspondente* → registre ocorrência. (Contestação: ver item 7.2.)\n**Presencial na agência:** só cancela no mesmo dia (ver item 4.2)! A partir do dia seguinte, só liquidação. Se o cliente relatar falhas, registre ocorrência.\n\nVerifique saldo para o débito (ou ""troco"" nas Renovações — `CDC 15.18.F2.5 Contratos Vinculados` mostrará o `SISCLI`; informe o valor), considerando Limite Especial ou resgates automáticos. Oriente manter saldo (débito à noite); uso do Limite Especial gera juros/IOF. Se discordar, só liquidação/amortização/pagamento. Cancele em `CDC 14`; se falhar, registre ocorrência.\n> No cancelamento de CDC Antecipação Saque Aniversário FGTS, o desbloqueio da garantia é automático. Log ""1120 – Operação Contratada com Parcela Pix"" = produto Alfa Parcela Pix (mesmo procedimento de Duplo Sim).\n\n### 4.4. Cancelamento de REPACTUAÇÃO\n`CDC 15.13`, selecione a operação. Se constar ""Op"" pendente de confirmação, pode excluir; se confirmada, só liquida/paga total.\n> *Convênio Especial 17:* tem repactuação de CDCs consignados com suspensão de cobrança (rotina 50109).\n\n### 4.5. Cancelamento do produto de pagamento parcelado de contas\nVer item 10 da rotina 50110.\n\n### 4.6. Pedido após 7 dias, ou contratação presencial (pedido fora do mesmo dia)\nSó é possível a liquidação.\n> Obs. 1: presencial só cancela no mesmo dia (item 4.2). Obs. 2: exclusivamente para CDC Renovação, se a liquidação antecipada não puder ser feita, registre ocorrência para avaliar cancelamento (informar que o IOF será cobrado em conta). CDC Renovação sem ""troco"" é cancelável se a contratação não foi presencial e o pedido ocorreu em até 7 dias.\n\nCancele em `CDC > 14`. Em caso de erro, registre ocorrência.\n\n---\n\n## 5. Liquidação / Amortização\n\nSolicitação exclusiva do titular.\n\n### 5.1. Amortização/Liquidação ANTECIPADA ou operação EM ATRASO\n**Demanda:** quitação parcial/total antes do vencimento e/ou parcelas em atraso.\n> Pagamento via boleto: emitido em agência, pago no mesmo dia (saldo atualiza diariamente); se não pago no mesmo dia, o mesmo boleto ainda serve, pois o saldo é recalculado.\n\nSe não autenticado (URA/Token/IP), informe os canais. Cancelamento da amortização/liquidação só no mesmo dia, e só com margem disponível (item 5.3). Somente com recursos próprios; há redução proporcional de juros.\n\n**Tipos** (parcelas em atraso sempre em ordem crescente): **Crescente** (da próxima parcela em diante); **Decrescente** (da última parcela para trás); **Linear** (amortiza o saldo total sem alterar o cronograma; recalcula as parcelas a vencer).\n> Linear NÃO permitido para CDC Consignado, nem para operações fora do status ""Normal"", com pagamento parcial, em cobrança, ou com ""Pula-Parcela"". ""Em cobrança"" não aceita nenhuma amortização.\n\n| Necessidade do cliente | Tipo de amortização |\n|---|---|\n| Parar de pagar as próximas prestações por um período | Liquidação antecipada de parcelas integrais, ordem crescente |\n| Amortizar e continuar pagando as próximas prestações | Liquidação antecipada de parcelas integrais, ordem decrescente |\n| Reduzir o valor das prestações em toda a operação | Amortização linear |\n| Liquidar a operação | Quitação total, sempre em ordem crescente |\n\n> No CDC Consignado, pode haver desconto da próxima prestação em folha. Para Consignação/Renovação Consignação, prefira ordem decrescente (evita duplicidade em folha); se o cliente pedir crescente, informe o risco (o valor retorna no vencimento da parcela, se ocorrer).\n\n**Procedimento:** 1. Simule em `CDC 13.11.12`, informe o saldo atual (item 1b). 2. Verifique saldo suficiente (`Plataforma de Relacionamento > Contas > Extrato`), considerando saldo aprovisionado, tarifas pendentes, resgates automáticos e Limite Especial (a critério do cliente, com encargos). 3. Se insuficiente, oriente novo contato; se suficiente, execute em `CDC 13 > 21 > 12` (tipo: parcial/liquidação/linear; quantidade/valor; ordem).\n> Se o sistema indicar ausência de autorização de débito, siga a rotina 50104.\n\n**Leitura obrigatória ao cliente antes da confirmação** (""Sr(a). ___, para sua segurança, faremos a leitura das condições:""):\n- **Parcial/liquidação:** agência/conta; valor base da parcela; encargos por atraso; desconto de antecipação; variação Selic; valor a amortizar; total de parcelas; ordem escolhida.\n- **Linear:** valor base; desconto aproximado; variação Selic; valor da parcela inicial; novo valor da parcela; quantidade de parcelas.\n\nApós a leitura: ""Podemos confirmar a liquidação/amortização?"" (F3, sem impressão). Supervisor confirma em `CDC 13.21.52`. Informar necessidade de saldo em conta. Comprovante: ""o débito ocorre ainda hoje; confirme pelo extrato. Para comprovante detalhado, solicite em qualquer agência o documento \'Demonstrativo de Origem e Evolução de Dívida – Crédito Direto ao Consumidor\'.""\n\n### 5.2. Amortização/liquidação de operações ""EM PERDAS""\nIdentificação: `SISALFA > CDC > 15.13`. **Não informar ao cliente que a operação está em prejuízo.**\na) **Débito em conta:** verifique saldo suficiente (mesmas ressalvas do item 5.1); se insuficiente, oriente novo contato. Liquidação: comando em `CDC 13-34` + confirmação do supervisor em `CDC 13-36`. Amortização parcial: comando em `CDC 13-35` + confirmação do gerente de grupo em `CDC 13-36`.\nb) **Boleto bancário:** registre ocorrência.\n\n### 5.3. Cancelamento da amortização ou liquidação antecipada\nSe só houve o comando do atendente (`CDC 13.21.12`) no mesmo dia: cancele em `CDC 13.91.51`. Se já confirmado pelo supervisor (`CDC 13.21.52`): faça o estorno (item 5.5).\n> O registro do atendente fica pendente de confirmação apenas no mesmo dia; se não confirmado, é excluído automaticamente no dia seguinte.\n\n### 5.4. Liquidação – Desaverbação/Liberação de Margem Consignável\nSe o cliente relatar que liquidou/cancelou mas não houve liberação de margem, ou a parcela segue sendo debitada, registre ocorrência.\n\n### 5.5. Estorno de pagamento antecipado\n**Demanda:** pagamento antes do vencimento, ou débito indevido em conta (ex.: pela agência).\n> Não aplicar a Consignação/Renovação Consignação/FGTS Saque Aniversário se a forma de pagamento foi ""Cta Convênio""; para `SISALFA` ou ""Boleto Bancário"", o estorno é permitido (ver item 2).\n\n1. Analise o motivo (não é permitido estornar e deixar em atraso). 2. Verifique vencimento (`CDC 15.13.F2.4`) e pagamento de salário (`SISPAG 11 > 13 > 36 > Consulta on line`). 3. Se não venceu e não houve crédito de salário, estorno possível (pagamento dentro de 30 dias, operação não atualizada). 4. Estorne em `CDC 13.91.11`. 5. Informe crédito no processamento noturno.\n> Se impossível estornar, ou outra duplicidade não sanável, registre ocorrência.\n\n---\n\n## 6. Dificuldade para contratação\n\n| Situação | Procedimento |\n|---|---|\n| **Renda desatualizada** | Verifique a última atualização; se >12 meses, oriente atualizar via App ou canal de autoatendimento (online; às vezes exige foto do documento, validação em até 3 dias úteis). Após validação, o limite é recalculado automaticamente. |\n| **Contrato do CDC não assinado** | Pergunte se aderiu às Cláusulas Gerais (assinatura da Proposta/Contrato de Adesão). Se sim, prossiga a análise. Se não, informe os canais de adesão: App/site (Empréstimo > Solicitação de Crédito > Assinatura de contrato CDC); caixa eletrônico; agência. |\n| **Acordo de dívida vigente** | Contratação impossibilitada durante a vigência do acordo; após encerrado, pode verificar novamente. |\n| **Não correntista** | Exceto CDC Consignado e Crédito 13º Salário INSS (exigem ANC vigente), as demais linhas exigem conta corrente com ANC vigente. |\n| **Modalidade de conta simplificada (sem linhas de crédito)** | Não permite contratar linhas de crédito; se houver interesse, o cliente faz upgrade da conta pelo app (Menu > Upgrade de Conta), sujeito a análise de crédito na agência. |\n\n---\n\n## 7. Contratação não reconhecida\n\n### 7.1. Falsidade ideológica e fraude\nFraude com uso de documentos falsos para contratar produtos; a vítima costuma descobrir só quando seu CPF/CNPJ sofre restrição por inadimplência. Ver rotina 50111.\n- Falsidade em operação de não correntista: oriente comparecimento a qualquer agência com identificação e boletim de ocorrência.\n- Fraude – demais situações: ver rotina 50112.\n\n### 7.2. Contestação de operações via Correspondente (falha, suspeita de fraude/golpe)\nIndícios de falha ou fraude/golpe (presencial ou Duplo Sim): registre ocorrência e responsabilize a unidade de correspondentes/antifraude (código 800010):\n- **Assunto 50113** — contratação não reconhecida; divergente do solicitado; insatisfação com o contrato/descumprimento; falta de clareza.\n- **Assunto 50114** — suspeita de fraude/golpe: abordagem por suposta empresa vinculada ao banco, internalização por correspondente e transferência de recursos a terceiros pelo cliente.\n- **Assunto 50115** — contestação/suspeita de fraude em operação via Correspondente ainda pendente de confirmação.\n\n> No módulo de SAC e Ouvidoria (assuntos 50113/50114), é obrigatório selecionar o produto/modalidade — só aparecem operações contratadas via Correspondente; caso contrário, o registro não é possível. Ao selecionar a operação, os dados de identificação do correspondente, do CDC e da chave de operação são preenchidos automaticamente (não editáveis).\n\n---\n\n## 8. Limite Especial da Conta\n\n### 8.1. Cancelamento do Limite Especial da Conta\na) Pode ser solicitado a qualquer tempo por qualquer titular.\nb) Ao ser solicitado, sonde o motivo e, se cabível, argumente: sem tarifa; limite disponível para emergências sem custo se não usado; cancelar não garante nova contratação futura; é possível reduzir para R$ 100,00 em vez de cancelar. O cliente não pode estar usando o limite no momento (se estiver, oriente cobrir o saldo). Se aceitar reduzir, siga para 8.2. *(Em Ouvidoria, cancelar direto, sem sondagem.)*\nc) Se decidir manter, encerre em FCR.\nd) Se insistir no cancelamento, verifique viabilidade:\n\n**Procedimento (cliente autenticado por URA/Token/IP):**\n> Não cancelar se o cliente estiver usando o limite; se houver juros/IOF a cobrar, é necessário saldo. Falha de autenticação: registre ocorrência.\n- **Atendente:** confira saldo suficiente (extrato) para limite + juros + IOF (desconsiderar valores provisionados); se insuficiente, peça depósito equivalente e informe que o cancelamento pode ser pedido no SAC/agência após o depósito; encerre em FCR. Cancele na plataforma (`Contas > Limite Especial da Conta PF > Implantação, Alteração, Renovação e Cancelamento > Cancelar > Registrar`) e peça deferimento ao supervisor.\n  > Se aparecer ""(27) Já existe comando de implantação para esta conta."", registre ocorrência. Se aparecer ""já existe solicitação pendente de deferimento"", peça o deferimento ao supervisor; se não localizar ou houver erro, abra ocorrência.\n- **Supervisor:** confirme dados (nome, produto, valor); defira (`Deferimentos e Pendências > Limite Especial da Conta Pessoa > Cancelamento > Deferimento`); confirme para o atendente prosseguir.\n- **Atendente:** informe o cancelamento e a disponibilidade da agência para recontratação futura; encerre e registre FCR. *(Se o supervisor não conseguir deferir, registre ocorrência.)*\n\n### 8.2. Redução do Limite Especial da Conta\na) Se o pedido for por causa da tarifa, esclareça que ela não é cobrada; se insistir, siga abaixo.\nb) Identifique PF e titular da conta.\nc) Cliente autenticado:\n- **Atendente:** verifique saldo suficiente para que a redução não deixe o saldo excedido; se preciso, peça depósito e informe que a redução pode ser pedida via app, WhatsApp, SAC ou agência após o depósito. Modalidade ""Ouro"" (limite ≥ R$ 1.000,00) reduzida para entre R$ 100,00 e R$ 950,00 muda para ""Classic"" (diferenças na rotina 50116). Se o cliente concordar, altere modalidade/limite na plataforma e peça deferimento ao supervisor.\n- **Supervisor:** confirme dados; defira (`Deferimentos e Pendências > Limite Especial da Conta Pessoa Física > Alteração > Deferimento`); confirme para o atendente prosseguir.\n- **Atendente:** informe a redução realizada; para elevar no futuro, indicar app/agência. Encerre e registre FCR. *(Se o supervisor não conseguir deferir, registre ocorrência.)*\n\n### 8.3. Alterar data de débito dos juros\nFalha de autenticação: informe os canais. Acesse `Plataforma > Contas > Limite Especial da Conta PF > Alterar > Tipo de Alteração – ""Dia do débito""` e escolha um dia entre 1 e 28. A alteração só vale a partir do mês seguinte à solicitação.\n\n---\n\n## 9. Rotinas auxiliares (índice de empréstimos)\n\n| Código (anonimizado) | Assunto |\n|---|---|\n| 50107 | CDC – Condições Gerais / Contrato |\n| 50108 | Crédito Consignação e Renovação – Correntista e não correntista |\n| 50118 | Crédito Consignação – INSS |\n| 50119 | Crédito Automático |\n| 50120 | Crédito Benefício |\n| 50121 | Crédito Salário e Salário Funci |\n| 50122 | Crédito Renovação e Renovação Funci |\n| 50123 | Crédito 13º Décimo Terceiro Salário |\n| 50124 | Crédito 13º Décimo Terceiro Salário – Não Correntistas |\n| 50125 | CDC Antecipação Restituição IRPF |\n| 50126 | CDC Antecipação Saque Aniversário FGTS |\n| 50117 | Crédito Parcelamento Cheque Especial (Limite Especial da Conta) |\n| 50104 | Autorização de Débito – Empréstimos, CDC e outros (Resolução CMN 4.790/2020) |\n| 50127 | Crédito do Trabalhador – Novo modelo de Crédito Consignado do Setor Privado |\n| 50128 | Crédito do Trabalhador – Atendimento ao Empregador |\n\n---\n\n## 10. Fonte de informação\n\nDepartamento responsável: **DOC – Diretoria de Operações de Crédito** (código 800020).\n']","Não, o atendimento presencial na agência possui restrição temporal e não pode efetuar cancelamentos após o primeiro dia (a agência só cancela no mesmo dia da contratação). A partir do dia seguinte, o cancelamento via canais de autoatendimento (App/internet/telefone) é permitido em até 7 dias corridos, mas a agência só realiza liquidação após o primeiro dia. Caso o cliente tentasse pelos canais elegíveis em até 7 dias, o procedimento exigiria verificar se há saldo suficiente para o débito (ou troco em renovações), considerando o Limite Especial ou resgates automáticos. Como o uso do Limite Especial da Conta gera a incidência de juros e IOF, o cliente deveria manter saldo em conta para o débito noturno.",EDGE_CASE,7.9565,,0.2,0.7988385764198347,1.0,0.9999999999
"Um cliente contratou um CDC Consignado vinculado ao 'Convênio Especial 02' (código 700002) por meio da linha de Crédito Renovação Consignação (linha 2881). Ele percebeu uma irregularidade e solicita o cancelamento da linha diretamente na central de atendimento telefônico no 5º dia corrido após a liberação. Qual é o fluxo correto de encaminhamento para esse pedido de cancelamento, quais restrições sistêmicas/organizacionais se aplicam a esse convênio específico, e qual condição prévia o sistema exige para que a operação vinculada seja revertida?","Como assistente bancário, apresento as diretrizes gerais aplicáveis a operações de crédito consignado no sistema bancário brasileiro, considerando as normas do Banco Central e as práticas comuns de mercado para o cancelamento de contratos (Direito de Arrependimento):

### 1. Fluxo de Encaminhamento
O pedido de cancelamento de um crédito consignado, quando realizado dentro do prazo legal, deve seguir o fluxo de **Direito de Arrependimento (Art. 49 do Código de Defesa do Consumidor)**:

*   **Canal de Atendimento:** O cliente deve formalizar a solicitação na Central de Atendimento. O atendente deve registrar o protocolo e encaminhar a demanda para a área de **Backoffice/Operações de Crédito** ou **Setor de Consignados**.
*   **Formalização:** É comum que o banco exija que o cliente assine um termo de solicitação de cancelamento ou envie uma mensagem formal via Internet Banking/App confirmando o desejo de desistência.
*   **Prazo:** Como o cliente está no 5º dia corrido, ele está dentro do prazo legal de 7 dias para compras/contratações feitas fora do estabelecimento comercial (se aplicável ao canal de contratação).

### 2. Restrições Sistêmicas e Organizacionais
Para convênios específicos (como o citado ""Convênio Especial 02""), aplicam-se as seguintes restrições:

*   **Bloqueio de Margem:** O sistema de consignação (geralmente integrado ao sistema do órgão pagador, como o SIGEPE ou sistemas de prefeituras/estados) possui uma trava. O cancelamento não é apenas interno; o banco precisa enviar um comando de **""Exclusão de Averbação""** para o órgão pagador.
*   **Convênio Especial:** Convênios com regras específicas podem ter restrições de cancelamento automático. Se o convênio exige que a averbação seja feita via arquivo de remessa, o cancelamento pode depender da próxima janela de processamento do órgão.
*   **Linha 2881 (Renovação):** Por se tratar de uma renovação, o sistema pode ter liquidado um contrato anterior. O cancelamento da renovação pode exigir a ""reinstalação"" do contrato original, o que é uma operação complexa e, por vezes, impossível de ser feita automaticamente, exigindo intervenção manual da área de crédito.

### 3. Condição Prévia para Reversão
Para que o sistema permita a reversão da operação, a condição **sine qua non** é:

*   **Devolução Integral do Valor:** O cliente deve possuir na conta corrente o valor exato que foi creditado. O sistema bancário não processa o cancelamento (estorno da operação) se não houver saldo disponível para cobrir o principal liberado.
*   **Bloqueio de Saldo:** O banco geralmente realiza um ""bloqueio administrativo"" do valor na conta do cliente assim que o pedido de cancelamento é aberto, para garantir que o montante não seja utilizado enquanto o processo de reversão da averbação junto ao órgão pagador é concluído.

**Recomendação ao cliente:**
1.  Mantenha o valor integral do empréstimo na conta corrente.
2.  Solicite o número do protocolo de atendimento.
3.  Verifique se o banco enviou a solicitação de desaverbação ao órgão pagador, pois o cancelamento financeiro (estorno) só é concluído após a confirmação de que a margem consignável foi liberada pelo órgão.

*Nota: Como não tenho acesso aos sistemas internos, recomendo que o cliente confirme com o gerente da agência ou o suporte especializado do banco se há alguma regra específica de ""trava de sistema"" para o código 700002 que impeça o cancelamento via central telefônica.*","['# POP – Atendimento de Operações de CDC (Crédito Direto ao Consumidor) – Pessoa Física\n### [Versão anonimizada/pseudonimizada para uso acadêmico]\n\n> **Nota metodológica de anonimização:** este documento é uma versão pseudonimizada de uma rotina real de atendimento (SAC) de operações de crédito pessoa física. Foram substituídos: (i) o nome da instituição financeira e de seus canais/site/e-mail; (ii) os nomes de sistemas internos claramente proprietários; (iii) nomes e códigos de convênios de consignação com órgãos públicos; (iv) códigos de prefixo/departamento interno; e (v) números de rotinas/assuntos auxiliares referenciados ao longo do texto — todos substituídos por identificadores fictícios e sequenciais. A lógica processual, as condições, exceções e o fluxo de decisão originais foram mantidos integralmente, o que preserva o valor do documento como exemplo de POP para fins de extração de árvore de decisão. Termos e siglas genéricas do setor bancário (CDC, SAC, Ouvidoria, TAA, URA, FCR, ANC, Token, Identificação Positiva) e referências a normas públicas (Resolução CMN 4.790/2020, INSS) foram mantidos, por não serem exclusivos de uma única instituição.\n\n**Sumário:** Observações iniciais · 1. Consulta geral CDC · 2. Débito da parcela CDC · 3. Simulação/Contratação · 4. Cancelamento de CDC · 5. Liquidação/Amortização · 6. Dificuldade para contratação · 7. Contratação não reconhecida · 8. Limite Especial da Conta · 9. Rotinas auxiliares · 10. Fonte de informação\n\n---\n\n## Observações iniciais\n\na) Esta rotina destina-se ao atendimento das operações de crédito PF listadas no item 2. Para os casos abaixo, consulte rotinas específicas:\n- **FIES:** rotina 50101 – SAC QC – Financiamento Estudantil (FIES)\n- **Financiamento imobiliário:** rotina 50102 – SAC QC – Financiamento Imobiliário\n- **Renegociação de dívidas:** rotina 50103 – SAC QC – Renegociação de Dívidas Pessoa Física e Jurídica\n\nb) **Autorização de Débito em Conta:** a partir de 01/03/2021, para que uma operação seja debitada em conta, é necessária autorização específica do cliente para o débito. Ver informações e procedimentos na rotina 50104.\n\nc) **Canais para contratação de CDC:** [link para os canais de contratação]\n\n---\n\n## 1. Consulta geral CDC\n\nPara verificar as informações da operação, identifique se o consumidor é PF e titular da operação. Em caso de FALHA, RECUSA ou INAPLICABILIDADE de Identificação Positiva (IP), registre ocorrência.\n\n| Demanda | Consulta |\n|---|---|\n| a) Informações gerais do CDC | `SISALFA > CDC > 15 > 18` — em ""Código do Cliente"" pressione F4, inclua o CPF e selecione a operação. Clique em F2 > Outros dados > 4. Cronograma. Principais informações: modalidade do CDC, data de vencimento, parcelas pagas e data de pagamento (mais detalhes no item 2), parcelas a vencer, parcelas em atraso, taxas de juros ou CET. |\n| b) Saldo atualizado total | `SISALFA > CDC > 15 > 18` — mesmo caminho acima; após selecionar a operação, verifique o campo ""Saldo devedor atual"". Esse é o saldo do dia, com atualização diária. |\n| c) Parcelas, valores pagos, juros, datas de pagamento | `SISALFA > CDC > 15 > 18` → Agência/Conta → selecione a operação → F2 → 4. Cronograma → selecione a parcela (""P"" indica pagamento parcial) → F9 (detalhe) → F12/F11 (pagamentos e parcelas). O ""total recebimento parcial"" é o valor recebido naquela parcela. |\n| d) Consultar CDC liquidado, renovado ou excluído | `SISALFA > CDC > 15 > 18`, em ""Código do Cliente"" pressione F4 e insira o CPF — NÃO selecione nenhuma operação e pressione F11. F12 para operações arquivadas. |\n| e) Consulta de cláusulas gerais ou documentos do CDC contratado | Cláusulas gerais consultáveis em: **App Alfa** (Menu > Empréstimos > Contratar empréstimo > Aderir ao contrato); **site institucional**, inclusive para não correntista (Página inicial > Pra você > Empréstimo > Empréstimo pessoal > Contrato de abertura de crédito rotativo); **site institucional (área logada)** (Menu > Empréstimos > Crédito consignado e pessoal > Aderir Contrato de Empréstimo). Documentos do CDC contratado: Extrato de Empréstimo (parcelas pagas/a pagar) — App, site, caixas eletrônicos ou agências; Consolidado Anual (valores por exercício) — site ou agências; 2ª via do comprovante (com taxas) — App ou agências. |\n\n---\n\n## 2. Débito da parcela CDC (data ou valor divergente, duplicidade)\n\nPara identificar o débito questionado, consulte o extrato em `Plataforma de Relacionamento (Operações Contratadas) > Contas > Consultas > Extrato Conta Corrente`. O número da operação consta no campo ""Documento"" (9 dígitos).\n\nSituações possíveis: débito antes/depois do vencimento contratual; valor divergente; duplicidade (folha + conta); débito em conta errada.\n\n**Consulta:** `CDC 15.13` (F4 – CPF) → selecione a operação → F2.4 (cronograma) → selecione a parcela com ""x"" → F9 (detalhar) → F12 (mais informações) → F3 (voltar) e copie o nº da operação → `CDC 13.61` (cole o nº como ""nº contrato"") para ver como ocorreu o pagamento.\n\nSiga então a orientação por modalidade:\n\n### CDC Consignação ou CDC Renovação Consignação\nDébito ocorre na folha de pagamento. a) Se não consignada (ou parcial), o débito ocorrerá total/parcial em conta. b) Se liquidado/renovado mas houve consignação, o estorno é automático em conta em até D+2 dias úteis, exceto para os convênios de código 900001 (INSS — devolução a partir do 5º dia útil) e código 900002 (MPDG — devolução até o 1º dia útil).\n\n1. Consulte a parcela: `CDC 15 > 13 > F2 > 4` (datas); `CDC 15 > 13 > F8 > F9` (mês/ano da folha). *Consig total* = debitada integralmente em folha; *Consig parcial* = debitada parcialmente (verifique o restante em conta); *Não consignada* = sem débito em folha; *Incluída* = ainda não vencida; *Enviada* = empregador não retornou (sem repasse, o débito ocorre em conta).\n2. Confirme a consignação em `SISCONSIG 22 > 01 > 01` (Convênio, Data Prevista, nº Operação — dados em `CDC 15.13`); selecione ""x"" e F9: ""Tipo Lançamento"" *Amortização* = consignado; *Devolução* = não consignado, devolvido à conta.\n3. Preste as informações.\n4. Se o cliente disser que a parcela foi consignada em folha mas também há débito agendado em conta: verifique o extrato (agendado ou debitado); se debitado, verifique devolução; se a data for hoje/próximo dia útil, oriente aguardar o processamento noturno (tende a ser excluído) e encerre em FCR. Se confirmada duplicidade sem estorno, ou se o sistema não mostra consignação mas o cliente afirma o desconto, registre ocorrência e oriente o envio de cópia do contracheque para `sacdocumentos@bancoalfa.com.br`.\n\n> **Crédito do Trabalhador** (identifique pelo campo ""Convênio"" = ""E-Consig PJ"" em `CDC > 15 > 13`): exigir contracheque da competência anterior ao débito (ex.: débito no mês 09 → contracheque do mês 08) e o documento ""Detalhe da guia emitida"" (com a instituição que recebeu o valor) + comprovante de pagamento da guia, fornecidos pela empresa.\n\n### CDC Salário, CDC Benefício e CDC Renovação\nDébito no dia do crédito do salário/benefício, mesmo que divergente do vencimento contratual (cobrança antecipada gera desconto proporcional). Renovação com convênio: débito na data de crédito de proventos; sem convênio: na data de vencimento.\n\n1. Verifique no extrato o recebimento de salário no dia do débito.\n2. Compare a data de débito (`CDC 15 > 13 > F2 > 4`) com a cadastrada em `CDC 24 > 14` e `SISPAG 11 > 13 > 36 > Consulta on line`.\n3. Se ambos ocorrerem após o vencimento do contrato, registre ocorrência.\n4. Preste as informações.\n\n### CDC Automático\nDébito em conta (corrente ou salário) na data de vencimento informada na autorização; há opção de boleto (gerado pelo cliente ou se a autorização foi cancelada).\n\n**Duplicidade:** 1. Verifique boleto pago + débito em conta (`CDC 13 > 61`, ""Forma Pagto"": Rcbto Autom e Boleto Banc); confira estorno (campo ""Dt. Canc."" preenchido = houve estorno). 2. Se confirmada duplicidade sem estorno, estorne em `CDC 13 > 91 > 11 > 6` (o sistema só estorna do mais recente para o mais antigo; se o pagamento em conta foi parcial e só for possível estornar o boleto mais recente, isso deixaria a operação em atraso — nesse caso, estorne primeiro o ""Boleto Bancário"" e depois o ""Recebimento Automático"", só se não houver débitos pendentes). Peça ao supervisor para receber o valor correto em `CDC 13.23`; confirme a data de recebimento retroativo em `CDC 13.61`.\n> Para recebimento por débito em conta em operações contratadas a partir de 01/03/21, é necessária autorização específica do cliente.\n\n### CDC 13º Salário\nDébito em parcela única. **Com convênio:** na data de cobrança (recebimento do 13º, informado pelo empregador) OU no vencimento (30 dias após o crédito do 13º), o que ocorrer primeiro — exceto convênios com 13º vinculado ao aniversário do cliente. **Sem convênio:** na data escolhida na contratação.\n\n- Convênio consta em `SISALFA > CDC 15.13`.\n- **Com convênio:** data de cobrança em `CDC 22 > 10 > 5d` (código de linha 3100; nº convênio em `CDC 15 > 13`); vencimento em `CDC 15 > 13 > F2 > 4`. 1. Informe que o débito ocorre na data de cobrança; se o 13º não for creditado, tenta-se o débito na data de cobrança ou vencimento (o que ocorrer primeiro). 2. Verifique como ocorreu em `CDC 15 > 13 > F2 > 4`. 3. Preste as informações.\n  > **Obs.:** se a data de cobrança mudar por solicitação do empregador, o vencimento pode ser antecipado. *Ex. 1:* cobrança cadastrada 30/06/26 → vencimento 30/07/26; se a cobrança mudar para 30/08/26, cobra-se em 30/07/26 (o que ocorrer primeiro). *Ex. 2:* se o 13º do convênio está vinculado ao mês de aniversário, cobrança e vencimento caem no mês de aniversário do cliente.\n- **Sem convênio:** débito no vencimento (`CDC 15 > 13 > F2 > 4`).\n\n### CDC Antecipação IRPF\nDébito (a) na data prevista do crédito da restituição, ou (b) no vencimento contratual, se o crédito não ocorrer antes.\n1. Informe a regra acima. 2. Consulte `CDC 15 > 13 > F2 > 4`. 3. Preste as informações.\n\n### CDC Antecipação Saque Aniversário FGTS\nLiquidação automática via repasse do FGTS; débito em conta só se o repasse for insuficiente.\n1. Consulte `CDC 15 > 13 > F2 > 4`. 2. Preste as informações.\n\n### Orientações complementares\na) Reclamação de saldo aprovisionado em fim de semana/feriado: explique que, pelas cláusulas gerais do contrato de conta, a liberação de débitos nesses períodos depende do saldo após deduzir débitos programados para o 1º dia útil seguinte.\nb) **Boleto:** algumas linhas permitem gerar boleto (rotina 50107); se houver duplicidade (conta + boleto), estorne como em ""CDC Automático"". Não aplicar esse procedimento a CDC Consignação/Renovação Consignação/FGTS Saque Aniversário se a forma de pagamento foi ""Cta Convênio"" — para forma de pagamento via `SISALFA` ou ""Boleto Bancário"", o estorno é permitido.\nc) Mais informações: ver rotinas auxiliares (item 9).\nd) Se não for possível identificar o motivo, ou o cliente permanecer insatisfeito, registre ocorrência.\n\n---\n\n## 3. Simulação/Contratação de Empréstimos\n\nCDC é um empréstimo pessoal automatizado, pré-aprovado, disponível em conta corrente. Solicitação exclusiva do titular.\n> Se o cliente quiser alterar o vencimento da prestação: após a confirmação do contrato isso não é possível. Alternativa: contratar CDC Renovação (se a linha permitir e houver limite), indicando o vencimento mais adequado.\n\n**Procedimento:** verifique se a Análise de Crédito (ANC) está vigente em `Plataforma de Relacionamento (Operações Contratadas) — aba Limite de Crédito`, campo ""Situação do limite"".\n\n| Status do limite | Procedimento |\n|---|---|\n| Vencida, Impedida, Cancelada, Suspensa, Em transferência, Em estudo, Indeferida, ou Vigente com Limite Total–Margem zerado | Informe que não há limite disponível; o cliente deve ir a qualquer agência com identificação (RG/CPF), comprovante de residência e de renda (emitidos há menos de 90 dias, mesmo que pela internet). Consulte a rotina 50105 para possibilidade de restabelecimento. |\n| Vigente (algum valor em Limite Total–Margem) | Não informe o valor ao cliente. Dentro do horário de atendimento (9h–18h), pergunte se autoriza transferência para a Central de Consultoria em Uso Responsável do Crédito (rotina 50106). Se não autorizar, ou fora do horário, informe as opções: Central de Consultoria; App Alfa > Empréstimo; site > Empréstimo; caixa eletrônico (TAA) > Empréstimo. |\n\n---\n\n## 4. Cancelamento de CDC\n\nCancelamento permitido em até 7 dias corridos (a partir do dia seguinte à liberação do crédito), se contratado por canal de autoatendimento (App, site, caixas eletrônicos ou telefone), pelo titular, autenticado (URA, Token ou Identificação Positiva).\n\n> **Atenção:** o cancelamento da linha 2881 – Crédito Renovação Consignação está restrito ao departamento **DOC – Diretoria de Operações de Crédito** (código 800020) para os convênios: Convênio Especial 01 (700001), 02 (700002), 03 (700003), 04 (700004), 05 (700005), 06 (700006), 07 (700007), 08 (700008), 09 (700009), 10 (700010), 11 (700011), 12 (700012), 13 (700013), 14 (700014), 15 (700015) e 16 (700016). É necessário haver margem suficiente para reaverbação das operações vinculadas à renovação cancelada.\n> O cancelamento da mesma linha para o Convênio Especial 17 (700017) está restrito à **Superintendência Regional III** (código 800030). Ver rotina 50108.\n\nAntes do procedimento, informe o número da operação e que, após o cancelamento, o comando não pode ser desfeito.\n\n### 4.1. Cancelamento de proposta CDC NÃO CONFIRMADA\n`SISRET Y09` — copie o nº da operação (documento, 9 dígitos). `CDC 11.13` → inclua o nº a cancelar. Em ""Exclusão de operação – Confirma?"", responda ""S"". Motivo: ""08 – Exclusão a pedido do cliente – Desistência"". Verifique a mensagem ""Cancelamento da Proposta efetuado em XX/XX/XX às XX:XX:XX por FXXXXX""; se diferente, registre ocorrência.\n> Atenção a operações via Correspondente – LOG 633 ""Operação Novo Fluxo Correspondente/Parceiro Comercial"" (`CDC 15.18.F2.8`). Se pendente de confirmação, registre ocorrência (motivo obrigatório; não oriente o cliente a excluir por autoatendimento).\n\n### 4.2. Cancelamento no MESMO DIA ou DIA ÚTIL SEGUINTE (contratação em dia não útil)\nPermitido para contratações presenciais e não presenciais, todos os canais. Uso do Limite Especial da Conta gera juros e IOF. Cancele em `CDC 14`; se falhar, registre ocorrência.\n\n### 4.3. Cancelamento em até 7 DIAS CORRIDOS (a partir do dia seguinte ao crédito)\n**Via TAA/internet/App/telefone (Duplo Sim):** consulte `CDC 15.18.F2.8` (log) — canal no log 201: *Duplo Sim* → campo ""Ocor"" LOG 201 e 493; *Correspondente* → registre ocorrência. (Contestação: ver item 7.2.)\n**Presencial na agência:** só cancela no mesmo dia (ver item 4.2)! A partir do dia seguinte, só liquidação. Se o cliente relatar falhas, registre ocorrência.\n\nVerifique saldo para o débito (ou ""troco"" nas Renovações — `CDC 15.18.F2.5 Contratos Vinculados` mostrará o `SISCLI`; informe o valor), considerando Limite Especial ou resgates automáticos. Oriente manter saldo (débito à noite); uso do Limite Especial gera juros/IOF. Se discordar, só liquidação/amortização/pagamento. Cancele em `CDC 14`; se falhar, registre ocorrência.\n> No cancelamento de CDC Antecipação Saque Aniversário FGTS, o desbloqueio da garantia é automático. Log ""1120 – Operação Contratada com Parcela Pix"" = produto Alfa Parcela Pix (mesmo procedimento de Duplo Sim).\n\n### 4.4. Cancelamento de REPACTUAÇÃO\n`CDC 15.13`, selecione a operação. Se constar ""Op"" pendente de confirmação, pode excluir; se confirmada, só liquida/paga total.\n> *Convênio Especial 17:* tem repactuação de CDCs consignados com suspensão de cobrança (rotina 50109).\n\n### 4.5. Cancelamento do produto de pagamento parcelado de contas\nVer item 10 da rotina 50110.\n\n### 4.6. Pedido após 7 dias, ou contratação presencial (pedido fora do mesmo dia)\nSó é possível a liquidação.\n> Obs. 1: presencial só cancela no mesmo dia (item 4.2). Obs. 2: exclusivamente para CDC Renovação, se a liquidação antecipada não puder ser feita, registre ocorrência para avaliar cancelamento (informar que o IOF será cobrado em conta). CDC Renovação sem ""troco"" é cancelável se a contratação não foi presencial e o pedido ocorreu em até 7 dias.\n\nCancele em `CDC > 14`. Em caso de erro, registre ocorrência.\n\n---\n\n## 5. Liquidação / Amortização\n\nSolicitação exclusiva do titular.\n\n### 5.1. Amortização/Liquidação ANTECIPADA ou operação EM ATRASO\n**Demanda:** quitação parcial/total antes do vencimento e/ou parcelas em atraso.\n> Pagamento via boleto: emitido em agência, pago no mesmo dia (saldo atualiza diariamente); se não pago no mesmo dia, o mesmo boleto ainda serve, pois o saldo é recalculado.\n\nSe não autenticado (URA/Token/IP), informe os canais. Cancelamento da amortização/liquidação só no mesmo dia, e só com margem disponível (item 5.3). Somente com recursos próprios; há redução proporcional de juros.\n\n**Tipos** (parcelas em atraso sempre em ordem crescente): **Crescente** (da próxima parcela em diante); **Decrescente** (da última parcela para trás); **Linear** (amortiza o saldo total sem alterar o cronograma; recalcula as parcelas a vencer).\n> Linear NÃO permitido para CDC Consignado, nem para operações fora do status ""Normal"", com pagamento parcial, em cobrança, ou com ""Pula-Parcela"". ""Em cobrança"" não aceita nenhuma amortização.\n\n| Necessidade do cliente | Tipo de amortização |\n|---|---|\n| Parar de pagar as próximas prestações por um período | Liquidação antecipada de parcelas integrais, ordem crescente |\n| Amortizar e continuar pagando as próximas prestações | Liquidação antecipada de parcelas integrais, ordem decrescente |\n| Reduzir o valor das prestações em toda a operação | Amortização linear |\n| Liquidar a operação | Quitação total, sempre em ordem crescente |\n\n> No CDC Consignado, pode haver desconto da próxima prestação em folha. Para Consignação/Renovação Consignação, prefira ordem decrescente (evita duplicidade em folha); se o cliente pedir crescente, informe o risco (o valor retorna no vencimento da parcela, se ocorrer).\n\n**Procedimento:** 1. Simule em `CDC 13.11.12`, informe o saldo atual (item 1b). 2. Verifique saldo suficiente (`Plataforma de Relacionamento > Contas > Extrato`), considerando saldo aprovisionado, tarifas pendentes, resgates automáticos e Limite Especial (a critério do cliente, com encargos). 3. Se insuficiente, oriente novo contato; se suficiente, execute em `CDC 13 > 21 > 12` (tipo: parcial/liquidação/linear; quantidade/valor; ordem).\n> Se o sistema indicar ausência de autorização de débito, siga a rotina 50104.\n\n**Leitura obrigatória ao cliente antes da confirmação** (""Sr(a). ___, para sua segurança, faremos a leitura das condições:""):\n- **Parcial/liquidação:** agência/conta; valor base da parcela; encargos por atraso; desconto de antecipação; variação Selic; valor a amortizar; total de parcelas; ordem escolhida.\n- **Linear:** valor base; desconto aproximado; variação Selic; valor da parcela inicial; novo valor da parcela; quantidade de parcelas.\n\nApós a leitura: ""Podemos confirmar a liquidação/amortização?"" (F3, sem impressão). Supervisor confirma em `CDC 13.21.52`. Informar necessidade de saldo em conta. Comprovante: ""o débito ocorre ainda hoje; confirme pelo extrato. Para comprovante detalhado, solicite em qualquer agência o documento \'Demonstrativo de Origem e Evolução de Dívida – Crédito Direto ao Consumidor\'.""\n\n### 5.2. Amortização/liquidação de operações ""EM PERDAS""\nIdentificação: `SISALFA > CDC > 15.13`. **Não informar ao cliente que a operação está em prejuízo.**\na) **Débito em conta:** verifique saldo suficiente (mesmas ressalvas do item 5.1); se insuficiente, oriente novo contato. Liquidação: comando em `CDC 13-34` + confirmação do supervisor em `CDC 13-36`. Amortização parcial: comando em `CDC 13-35` + confirmação do gerente de grupo em `CDC 13-36`.\nb) **Boleto bancário:** registre ocorrência.\n\n### 5.3. Cancelamento da amortização ou liquidação antecipada\nSe só houve o comando do atendente (`CDC 13.21.12`) no mesmo dia: cancele em `CDC 13.91.51`. Se já confirmado pelo supervisor (`CDC 13.21.52`): faça o estorno (item 5.5).\n> O registro do atendente fica pendente de confirmação apenas no mesmo dia; se não confirmado, é excluído automaticamente no dia seguinte.\n\n### 5.4. Liquidação – Desaverbação/Liberação de Margem Consignável\nSe o cliente relatar que liquidou/cancelou mas não houve liberação de margem, ou a parcela segue sendo debitada, registre ocorrência.\n\n### 5.5. Estorno de pagamento antecipado\n**Demanda:** pagamento antes do vencimento, ou débito indevido em conta (ex.: pela agência).\n> Não aplicar a Consignação/Renovação Consignação/FGTS Saque Aniversário se a forma de pagamento foi ""Cta Convênio""; para `SISALFA` ou ""Boleto Bancário"", o estorno é permitido (ver item 2).\n\n1. Analise o motivo (não é permitido estornar e deixar em atraso). 2. Verifique vencimento (`CDC 15.13.F2.4`) e pagamento de salário (`SISPAG 11 > 13 > 36 > Consulta on line`). 3. Se não venceu e não houve crédito de salário, estorno possível (pagamento dentro de 30 dias, operação não atualizada). 4. Estorne em `CDC 13.91.11`. 5. Informe crédito no processamento noturno.\n> Se impossível estornar, ou outra duplicidade não sanável, registre ocorrência.\n\n---\n\n## 6. Dificuldade para contratação\n\n| Situação | Procedimento |\n|---|---|\n| **Renda desatualizada** | Verifique a última atualização; se >12 meses, oriente atualizar via App ou canal de autoatendimento (online; às vezes exige foto do documento, validação em até 3 dias úteis). Após validação, o limite é recalculado automaticamente. |\n| **Contrato do CDC não assinado** | Pergunte se aderiu às Cláusulas Gerais (assinatura da Proposta/Contrato de Adesão). Se sim, prossiga a análise. Se não, informe os canais de adesão: App/site (Empréstimo > Solicitação de Crédito > Assinatura de contrato CDC); caixa eletrônico; agência. |\n| **Acordo de dívida vigente** | Contratação impossibilitada durante a vigência do acordo; após encerrado, pode verificar novamente. |\n| **Não correntista** | Exceto CDC Consignado e Crédito 13º Salário INSS (exigem ANC vigente), as demais linhas exigem conta corrente com ANC vigente. |\n| **Modalidade de conta simplificada (sem linhas de crédito)** | Não permite contratar linhas de crédito; se houver interesse, o cliente faz upgrade da conta pelo app (Menu > Upgrade de Conta), sujeito a análise de crédito na agência. |\n\n---\n\n## 7. Contratação não reconhecida\n\n### 7.1. Falsidade ideológica e fraude\nFraude com uso de documentos falsos para contratar produtos; a vítima costuma descobrir só quando seu CPF/CNPJ sofre restrição por inadimplência. Ver rotina 50111.\n- Falsidade em operação de não correntista: oriente comparecimento a qualquer agência com identificação e boletim de ocorrência.\n- Fraude – demais situações: ver rotina 50112.\n\n### 7.2. Contestação de operações via Correspondente (falha, suspeita de fraude/golpe)\nIndícios de falha ou fraude/golpe (presencial ou Duplo Sim): registre ocorrência e responsabilize a unidade de correspondentes/antifraude (código 800010):\n- **Assunto 50113** — contratação não reconhecida; divergente do solicitado; insatisfação com o contrato/descumprimento; falta de clareza.\n- **Assunto 50114** — suspeita de fraude/golpe: abordagem por suposta empresa vinculada ao banco, internalização por correspondente e transferência de recursos a terceiros pelo cliente.\n- **Assunto 50115** — contestação/suspeita de fraude em operação via Correspondente ainda pendente de confirmação.\n\n> No módulo de SAC e Ouvidoria (assuntos 50113/50114), é obrigatório selecionar o produto/modalidade — só aparecem operações contratadas via Correspondente; caso contrário, o registro não é possível. Ao selecionar a operação, os dados de identificação do correspondente, do CDC e da chave de operação são preenchidos automaticamente (não editáveis).\n\n---\n\n## 8. Limite Especial da Conta\n\n### 8.1. Cancelamento do Limite Especial da Conta\na) Pode ser solicitado a qualquer tempo por qualquer titular.\nb) Ao ser solicitado, sonde o motivo e, se cabível, argumente: sem tarifa; limite disponível para emergências sem custo se não usado; cancelar não garante nova contratação futura; é possível reduzir para R$ 100,00 em vez de cancelar. O cliente não pode estar usando o limite no momento (se estiver, oriente cobrir o saldo). Se aceitar reduzir, siga para 8.2. *(Em Ouvidoria, cancelar direto, sem sondagem.)*\nc) Se decidir manter, encerre em FCR.\nd) Se insistir no cancelamento, verifique viabilidade:\n\n**Procedimento (cliente autenticado por URA/Token/IP):**\n> Não cancelar se o cliente estiver usando o limite; se houver juros/IOF a cobrar, é necessário saldo. Falha de autenticação: registre ocorrência.\n- **Atendente:** confira saldo suficiente (extrato) para limite + juros + IOF (desconsiderar valores provisionados); se insuficiente, peça depósito equivalente e informe que o cancelamento pode ser pedido no SAC/agência após o depósito; encerre em FCR. Cancele na plataforma (`Contas > Limite Especial da Conta PF > Implantação, Alteração, Renovação e Cancelamento > Cancelar > Registrar`) e peça deferimento ao supervisor.\n  > Se aparecer ""(27) Já existe comando de implantação para esta conta."", registre ocorrência. Se aparecer ""já existe solicitação pendente de deferimento"", peça o deferimento ao supervisor; se não localizar ou houver erro, abra ocorrência.\n- **Supervisor:** confirme dados (nome, produto, valor); defira (`Deferimentos e Pendências > Limite Especial da Conta Pessoa > Cancelamento > Deferimento`); confirme para o atendente prosseguir.\n- **Atendente:** informe o cancelamento e a disponibilidade da agência para recontratação futura; encerre e registre FCR. *(Se o supervisor não conseguir deferir, registre ocorrência.)*\n\n### 8.2. Redução do Limite Especial da Conta\na) Se o pedido for por causa da tarifa, esclareça que ela não é cobrada; se insistir, siga abaixo.\nb) Identifique PF e titular da conta.\nc) Cliente autenticado:\n- **Atendente:** verifique saldo suficiente para que a redução não deixe o saldo excedido; se preciso, peça depósito e informe que a redução pode ser pedida via app, WhatsApp, SAC ou agência após o depósito. Modalidade ""Ouro"" (limite ≥ R$ 1.000,00) reduzida para entre R$ 100,00 e R$ 950,00 muda para ""Classic"" (diferenças na rotina 50116). Se o cliente concordar, altere modalidade/limite na plataforma e peça deferimento ao supervisor.\n- **Supervisor:** confirme dados; defira (`Deferimentos e Pendências > Limite Especial da Conta Pessoa Física > Alteração > Deferimento`); confirme para o atendente prosseguir.\n- **Atendente:** informe a redução realizada; para elevar no futuro, indicar app/agência. Encerre e registre FCR. *(Se o supervisor não conseguir deferir, registre ocorrência.)*\n\n### 8.3. Alterar data de débito dos juros\nFalha de autenticação: informe os canais. Acesse `Plataforma > Contas > Limite Especial da Conta PF > Alterar > Tipo de Alteração – ""Dia do débito""` e escolha um dia entre 1 e 28. A alteração só vale a partir do mês seguinte à solicitação.\n\n---\n\n## 9. Rotinas auxiliares (índice de empréstimos)\n\n| Código (anonimizado) | Assunto |\n|---|---|\n| 50107 | CDC – Condições Gerais / Contrato |\n| 50108 | Crédito Consignação e Renovação – Correntista e não correntista |\n| 50118 | Crédito Consignação – INSS |\n| 50119 | Crédito Automático |\n| 50120 | Crédito Benefício |\n| 50121 | Crédito Salário e Salário Funci |\n| 50122 | Crédito Renovação e Renovação Funci |\n| 50123 | Crédito 13º Décimo Terceiro Salário |\n| 50124 | Crédito 13º Décimo Terceiro Salário – Não Correntistas |\n| 50125 | CDC Antecipação Restituição IRPF |\n| 50126 | CDC Antecipação Saque Aniversário FGTS |\n| 50117 | Crédito Parcelamento Cheque Especial (Limite Especial da Conta) |\n| 50104 | Autorização de Débito – Empréstimos, CDC e outros (Resolução CMN 4.790/2020) |\n| 50127 | Crédito do Trabalhador – Novo modelo de Crédito Consignado do Setor Privado |\n| 50128 | Crédito do Trabalhador – Atendimento ao Empregador |\n\n---\n\n## 10. Fonte de informação\n\nDepartamento responsável: **DOC – Diretoria de Operações de Crédito** (código 800020).\n']","O atendente da central telefônica não pode realizar o cancelamento diretamente, pois o cancelamento da linha 2881 – Crédito Renovação Consignação para os Convênios Especiais de 01 a 16 (incluindo o Convênio Especial 02, código 700002) está restrito exclusivamente ao departamento DOC – Diretoria de Operações de Crédito (código 800020). Além disso, como condição prévia e obrigatória para efetivar esse cancelamento, o sistema exige que haja margem consignável suficiente para a reaverbação das operações que estavam vinculadas à renovação que está sendo cancelada.",ROLE_RESTRICTION,9.8081,,0.12903225806451613,0.7796987152423202,1.0,0.9999999999
"Um cliente comparece ao SAC afirmando que sofreu um bloqueio judicial em sua conta há exatamente 400 dias, e o atendente tenta realizar a consulta no SISJUD-10 utilizando o intervalo total para tentar localizar a ordem. Considerando as restrições operacionais do sistema descritas no POP, qual é a falha procedimental cometida pelo atendente na tentativa de consulta e qual deve ser a tratativa imediata caso nenhuma ordem seja encontrada?","Como assistente bancário, com base nas práticas comuns de sistemas de consulta judicial (como o SISBAJUD/SISJUD), apresento a análise da situação:

### 1. A Falha Procedimental
A falha do atendente reside na **tentativa de consulta com um intervalo de tempo superior ao limite permitido pelo sistema**.

A maioria dos sistemas de consulta de ordens judiciais (como o SISBAJUD) possui uma limitação técnica de busca por períodos. Geralmente, o sistema permite consultas em intervalos de, no máximo, **90 a 180 dias** por vez. Ao tentar realizar uma busca única de 400 dias, o sistema provavelmente retornará erro, falhará na indexação ou não processará a solicitação. O atendente deveria ter segmentado a busca em períodos menores (ex: quatro blocos de 100 dias).

### 2. Tratativa Imediata (Caso nenhuma ordem seja encontrada)
Se, após a consulta segmentada e correta, nenhuma ordem for localizada no sistema, a tratativa deve seguir estes passos:

1.  **Verificação de Homônimos ou Erro de Cadastro:** Confirmar se o CPF/CNPJ consultado está correto e se não houve erro de digitação no sistema.
2.  **Consulta em Sistemas Legados/Anteriores:** Verificar se, há 400 dias, o bloqueio foi realizado via sistema anterior (como o antigo BACENJUD), caso o SISJUD-10 não tenha migrado ou consolidado todo o histórico.
3.  **Solicitação de Comprovante ao Cliente:** Orientar o cliente a apresentar o **número do processo judicial** ou a **cópia do mandado de bloqueio** expedido pelo juízo. Com o número do processo, é possível realizar uma busca específica pelo número da ordem ou pelo ID do processo, em vez de depender apenas do intervalo de datas.
4.  **Abertura de Chamado Técnico/Jurídico:** Caso o cliente insista que o valor está retido e o sistema não apresente a ordem, deve-se abrir um chamado para a área de **Jurídico ou Backoffice de Bloqueios Judiciais**. Eles possuem acesso a consultas mais profundas e podem verificar se o valor está em uma ""conta judicial"" ou se houve algum erro de processamento na baixa do bloqueio.
5.  **Orientação ao Cliente:** Informar ao cliente que, na ausência de registro sistêmico, ele deve procurar a **secretaria da vara judicial** onde o processo tramita para solicitar a certidão de baixa da ordem ou a liberação do valor, caso o bloqueio já tenha sido levantado pelo juiz, mas não tenha sido processado pelo banco.

**Resumo:** O erro foi a tentativa de busca em período excessivo (violação de limite de sistema). A solução é segmentar a busca e, persistindo a ausência de dados, solicitar o número do processo ao cliente para consulta direta ou acionar o suporte jurídico especializado.","['# POP – Bloqueio Judicial\n### [Versão anonimizada/pseudonimizada — documento avulso da série]\n\n> **Nota metodológica:** mesma metodologia e pseudônimos dos POPs anteriores (Banco Alfa, SISALFA etc.), com um sistema novo neste documento (EOJ → SISJUD). Ver chave de correspondência cumulativa.\n\n## 1. Definição\n\nManifestações relacionadas a bloqueio parcial ou total de valores da conta ou de outros recursos do cliente. Normalmente o cliente relata o termo ""Bloqueio Judicial"" em seu extrato.\n\n## 3.1. Quadro Contratado (SAC/ATA)\n\nAcesse as telas do SISJUD (módulo do SISALFA) abaixo e proceda conforme a situação:\n\n- **SISJUD – 10** — CPF/CNPJ, Data (até 365 dias) e tipo de ordem (F4 para selecionar bloqueio, desbloqueio ou transferência). Única opção em que são demonstrados os Bloqueios Totais.\n  - Para detalhar os resultados, insira ""D"" para visualizar o juízo, as partes, o valor e demais informações da ordem.\n  - A consulta é permitida para períodos de até no máximo um ano (ex.: para pesquisar 2023, informar 01/01/2023 a 31/12/2023).\n- **SISJUD – 14** — Agência e Conta — Data (sugestão: preencher o maior prazo possível, até 365 dias).\n- **SISJUD – 15** — Extrato por CPF/CNPJ.\n- **SISJUD – 16** — Nº do protocolo de bloqueio.\n- **SISJUD – 17** — Agência e Conta.\n\n> **Obs.: repasse ao cliente somente as informações que constam nos procedimentos abaixo.**\n\n**Bloqueio NÃO identificado:** informe ao consumidor que não foi identificado o bloqueio judicial e registre FCR. No SAC, se o cliente preferir uma melhor apuração, registre ocorrência.\n\n**Bloqueio identificado:** em SISJUD > 17, selecione o protocolo com ""X""; na tela seguinte, selecione novamente com ""X"" e anote:\n- **Processo Judicial:** XXXXXXX–XX.XXXX.X.XX.XXXX.\n\nTecle **F2 Vara/Juízo** e anote:\n- **Nome/UF:** XXª VARA DE XXXXXXXXXX\n- **Tribunal:** XXXXXXXXXXXXXXXXXXX\n\nEsclareça que o valor (e/ou a conta) está bloqueado por ordem judicial, solicitada por um juiz, que o banco é obrigado a acatar. Se o consumidor questionar, informe os dados identificados acima (processo e juízo). Para mais esclarecimentos sobre o motivo do bloqueio, ou para regularizar a situação, ele precisa buscar o órgão citado acima.\n\n**Desbloqueio identificado:** informe ao cliente que a conta ou o valor está disponível para movimentação.\n\n> Caso a conta objeto do bloqueio seja recebedora de proventos ou benefícios previdenciários e o cliente discordar, oriente-o a comunicar o fato ou requisitar a alteração/extinção da ordem judicial ao juízo competente.\n']","A falha procedimental do atendente reside no fato de que o sistema SISJUD-10 permite consultas para períodos de no máximo um ano (até 365 dias), tornando inválido o intervalo de 400 dias estipulado. Como consequência do fluxo para bloqueio não identificado, o atendente deve informar ao consumidor que não foi identificado o bloqueio judicial e registrar o FCR (First Contact Resolution). Adicionalmente, caso o cliente prefira uma melhor apuração, o atendente deve registrar uma ocorrência no SAC.",REGULATORY_TIMELINE,12.3681,,0.0,0.8230242898565163,1.0,0.9999999999
"Um cliente relata um bloqueio em sua conta que recebe proventos previdenciários e exige veementemente que o atendente do banco efetue o desbloqueio imediato, alegando ilegalidade da retenção. Seguindo estritamente as diretrizes do POP, qual é a proibição quanto às informações repassadas, qual o procedimento obrigatório de extração de dados caso o bloqueio seja confirmado no SISJUD-17, e qual é a orientação exata que deve ser dada ao cliente quanto ao benefício previdenciário?","Como assistente bancário, com base nas diretrizes gerais de atendimento e conformidade bancária, apresento as orientações para este cenário:

### 1. Proibição quanto às informações repassadas
É estritamente proibido ao atendente **especular sobre a motivação do bloqueio ou emitir juízo de valor** sobre a legalidade da ordem judicial. O atendente não deve fornecer detalhes que não estejam explicitamente disponíveis no sistema de consulta, nem tentar justificar a decisão do magistrado. A comunicação deve ser técnica, neutra e limitada ao fato de que o bloqueio decorre de uma ordem judicial externa, sobre a qual o banco não possui poder de decisão ou revogação.

### 2. Procedimento de extração de dados (SISJUD-17)
Caso o bloqueio seja confirmado via SISJUD (sistema de comunicação entre o Poder Judiciário e as instituições financeiras), o procedimento obrigatório é:
*   **Identificação da Ordem:** Extrair o número do processo, a vara judicial de origem e, se disponível, o nome do magistrado responsável.
*   **Registro:** Documentar internamente a data e o horário da consulta e a confirmação da existência da ordem de bloqueio.
*   **Transparência:** Fornecer ao cliente, por escrito ou via canal oficial, os dados da ordem judicial (número do processo e vara) para que ele possa, através de seu advogado ou defensor público, peticionar diretamente ao juízo responsável pela causa.

### 3. Orientação quanto ao benefício previdenciário
A orientação deve ser pautada na legislação vigente (como o Código de Processo Civil e entendimentos do STJ):
*   **Esclarecimento:** Informar ao cliente que o banco é apenas um **executor da ordem judicial** e não possui autonomia para desbloquear valores sem uma contraordem do mesmo juízo que determinou o bloqueio.
*   **Natureza Alimentar:** Orientar o cliente de que, caso o valor bloqueado seja proveniente de verba de natureza alimentar (como aposentadoria ou pensão), ele deve constituir advogado ou procurar a Defensoria Pública para solicitar o **desbloqueio por impenhorabilidade** junto ao juiz da causa.
*   **Ação do Cliente:** Enfatizar que o banco não pode realizar o desbloqueio administrativo, sendo o Poder Judiciário a única instância capaz de avaliar a legalidade da retenção sobre verbas previdenciárias e determinar a liberação dos valores.

**Nota importante:** O atendente deve manter a calma, evitar confrontos e reforçar que o banco está cumprindo uma determinação legal, sob pena de responsabilização caso descumpra a ordem judicial.","['# POP – Bloqueio Judicial\n### [Versão anonimizada/pseudonimizada — documento avulso da série]\n\n> **Nota metodológica:** mesma metodologia e pseudônimos dos POPs anteriores (Banco Alfa, SISALFA etc.), com um sistema novo neste documento (EOJ → SISJUD). Ver chave de correspondência cumulativa.\n\n## 1. Definição\n\nManifestações relacionadas a bloqueio parcial ou total de valores da conta ou de outros recursos do cliente. Normalmente o cliente relata o termo ""Bloqueio Judicial"" em seu extrato.\n\n## 3.1. Quadro Contratado (SAC/ATA)\n\nAcesse as telas do SISJUD (módulo do SISALFA) abaixo e proceda conforme a situação:\n\n- **SISJUD – 10** — CPF/CNPJ, Data (até 365 dias) e tipo de ordem (F4 para selecionar bloqueio, desbloqueio ou transferência). Única opção em que são demonstrados os Bloqueios Totais.\n  - Para detalhar os resultados, insira ""D"" para visualizar o juízo, as partes, o valor e demais informações da ordem.\n  - A consulta é permitida para períodos de até no máximo um ano (ex.: para pesquisar 2023, informar 01/01/2023 a 31/12/2023).\n- **SISJUD – 14** — Agência e Conta — Data (sugestão: preencher o maior prazo possível, até 365 dias).\n- **SISJUD – 15** — Extrato por CPF/CNPJ.\n- **SISJUD – 16** — Nº do protocolo de bloqueio.\n- **SISJUD – 17** — Agência e Conta.\n\n> **Obs.: repasse ao cliente somente as informações que constam nos procedimentos abaixo.**\n\n**Bloqueio NÃO identificado:** informe ao consumidor que não foi identificado o bloqueio judicial e registre FCR. No SAC, se o cliente preferir uma melhor apuração, registre ocorrência.\n\n**Bloqueio identificado:** em SISJUD > 17, selecione o protocolo com ""X""; na tela seguinte, selecione novamente com ""X"" e anote:\n- **Processo Judicial:** XXXXXXX–XX.XXXX.X.XX.XXXX.\n\nTecle **F2 Vara/Juízo** e anote:\n- **Nome/UF:** XXª VARA DE XXXXXXXXXX\n- **Tribunal:** XXXXXXXXXXXXXXXXXXX\n\nEsclareça que o valor (e/ou a conta) está bloqueado por ordem judicial, solicitada por um juiz, que o banco é obrigado a acatar. Se o consumidor questionar, informe os dados identificados acima (processo e juízo). Para mais esclarecimentos sobre o motivo do bloqueio, ou para regularizar a situação, ele precisa buscar o órgão citado acima.\n\n**Desbloqueio identificado:** informe ao cliente que a conta ou o valor está disponível para movimentação.\n\n> Caso a conta objeto do bloqueio seja recebedora de proventos ou benefícios previdenciários e o cliente discordar, oriente-o a comunicar o fato ou requisitar a alteração/extinção da ordem judicial ao juízo competente.\n']","O atendente deve repassar ao cliente estritamente apenas as informações que constam nos procedimentos do POP. Caso o bloqueio seja identificado, deve-se acessar o SISJUD > 17, selecionar o protocolo com 'X', selecionar novamente na tela seguinte com 'X' para anotar o Processo Judicial, teclar F2 Vara/Juízo e anotar o Nome/UF e o Tribunal, esclarecendo que o banco é obrigado a acatar a ordem e fornecendo estes dados. Em relação à contestação sobre os proventos ou benefícios previdenciários, o atendente é proibido de efetuar o desbloqueio por conta própria e deve orientar o cliente a comunicar o fato ou requisitar a alteração/extinção da ordem judicial diretamente ao juízo competente.",EDGE_CASE,2.9697,,0.30434782608695654,0.792720083614676,1.0,0.9999999999
