question,answer,contexts,ground_truth,question_type,latencia_total_s,ttft_s,faithfulness,answer_relevancy,context_recall,context_precision
"Minha senha bloqueou, como desbloqueio pelo site?","Para desbloquear sua senha pelo site do banco, siga estes passos gerais, que costumam ser o padrão na maioria das instituições financeiras:

1.  **Acesse o site oficial:** Entre no site do seu banco e clique na opção de ""Acessar conta"" ou ""Login"".
2.  **Identifique o erro:** Ao digitar sua senha incorreta, o sistema geralmente exibirá uma mensagem de ""Senha bloqueada"" ou ""Excedeu o número de tentativas"".
3.  **Procure o link de desbloqueio:** Na mesma tela de erro, o banco costuma disponibilizar um link como **""Esqueci minha senha""**, **""Desbloquear senha""** ou **""Recuperar acesso""**.
4.  **Validação de segurança:** Você será solicitado a confirmar sua identidade. Isso pode ser feito através de:
    *   Confirmação de dados pessoais (CPF, agência e conta).
    *   Envio de um código de segurança por SMS ou e-mail cadastrado.
    *   Uso de um dispositivo de segurança (como o iToken ou chave de segurança).
    *   Validação por biometria facial (via aplicativo).
5.  **Criação de nova senha:** Após validar sua identidade, o sistema permitirá que você cadastre uma nova senha de acesso.

**Dicas importantes:**

*   **Não use o site se estiver em dúvida:** Certifique-se de que está no site oficial do banco (verifique o endereço na barra do navegador) para evitar golpes.
*   **Aplicativo:** Muitas vezes, o desbloqueio é mais rápido e seguro pelo **aplicativo do banco** no celular, que utiliza reconhecimento facial.
*   **Caixa Eletrônico:** Se não conseguir pelo site ou app, a maioria dos bancos permite o desbloqueio em um caixa eletrônico da própria rede, utilizando seu cartão físico e a biometria.
*   **Atendimento:** Se nada disso funcionar, entre em contato com a Central de Atendimento do seu banco ou vá até a sua agência com um documento de identidade com foto.

**Atenção:** Nunca forneça sua senha para ninguém, nem mesmo para funcionários do banco. O banco nunca solicita sua senha por telefone ou e-mail.","['# POP – Gestão de Senhas e Código de Acesso – Pessoa Física\n### [Versão anonimizada/pseudonimizada — documento complementar ao POP de CDC]\n\n> **Nota metodológica:** este documento usa a mesma metodologia e os mesmos pseudônimos institucionais do POP de CDC anonimizado anteriormente (Banco Alfa, SISALFA, App Alfa etc.). Termos novos e específicos deste documento (produtos de cartão, plataformas, rotinas) foram adicionados à mesma chave de correspondência (arquivo único, cumulativo). A lógica processual e as condições originais foram mantidas integralmente.\n\n**Sumário:** Notas iniciais · 1. Resumo das senhas · 2. Situação das senhas · 3. Correntistas e poupadores · 4. Não correntista · 5. Código de acesso · 6. Geração de senha PF · 7. Cliente no exterior · 8. Senha do portador adicional · 9. Acesso ao gov.br · 10. Central de Senhas PF · 11. Fontes de informação · 12. Rotinas absorvidas\n\n---\n\n## Notas iniciais\n\na) **Transferência de saldo/produtos entre agências:** a senha da agência de origem não é alterada; o cliente acessa normalmente a conta na agência de destino.\n\nb) Os procedimentos desta rotina não se aplicam a clientes PJ ou Setor Público. Para chave J e senhas (Alfa Digital PJ), ver rotina 50129.\n\nc) **Titulares solidários:** as senhas (6 e 8 dígitos) e o código de acesso são os mesmos para todos os titulares. Se um titular bloquear a senha, os demais ficam impossibilitados de realizar transações.\n\nd) **Push:** notificação recebida diretamente no App Alfa. Para ativar: 1) autorizar o App Alfa no sistema do celular (Android: Configurações > Receber Notificações; iOS: Ajustes > Receber Notificações); 2) ativar pelo App Alfa (área logada) em Perfil > Geral > Receber notificações.\n\ne) **Bloqueio de Canal:** consulte na plataforma em Segurança > Bloqueio de segurança > Histórico. Havendo bloqueio, o desbloqueio ocorre após a alteração das senhas de 6 e 8 dígitos — é obrigatório alterar primeiro a de 8 dígitos, depois a de 6. Use os itens 3 e/ou 4 para orientar os canais.\n\n---\n\n## 1. Resumo da utilização das senhas\n\n| Tipo de senha | Canais de utilização |\n|---|---|\n| Senha de 4 dígitos | Descontinuada |\n| Senha de 6 dígitos | Confirma transações de cartão débito e crédito. Plataforma de Relacionamento/URA: acesso, consulta e confirmação de transações da mesma titularidade. Site institucional (sem Alfa Code): confirmação de transações financeiras. App Alfa: confirmação de transações financeiras. WhatsApp Alfa: pode ser solicitada para confirmação de algumas transações. TCX, TAD, POS, correspondente bancário: confirmação de transações. TAA: confirmação de transações de beneficiários do INSS e de portadores de deficiência visual sem código de acesso. Banco 24 Horas e rede compartilhada (Banco Parceiro Beta): confirmação de transações de portadores de deficiência visual sem código de acesso. |\n| Senha de 8 dígitos | Site institucional, App Alfa, App Cartão Alfa e WhatsApp: acesso, consultas, transações financeiras e aquisição de produtos/serviços. |\n| Código de Acesso (letras, sílabas ou alfanumérico) | TAA, Banco 24 Horas e rede compartilhada: confirma transações, inclusive saques na função crédito do cartão. |\n| Conta de Acesso (senha alfanumérica) | Utilizada por não correntistas no App Alfa (versão não correntista). |\n\n---\n\n## 2. Situação das Senhas\n\n### 2.1. Consultas\n- Senhas de 6/8 dígitos e código de acesso — Quadro Próprio e Quadro Contratado: `SISALFA > SISRET > X69 > 2` (correntistas: agência e conta; não correntistas: número do cartão), campo STATUS (pode ser informado ao cliente).\n- Conta de Acesso (Quadro Próprio): `SISALFA > ACESSO > 32 > 01 > CPF`.\n\n### 2.2. Códigos aplicáveis a TODOS os tipos de senha\n| Código | Significado | Situação |\n|---|---|---|\n| 0 | Sem ocorrência de erro de digitação | Ativa |\n| 1 | Cliente errou a digitação uma vez | — |\n| 2 | Cliente errou a digitação duas vezes | — |\n| 3 | Cliente errou a digitação três vezes (se ocorrer na senha de 6 dígitos via APF, Mobile ou WhatsApp, o bloqueio ""3"" é aplicado também à senha de 8 dígitos) | Bloqueada |\n| 6 | Senha (PJ e Governo) cadastrada no Alfa Digital PJ, aguardando confirmação de um funcionário da agência | — |\n| 7 | Senha (PJ e Governo) cadastrada no Alfa Digital PJ, aguardando confirmação de dois funcionários da agência | — |\n| Q | Senha alterada no APF Internet sem Alfa Code, ou no APF Celular sem fotografar cartão válido (aguardando confirmação na TAA com biometria cadastrada há mais de 7 dias) | — |\n| U | Senha bloqueada pelo monitoramento de segurança dos canais de autoatendimento | — |\n\n### 2.3. Códigos exclusivos da senha de 6 dígitos\n| Código | Significado | Situação |\n|---|---|---|\n| A | Senha digitada errada 3 vezes | Bloqueada |\n| D | Erro na tentativa de desbloqueio na TAA, ou bloqueio feito pelo próprio cliente via APF Celular/Internet | — |\n\n### 2.4. Códigos exclusivos da senha de 8 dígitos\n| Código | Significado | Situação |\n|---|---|---|\n| T | Senha registrada antes de 2012 e bloqueada por não uso nos últimos 90 dias | Bloqueada |\n| D | Alteração iniciada via APF Celular, com falha na confirmação via TAA sem biometria | — |\n| P | Senha cadastrada via APF Internet/Celular, aguardando confirmação na TAA | — |\n| 4 | Erro na tentativa de desbloqueio via Mobile | — |\n| 8 | Senha bloqueada pela agência ou pelo próprio cliente nos canais de autoatendimento | — |\n\n### 2.5. Situações do código de acesso\nCódigo ""4"" = tentativa de desbloqueio na TAA; CAA = letras; CAS = sílabas; CAN = alfanumérico.\n\n### 2.6. Situações da senha alfanumérica (Conta de Acesso)\n*Solicitado* = cadastramento/alteração pedidos; *Ativa* = cadastrada e ativa; *Bloqueado* = bloqueada por erro de digitação ou por segurança.\n> Essa confirmação ocorre por oferta ativa, sem necessidade de navegar pelo menu da TAA.\n\n---\n\n## 3. Correntistas e Poupadores\n\n### 3.1. Senha de 6 dígitos (conta e cartão)\n\nUsada para autorizar transações em: terminais de caixa das agências, TAA, site institucional (sem Alfa Code), App Alfa, correspondente bancário, transações de cartão (débito e crédito) e acesso à Central de Relacionamento/SAC. Vinculada à agência/conta (correntista) ou ao CPF (não correntista).\n\n**3.1.1. Cadastramento**\n\n| Canal | Procedimento |\n|---|---|\n| Agência | Correntistas e poupadores: no fluxo de abertura de conta, em qualquer agência. Beneficiários do INSS: em qualquer agência. Clientes de conta digital: no fluxo de abertura pelo App Alfa. |\n\n> **Atenção:** se o cliente quiser encerrar a conta corrente e ficar só com o cartão de crédito, cadastre nova senha como não correntista — obrigatório para não deixar pendente a emissão dos cartões.\n\n**3.1.2. Alteração**\n\n> Para cartões com chip, após a alteração, oriente o cliente a atualizar o chip de todos os plásticos em qualquer TAA (sob risco da senha não funcionar). Verifique a possibilidade de enviar senha provisória por SMS (item 6).\n\n| Canal | Requisitos/Condição | Procedimento |\n|---|---|---|\n| App Alfa | Celular autorizado há mais de 30 dias; Alfa Code ou Push habilitado; geolocalização ativa e autorizada; cartão ativo; senha de 8 dígitos ativa (códigos 0, 1 e/ou 2). Não disponível se bloqueada por ""8"". | **Com a senha anterior:** área logada > Perfil > Segurança > Central de senhas > Senha de 6 dígitos > Alterar. **Sem a senha anterior:** área logada > Perfil > Segurança > Central de senhas > Senha de 6 dígitos > Esqueci a senha > ""Agora utilizando o cartão"" (dados do cartão) — confirmação por: (i) biometria na TAA (cadastrada há mais de 7 dias): App Alfa > Menu > Perfil > Central de senhas > Senha de 6 dígitos > Esqueci a senha > No caixa eletrônico, depois na TAA em Segurança e Senhas > Senhas > Liberação de Senha Provisória > Senha da conta e cartão (6 dígitos); ou (ii) WhatsApp (telefone cadastrado no ATO): área logada > Perfil > Central de senhas > Senha de 6 dígitos > Esqueci a senha > Por WhatsApp. |\n| Site institucional | Senha de 8 dígitos ativa (códigos 0, 1 e/ou 2). Não disponível para quem não usa Alfa Code e não tem biometria cadastrada há mais de 7 dias (ou de forma assistida), nem para bloqueio ""U"" ou ""8"" da senha de 6 dígitos. | Em computador autorizado, com ou sem a senha anterior: **com adesão ao Alfa Code:** área logada > Segurança > Senhas > Alterar > Senha do cartão (6 dígitos) (exige código de autorização do Alfa Code). **Sem adesão ao Alfa Code, com biometria cadastrada:** mesmo caminho, confirmando em uma TAA com biometria cadastrada há mais de 7 dias. |\n| Agências (inclusive bloqueio ""U"") | — | Mediante identificação; recomendar que o cliente leve o cartão. |\n| SAC | Bloqueio ""U"": SAC Receptivo QP/QC (Célula de Segurança) → rotina 50130; SAC Soluções QP → rotina 50131; SAC Quadro Contratado → rotina 50112. Outros bloqueios: SAC Quadro Próprio → procedimento de Geração de Senha (item 6); SAC Quadro Contratado → rotina 50112. | — |\n| Plataforma de Relacionamento / ATA | Exceto bloqueio ""U"": Quadro Próprio → Geração de Senha; Quadro Contratado (não correntista portador de cartão) → Geração de Senha; correntistas/poupadores → demais canais. | — |\n\n**3.1.3. Bloqueio**\n\nCanais por iniciativa do cliente: TAA; SAC QC/QP; Plataforma de Relacionamento; site institucional (com Alfa Code); App Alfa (dispositivo autorizado, com Alfa Code ou push); agências.\n> Se o cliente detectar lançamentos indevidos na conta (inclusive por invasão do site), utilize também a rotina 50136, item 5.1. Bloqueio por um titular solidário impede os demais de transacionar. O bloqueio do código de acesso implica bloqueio da senha de 6 dígitos.\n\n**3.1.4. Desbloqueio**\n\nFeito COM conhecimento da senha anterior (sem isso, é preciso fazer a Alteração). Bloqueio ""U"" não admite desbloqueio, só Alteração.\n\n| Canal | Requisitos | Procedimento |\n|---|---|---|\n| App Alfa | Celular autorizado >30 dias; Alfa Code/Push habilitado; geolocalização ativa; cartão ativo; senha de 8 dígitos ativa (0,1,2). | Área logada > Perfil > Segurança > Central de senhas > Senha de 6 dígitos > Desbloquear. |\n| Site institucional | Senha de 8 dígitos ativa (0,1,2). | Em computador autorizado — com Alfa Code: Segurança > Senhas > Desbloquear (código de autorização); sem Alfa Code: mesmo caminho, confirmando em TAA com biometria (>7 dias). |\n| TAA | Biometria, ou cartão + código de acesso. | Menu > Segurança e Senhas > Senhas > Desbloqueio > Senha da conta e cartão (6 dígitos). |\n| Agência | Identificação (recomendar levar o cartão). | — |\n\n> Erro de digitação na tentativa de desbloqueio na TAA: só pode ser desbloqueada em agência. Bloqueio por iniciativa da agência/cliente: desbloqueio em qualquer agência. Bloqueio por erro de identificação positiva na TAA: só desbloqueia em agência (se o cliente souber a senha); usar a TAA para essa operação não é possível. Desbloqueio exige código de acesso ou biometria; sem nenhum dos dois, é necessário comparecer a uma agência.\n\n### 3.2. Senha de 8 dígitos\n\nAcessa o site institucional e o App Alfa; pode ser provisória¹ ou definitiva. Confirmação de transações financeiras via Alfa Code; sem Alfa Code, usa-se a senha de 6 dígitos (oriente o cadastramento do Alfa Code). Senha única — não precisa ser cadastrada por cada titular.\n\n> ¹ Provisória: só senhas antigas; acesso restrito a consultas. Para movimentações financeiras, deve ser liberada em uma TAA.\n\n**3.2.1. Cadastramento**\n\n| Canal | Procedimento |\n|---|---|\n| App Alfa | Correntistas/poupadores: ""Esqueci ou não tenho a senha"" na tela de login (clientes sem histórico de equipamento autorizado no ATO); o equipamento fica em carência (há um link de liberação). Clientes de conta digital: cadastram no fluxo de abertura via Mobile. |\n| TAA | Com biometria cadastrada há mais de 7 dias: Menu > Segurança e Senhas > Senhas > Cadastramento. |\n| Agência | Qualquer agência, informando a senha de 6 dígitos. |\n\n**3.2.2. Alteração**\n\n| Canal | Condição | Procedimento |\n|---|---|---|\n| App Alfa | Celular autorizado >30 dias; Alfa Code/Push; geolocalização; cartão ativo. | **Com a senha atual:** área logada > Perfil > Segurança > Central de senhas > Senha de 8 dígitos > Alterar (digitar a senha atual). **Sem a senha atual (inclusive bloqueio ≠ ""U""), ou bloqueio ""U"":** ""Esqueci minha senha"" (tela de login ou tela inicial não logada) > Recuperar senha > Senha de 8 dígitos > Esqueci a senha, com 3 opções: (i) ""Agora utilizando o cartão"" (dados do cartão, dispositivo autorizado, Alfa Code ou Push); (ii) ""No caixa eletrônico"" (confirmação por biometria na TAA, cadastrada há mais de 7 dias); (iii) por WhatsApp (telefone cadastrado no ATO + versão mínima do app + reconhecimento facial). *A opção ""recuperar senha"" só aparece em celular autorizado onde o cliente já acessou a conta ao menos uma vez.* |\n| Site institucional (computador autorizado) | Com a senha atual: exigida a senha de 8 dígitos atual. | **Com Alfa Code:** Segurança > Senhas > Alterar > Senha da internet (8 dígitos) (código de autorização). **Sem Alfa Code:** mesmo caminho, confirmando em TAA com biometria (>7 dias). Sem a senha atual (inclusive bloqueio ≠ ""U""), ou bloqueio ""U"": não disponível neste canal. |\n| TAA | Com ou sem a senha atual (inclusive bloqueios). | Menu > Segurança e Senhas > Senhas > Alteração > Senha de acesso à internet e ao celular (8 dígitos). Com biometria: qualquer horário (cadastrada há mais de 7 dias, ou de forma assistida). Sem biometria, com cartão com chip + código de acesso: das 10h às 16h em dias úteis. |\n| Agência | Com ou sem a senha atual (inclusive bloqueios). | Atendimento presencial, exigindo a senha de 6 dígitos; recomendar levar o cartão. |\n| SAC | Com a senha atual, ou sem ela (exceto ""U""): Quadro Próprio → Geração de Senha; Quadro Contratado → rotina 50112. Bloqueio ""U"": SAC Receptivo (Célula de Segurança) → rotina 50130; SAC Soluções QP → rotina 50131; SAC QC → rotina 50112. | — |\n| Plataforma de Relacionamento / ATA | Com a senha atual, ou sem ela (exceto ""U""): Quadro Próprio → Geração de Senha; Quadro Contratado (não correntista com cartão) → Geração de Senha; correntistas/poupadores → demais canais. Bloqueio ""U"": não disponível neste canal. | — |\n\n**3.2.3. Bloqueio**\n\nCanais por iniciativa do cliente: TAA; SAC; agências; site institucional (com Alfa Code); App Alfa (dispositivo autorizado, com Alfa Code ou push). Bloqueio de segurança ocorre quando há indício de violação da senha. Bloqueio ""T"": não é mais aplicado — restam apenas registros até 2012.\n\n**3.2.4. Desbloqueio**\n\n> Sem conhecimento da senha anterior, bloqueio ""U"" (segurança) ou bloqueio ""4"": seguir os procedimentos de Alteração.\n\nConsulte em `SISRET X69 > 02` (correntistas: agência/conta; não correntistas: número do cartão), campo STATUS, ou pela Plataforma (Segurança > Senhas > Gerenciamento de Senhas). Não pergunte data de validade nem CVV ao cliente — preencha o número do cartão, use o mês/ano do contato como validade e ""000"" no CVV2.\n\n| Tipo de bloqueio | Canal | Procedimento |\n|---|---|---|\n| Por iniciativa da agência ou do cliente | Agência | Com a senha de 6 dígitos (recomendar levar o cartão). |\n| | TAA | Com código de acesso ou biometria. |\n| Por motivo ""T"" | Agência | Idem acima. |\n| | TAA | Idem acima. |\n| Por digitação incorreta 3 vezes | App Alfa (dispositivo autorizado >30 dias, Alfa Code/Push, geolocalização, cartão ativo) | Recuperar Senhas > Senha de 8 dígitos > Desbloquear (digitar a senha atual). |\n| | Agência | Com a senha de 6 dígitos. |\n| | TAA | Com código de acesso ou biometria. |\n| Por erro na tentativa de desbloqueio na TAA | Agência | Com a senha de 6 dígitos. |\n\n---\n\n## 4. Não Correntista\n\n### 4.1. Senha de 6 dígitos\n\n**4.1.1. Cadastramento:** clientes não correntistas que solicitam Cartão Alfa via App ou web cadastram no próprio fluxo de solicitação. Private Label → rotina 50133. Cartões de programa de fidelidade parceiro → rotina 50134.\n\n**4.1.2. Alteração:** Agência (qualquer uma, com cartão válido e identificação); SAC e Plataforma de Relacionamento → item 6 desta rotina.\n\n**4.1.3. Bloqueio:** por iniciativa do cliente — TAA; SAC QC/QP; Plataforma de Relacionamento; agências.\n\n**4.1.4. Desbloqueio:** Agência (qualquer uma, com a senha de 6 dígitos); TAA (com o código de acesso).\n\n### 4.2. Conta de Acesso e Senha de 8 dígitos\n\n**Demanda:** dificuldade para acessar o App Alfa ou o App Cartão Alfa com a senha de 8 dígitos.\n\n> **Atenção:** há 2 tipos de senha de 8 dígitos para não correntista — **Conta de Acesso** (acessa o App Alfa) e **Senha-8** (acessa o App Cartão Alfa). O cliente normalmente não sabe dessa distinção. Para identificar o tipo, siga o item 4.2.1.\n\n**4.2.1. Identificação do tipo de senha**\n\n*4.2.1.1. Sistema Alfa:*\n- a) Senha Conta de Acesso: `SISRET X69 > 02 > nº do cartão`. Se ""não localizado"" ou se o cliente tiver os dois tipos, siga para (b). Se possuir só Conta de Acesso: Quadro Contratado → siga para 4.2.2; Quadro Próprio → confira a situação (se ""Ativo"", tecle F9 para mais detalhes) e siga para 4.2.2.\n- b) Senha-8: `SISALFA > SISRET X69 > 02 > nº do cartão`. Cliente com só Senha-8, ou com as duas → oriente conforme 4.2.2 (Quadro Próprio e Contratado).\n\n*4.2.1.2. Plataforma:* não pergunte data de validade nem CVV. `Plataforma de Negócios > Segurança > Senhas > Gerenciamento de Senhas 3.0` — preencha o número do cartão, use o mês/ano do contato como validade e ""000"" no CVV2.\n\n**4.2.2. Procedimentos** (se o cliente tiver os dois tipos, pergunte qual app ele quer acessar):\n\n| Senha | Cadastramento | Alteração | Bloqueio | Desbloqueio |\n|---|---|---|---|---|\n| **Conta de Acesso** (App Alfa) | No momento da contratação do cartão (App Alfa/onboarding digital) | App Alfa (Central de Senhas) ou link de recuperação; Agência (cartão válido e previamente liberado) | Agência | Agência (cartão válido e previamente liberado) |\n| **Senha-8** (App Cartão Alfa) | No momento da contratação do cartão (lojas parceiras, correspondentes, agências) | TAA; SAC e Plataforma de Relacionamento (Geração de Senha, ou outros canais); App Cartão Alfa ""Esqueci minha senha"" (sem bloqueio vigente); Agência | TAA; APF; Mobile; agências; **se o cliente foi vítima de assalto, roubo ou sequestro:** SAC QP/QC e Plataforma de Relacionamento → `SISRET X98`, código de rota 800050, conta = nº da conta do cartão | TAA; Agência |\n\n> Não correntistas com Conta de Acesso também podem acessar o App Cartão Alfa, mas precisam cadastrar uma senha de 8 dígitos separada via ""Esqueci senha"" — explique que serão duas senhas diferentes, uma para cada app. Quem possui só a Senha-8 NÃO consegue acessar o App Alfa.\n\n---\n\n## 5. Código de Acesso (Alfanumérico)\n\na) **Deficientes visuais:** o cliente com deficiência visual total pode ser dispensado da exigência do código de acesso, mediante registro da característica no cadastro pela agência. Em conta conjunta, a dispensa vale só para o titular com a deficiência.\n\nb) **Tipos:** CAA (letras), CAS (sílabas), CAN (alfanumérico). Emitido quando o cliente usa a TAA com cartão pela primeira vez, tentando uma transação/consulta — o cliente é avisado do novo código, que substitui o anterior.\n\nc) Se o cliente disser que não tem/não anotou o código: oriente conforme a tabela abaixo, ou informe que TAAs com biometria dispensam o código de acesso (rotina 50132, itens 1 e 9).\n\n**5.1. O que é:** código aleatório (letras, sílabas e/ou números), não escolhido pelo cliente; para PF e PJ, correntistas, não correntistas e poupadores portadores de cartão; necessário em: TAA, Banco 24 Horas e rede compartilhada (Banco Parceiro Beta).\n\n**5.2. Cadastramento:** gerado e impresso automaticamente no primeiro uso do cartão na TAA; regenerado em migração de conta (mesmo cartão) ou quando o código antigo é cancelado. Se a impressora estiver inoperante, é mostrado só em tela. Código único para todos os titulares solidários.\n\n**5.3. Alteração:** não existe alteração direta — o código deve ser cancelado (canais abaixo); a nova combinação é gerada automaticamente no próximo acesso à TAA. *(O código não muda se a senha da conta corrente for alterada.)*\n\n| Canal | Procedimento |\n|---|---|\n| App Alfa | Área logada > Perfil > Segurança > Central de senhas > Código de Acesso > Solicitar novo código. |\n| Site institucional | Área logada — confirmação via Alfa Code; sem Alfa Code, confirma na TAA com biometria cadastrada há mais de 7 dias. |\n| Agência | Com a senha de 6 dígitos (recomendar levar o cartão). |\n\n**5.4. Bloqueio:** após 3 tentativas seguidas incorretas. Bloqueio da senha de 6 dígitos ou do código de acesso mantém o uso da TAA com biometria. Bloqueio da senha de 6 dígitos mantém o uso do código de acesso, exceto nos bloqueios ""U"" ou ""8"".\n\n**5.5. Desbloqueio:** pelo próprio cliente na TAA, usando o próprio código de acesso. Se houver novo erro, o código deve ser cancelado (site institucional com Alfa Code, App Alfa, ou qualquer agência) para gerar um novo.\n\n---\n\n## 6. Geração de Senha PF – Procedimentos\n\nEnvio de senha (6 e 8 dígitos) por SMS para PF — só para ALTERAÇÃO (não para cadastro de primeira senha, que segue outros canais). Não disponível para senhas ""não cadastradas""/""a cadastrar"" ou bloqueio ""U"". Faça as consultas do item 6.2 antes.\n\n### 6.1. Atendimento\n\n| Frente | Quem atende | Identificação |\n|---|---|---|\n| SAC QP | Correntistas e não correntistas | Cliente autenticado (URA, Token ou Identificação Positiva) |\n| SAC QC | Não correntistas portadores de cartão (correntistas/poupadores: transferir para a Célula de Segurança via rotina 50106) | — |\n| Plataforma de Relacionamento QP | Correntistas e não correntistas | Autenticado por CPF+senha, agência/conta+senha ou Token: IP dispensada. Atendimentos ATA, Consultoria e Texto: exigem IP. Bancada Cartão: Checklist Maior Risco. |\n| Plataforma de Relacionamento QC | Não correntistas portadores de cartão (correntistas/poupadores: demais canais, itens 3 e 4) | — |\n\n### 6.2. Consultas\n\n1. Verifique o cadastro da senha em `SISRET X69 > 02` ou pela Plataforma (Segurança > Senhas > Gerenciamento de Senhas) — correntistas: agência/conta; não correntistas: número do cartão (não pedir validade/CVV; usar mês/ano do contato e ""000"" no CVV2).\n2. Resultado ""Não cadastrada""/""A cadastrar"" → cliente não correntista com entrada via onboarding digital; não é possível enviar senha; oriente: 8 dígitos via App Alfa (se dispositivo autorizado com Alfa Code/push); 6 dígitos, comparecer a uma agência.\n3. Resultado ""U Bloqueado"" → SAC Receptivo (Célula de Segurança) → rotina 50130; SAC Soluções QP → rotina 50131; SAC Receptivo QC → rotina 50112; Plataforma de Relacionamento → orientar contato com o SAC.\n4. Demais situações → prossiga: pergunte o celular atual do cliente (não informe outros números cadastrados) e confira no cadastro (agência/conta ou MCI) se é o mesmo já registrado. Se divergente, ou se houver mais de um número/duplicidade cadastrada → oriente comparecimento a uma agência. Se for o mesmo e único número → siga para 6.3.\n\n### 6.3. Geração de Senha\n\na) Acesse Plataforma > Segurança > Senhas > Envio de Senha por SMS.\nb) Consulte por tipo de cliente: correntista (CPF, agência e conta, ou MCI); não correntista (CPF); na aba Cartão, informe o número (via `Cartão > 11 > 1` ou `17 > 01 > 01`) — se houver mais de um cartão, peça modalidade e os 4 últimos dígitos.\nc) Selecione a conta/cartão do cliente.\nd) Selecione o envio de senha de 8 e/ou 6 dígitos — o sistema gera uma senha aleatória e envia por SMS.\ne) Informe que a senha chega por SMS ao celular cadastrado, sem prazo de expiração, e que deve ser alterada assim que possível por segurança.\nf) Se for senha de 6 dígitos, informe que, após a alteração, é preciso validar o chip do cartão em qualquer TAA — caso contrário, a nova senha não funcionará com o cartão com chip.\n\n---\n\n## 7. Cliente no Exterior\n\na) **Central de Senhas** (no App Alfa; exige cartão ativo, dispositivo liberado e Alfa Code/Push): permite alterar/bloquear/desbloquear/criar senha de 8 dígitos; alterar/bloquear/desbloquear senha de 6 dígitos; solicitar novo código de acesso. Acesso com a senha atual: área logada > Perfil > Central de senhas. Sem a senha: tela inicial não logada > Recuperar senha.\n\nb) **Agências no exterior:** procedimento de senhas disponível somente na agência de Tóquio.\n\nc) Solicitar a um representante legal (com procuração com firma reconhecida) que realize a operação na agência de relacionamento do cliente no Brasil.\n\nd) A agência de relacionamento envia ao e-mail cadastrado no MCI uma declaração para o cliente assinar e digitalizar — válido apenas para senhas bloqueadas por erro, não para bloqueio ""U"" (suspeita de fraude). O pedido pode começar por qualquer canal de contato, mas a declaração assinada só pode retornar pelo e-mail cadastrado no MCI. A agência de relacionamento pode ser confirmada com o cliente durante a ligação, na aba lateral da Plataforma de Relacionamento.\n\ne) **Cartões com chip:** após a alteração da senha de 6 dígitos, oriente o cliente a atualizar o chip de todos os plásticos ao voltar ao Brasil (em uma TAA), sob risco de impacto em transações presenciais; carteiras digitais funcionam normalmente após a troca.\n\nf) **Uso da senha no exterior:** alguns terminais usam PIN de 4 e/ou 6 dígitos. Nos de 4 dígitos, o cliente informa os 4 primeiros dígitos da sua senha de 6. No exterior, o cliente tem as mesmas opções dos demais clientes, pelo site institucional ou pelo App Alfa.\n\n---\n\n## 8. Senha do Portador Adicional\n\n| Portador | Solicitação | Alteração/reposição |\n|---|---|---|\n| **Adicional não correntista** | Presencial: senha de 6 dígitos cadastrada na hora. Demais canais: senha enviada por correio ao endereço do portador titular. | Se perder, esquecer ou não receber, cadastrar nova em qualquer agência. |\n| **Adicional correntista** | Usa a mesma senha pessoal de 6 dígitos de sua própria conta. Sem senha gravada: modalidades Doméstico/Internacional → sistema não gera o cartão; modalidades Gold e superiores → senha enviada por correio, cartão gerado após o recebimento. | Se perder, esquecer ou não receber, seguir as orientações do item 3. |\n\n---\n\n## 9. Acesso ao gov.br com credenciais do Banco Alfa\n\nVer rotina 50135.\n\n---\n\n## 10. Central de Senhas PF\n\nSolução de segurança no App Alfa para o cliente gerenciar suas senhas.\n- **Área logada:** Perfil > Segurança > Central de Segurança > Central de senhas; Perfil > Segurança > Central de senhas; Menu > Segurança > Central de Segurança > Central de Senhas.\n- **Área não logada:** Tela inicial > Recuperar Senha; ou role a tela para cima > Recuperar Senha.\n\n**Requisitos:** celular autorizado há mais de 30 dias; telefone cadastrado no ATO; Alfa Code ou Push habilitado; geolocalização ativa e autorizada; permissão de câmera concedida ao app; cartão ativo.\n\n> **Atenção:** não correntistas usam a Central de Senhas apenas para alterar a senha ""Conta de Acesso"" (ver item 4.2.2).\n\n---\n\n## 11. Fontes de informação\n\nUGS – Unidade de Gestão de Segurança (código 800040) · Normativo interno 5001 · Normativo interno 5002\n\n---\n\n## 12. Rotinas absorvidas\n\nO conteúdo das seguintes rotinas foi absorvido por este documento:\n\n| Código (anonimizado) | Assunto |\n|---|---|\n| 50137 | Senhas – Orientações (Código de Acesso) |\n| 50138 | Senhas – Orientações (Não correntista) |\n| 50139 | Senhas – Correntistas (Internet e Celular) |\n| 50140 | Arquivada – Senhas – Orientações (Conta-corrente) |\n| 50141 | POP UP – Senhas – Tipos de bloqueio |\n| 50142 | Modalidade de conta simplificada – Senhas |\n| 50143 | Senhas – Orientações – Poupador não correntista |\n| 50144 | Acesso do cliente à plataforma digital gov.br (parceria Banco Alfa e Governo Federal) |\n| 50145 | Senhas – Alfa Digital PJ |\n| 50146 | Atendimento para clientes não participantes do modelo ATA |\n| 50147 | Geração de senha PF – Procedimentos |\n']","Não consegue pelo site: bloqueio 'U' da senha de 6 dígitos não admite desbloqueio, só alteração; site exige Alfa Code ou biometria há mais de 7 dias; biometria com 5 dias é insuficiente. Regularizar presencial na agência, alterando primeiro a de 8 dígitos e depois a de 6.",CONDITIONAL_WORKFLOW,85.8799,,0.2857142857142857,0.8056350387608175,1.0,0.9999999999
"Fui assaltado, preciso bloquear minha senha do cartão. Como faço?","Sinto muito pelo ocorrido. Para sua segurança, siga estes passos imediatamente:

1. **Bloqueio pelo Aplicativo:** Acesse o aplicativo do seu banco, vá na seção de ""Cartões"" e procure pela opção **""Bloquear cartão""** ou **""Perda/Roubo""**. Esta é a forma mais rápida de impedir novas transações.
2. **Central de Atendimento:** Ligue imediatamente para o número de atendimento ao cliente que consta no verso do seu cartão ou no site oficial do banco. Escolha a opção de ""Perda ou Roubo"" no menu eletrônico para ser atendido com prioridade.
3. **Internet Banking:** Caso não tenha acesso ao app, tente acessar sua conta pelo computador e procure pela opção de bloqueio de cartões.
4. **Boletim de Ocorrência (B.O.):** Após bloquear o cartão, faça um Boletim de Ocorrência (pode ser feito online pela Delegacia Eletrônica do seu estado). Isso é importante para se proteger de eventuais fraudes futuras.

**Dicas importantes:**
* **Não compartilhe sua senha:** Lembre-se que o banco nunca liga pedindo sua senha ou solicitando que você faça transferências para ""contas de segurança"".
* **Troque suas senhas:** Se o seu celular foi levado junto com o cartão, altere também a senha de acesso ao aplicativo do banco e do seu e-mail principal o mais rápido possível.

Se precisar de ajuda para encontrar o telefone de um banco específico, posso te informar o número oficial de atendimento ao cliente, caso você me diga qual é a instituição.","['# POP – Gestão de Senhas e Código de Acesso – Pessoa Física\n### [Versão anonimizada/pseudonimizada — documento complementar ao POP de CDC]\n\n> **Nota metodológica:** este documento usa a mesma metodologia e os mesmos pseudônimos institucionais do POP de CDC anonimizado anteriormente (Banco Alfa, SISALFA, App Alfa etc.). Termos novos e específicos deste documento (produtos de cartão, plataformas, rotinas) foram adicionados à mesma chave de correspondência (arquivo único, cumulativo). A lógica processual e as condições originais foram mantidas integralmente.\n\n**Sumário:** Notas iniciais · 1. Resumo das senhas · 2. Situação das senhas · 3. Correntistas e poupadores · 4. Não correntista · 5. Código de acesso · 6. Geração de senha PF · 7. Cliente no exterior · 8. Senha do portador adicional · 9. Acesso ao gov.br · 10. Central de Senhas PF · 11. Fontes de informação · 12. Rotinas absorvidas\n\n---\n\n## Notas iniciais\n\na) **Transferência de saldo/produtos entre agências:** a senha da agência de origem não é alterada; o cliente acessa normalmente a conta na agência de destino.\n\nb) Os procedimentos desta rotina não se aplicam a clientes PJ ou Setor Público. Para chave J e senhas (Alfa Digital PJ), ver rotina 50129.\n\nc) **Titulares solidários:** as senhas (6 e 8 dígitos) e o código de acesso são os mesmos para todos os titulares. Se um titular bloquear a senha, os demais ficam impossibilitados de realizar transações.\n\nd) **Push:** notificação recebida diretamente no App Alfa. Para ativar: 1) autorizar o App Alfa no sistema do celular (Android: Configurações > Receber Notificações; iOS: Ajustes > Receber Notificações); 2) ativar pelo App Alfa (área logada) em Perfil > Geral > Receber notificações.\n\ne) **Bloqueio de Canal:** consulte na plataforma em Segurança > Bloqueio de segurança > Histórico. Havendo bloqueio, o desbloqueio ocorre após a alteração das senhas de 6 e 8 dígitos — é obrigatório alterar primeiro a de 8 dígitos, depois a de 6. Use os itens 3 e/ou 4 para orientar os canais.\n\n---\n\n## 1. Resumo da utilização das senhas\n\n| Tipo de senha | Canais de utilização |\n|---|---|\n| Senha de 4 dígitos | Descontinuada |\n| Senha de 6 dígitos | Confirma transações de cartão débito e crédito. Plataforma de Relacionamento/URA: acesso, consulta e confirmação de transações da mesma titularidade. Site institucional (sem Alfa Code): confirmação de transações financeiras. App Alfa: confirmação de transações financeiras. WhatsApp Alfa: pode ser solicitada para confirmação de algumas transações. TCX, TAD, POS, correspondente bancário: confirmação de transações. TAA: confirmação de transações de beneficiários do INSS e de portadores de deficiência visual sem código de acesso. Banco 24 Horas e rede compartilhada (Banco Parceiro Beta): confirmação de transações de portadores de deficiência visual sem código de acesso. |\n| Senha de 8 dígitos | Site institucional, App Alfa, App Cartão Alfa e WhatsApp: acesso, consultas, transações financeiras e aquisição de produtos/serviços. |\n| Código de Acesso (letras, sílabas ou alfanumérico) | TAA, Banco 24 Horas e rede compartilhada: confirma transações, inclusive saques na função crédito do cartão. |\n| Conta de Acesso (senha alfanumérica) | Utilizada por não correntistas no App Alfa (versão não correntista). |\n\n---\n\n## 2. Situação das Senhas\n\n### 2.1. Consultas\n- Senhas de 6/8 dígitos e código de acesso — Quadro Próprio e Quadro Contratado: `SISALFA > SISRET > X69 > 2` (correntistas: agência e conta; não correntistas: número do cartão), campo STATUS (pode ser informado ao cliente).\n- Conta de Acesso (Quadro Próprio): `SISALFA > ACESSO > 32 > 01 > CPF`.\n\n### 2.2. Códigos aplicáveis a TODOS os tipos de senha\n| Código | Significado | Situação |\n|---|---|---|\n| 0 | Sem ocorrência de erro de digitação | Ativa |\n| 1 | Cliente errou a digitação uma vez | — |\n| 2 | Cliente errou a digitação duas vezes | — |\n| 3 | Cliente errou a digitação três vezes (se ocorrer na senha de 6 dígitos via APF, Mobile ou WhatsApp, o bloqueio ""3"" é aplicado também à senha de 8 dígitos) | Bloqueada |\n| 6 | Senha (PJ e Governo) cadastrada no Alfa Digital PJ, aguardando confirmação de um funcionário da agência | — |\n| 7 | Senha (PJ e Governo) cadastrada no Alfa Digital PJ, aguardando confirmação de dois funcionários da agência | — |\n| Q | Senha alterada no APF Internet sem Alfa Code, ou no APF Celular sem fotografar cartão válido (aguardando confirmação na TAA com biometria cadastrada há mais de 7 dias) | — |\n| U | Senha bloqueada pelo monitoramento de segurança dos canais de autoatendimento | — |\n\n### 2.3. Códigos exclusivos da senha de 6 dígitos\n| Código | Significado | Situação |\n|---|---|---|\n| A | Senha digitada errada 3 vezes | Bloqueada |\n| D | Erro na tentativa de desbloqueio na TAA, ou bloqueio feito pelo próprio cliente via APF Celular/Internet | — |\n\n### 2.4. Códigos exclusivos da senha de 8 dígitos\n| Código | Significado | Situação |\n|---|---|---|\n| T | Senha registrada antes de 2012 e bloqueada por não uso nos últimos 90 dias | Bloqueada |\n| D | Alteração iniciada via APF Celular, com falha na confirmação via TAA sem biometria | — |\n| P | Senha cadastrada via APF Internet/Celular, aguardando confirmação na TAA | — |\n| 4 | Erro na tentativa de desbloqueio via Mobile | — |\n| 8 | Senha bloqueada pela agência ou pelo próprio cliente nos canais de autoatendimento | — |\n\n### 2.5. Situações do código de acesso\nCódigo ""4"" = tentativa de desbloqueio na TAA; CAA = letras; CAS = sílabas; CAN = alfanumérico.\n\n### 2.6. Situações da senha alfanumérica (Conta de Acesso)\n*Solicitado* = cadastramento/alteração pedidos; *Ativa* = cadastrada e ativa; *Bloqueado* = bloqueada por erro de digitação ou por segurança.\n> Essa confirmação ocorre por oferta ativa, sem necessidade de navegar pelo menu da TAA.\n\n---\n\n## 3. Correntistas e Poupadores\n\n### 3.1. Senha de 6 dígitos (conta e cartão)\n\nUsada para autorizar transações em: terminais de caixa das agências, TAA, site institucional (sem Alfa Code), App Alfa, correspondente bancário, transações de cartão (débito e crédito) e acesso à Central de Relacionamento/SAC. Vinculada à agência/conta (correntista) ou ao CPF (não correntista).\n\n**3.1.1. Cadastramento**\n\n| Canal | Procedimento |\n|---|---|\n| Agência | Correntistas e poupadores: no fluxo de abertura de conta, em qualquer agência. Beneficiários do INSS: em qualquer agência. Clientes de conta digital: no fluxo de abertura pelo App Alfa. |\n\n> **Atenção:** se o cliente quiser encerrar a conta corrente e ficar só com o cartão de crédito, cadastre nova senha como não correntista — obrigatório para não deixar pendente a emissão dos cartões.\n\n**3.1.2. Alteração**\n\n> Para cartões com chip, após a alteração, oriente o cliente a atualizar o chip de todos os plásticos em qualquer TAA (sob risco da senha não funcionar). Verifique a possibilidade de enviar senha provisória por SMS (item 6).\n\n| Canal | Requisitos/Condição | Procedimento |\n|---|---|---|\n| App Alfa | Celular autorizado há mais de 30 dias; Alfa Code ou Push habilitado; geolocalização ativa e autorizada; cartão ativo; senha de 8 dígitos ativa (códigos 0, 1 e/ou 2). Não disponível se bloqueada por ""8"". | **Com a senha anterior:** área logada > Perfil > Segurança > Central de senhas > Senha de 6 dígitos > Alterar. **Sem a senha anterior:** área logada > Perfil > Segurança > Central de senhas > Senha de 6 dígitos > Esqueci a senha > ""Agora utilizando o cartão"" (dados do cartão) — confirmação por: (i) biometria na TAA (cadastrada há mais de 7 dias): App Alfa > Menu > Perfil > Central de senhas > Senha de 6 dígitos > Esqueci a senha > No caixa eletrônico, depois na TAA em Segurança e Senhas > Senhas > Liberação de Senha Provisória > Senha da conta e cartão (6 dígitos); ou (ii) WhatsApp (telefone cadastrado no ATO): área logada > Perfil > Central de senhas > Senha de 6 dígitos > Esqueci a senha > Por WhatsApp. |\n| Site institucional | Senha de 8 dígitos ativa (códigos 0, 1 e/ou 2). Não disponível para quem não usa Alfa Code e não tem biometria cadastrada há mais de 7 dias (ou de forma assistida), nem para bloqueio ""U"" ou ""8"" da senha de 6 dígitos. | Em computador autorizado, com ou sem a senha anterior: **com adesão ao Alfa Code:** área logada > Segurança > Senhas > Alterar > Senha do cartão (6 dígitos) (exige código de autorização do Alfa Code). **Sem adesão ao Alfa Code, com biometria cadastrada:** mesmo caminho, confirmando em uma TAA com biometria cadastrada há mais de 7 dias. |\n| Agências (inclusive bloqueio ""U"") | — | Mediante identificação; recomendar que o cliente leve o cartão. |\n| SAC | Bloqueio ""U"": SAC Receptivo QP/QC (Célula de Segurança) → rotina 50130; SAC Soluções QP → rotina 50131; SAC Quadro Contratado → rotina 50112. Outros bloqueios: SAC Quadro Próprio → procedimento de Geração de Senha (item 6); SAC Quadro Contratado → rotina 50112. | — |\n| Plataforma de Relacionamento / ATA | Exceto bloqueio ""U"": Quadro Próprio → Geração de Senha; Quadro Contratado (não correntista portador de cartão) → Geração de Senha; correntistas/poupadores → demais canais. | — |\n\n**3.1.3. Bloqueio**\n\nCanais por iniciativa do cliente: TAA; SAC QC/QP; Plataforma de Relacionamento; site institucional (com Alfa Code); App Alfa (dispositivo autorizado, com Alfa Code ou push); agências.\n> Se o cliente detectar lançamentos indevidos na conta (inclusive por invasão do site), utilize também a rotina 50136, item 5.1. Bloqueio por um titular solidário impede os demais de transacionar. O bloqueio do código de acesso implica bloqueio da senha de 6 dígitos.\n\n**3.1.4. Desbloqueio**\n\nFeito COM conhecimento da senha anterior (sem isso, é preciso fazer a Alteração). Bloqueio ""U"" não admite desbloqueio, só Alteração.\n\n| Canal | Requisitos | Procedimento |\n|---|---|---|\n| App Alfa | Celular autorizado >30 dias; Alfa Code/Push habilitado; geolocalização ativa; cartão ativo; senha de 8 dígitos ativa (0,1,2). | Área logada > Perfil > Segurança > Central de senhas > Senha de 6 dígitos > Desbloquear. |\n| Site institucional | Senha de 8 dígitos ativa (0,1,2). | Em computador autorizado — com Alfa Code: Segurança > Senhas > Desbloquear (código de autorização); sem Alfa Code: mesmo caminho, confirmando em TAA com biometria (>7 dias). |\n| TAA | Biometria, ou cartão + código de acesso. | Menu > Segurança e Senhas > Senhas > Desbloqueio > Senha da conta e cartão (6 dígitos). |\n| Agência | Identificação (recomendar levar o cartão). | — |\n\n> Erro de digitação na tentativa de desbloqueio na TAA: só pode ser desbloqueada em agência. Bloqueio por iniciativa da agência/cliente: desbloqueio em qualquer agência. Bloqueio por erro de identificação positiva na TAA: só desbloqueia em agência (se o cliente souber a senha); usar a TAA para essa operação não é possível. Desbloqueio exige código de acesso ou biometria; sem nenhum dos dois, é necessário comparecer a uma agência.\n\n### 3.2. Senha de 8 dígitos\n\nAcessa o site institucional e o App Alfa; pode ser provisória¹ ou definitiva. Confirmação de transações financeiras via Alfa Code; sem Alfa Code, usa-se a senha de 6 dígitos (oriente o cadastramento do Alfa Code). Senha única — não precisa ser cadastrada por cada titular.\n\n> ¹ Provisória: só senhas antigas; acesso restrito a consultas. Para movimentações financeiras, deve ser liberada em uma TAA.\n\n**3.2.1. Cadastramento**\n\n| Canal | Procedimento |\n|---|---|\n| App Alfa | Correntistas/poupadores: ""Esqueci ou não tenho a senha"" na tela de login (clientes sem histórico de equipamento autorizado no ATO); o equipamento fica em carência (há um link de liberação). Clientes de conta digital: cadastram no fluxo de abertura via Mobile. |\n| TAA | Com biometria cadastrada há mais de 7 dias: Menu > Segurança e Senhas > Senhas > Cadastramento. |\n| Agência | Qualquer agência, informando a senha de 6 dígitos. |\n\n**3.2.2. Alteração**\n\n| Canal | Condição | Procedimento |\n|---|---|---|\n| App Alfa | Celular autorizado >30 dias; Alfa Code/Push; geolocalização; cartão ativo. | **Com a senha atual:** área logada > Perfil > Segurança > Central de senhas > Senha de 8 dígitos > Alterar (digitar a senha atual). **Sem a senha atual (inclusive bloqueio ≠ ""U""), ou bloqueio ""U"":** ""Esqueci minha senha"" (tela de login ou tela inicial não logada) > Recuperar senha > Senha de 8 dígitos > Esqueci a senha, com 3 opções: (i) ""Agora utilizando o cartão"" (dados do cartão, dispositivo autorizado, Alfa Code ou Push); (ii) ""No caixa eletrônico"" (confirmação por biometria na TAA, cadastrada há mais de 7 dias); (iii) por WhatsApp (telefone cadastrado no ATO + versão mínima do app + reconhecimento facial). *A opção ""recuperar senha"" só aparece em celular autorizado onde o cliente já acessou a conta ao menos uma vez.* |\n| Site institucional (computador autorizado) | Com a senha atual: exigida a senha de 8 dígitos atual. | **Com Alfa Code:** Segurança > Senhas > Alterar > Senha da internet (8 dígitos) (código de autorização). **Sem Alfa Code:** mesmo caminho, confirmando em TAA com biometria (>7 dias). Sem a senha atual (inclusive bloqueio ≠ ""U""), ou bloqueio ""U"": não disponível neste canal. |\n| TAA | Com ou sem a senha atual (inclusive bloqueios). | Menu > Segurança e Senhas > Senhas > Alteração > Senha de acesso à internet e ao celular (8 dígitos). Com biometria: qualquer horário (cadastrada há mais de 7 dias, ou de forma assistida). Sem biometria, com cartão com chip + código de acesso: das 10h às 16h em dias úteis. |\n| Agência | Com ou sem a senha atual (inclusive bloqueios). | Atendimento presencial, exigindo a senha de 6 dígitos; recomendar levar o cartão. |\n| SAC | Com a senha atual, ou sem ela (exceto ""U""): Quadro Próprio → Geração de Senha; Quadro Contratado → rotina 50112. Bloqueio ""U"": SAC Receptivo (Célula de Segurança) → rotina 50130; SAC Soluções QP → rotina 50131; SAC QC → rotina 50112. | — |\n| Plataforma de Relacionamento / ATA | Com a senha atual, ou sem ela (exceto ""U""): Quadro Próprio → Geração de Senha; Quadro Contratado (não correntista com cartão) → Geração de Senha; correntistas/poupadores → demais canais. Bloqueio ""U"": não disponível neste canal. | — |\n\n**3.2.3. Bloqueio**\n\nCanais por iniciativa do cliente: TAA; SAC; agências; site institucional (com Alfa Code); App Alfa (dispositivo autorizado, com Alfa Code ou push). Bloqueio de segurança ocorre quando há indício de violação da senha. Bloqueio ""T"": não é mais aplicado — restam apenas registros até 2012.\n\n**3.2.4. Desbloqueio**\n\n> Sem conhecimento da senha anterior, bloqueio ""U"" (segurança) ou bloqueio ""4"": seguir os procedimentos de Alteração.\n\nConsulte em `SISRET X69 > 02` (correntistas: agência/conta; não correntistas: número do cartão), campo STATUS, ou pela Plataforma (Segurança > Senhas > Gerenciamento de Senhas). Não pergunte data de validade nem CVV ao cliente — preencha o número do cartão, use o mês/ano do contato como validade e ""000"" no CVV2.\n\n| Tipo de bloqueio | Canal | Procedimento |\n|---|---|---|\n| Por iniciativa da agência ou do cliente | Agência | Com a senha de 6 dígitos (recomendar levar o cartão). |\n| | TAA | Com código de acesso ou biometria. |\n| Por motivo ""T"" | Agência | Idem acima. |\n| | TAA | Idem acima. |\n| Por digitação incorreta 3 vezes | App Alfa (dispositivo autorizado >30 dias, Alfa Code/Push, geolocalização, cartão ativo) | Recuperar Senhas > Senha de 8 dígitos > Desbloquear (digitar a senha atual). |\n| | Agência | Com a senha de 6 dígitos. |\n| | TAA | Com código de acesso ou biometria. |\n| Por erro na tentativa de desbloqueio na TAA | Agência | Com a senha de 6 dígitos. |\n\n---\n\n## 4. Não Correntista\n\n### 4.1. Senha de 6 dígitos\n\n**4.1.1. Cadastramento:** clientes não correntistas que solicitam Cartão Alfa via App ou web cadastram no próprio fluxo de solicitação. Private Label → rotina 50133. Cartões de programa de fidelidade parceiro → rotina 50134.\n\n**4.1.2. Alteração:** Agência (qualquer uma, com cartão válido e identificação); SAC e Plataforma de Relacionamento → item 6 desta rotina.\n\n**4.1.3. Bloqueio:** por iniciativa do cliente — TAA; SAC QC/QP; Plataforma de Relacionamento; agências.\n\n**4.1.4. Desbloqueio:** Agência (qualquer uma, com a senha de 6 dígitos); TAA (com o código de acesso).\n\n### 4.2. Conta de Acesso e Senha de 8 dígitos\n\n**Demanda:** dificuldade para acessar o App Alfa ou o App Cartão Alfa com a senha de 8 dígitos.\n\n> **Atenção:** há 2 tipos de senha de 8 dígitos para não correntista — **Conta de Acesso** (acessa o App Alfa) e **Senha-8** (acessa o App Cartão Alfa). O cliente normalmente não sabe dessa distinção. Para identificar o tipo, siga o item 4.2.1.\n\n**4.2.1. Identificação do tipo de senha**\n\n*4.2.1.1. Sistema Alfa:*\n- a) Senha Conta de Acesso: `SISRET X69 > 02 > nº do cartão`. Se ""não localizado"" ou se o cliente tiver os dois tipos, siga para (b). Se possuir só Conta de Acesso: Quadro Contratado → siga para 4.2.2; Quadro Próprio → confira a situação (se ""Ativo"", tecle F9 para mais detalhes) e siga para 4.2.2.\n- b) Senha-8: `SISALFA > SISRET X69 > 02 > nº do cartão`. Cliente com só Senha-8, ou com as duas → oriente conforme 4.2.2 (Quadro Próprio e Contratado).\n\n*4.2.1.2. Plataforma:* não pergunte data de validade nem CVV. `Plataforma de Negócios > Segurança > Senhas > Gerenciamento de Senhas 3.0` — preencha o número do cartão, use o mês/ano do contato como validade e ""000"" no CVV2.\n\n**4.2.2. Procedimentos** (se o cliente tiver os dois tipos, pergunte qual app ele quer acessar):\n\n| Senha | Cadastramento | Alteração | Bloqueio | Desbloqueio |\n|---|---|---|---|---|\n| **Conta de Acesso** (App Alfa) | No momento da contratação do cartão (App Alfa/onboarding digital) | App Alfa (Central de Senhas) ou link de recuperação; Agência (cartão válido e previamente liberado) | Agência | Agência (cartão válido e previamente liberado) |\n| **Senha-8** (App Cartão Alfa) | No momento da contratação do cartão (lojas parceiras, correspondentes, agências) | TAA; SAC e Plataforma de Relacionamento (Geração de Senha, ou outros canais); App Cartão Alfa ""Esqueci minha senha"" (sem bloqueio vigente); Agência | TAA; APF; Mobile; agências; **se o cliente foi vítima de assalto, roubo ou sequestro:** SAC QP/QC e Plataforma de Relacionamento → `SISRET X98`, código de rota 800050, conta = nº da conta do cartão | TAA; Agência |\n\n> Não correntistas com Conta de Acesso também podem acessar o App Cartão Alfa, mas precisam cadastrar uma senha de 8 dígitos separada via ""Esqueci senha"" — explique que serão duas senhas diferentes, uma para cada app. Quem possui só a Senha-8 NÃO consegue acessar o App Alfa.\n\n---\n\n## 5. Código de Acesso (Alfanumérico)\n\na) **Deficientes visuais:** o cliente com deficiência visual total pode ser dispensado da exigência do código de acesso, mediante registro da característica no cadastro pela agência. Em conta conjunta, a dispensa vale só para o titular com a deficiência.\n\nb) **Tipos:** CAA (letras), CAS (sílabas), CAN (alfanumérico). Emitido quando o cliente usa a TAA com cartão pela primeira vez, tentando uma transação/consulta — o cliente é avisado do novo código, que substitui o anterior.\n\nc) Se o cliente disser que não tem/não anotou o código: oriente conforme a tabela abaixo, ou informe que TAAs com biometria dispensam o código de acesso (rotina 50132, itens 1 e 9).\n\n**5.1. O que é:** código aleatório (letras, sílabas e/ou números), não escolhido pelo cliente; para PF e PJ, correntistas, não correntistas e poupadores portadores de cartão; necessário em: TAA, Banco 24 Horas e rede compartilhada (Banco Parceiro Beta).\n\n**5.2. Cadastramento:** gerado e impresso automaticamente no primeiro uso do cartão na TAA; regenerado em migração de conta (mesmo cartão) ou quando o código antigo é cancelado. Se a impressora estiver inoperante, é mostrado só em tela. Código único para todos os titulares solidários.\n\n**5.3. Alteração:** não existe alteração direta — o código deve ser cancelado (canais abaixo); a nova combinação é gerada automaticamente no próximo acesso à TAA. *(O código não muda se a senha da conta corrente for alterada.)*\n\n| Canal | Procedimento |\n|---|---|\n| App Alfa | Área logada > Perfil > Segurança > Central de senhas > Código de Acesso > Solicitar novo código. |\n| Site institucional | Área logada — confirmação via Alfa Code; sem Alfa Code, confirma na TAA com biometria cadastrada há mais de 7 dias. |\n| Agência | Com a senha de 6 dígitos (recomendar levar o cartão). |\n\n**5.4. Bloqueio:** após 3 tentativas seguidas incorretas. Bloqueio da senha de 6 dígitos ou do código de acesso mantém o uso da TAA com biometria. Bloqueio da senha de 6 dígitos mantém o uso do código de acesso, exceto nos bloqueios ""U"" ou ""8"".\n\n**5.5. Desbloqueio:** pelo próprio cliente na TAA, usando o próprio código de acesso. Se houver novo erro, o código deve ser cancelado (site institucional com Alfa Code, App Alfa, ou qualquer agência) para gerar um novo.\n\n---\n\n## 6. Geração de Senha PF – Procedimentos\n\nEnvio de senha (6 e 8 dígitos) por SMS para PF — só para ALTERAÇÃO (não para cadastro de primeira senha, que segue outros canais). Não disponível para senhas ""não cadastradas""/""a cadastrar"" ou bloqueio ""U"". Faça as consultas do item 6.2 antes.\n\n### 6.1. Atendimento\n\n| Frente | Quem atende | Identificação |\n|---|---|---|\n| SAC QP | Correntistas e não correntistas | Cliente autenticado (URA, Token ou Identificação Positiva) |\n| SAC QC | Não correntistas portadores de cartão (correntistas/poupadores: transferir para a Célula de Segurança via rotina 50106) | — |\n| Plataforma de Relacionamento QP | Correntistas e não correntistas | Autenticado por CPF+senha, agência/conta+senha ou Token: IP dispensada. Atendimentos ATA, Consultoria e Texto: exigem IP. Bancada Cartão: Checklist Maior Risco. |\n| Plataforma de Relacionamento QC | Não correntistas portadores de cartão (correntistas/poupadores: demais canais, itens 3 e 4) | — |\n\n### 6.2. Consultas\n\n1. Verifique o cadastro da senha em `SISRET X69 > 02` ou pela Plataforma (Segurança > Senhas > Gerenciamento de Senhas) — correntistas: agência/conta; não correntistas: número do cartão (não pedir validade/CVV; usar mês/ano do contato e ""000"" no CVV2).\n2. Resultado ""Não cadastrada""/""A cadastrar"" → cliente não correntista com entrada via onboarding digital; não é possível enviar senha; oriente: 8 dígitos via App Alfa (se dispositivo autorizado com Alfa Code/push); 6 dígitos, comparecer a uma agência.\n3. Resultado ""U Bloqueado"" → SAC Receptivo (Célula de Segurança) → rotina 50130; SAC Soluções QP → rotina 50131; SAC Receptivo QC → rotina 50112; Plataforma de Relacionamento → orientar contato com o SAC.\n4. Demais situações → prossiga: pergunte o celular atual do cliente (não informe outros números cadastrados) e confira no cadastro (agência/conta ou MCI) se é o mesmo já registrado. Se divergente, ou se houver mais de um número/duplicidade cadastrada → oriente comparecimento a uma agência. Se for o mesmo e único número → siga para 6.3.\n\n### 6.3. Geração de Senha\n\na) Acesse Plataforma > Segurança > Senhas > Envio de Senha por SMS.\nb) Consulte por tipo de cliente: correntista (CPF, agência e conta, ou MCI); não correntista (CPF); na aba Cartão, informe o número (via `Cartão > 11 > 1` ou `17 > 01 > 01`) — se houver mais de um cartão, peça modalidade e os 4 últimos dígitos.\nc) Selecione a conta/cartão do cliente.\nd) Selecione o envio de senha de 8 e/ou 6 dígitos — o sistema gera uma senha aleatória e envia por SMS.\ne) Informe que a senha chega por SMS ao celular cadastrado, sem prazo de expiração, e que deve ser alterada assim que possível por segurança.\nf) Se for senha de 6 dígitos, informe que, após a alteração, é preciso validar o chip do cartão em qualquer TAA — caso contrário, a nova senha não funcionará com o cartão com chip.\n\n---\n\n## 7. Cliente no Exterior\n\na) **Central de Senhas** (no App Alfa; exige cartão ativo, dispositivo liberado e Alfa Code/Push): permite alterar/bloquear/desbloquear/criar senha de 8 dígitos; alterar/bloquear/desbloquear senha de 6 dígitos; solicitar novo código de acesso. Acesso com a senha atual: área logada > Perfil > Central de senhas. Sem a senha: tela inicial não logada > Recuperar senha.\n\nb) **Agências no exterior:** procedimento de senhas disponível somente na agência de Tóquio.\n\nc) Solicitar a um representante legal (com procuração com firma reconhecida) que realize a operação na agência de relacionamento do cliente no Brasil.\n\nd) A agência de relacionamento envia ao e-mail cadastrado no MCI uma declaração para o cliente assinar e digitalizar — válido apenas para senhas bloqueadas por erro, não para bloqueio ""U"" (suspeita de fraude). O pedido pode começar por qualquer canal de contato, mas a declaração assinada só pode retornar pelo e-mail cadastrado no MCI. A agência de relacionamento pode ser confirmada com o cliente durante a ligação, na aba lateral da Plataforma de Relacionamento.\n\ne) **Cartões com chip:** após a alteração da senha de 6 dígitos, oriente o cliente a atualizar o chip de todos os plásticos ao voltar ao Brasil (em uma TAA), sob risco de impacto em transações presenciais; carteiras digitais funcionam normalmente após a troca.\n\nf) **Uso da senha no exterior:** alguns terminais usam PIN de 4 e/ou 6 dígitos. Nos de 4 dígitos, o cliente informa os 4 primeiros dígitos da sua senha de 6. No exterior, o cliente tem as mesmas opções dos demais clientes, pelo site institucional ou pelo App Alfa.\n\n---\n\n## 8. Senha do Portador Adicional\n\n| Portador | Solicitação | Alteração/reposição |\n|---|---|---|\n| **Adicional não correntista** | Presencial: senha de 6 dígitos cadastrada na hora. Demais canais: senha enviada por correio ao endereço do portador titular. | Se perder, esquecer ou não receber, cadastrar nova em qualquer agência. |\n| **Adicional correntista** | Usa a mesma senha pessoal de 6 dígitos de sua própria conta. Sem senha gravada: modalidades Doméstico/Internacional → sistema não gera o cartão; modalidades Gold e superiores → senha enviada por correio, cartão gerado após o recebimento. | Se perder, esquecer ou não receber, seguir as orientações do item 3. |\n\n---\n\n## 9. Acesso ao gov.br com credenciais do Banco Alfa\n\nVer rotina 50135.\n\n---\n\n## 10. Central de Senhas PF\n\nSolução de segurança no App Alfa para o cliente gerenciar suas senhas.\n- **Área logada:** Perfil > Segurança > Central de Segurança > Central de senhas; Perfil > Segurança > Central de senhas; Menu > Segurança > Central de Segurança > Central de Senhas.\n- **Área não logada:** Tela inicial > Recuperar Senha; ou role a tela para cima > Recuperar Senha.\n\n**Requisitos:** celular autorizado há mais de 30 dias; telefone cadastrado no ATO; Alfa Code ou Push habilitado; geolocalização ativa e autorizada; permissão de câmera concedida ao app; cartão ativo.\n\n> **Atenção:** não correntistas usam a Central de Senhas apenas para alterar a senha ""Conta de Acesso"" (ver item 4.2.2).\n\n---\n\n## 11. Fontes de informação\n\nUGS – Unidade de Gestão de Segurança (código 800040) · Normativo interno 5001 · Normativo interno 5002\n\n---\n\n## 12. Rotinas absorvidas\n\nO conteúdo das seguintes rotinas foi absorvido por este documento:\n\n| Código (anonimizado) | Assunto |\n|---|---|\n| 50137 | Senhas – Orientações (Código de Acesso) |\n| 50138 | Senhas – Orientações (Não correntista) |\n| 50139 | Senhas – Correntistas (Internet e Celular) |\n| 50140 | Arquivada – Senhas – Orientações (Conta-corrente) |\n| 50141 | POP UP – Senhas – Tipos de bloqueio |\n| 50142 | Modalidade de conta simplificada – Senhas |\n| 50143 | Senhas – Orientações – Poupador não correntista |\n| 50144 | Acesso do cliente à plataforma digital gov.br (parceria Banco Alfa e Governo Federal) |\n| 50145 | Senhas – Alfa Digital PJ |\n| 50146 | Atendimento para clientes não participantes do modelo ATA |\n| 50147 | Geração de senha PF – Procedimentos |\n']","Em assalto/roubo/sequestro, contatar SAC QP/QC ou Plataforma de Relacionamento para rotina de segurança no SISRET X98, rota 800050, informando a conta do cartão. O bloqueio da Senha-8 não bloqueia automaticamente a Conta de Acesso, pois são credenciais de apps distintos.",ROLE_RESTRICTION,53.3476,,0.0,0.7334475307178149,0.5,0.9999999999
"Meu marido bloqueou a senha, por que não consigo usar a minha?","Em muitos sistemas bancários, o bloqueio de senha de um dos titulares pode afetar o acesso à conta como um todo, dependendo de como o banco gerencia a segurança do aplicativo ou do internet banking.

Aqui estão os motivos mais comuns para isso acontecer:

1.  **Conta Conjunta com Acesso Compartilhado:** Se vocês utilizam o mesmo login (CPF/usuário) para acessar a conta, o bloqueio de um afeta o outro, pois o sistema entende que o acesso àquela ""identidade"" foi comprometido.
2.  **Medida de Segurança Preventiva:** Por segurança, quando há múltiplas tentativas de senha incorretas em uma conta, o banco pode bloquear o acesso de todos os usuários vinculados àquela conta para evitar tentativas de invasão ou fraude.
3.  **Dispositivo ou Token Bloqueado:** Se o bloqueio ocorreu no aplicativo, o banco pode ter restringido o acesso ao dispositivo ou ao ""token"" de segurança, o que impede que qualquer pessoa entre na conta por aquele aparelho, independentemente de quem seja o titular.

**O que você deve fazer:**

*   **Entre em contato com o banco:** Como sou um assistente virtual e não tenho acesso aos seus dados, você precisa ligar para a **Central de Atendimento** do seu banco ou ir a uma agência.
*   **Tenha seus documentos em mãos:** O atendente precisará verificar se o bloqueio é apenas na senha do seu marido ou se houve uma restrição de segurança na conta inteira.
*   **Desbloqueio individual:** Em muitos casos, o banco consegue desbloquear o seu acesso individualmente, desde que você passe pelo processo de validação de identidade (reconhecimento facial, senha do cartão ou código enviado por SMS).

**Dica:** Se vocês possuem contas conjuntas, o ideal é que cada um tenha seu próprio login e senha (CPF individual) para evitar que o erro de um bloqueie o acesso do outro. Verifique com o seu banco se essa opção está disponível para vocês.","['# POP – Gestão de Senhas e Código de Acesso – Pessoa Física\n### [Versão anonimizada/pseudonimizada — documento complementar ao POP de CDC]\n\n> **Nota metodológica:** este documento usa a mesma metodologia e os mesmos pseudônimos institucionais do POP de CDC anonimizado anteriormente (Banco Alfa, SISALFA, App Alfa etc.). Termos novos e específicos deste documento (produtos de cartão, plataformas, rotinas) foram adicionados à mesma chave de correspondência (arquivo único, cumulativo). A lógica processual e as condições originais foram mantidas integralmente.\n\n**Sumário:** Notas iniciais · 1. Resumo das senhas · 2. Situação das senhas · 3. Correntistas e poupadores · 4. Não correntista · 5. Código de acesso · 6. Geração de senha PF · 7. Cliente no exterior · 8. Senha do portador adicional · 9. Acesso ao gov.br · 10. Central de Senhas PF · 11. Fontes de informação · 12. Rotinas absorvidas\n\n---\n\n## Notas iniciais\n\na) **Transferência de saldo/produtos entre agências:** a senha da agência de origem não é alterada; o cliente acessa normalmente a conta na agência de destino.\n\nb) Os procedimentos desta rotina não se aplicam a clientes PJ ou Setor Público. Para chave J e senhas (Alfa Digital PJ), ver rotina 50129.\n\nc) **Titulares solidários:** as senhas (6 e 8 dígitos) e o código de acesso são os mesmos para todos os titulares. Se um titular bloquear a senha, os demais ficam impossibilitados de realizar transações.\n\nd) **Push:** notificação recebida diretamente no App Alfa. Para ativar: 1) autorizar o App Alfa no sistema do celular (Android: Configurações > Receber Notificações; iOS: Ajustes > Receber Notificações); 2) ativar pelo App Alfa (área logada) em Perfil > Geral > Receber notificações.\n\ne) **Bloqueio de Canal:** consulte na plataforma em Segurança > Bloqueio de segurança > Histórico. Havendo bloqueio, o desbloqueio ocorre após a alteração das senhas de 6 e 8 dígitos — é obrigatório alterar primeiro a de 8 dígitos, depois a de 6. Use os itens 3 e/ou 4 para orientar os canais.\n\n---\n\n## 1. Resumo da utilização das senhas\n\n| Tipo de senha | Canais de utilização |\n|---|---|\n| Senha de 4 dígitos | Descontinuada |\n| Senha de 6 dígitos | Confirma transações de cartão débito e crédito. Plataforma de Relacionamento/URA: acesso, consulta e confirmação de transações da mesma titularidade. Site institucional (sem Alfa Code): confirmação de transações financeiras. App Alfa: confirmação de transações financeiras. WhatsApp Alfa: pode ser solicitada para confirmação de algumas transações. TCX, TAD, POS, correspondente bancário: confirmação de transações. TAA: confirmação de transações de beneficiários do INSS e de portadores de deficiência visual sem código de acesso. Banco 24 Horas e rede compartilhada (Banco Parceiro Beta): confirmação de transações de portadores de deficiência visual sem código de acesso. |\n| Senha de 8 dígitos | Site institucional, App Alfa, App Cartão Alfa e WhatsApp: acesso, consultas, transações financeiras e aquisição de produtos/serviços. |\n| Código de Acesso (letras, sílabas ou alfanumérico) | TAA, Banco 24 Horas e rede compartilhada: confirma transações, inclusive saques na função crédito do cartão. |\n| Conta de Acesso (senha alfanumérica) | Utilizada por não correntistas no App Alfa (versão não correntista). |\n\n---\n\n## 2. Situação das Senhas\n\n### 2.1. Consultas\n- Senhas de 6/8 dígitos e código de acesso — Quadro Próprio e Quadro Contratado: `SISALFA > SISRET > X69 > 2` (correntistas: agência e conta; não correntistas: número do cartão), campo STATUS (pode ser informado ao cliente).\n- Conta de Acesso (Quadro Próprio): `SISALFA > ACESSO > 32 > 01 > CPF`.\n\n### 2.2. Códigos aplicáveis a TODOS os tipos de senha\n| Código | Significado | Situação |\n|---|---|---|\n| 0 | Sem ocorrência de erro de digitação | Ativa |\n| 1 | Cliente errou a digitação uma vez | — |\n| 2 | Cliente errou a digitação duas vezes | — |\n| 3 | Cliente errou a digitação três vezes (se ocorrer na senha de 6 dígitos via APF, Mobile ou WhatsApp, o bloqueio ""3"" é aplicado também à senha de 8 dígitos) | Bloqueada |\n| 6 | Senha (PJ e Governo) cadastrada no Alfa Digital PJ, aguardando confirmação de um funcionário da agência | — |\n| 7 | Senha (PJ e Governo) cadastrada no Alfa Digital PJ, aguardando confirmação de dois funcionários da agência | — |\n| Q | Senha alterada no APF Internet sem Alfa Code, ou no APF Celular sem fotografar cartão válido (aguardando confirmação na TAA com biometria cadastrada há mais de 7 dias) | — |\n| U | Senha bloqueada pelo monitoramento de segurança dos canais de autoatendimento | — |\n\n### 2.3. Códigos exclusivos da senha de 6 dígitos\n| Código | Significado | Situação |\n|---|---|---|\n| A | Senha digitada errada 3 vezes | Bloqueada |\n| D | Erro na tentativa de desbloqueio na TAA, ou bloqueio feito pelo próprio cliente via APF Celular/Internet | — |\n\n### 2.4. Códigos exclusivos da senha de 8 dígitos\n| Código | Significado | Situação |\n|---|---|---|\n| T | Senha registrada antes de 2012 e bloqueada por não uso nos últimos 90 dias | Bloqueada |\n| D | Alteração iniciada via APF Celular, com falha na confirmação via TAA sem biometria | — |\n| P | Senha cadastrada via APF Internet/Celular, aguardando confirmação na TAA | — |\n| 4 | Erro na tentativa de desbloqueio via Mobile | — |\n| 8 | Senha bloqueada pela agência ou pelo próprio cliente nos canais de autoatendimento | — |\n\n### 2.5. Situações do código de acesso\nCódigo ""4"" = tentativa de desbloqueio na TAA; CAA = letras; CAS = sílabas; CAN = alfanumérico.\n\n### 2.6. Situações da senha alfanumérica (Conta de Acesso)\n*Solicitado* = cadastramento/alteração pedidos; *Ativa* = cadastrada e ativa; *Bloqueado* = bloqueada por erro de digitação ou por segurança.\n> Essa confirmação ocorre por oferta ativa, sem necessidade de navegar pelo menu da TAA.\n\n---\n\n## 3. Correntistas e Poupadores\n\n### 3.1. Senha de 6 dígitos (conta e cartão)\n\nUsada para autorizar transações em: terminais de caixa das agências, TAA, site institucional (sem Alfa Code), App Alfa, correspondente bancário, transações de cartão (débito e crédito) e acesso à Central de Relacionamento/SAC. Vinculada à agência/conta (correntista) ou ao CPF (não correntista).\n\n**3.1.1. Cadastramento**\n\n| Canal | Procedimento |\n|---|---|\n| Agência | Correntistas e poupadores: no fluxo de abertura de conta, em qualquer agência. Beneficiários do INSS: em qualquer agência. Clientes de conta digital: no fluxo de abertura pelo App Alfa. |\n\n> **Atenção:** se o cliente quiser encerrar a conta corrente e ficar só com o cartão de crédito, cadastre nova senha como não correntista — obrigatório para não deixar pendente a emissão dos cartões.\n\n**3.1.2. Alteração**\n\n> Para cartões com chip, após a alteração, oriente o cliente a atualizar o chip de todos os plásticos em qualquer TAA (sob risco da senha não funcionar). Verifique a possibilidade de enviar senha provisória por SMS (item 6).\n\n| Canal | Requisitos/Condição | Procedimento |\n|---|---|---|\n| App Alfa | Celular autorizado há mais de 30 dias; Alfa Code ou Push habilitado; geolocalização ativa e autorizada; cartão ativo; senha de 8 dígitos ativa (códigos 0, 1 e/ou 2). Não disponível se bloqueada por ""8"". | **Com a senha anterior:** área logada > Perfil > Segurança > Central de senhas > Senha de 6 dígitos > Alterar. **Sem a senha anterior:** área logada > Perfil > Segurança > Central de senhas > Senha de 6 dígitos > Esqueci a senha > ""Agora utilizando o cartão"" (dados do cartão) — confirmação por: (i) biometria na TAA (cadastrada há mais de 7 dias): App Alfa > Menu > Perfil > Central de senhas > Senha de 6 dígitos > Esqueci a senha > No caixa eletrônico, depois na TAA em Segurança e Senhas > Senhas > Liberação de Senha Provisória > Senha da conta e cartão (6 dígitos); ou (ii) WhatsApp (telefone cadastrado no ATO): área logada > Perfil > Central de senhas > Senha de 6 dígitos > Esqueci a senha > Por WhatsApp. |\n| Site institucional | Senha de 8 dígitos ativa (códigos 0, 1 e/ou 2). Não disponível para quem não usa Alfa Code e não tem biometria cadastrada há mais de 7 dias (ou de forma assistida), nem para bloqueio ""U"" ou ""8"" da senha de 6 dígitos. | Em computador autorizado, com ou sem a senha anterior: **com adesão ao Alfa Code:** área logada > Segurança > Senhas > Alterar > Senha do cartão (6 dígitos) (exige código de autorização do Alfa Code). **Sem adesão ao Alfa Code, com biometria cadastrada:** mesmo caminho, confirmando em uma TAA com biometria cadastrada há mais de 7 dias. |\n| Agências (inclusive bloqueio ""U"") | — | Mediante identificação; recomendar que o cliente leve o cartão. |\n| SAC | Bloqueio ""U"": SAC Receptivo QP/QC (Célula de Segurança) → rotina 50130; SAC Soluções QP → rotina 50131; SAC Quadro Contratado → rotina 50112. Outros bloqueios: SAC Quadro Próprio → procedimento de Geração de Senha (item 6); SAC Quadro Contratado → rotina 50112. | — |\n| Plataforma de Relacionamento / ATA | Exceto bloqueio ""U"": Quadro Próprio → Geração de Senha; Quadro Contratado (não correntista portador de cartão) → Geração de Senha; correntistas/poupadores → demais canais. | — |\n\n**3.1.3. Bloqueio**\n\nCanais por iniciativa do cliente: TAA; SAC QC/QP; Plataforma de Relacionamento; site institucional (com Alfa Code); App Alfa (dispositivo autorizado, com Alfa Code ou push); agências.\n> Se o cliente detectar lançamentos indevidos na conta (inclusive por invasão do site), utilize também a rotina 50136, item 5.1. Bloqueio por um titular solidário impede os demais de transacionar. O bloqueio do código de acesso implica bloqueio da senha de 6 dígitos.\n\n**3.1.4. Desbloqueio**\n\nFeito COM conhecimento da senha anterior (sem isso, é preciso fazer a Alteração). Bloqueio ""U"" não admite desbloqueio, só Alteração.\n\n| Canal | Requisitos | Procedimento |\n|---|---|---|\n| App Alfa | Celular autorizado >30 dias; Alfa Code/Push habilitado; geolocalização ativa; cartão ativo; senha de 8 dígitos ativa (0,1,2). | Área logada > Perfil > Segurança > Central de senhas > Senha de 6 dígitos > Desbloquear. |\n| Site institucional | Senha de 8 dígitos ativa (0,1,2). | Em computador autorizado — com Alfa Code: Segurança > Senhas > Desbloquear (código de autorização); sem Alfa Code: mesmo caminho, confirmando em TAA com biometria (>7 dias). |\n| TAA | Biometria, ou cartão + código de acesso. | Menu > Segurança e Senhas > Senhas > Desbloqueio > Senha da conta e cartão (6 dígitos). |\n| Agência | Identificação (recomendar levar o cartão). | — |\n\n> Erro de digitação na tentativa de desbloqueio na TAA: só pode ser desbloqueada em agência. Bloqueio por iniciativa da agência/cliente: desbloqueio em qualquer agência. Bloqueio por erro de identificação positiva na TAA: só desbloqueia em agência (se o cliente souber a senha); usar a TAA para essa operação não é possível. Desbloqueio exige código de acesso ou biometria; sem nenhum dos dois, é necessário comparecer a uma agência.\n\n### 3.2. Senha de 8 dígitos\n\nAcessa o site institucional e o App Alfa; pode ser provisória¹ ou definitiva. Confirmação de transações financeiras via Alfa Code; sem Alfa Code, usa-se a senha de 6 dígitos (oriente o cadastramento do Alfa Code). Senha única — não precisa ser cadastrada por cada titular.\n\n> ¹ Provisória: só senhas antigas; acesso restrito a consultas. Para movimentações financeiras, deve ser liberada em uma TAA.\n\n**3.2.1. Cadastramento**\n\n| Canal | Procedimento |\n|---|---|\n| App Alfa | Correntistas/poupadores: ""Esqueci ou não tenho a senha"" na tela de login (clientes sem histórico de equipamento autorizado no ATO); o equipamento fica em carência (há um link de liberação). Clientes de conta digital: cadastram no fluxo de abertura via Mobile. |\n| TAA | Com biometria cadastrada há mais de 7 dias: Menu > Segurança e Senhas > Senhas > Cadastramento. |\n| Agência | Qualquer agência, informando a senha de 6 dígitos. |\n\n**3.2.2. Alteração**\n\n| Canal | Condição | Procedimento |\n|---|---|---|\n| App Alfa | Celular autorizado >30 dias; Alfa Code/Push; geolocalização; cartão ativo. | **Com a senha atual:** área logada > Perfil > Segurança > Central de senhas > Senha de 8 dígitos > Alterar (digitar a senha atual). **Sem a senha atual (inclusive bloqueio ≠ ""U""), ou bloqueio ""U"":** ""Esqueci minha senha"" (tela de login ou tela inicial não logada) > Recuperar senha > Senha de 8 dígitos > Esqueci a senha, com 3 opções: (i) ""Agora utilizando o cartão"" (dados do cartão, dispositivo autorizado, Alfa Code ou Push); (ii) ""No caixa eletrônico"" (confirmação por biometria na TAA, cadastrada há mais de 7 dias); (iii) por WhatsApp (telefone cadastrado no ATO + versão mínima do app + reconhecimento facial). *A opção ""recuperar senha"" só aparece em celular autorizado onde o cliente já acessou a conta ao menos uma vez.* |\n| Site institucional (computador autorizado) | Com a senha atual: exigida a senha de 8 dígitos atual. | **Com Alfa Code:** Segurança > Senhas > Alterar > Senha da internet (8 dígitos) (código de autorização). **Sem Alfa Code:** mesmo caminho, confirmando em TAA com biometria (>7 dias). Sem a senha atual (inclusive bloqueio ≠ ""U""), ou bloqueio ""U"": não disponível neste canal. |\n| TAA | Com ou sem a senha atual (inclusive bloqueios). | Menu > Segurança e Senhas > Senhas > Alteração > Senha de acesso à internet e ao celular (8 dígitos). Com biometria: qualquer horário (cadastrada há mais de 7 dias, ou de forma assistida). Sem biometria, com cartão com chip + código de acesso: das 10h às 16h em dias úteis. |\n| Agência | Com ou sem a senha atual (inclusive bloqueios). | Atendimento presencial, exigindo a senha de 6 dígitos; recomendar levar o cartão. |\n| SAC | Com a senha atual, ou sem ela (exceto ""U""): Quadro Próprio → Geração de Senha; Quadro Contratado → rotina 50112. Bloqueio ""U"": SAC Receptivo (Célula de Segurança) → rotina 50130; SAC Soluções QP → rotina 50131; SAC QC → rotina 50112. | — |\n| Plataforma de Relacionamento / ATA | Com a senha atual, ou sem ela (exceto ""U""): Quadro Próprio → Geração de Senha; Quadro Contratado (não correntista com cartão) → Geração de Senha; correntistas/poupadores → demais canais. Bloqueio ""U"": não disponível neste canal. | — |\n\n**3.2.3. Bloqueio**\n\nCanais por iniciativa do cliente: TAA; SAC; agências; site institucional (com Alfa Code); App Alfa (dispositivo autorizado, com Alfa Code ou push). Bloqueio de segurança ocorre quando há indício de violação da senha. Bloqueio ""T"": não é mais aplicado — restam apenas registros até 2012.\n\n**3.2.4. Desbloqueio**\n\n> Sem conhecimento da senha anterior, bloqueio ""U"" (segurança) ou bloqueio ""4"": seguir os procedimentos de Alteração.\n\nConsulte em `SISRET X69 > 02` (correntistas: agência/conta; não correntistas: número do cartão), campo STATUS, ou pela Plataforma (Segurança > Senhas > Gerenciamento de Senhas). Não pergunte data de validade nem CVV ao cliente — preencha o número do cartão, use o mês/ano do contato como validade e ""000"" no CVV2.\n\n| Tipo de bloqueio | Canal | Procedimento |\n|---|---|---|\n| Por iniciativa da agência ou do cliente | Agência | Com a senha de 6 dígitos (recomendar levar o cartão). |\n| | TAA | Com código de acesso ou biometria. |\n| Por motivo ""T"" | Agência | Idem acima. |\n| | TAA | Idem acima. |\n| Por digitação incorreta 3 vezes | App Alfa (dispositivo autorizado >30 dias, Alfa Code/Push, geolocalização, cartão ativo) | Recuperar Senhas > Senha de 8 dígitos > Desbloquear (digitar a senha atual). |\n| | Agência | Com a senha de 6 dígitos. |\n| | TAA | Com código de acesso ou biometria. |\n| Por erro na tentativa de desbloqueio na TAA | Agência | Com a senha de 6 dígitos. |\n\n---\n\n## 4. Não Correntista\n\n### 4.1. Senha de 6 dígitos\n\n**4.1.1. Cadastramento:** clientes não correntistas que solicitam Cartão Alfa via App ou web cadastram no próprio fluxo de solicitação. Private Label → rotina 50133. Cartões de programa de fidelidade parceiro → rotina 50134.\n\n**4.1.2. Alteração:** Agência (qualquer uma, com cartão válido e identificação); SAC e Plataforma de Relacionamento → item 6 desta rotina.\n\n**4.1.3. Bloqueio:** por iniciativa do cliente — TAA; SAC QC/QP; Plataforma de Relacionamento; agências.\n\n**4.1.4. Desbloqueio:** Agência (qualquer uma, com a senha de 6 dígitos); TAA (com o código de acesso).\n\n### 4.2. Conta de Acesso e Senha de 8 dígitos\n\n**Demanda:** dificuldade para acessar o App Alfa ou o App Cartão Alfa com a senha de 8 dígitos.\n\n> **Atenção:** há 2 tipos de senha de 8 dígitos para não correntista — **Conta de Acesso** (acessa o App Alfa) e **Senha-8** (acessa o App Cartão Alfa). O cliente normalmente não sabe dessa distinção. Para identificar o tipo, siga o item 4.2.1.\n\n**4.2.1. Identificação do tipo de senha**\n\n*4.2.1.1. Sistema Alfa:*\n- a) Senha Conta de Acesso: `SISRET X69 > 02 > nº do cartão`. Se ""não localizado"" ou se o cliente tiver os dois tipos, siga para (b). Se possuir só Conta de Acesso: Quadro Contratado → siga para 4.2.2; Quadro Próprio → confira a situação (se ""Ativo"", tecle F9 para mais detalhes) e siga para 4.2.2.\n- b) Senha-8: `SISALFA > SISRET X69 > 02 > nº do cartão`. Cliente com só Senha-8, ou com as duas → oriente conforme 4.2.2 (Quadro Próprio e Contratado).\n\n*4.2.1.2. Plataforma:* não pergunte data de validade nem CVV. `Plataforma de Negócios > Segurança > Senhas > Gerenciamento de Senhas 3.0` — preencha o número do cartão, use o mês/ano do contato como validade e ""000"" no CVV2.\n\n**4.2.2. Procedimentos** (se o cliente tiver os dois tipos, pergunte qual app ele quer acessar):\n\n| Senha | Cadastramento | Alteração | Bloqueio | Desbloqueio |\n|---|---|---|---|---|\n| **Conta de Acesso** (App Alfa) | No momento da contratação do cartão (App Alfa/onboarding digital) | App Alfa (Central de Senhas) ou link de recuperação; Agência (cartão válido e previamente liberado) | Agência | Agência (cartão válido e previamente liberado) |\n| **Senha-8** (App Cartão Alfa) | No momento da contratação do cartão (lojas parceiras, correspondentes, agências) | TAA; SAC e Plataforma de Relacionamento (Geração de Senha, ou outros canais); App Cartão Alfa ""Esqueci minha senha"" (sem bloqueio vigente); Agência | TAA; APF; Mobile; agências; **se o cliente foi vítima de assalto, roubo ou sequestro:** SAC QP/QC e Plataforma de Relacionamento → `SISRET X98`, código de rota 800050, conta = nº da conta do cartão | TAA; Agência |\n\n> Não correntistas com Conta de Acesso também podem acessar o App Cartão Alfa, mas precisam cadastrar uma senha de 8 dígitos separada via ""Esqueci senha"" — explique que serão duas senhas diferentes, uma para cada app. Quem possui só a Senha-8 NÃO consegue acessar o App Alfa.\n\n---\n\n## 5. Código de Acesso (Alfanumérico)\n\na) **Deficientes visuais:** o cliente com deficiência visual total pode ser dispensado da exigência do código de acesso, mediante registro da característica no cadastro pela agência. Em conta conjunta, a dispensa vale só para o titular com a deficiência.\n\nb) **Tipos:** CAA (letras), CAS (sílabas), CAN (alfanumérico). Emitido quando o cliente usa a TAA com cartão pela primeira vez, tentando uma transação/consulta — o cliente é avisado do novo código, que substitui o anterior.\n\nc) Se o cliente disser que não tem/não anotou o código: oriente conforme a tabela abaixo, ou informe que TAAs com biometria dispensam o código de acesso (rotina 50132, itens 1 e 9).\n\n**5.1. O que é:** código aleatório (letras, sílabas e/ou números), não escolhido pelo cliente; para PF e PJ, correntistas, não correntistas e poupadores portadores de cartão; necessário em: TAA, Banco 24 Horas e rede compartilhada (Banco Parceiro Beta).\n\n**5.2. Cadastramento:** gerado e impresso automaticamente no primeiro uso do cartão na TAA; regenerado em migração de conta (mesmo cartão) ou quando o código antigo é cancelado. Se a impressora estiver inoperante, é mostrado só em tela. Código único para todos os titulares solidários.\n\n**5.3. Alteração:** não existe alteração direta — o código deve ser cancelado (canais abaixo); a nova combinação é gerada automaticamente no próximo acesso à TAA. *(O código não muda se a senha da conta corrente for alterada.)*\n\n| Canal | Procedimento |\n|---|---|\n| App Alfa | Área logada > Perfil > Segurança > Central de senhas > Código de Acesso > Solicitar novo código. |\n| Site institucional | Área logada — confirmação via Alfa Code; sem Alfa Code, confirma na TAA com biometria cadastrada há mais de 7 dias. |\n| Agência | Com a senha de 6 dígitos (recomendar levar o cartão). |\n\n**5.4. Bloqueio:** após 3 tentativas seguidas incorretas. Bloqueio da senha de 6 dígitos ou do código de acesso mantém o uso da TAA com biometria. Bloqueio da senha de 6 dígitos mantém o uso do código de acesso, exceto nos bloqueios ""U"" ou ""8"".\n\n**5.5. Desbloqueio:** pelo próprio cliente na TAA, usando o próprio código de acesso. Se houver novo erro, o código deve ser cancelado (site institucional com Alfa Code, App Alfa, ou qualquer agência) para gerar um novo.\n\n---\n\n## 6. Geração de Senha PF – Procedimentos\n\nEnvio de senha (6 e 8 dígitos) por SMS para PF — só para ALTERAÇÃO (não para cadastro de primeira senha, que segue outros canais). Não disponível para senhas ""não cadastradas""/""a cadastrar"" ou bloqueio ""U"". Faça as consultas do item 6.2 antes.\n\n### 6.1. Atendimento\n\n| Frente | Quem atende | Identificação |\n|---|---|---|\n| SAC QP | Correntistas e não correntistas | Cliente autenticado (URA, Token ou Identificação Positiva) |\n| SAC QC | Não correntistas portadores de cartão (correntistas/poupadores: transferir para a Célula de Segurança via rotina 50106) | — |\n| Plataforma de Relacionamento QP | Correntistas e não correntistas | Autenticado por CPF+senha, agência/conta+senha ou Token: IP dispensada. Atendimentos ATA, Consultoria e Texto: exigem IP. Bancada Cartão: Checklist Maior Risco. |\n| Plataforma de Relacionamento QC | Não correntistas portadores de cartão (correntistas/poupadores: demais canais, itens 3 e 4) | — |\n\n### 6.2. Consultas\n\n1. Verifique o cadastro da senha em `SISRET X69 > 02` ou pela Plataforma (Segurança > Senhas > Gerenciamento de Senhas) — correntistas: agência/conta; não correntistas: número do cartão (não pedir validade/CVV; usar mês/ano do contato e ""000"" no CVV2).\n2. Resultado ""Não cadastrada""/""A cadastrar"" → cliente não correntista com entrada via onboarding digital; não é possível enviar senha; oriente: 8 dígitos via App Alfa (se dispositivo autorizado com Alfa Code/push); 6 dígitos, comparecer a uma agência.\n3. Resultado ""U Bloqueado"" → SAC Receptivo (Célula de Segurança) → rotina 50130; SAC Soluções QP → rotina 50131; SAC Receptivo QC → rotina 50112; Plataforma de Relacionamento → orientar contato com o SAC.\n4. Demais situações → prossiga: pergunte o celular atual do cliente (não informe outros números cadastrados) e confira no cadastro (agência/conta ou MCI) se é o mesmo já registrado. Se divergente, ou se houver mais de um número/duplicidade cadastrada → oriente comparecimento a uma agência. Se for o mesmo e único número → siga para 6.3.\n\n### 6.3. Geração de Senha\n\na) Acesse Plataforma > Segurança > Senhas > Envio de Senha por SMS.\nb) Consulte por tipo de cliente: correntista (CPF, agência e conta, ou MCI); não correntista (CPF); na aba Cartão, informe o número (via `Cartão > 11 > 1` ou `17 > 01 > 01`) — se houver mais de um cartão, peça modalidade e os 4 últimos dígitos.\nc) Selecione a conta/cartão do cliente.\nd) Selecione o envio de senha de 8 e/ou 6 dígitos — o sistema gera uma senha aleatória e envia por SMS.\ne) Informe que a senha chega por SMS ao celular cadastrado, sem prazo de expiração, e que deve ser alterada assim que possível por segurança.\nf) Se for senha de 6 dígitos, informe que, após a alteração, é preciso validar o chip do cartão em qualquer TAA — caso contrário, a nova senha não funcionará com o cartão com chip.\n\n---\n\n## 7. Cliente no Exterior\n\na) **Central de Senhas** (no App Alfa; exige cartão ativo, dispositivo liberado e Alfa Code/Push): permite alterar/bloquear/desbloquear/criar senha de 8 dígitos; alterar/bloquear/desbloquear senha de 6 dígitos; solicitar novo código de acesso. Acesso com a senha atual: área logada > Perfil > Central de senhas. Sem a senha: tela inicial não logada > Recuperar senha.\n\nb) **Agências no exterior:** procedimento de senhas disponível somente na agência de Tóquio.\n\nc) Solicitar a um representante legal (com procuração com firma reconhecida) que realize a operação na agência de relacionamento do cliente no Brasil.\n\nd) A agência de relacionamento envia ao e-mail cadastrado no MCI uma declaração para o cliente assinar e digitalizar — válido apenas para senhas bloqueadas por erro, não para bloqueio ""U"" (suspeita de fraude). O pedido pode começar por qualquer canal de contato, mas a declaração assinada só pode retornar pelo e-mail cadastrado no MCI. A agência de relacionamento pode ser confirmada com o cliente durante a ligação, na aba lateral da Plataforma de Relacionamento.\n\ne) **Cartões com chip:** após a alteração da senha de 6 dígitos, oriente o cliente a atualizar o chip de todos os plásticos ao voltar ao Brasil (em uma TAA), sob risco de impacto em transações presenciais; carteiras digitais funcionam normalmente após a troca.\n\nf) **Uso da senha no exterior:** alguns terminais usam PIN de 4 e/ou 6 dígitos. Nos de 4 dígitos, o cliente informa os 4 primeiros dígitos da sua senha de 6. No exterior, o cliente tem as mesmas opções dos demais clientes, pelo site institucional ou pelo App Alfa.\n\n---\n\n## 8. Senha do Portador Adicional\n\n| Portador | Solicitação | Alteração/reposição |\n|---|---|---|\n| **Adicional não correntista** | Presencial: senha de 6 dígitos cadastrada na hora. Demais canais: senha enviada por correio ao endereço do portador titular. | Se perder, esquecer ou não receber, cadastrar nova em qualquer agência. |\n| **Adicional correntista** | Usa a mesma senha pessoal de 6 dígitos de sua própria conta. Sem senha gravada: modalidades Doméstico/Internacional → sistema não gera o cartão; modalidades Gold e superiores → senha enviada por correio, cartão gerado após o recebimento. | Se perder, esquecer ou não receber, seguir as orientações do item 3. |\n\n---\n\n## 9. Acesso ao gov.br com credenciais do Banco Alfa\n\nVer rotina 50135.\n\n---\n\n## 10. Central de Senhas PF\n\nSolução de segurança no App Alfa para o cliente gerenciar suas senhas.\n- **Área logada:** Perfil > Segurança > Central de Segurança > Central de senhas; Perfil > Segurança > Central de senhas; Menu > Segurança > Central de Segurança > Central de Senhas.\n- **Área não logada:** Tela inicial > Recuperar Senha; ou role a tela para cima > Recuperar Senha.\n\n**Requisitos:** celular autorizado há mais de 30 dias; telefone cadastrado no ATO; Alfa Code ou Push habilitado; geolocalização ativa e autorizada; permissão de câmera concedida ao app; cartão ativo.\n\n> **Atenção:** não correntistas usam a Central de Senhas apenas para alterar a senha ""Conta de Acesso"" (ver item 4.2.2).\n\n---\n\n## 11. Fontes de informação\n\nUGS – Unidade de Gestão de Segurança (código 800040) · Normativo interno 5001 · Normativo interno 5002\n\n---\n\n## 12. Rotinas absorvidas\n\nO conteúdo das seguintes rotinas foi absorvido por este documento:\n\n| Código (anonimizado) | Assunto |\n|---|---|\n| 50137 | Senhas – Orientações (Código de Acesso) |\n| 50138 | Senhas – Orientações (Não correntista) |\n| 50139 | Senhas – Correntistas (Internet e Celular) |\n| 50140 | Arquivada – Senhas – Orientações (Conta-corrente) |\n| 50141 | POP UP – Senhas – Tipos de bloqueio |\n| 50142 | Modalidade de conta simplificada – Senhas |\n| 50143 | Senhas – Orientações – Poupador não correntista |\n| 50144 | Acesso do cliente à plataforma digital gov.br (parceria Banco Alfa e Governo Federal) |\n| 50145 | Senhas – Alfa Digital PJ |\n| 50146 | Atendimento para clientes não participantes do modelo ATA |\n| 50147 | Geração de senha PF – Procedimentos |\n']",Titulares solidários compartilham as mesmas senhas de 6 e 8 dígitos e código de acesso; o bloqueio por um titular impede os demais de transacionar. Resolver por alteração das senhas nos canais competentes (agência resolve inclusive bloqueio 'U').,EDGE_CASE,2.7966,,0.36363636363636365,0.826185059281498,1.0,0.9999999999
"Sou deficiente visual, preciso mesmo de código de acesso?","Como assistente bancário, entendo a sua preocupação. A resposta curta é: **sim, o código de acesso (ou senha) é uma exigência de segurança padrão para todos os clientes**, independentemente de possuírem deficiência visual ou não.

O código serve como uma camada de proteção para garantir que apenas você tenha acesso à sua conta e movimentações financeiras.

No entanto, os bancos possuem ferramentas de **acessibilidade** para tornar esse processo possível e seguro para pessoas com deficiência visual:

1.  **Leitores de Tela:** Os aplicativos bancários são desenvolvidos para serem compatíveis com leitores de tela (como o *TalkBack* no Android ou o *VoiceOver* no iOS). Eles narram os campos onde você deve inserir a senha.
2.  **Biometria:** Muitos bancos permitem que você substitua a digitação da senha por autenticação biométrica (reconhecimento facial ou leitura de impressão digital), o que facilita muito o acesso.
3.  **Atendimento Assistido:** Se você tiver dificuldade com o aplicativo, pode entrar em contato com a central de atendimento do seu banco. Eles podem orientá-lo sobre como configurar o acesso por voz ou biometria.
4.  **Cartões Acessíveis:** Alguns bancos já oferecem cartões com marcações táteis (entalhes) para que você identifique o lado correto de inserção na maquininha ou no caixa eletrônico.

**Minha recomendação:**
*   Verifique nas configurações do seu aplicativo bancário se a opção de **""Acesso por Biometria""** está disponível. Isso elimina a necessidade de digitar a senha toda vez.
*   Caso precise de ajuda para configurar, ligue para o número oficial do seu banco (atrás do seu cartão) e solicite suporte especializado em acessibilidade.

Se precisar de ajuda com algum termo técnico ou sobre como proceder com o banco, estou à disposição.","['# POP – Gestão de Senhas e Código de Acesso – Pessoa Física\n### [Versão anonimizada/pseudonimizada — documento complementar ao POP de CDC]\n\n> **Nota metodológica:** este documento usa a mesma metodologia e os mesmos pseudônimos institucionais do POP de CDC anonimizado anteriormente (Banco Alfa, SISALFA, App Alfa etc.). Termos novos e específicos deste documento (produtos de cartão, plataformas, rotinas) foram adicionados à mesma chave de correspondência (arquivo único, cumulativo). A lógica processual e as condições originais foram mantidas integralmente.\n\n**Sumário:** Notas iniciais · 1. Resumo das senhas · 2. Situação das senhas · 3. Correntistas e poupadores · 4. Não correntista · 5. Código de acesso · 6. Geração de senha PF · 7. Cliente no exterior · 8. Senha do portador adicional · 9. Acesso ao gov.br · 10. Central de Senhas PF · 11. Fontes de informação · 12. Rotinas absorvidas\n\n---\n\n## Notas iniciais\n\na) **Transferência de saldo/produtos entre agências:** a senha da agência de origem não é alterada; o cliente acessa normalmente a conta na agência de destino.\n\nb) Os procedimentos desta rotina não se aplicam a clientes PJ ou Setor Público. Para chave J e senhas (Alfa Digital PJ), ver rotina 50129.\n\nc) **Titulares solidários:** as senhas (6 e 8 dígitos) e o código de acesso são os mesmos para todos os titulares. Se um titular bloquear a senha, os demais ficam impossibilitados de realizar transações.\n\nd) **Push:** notificação recebida diretamente no App Alfa. Para ativar: 1) autorizar o App Alfa no sistema do celular (Android: Configurações > Receber Notificações; iOS: Ajustes > Receber Notificações); 2) ativar pelo App Alfa (área logada) em Perfil > Geral > Receber notificações.\n\ne) **Bloqueio de Canal:** consulte na plataforma em Segurança > Bloqueio de segurança > Histórico. Havendo bloqueio, o desbloqueio ocorre após a alteração das senhas de 6 e 8 dígitos — é obrigatório alterar primeiro a de 8 dígitos, depois a de 6. Use os itens 3 e/ou 4 para orientar os canais.\n\n---\n\n## 1. Resumo da utilização das senhas\n\n| Tipo de senha | Canais de utilização |\n|---|---|\n| Senha de 4 dígitos | Descontinuada |\n| Senha de 6 dígitos | Confirma transações de cartão débito e crédito. Plataforma de Relacionamento/URA: acesso, consulta e confirmação de transações da mesma titularidade. Site institucional (sem Alfa Code): confirmação de transações financeiras. App Alfa: confirmação de transações financeiras. WhatsApp Alfa: pode ser solicitada para confirmação de algumas transações. TCX, TAD, POS, correspondente bancário: confirmação de transações. TAA: confirmação de transações de beneficiários do INSS e de portadores de deficiência visual sem código de acesso. Banco 24 Horas e rede compartilhada (Banco Parceiro Beta): confirmação de transações de portadores de deficiência visual sem código de acesso. |\n| Senha de 8 dígitos | Site institucional, App Alfa, App Cartão Alfa e WhatsApp: acesso, consultas, transações financeiras e aquisição de produtos/serviços. |\n| Código de Acesso (letras, sílabas ou alfanumérico) | TAA, Banco 24 Horas e rede compartilhada: confirma transações, inclusive saques na função crédito do cartão. |\n| Conta de Acesso (senha alfanumérica) | Utilizada por não correntistas no App Alfa (versão não correntista). |\n\n---\n\n## 2. Situação das Senhas\n\n### 2.1. Consultas\n- Senhas de 6/8 dígitos e código de acesso — Quadro Próprio e Quadro Contratado: `SISALFA > SISRET > X69 > 2` (correntistas: agência e conta; não correntistas: número do cartão), campo STATUS (pode ser informado ao cliente).\n- Conta de Acesso (Quadro Próprio): `SISALFA > ACESSO > 32 > 01 > CPF`.\n\n### 2.2. Códigos aplicáveis a TODOS os tipos de senha\n| Código | Significado | Situação |\n|---|---|---|\n| 0 | Sem ocorrência de erro de digitação | Ativa |\n| 1 | Cliente errou a digitação uma vez | — |\n| 2 | Cliente errou a digitação duas vezes | — |\n| 3 | Cliente errou a digitação três vezes (se ocorrer na senha de 6 dígitos via APF, Mobile ou WhatsApp, o bloqueio ""3"" é aplicado também à senha de 8 dígitos) | Bloqueada |\n| 6 | Senha (PJ e Governo) cadastrada no Alfa Digital PJ, aguardando confirmação de um funcionário da agência | — |\n| 7 | Senha (PJ e Governo) cadastrada no Alfa Digital PJ, aguardando confirmação de dois funcionários da agência | — |\n| Q | Senha alterada no APF Internet sem Alfa Code, ou no APF Celular sem fotografar cartão válido (aguardando confirmação na TAA com biometria cadastrada há mais de 7 dias) | — |\n| U | Senha bloqueada pelo monitoramento de segurança dos canais de autoatendimento | — |\n\n### 2.3. Códigos exclusivos da senha de 6 dígitos\n| Código | Significado | Situação |\n|---|---|---|\n| A | Senha digitada errada 3 vezes | Bloqueada |\n| D | Erro na tentativa de desbloqueio na TAA, ou bloqueio feito pelo próprio cliente via APF Celular/Internet | — |\n\n### 2.4. Códigos exclusivos da senha de 8 dígitos\n| Código | Significado | Situação |\n|---|---|---|\n| T | Senha registrada antes de 2012 e bloqueada por não uso nos últimos 90 dias | Bloqueada |\n| D | Alteração iniciada via APF Celular, com falha na confirmação via TAA sem biometria | — |\n| P | Senha cadastrada via APF Internet/Celular, aguardando confirmação na TAA | — |\n| 4 | Erro na tentativa de desbloqueio via Mobile | — |\n| 8 | Senha bloqueada pela agência ou pelo próprio cliente nos canais de autoatendimento | — |\n\n### 2.5. Situações do código de acesso\nCódigo ""4"" = tentativa de desbloqueio na TAA; CAA = letras; CAS = sílabas; CAN = alfanumérico.\n\n### 2.6. Situações da senha alfanumérica (Conta de Acesso)\n*Solicitado* = cadastramento/alteração pedidos; *Ativa* = cadastrada e ativa; *Bloqueado* = bloqueada por erro de digitação ou por segurança.\n> Essa confirmação ocorre por oferta ativa, sem necessidade de navegar pelo menu da TAA.\n\n---\n\n## 3. Correntistas e Poupadores\n\n### 3.1. Senha de 6 dígitos (conta e cartão)\n\nUsada para autorizar transações em: terminais de caixa das agências, TAA, site institucional (sem Alfa Code), App Alfa, correspondente bancário, transações de cartão (débito e crédito) e acesso à Central de Relacionamento/SAC. Vinculada à agência/conta (correntista) ou ao CPF (não correntista).\n\n**3.1.1. Cadastramento**\n\n| Canal | Procedimento |\n|---|---|\n| Agência | Correntistas e poupadores: no fluxo de abertura de conta, em qualquer agência. Beneficiários do INSS: em qualquer agência. Clientes de conta digital: no fluxo de abertura pelo App Alfa. |\n\n> **Atenção:** se o cliente quiser encerrar a conta corrente e ficar só com o cartão de crédito, cadastre nova senha como não correntista — obrigatório para não deixar pendente a emissão dos cartões.\n\n**3.1.2. Alteração**\n\n> Para cartões com chip, após a alteração, oriente o cliente a atualizar o chip de todos os plásticos em qualquer TAA (sob risco da senha não funcionar). Verifique a possibilidade de enviar senha provisória por SMS (item 6).\n\n| Canal | Requisitos/Condição | Procedimento |\n|---|---|---|\n| App Alfa | Celular autorizado há mais de 30 dias; Alfa Code ou Push habilitado; geolocalização ativa e autorizada; cartão ativo; senha de 8 dígitos ativa (códigos 0, 1 e/ou 2). Não disponível se bloqueada por ""8"". | **Com a senha anterior:** área logada > Perfil > Segurança > Central de senhas > Senha de 6 dígitos > Alterar. **Sem a senha anterior:** área logada > Perfil > Segurança > Central de senhas > Senha de 6 dígitos > Esqueci a senha > ""Agora utilizando o cartão"" (dados do cartão) — confirmação por: (i) biometria na TAA (cadastrada há mais de 7 dias): App Alfa > Menu > Perfil > Central de senhas > Senha de 6 dígitos > Esqueci a senha > No caixa eletrônico, depois na TAA em Segurança e Senhas > Senhas > Liberação de Senha Provisória > Senha da conta e cartão (6 dígitos); ou (ii) WhatsApp (telefone cadastrado no ATO): área logada > Perfil > Central de senhas > Senha de 6 dígitos > Esqueci a senha > Por WhatsApp. |\n| Site institucional | Senha de 8 dígitos ativa (códigos 0, 1 e/ou 2). Não disponível para quem não usa Alfa Code e não tem biometria cadastrada há mais de 7 dias (ou de forma assistida), nem para bloqueio ""U"" ou ""8"" da senha de 6 dígitos. | Em computador autorizado, com ou sem a senha anterior: **com adesão ao Alfa Code:** área logada > Segurança > Senhas > Alterar > Senha do cartão (6 dígitos) (exige código de autorização do Alfa Code). **Sem adesão ao Alfa Code, com biometria cadastrada:** mesmo caminho, confirmando em uma TAA com biometria cadastrada há mais de 7 dias. |\n| Agências (inclusive bloqueio ""U"") | — | Mediante identificação; recomendar que o cliente leve o cartão. |\n| SAC | Bloqueio ""U"": SAC Receptivo QP/QC (Célula de Segurança) → rotina 50130; SAC Soluções QP → rotina 50131; SAC Quadro Contratado → rotina 50112. Outros bloqueios: SAC Quadro Próprio → procedimento de Geração de Senha (item 6); SAC Quadro Contratado → rotina 50112. | — |\n| Plataforma de Relacionamento / ATA | Exceto bloqueio ""U"": Quadro Próprio → Geração de Senha; Quadro Contratado (não correntista portador de cartão) → Geração de Senha; correntistas/poupadores → demais canais. | — |\n\n**3.1.3. Bloqueio**\n\nCanais por iniciativa do cliente: TAA; SAC QC/QP; Plataforma de Relacionamento; site institucional (com Alfa Code); App Alfa (dispositivo autorizado, com Alfa Code ou push); agências.\n> Se o cliente detectar lançamentos indevidos na conta (inclusive por invasão do site), utilize também a rotina 50136, item 5.1. Bloqueio por um titular solidário impede os demais de transacionar. O bloqueio do código de acesso implica bloqueio da senha de 6 dígitos.\n\n**3.1.4. Desbloqueio**\n\nFeito COM conhecimento da senha anterior (sem isso, é preciso fazer a Alteração). Bloqueio ""U"" não admite desbloqueio, só Alteração.\n\n| Canal | Requisitos | Procedimento |\n|---|---|---|\n| App Alfa | Celular autorizado >30 dias; Alfa Code/Push habilitado; geolocalização ativa; cartão ativo; senha de 8 dígitos ativa (0,1,2). | Área logada > Perfil > Segurança > Central de senhas > Senha de 6 dígitos > Desbloquear. |\n| Site institucional | Senha de 8 dígitos ativa (0,1,2). | Em computador autorizado — com Alfa Code: Segurança > Senhas > Desbloquear (código de autorização); sem Alfa Code: mesmo caminho, confirmando em TAA com biometria (>7 dias). |\n| TAA | Biometria, ou cartão + código de acesso. | Menu > Segurança e Senhas > Senhas > Desbloqueio > Senha da conta e cartão (6 dígitos). |\n| Agência | Identificação (recomendar levar o cartão). | — |\n\n> Erro de digitação na tentativa de desbloqueio na TAA: só pode ser desbloqueada em agência. Bloqueio por iniciativa da agência/cliente: desbloqueio em qualquer agência. Bloqueio por erro de identificação positiva na TAA: só desbloqueia em agência (se o cliente souber a senha); usar a TAA para essa operação não é possível. Desbloqueio exige código de acesso ou biometria; sem nenhum dos dois, é necessário comparecer a uma agência.\n\n### 3.2. Senha de 8 dígitos\n\nAcessa o site institucional e o App Alfa; pode ser provisória¹ ou definitiva. Confirmação de transações financeiras via Alfa Code; sem Alfa Code, usa-se a senha de 6 dígitos (oriente o cadastramento do Alfa Code). Senha única — não precisa ser cadastrada por cada titular.\n\n> ¹ Provisória: só senhas antigas; acesso restrito a consultas. Para movimentações financeiras, deve ser liberada em uma TAA.\n\n**3.2.1. Cadastramento**\n\n| Canal | Procedimento |\n|---|---|\n| App Alfa | Correntistas/poupadores: ""Esqueci ou não tenho a senha"" na tela de login (clientes sem histórico de equipamento autorizado no ATO); o equipamento fica em carência (há um link de liberação). Clientes de conta digital: cadastram no fluxo de abertura via Mobile. |\n| TAA | Com biometria cadastrada há mais de 7 dias: Menu > Segurança e Senhas > Senhas > Cadastramento. |\n| Agência | Qualquer agência, informando a senha de 6 dígitos. |\n\n**3.2.2. Alteração**\n\n| Canal | Condição | Procedimento |\n|---|---|---|\n| App Alfa | Celular autorizado >30 dias; Alfa Code/Push; geolocalização; cartão ativo. | **Com a senha atual:** área logada > Perfil > Segurança > Central de senhas > Senha de 8 dígitos > Alterar (digitar a senha atual). **Sem a senha atual (inclusive bloqueio ≠ ""U""), ou bloqueio ""U"":** ""Esqueci minha senha"" (tela de login ou tela inicial não logada) > Recuperar senha > Senha de 8 dígitos > Esqueci a senha, com 3 opções: (i) ""Agora utilizando o cartão"" (dados do cartão, dispositivo autorizado, Alfa Code ou Push); (ii) ""No caixa eletrônico"" (confirmação por biometria na TAA, cadastrada há mais de 7 dias); (iii) por WhatsApp (telefone cadastrado no ATO + versão mínima do app + reconhecimento facial). *A opção ""recuperar senha"" só aparece em celular autorizado onde o cliente já acessou a conta ao menos uma vez.* |\n| Site institucional (computador autorizado) | Com a senha atual: exigida a senha de 8 dígitos atual. | **Com Alfa Code:** Segurança > Senhas > Alterar > Senha da internet (8 dígitos) (código de autorização). **Sem Alfa Code:** mesmo caminho, confirmando em TAA com biometria (>7 dias). Sem a senha atual (inclusive bloqueio ≠ ""U""), ou bloqueio ""U"": não disponível neste canal. |\n| TAA | Com ou sem a senha atual (inclusive bloqueios). | Menu > Segurança e Senhas > Senhas > Alteração > Senha de acesso à internet e ao celular (8 dígitos). Com biometria: qualquer horário (cadastrada há mais de 7 dias, ou de forma assistida). Sem biometria, com cartão com chip + código de acesso: das 10h às 16h em dias úteis. |\n| Agência | Com ou sem a senha atual (inclusive bloqueios). | Atendimento presencial, exigindo a senha de 6 dígitos; recomendar levar o cartão. |\n| SAC | Com a senha atual, ou sem ela (exceto ""U""): Quadro Próprio → Geração de Senha; Quadro Contratado → rotina 50112. Bloqueio ""U"": SAC Receptivo (Célula de Segurança) → rotina 50130; SAC Soluções QP → rotina 50131; SAC QC → rotina 50112. | — |\n| Plataforma de Relacionamento / ATA | Com a senha atual, ou sem ela (exceto ""U""): Quadro Próprio → Geração de Senha; Quadro Contratado (não correntista com cartão) → Geração de Senha; correntistas/poupadores → demais canais. Bloqueio ""U"": não disponível neste canal. | — |\n\n**3.2.3. Bloqueio**\n\nCanais por iniciativa do cliente: TAA; SAC; agências; site institucional (com Alfa Code); App Alfa (dispositivo autorizado, com Alfa Code ou push). Bloqueio de segurança ocorre quando há indício de violação da senha. Bloqueio ""T"": não é mais aplicado — restam apenas registros até 2012.\n\n**3.2.4. Desbloqueio**\n\n> Sem conhecimento da senha anterior, bloqueio ""U"" (segurança) ou bloqueio ""4"": seguir os procedimentos de Alteração.\n\nConsulte em `SISRET X69 > 02` (correntistas: agência/conta; não correntistas: número do cartão), campo STATUS, ou pela Plataforma (Segurança > Senhas > Gerenciamento de Senhas). Não pergunte data de validade nem CVV ao cliente — preencha o número do cartão, use o mês/ano do contato como validade e ""000"" no CVV2.\n\n| Tipo de bloqueio | Canal | Procedimento |\n|---|---|---|\n| Por iniciativa da agência ou do cliente | Agência | Com a senha de 6 dígitos (recomendar levar o cartão). |\n| | TAA | Com código de acesso ou biometria. |\n| Por motivo ""T"" | Agência | Idem acima. |\n| | TAA | Idem acima. |\n| Por digitação incorreta 3 vezes | App Alfa (dispositivo autorizado >30 dias, Alfa Code/Push, geolocalização, cartão ativo) | Recuperar Senhas > Senha de 8 dígitos > Desbloquear (digitar a senha atual). |\n| | Agência | Com a senha de 6 dígitos. |\n| | TAA | Com código de acesso ou biometria. |\n| Por erro na tentativa de desbloqueio na TAA | Agência | Com a senha de 6 dígitos. |\n\n---\n\n## 4. Não Correntista\n\n### 4.1. Senha de 6 dígitos\n\n**4.1.1. Cadastramento:** clientes não correntistas que solicitam Cartão Alfa via App ou web cadastram no próprio fluxo de solicitação. Private Label → rotina 50133. Cartões de programa de fidelidade parceiro → rotina 50134.\n\n**4.1.2. Alteração:** Agência (qualquer uma, com cartão válido e identificação); SAC e Plataforma de Relacionamento → item 6 desta rotina.\n\n**4.1.3. Bloqueio:** por iniciativa do cliente — TAA; SAC QC/QP; Plataforma de Relacionamento; agências.\n\n**4.1.4. Desbloqueio:** Agência (qualquer uma, com a senha de 6 dígitos); TAA (com o código de acesso).\n\n### 4.2. Conta de Acesso e Senha de 8 dígitos\n\n**Demanda:** dificuldade para acessar o App Alfa ou o App Cartão Alfa com a senha de 8 dígitos.\n\n> **Atenção:** há 2 tipos de senha de 8 dígitos para não correntista — **Conta de Acesso** (acessa o App Alfa) e **Senha-8** (acessa o App Cartão Alfa). O cliente normalmente não sabe dessa distinção. Para identificar o tipo, siga o item 4.2.1.\n\n**4.2.1. Identificação do tipo de senha**\n\n*4.2.1.1. Sistema Alfa:*\n- a) Senha Conta de Acesso: `SISRET X69 > 02 > nº do cartão`. Se ""não localizado"" ou se o cliente tiver os dois tipos, siga para (b). Se possuir só Conta de Acesso: Quadro Contratado → siga para 4.2.2; Quadro Próprio → confira a situação (se ""Ativo"", tecle F9 para mais detalhes) e siga para 4.2.2.\n- b) Senha-8: `SISALFA > SISRET X69 > 02 > nº do cartão`. Cliente com só Senha-8, ou com as duas → oriente conforme 4.2.2 (Quadro Próprio e Contratado).\n\n*4.2.1.2. Plataforma:* não pergunte data de validade nem CVV. `Plataforma de Negócios > Segurança > Senhas > Gerenciamento de Senhas 3.0` — preencha o número do cartão, use o mês/ano do contato como validade e ""000"" no CVV2.\n\n**4.2.2. Procedimentos** (se o cliente tiver os dois tipos, pergunte qual app ele quer acessar):\n\n| Senha | Cadastramento | Alteração | Bloqueio | Desbloqueio |\n|---|---|---|---|---|\n| **Conta de Acesso** (App Alfa) | No momento da contratação do cartão (App Alfa/onboarding digital) | App Alfa (Central de Senhas) ou link de recuperação; Agência (cartão válido e previamente liberado) | Agência | Agência (cartão válido e previamente liberado) |\n| **Senha-8** (App Cartão Alfa) | No momento da contratação do cartão (lojas parceiras, correspondentes, agências) | TAA; SAC e Plataforma de Relacionamento (Geração de Senha, ou outros canais); App Cartão Alfa ""Esqueci minha senha"" (sem bloqueio vigente); Agência | TAA; APF; Mobile; agências; **se o cliente foi vítima de assalto, roubo ou sequestro:** SAC QP/QC e Plataforma de Relacionamento → `SISRET X98`, código de rota 800050, conta = nº da conta do cartão | TAA; Agência |\n\n> Não correntistas com Conta de Acesso também podem acessar o App Cartão Alfa, mas precisam cadastrar uma senha de 8 dígitos separada via ""Esqueci senha"" — explique que serão duas senhas diferentes, uma para cada app. Quem possui só a Senha-8 NÃO consegue acessar o App Alfa.\n\n---\n\n## 5. Código de Acesso (Alfanumérico)\n\na) **Deficientes visuais:** o cliente com deficiência visual total pode ser dispensado da exigência do código de acesso, mediante registro da característica no cadastro pela agência. Em conta conjunta, a dispensa vale só para o titular com a deficiência.\n\nb) **Tipos:** CAA (letras), CAS (sílabas), CAN (alfanumérico). Emitido quando o cliente usa a TAA com cartão pela primeira vez, tentando uma transação/consulta — o cliente é avisado do novo código, que substitui o anterior.\n\nc) Se o cliente disser que não tem/não anotou o código: oriente conforme a tabela abaixo, ou informe que TAAs com biometria dispensam o código de acesso (rotina 50132, itens 1 e 9).\n\n**5.1. O que é:** código aleatório (letras, sílabas e/ou números), não escolhido pelo cliente; para PF e PJ, correntistas, não correntistas e poupadores portadores de cartão; necessário em: TAA, Banco 24 Horas e rede compartilhada (Banco Parceiro Beta).\n\n**5.2. Cadastramento:** gerado e impresso automaticamente no primeiro uso do cartão na TAA; regenerado em migração de conta (mesmo cartão) ou quando o código antigo é cancelado. Se a impressora estiver inoperante, é mostrado só em tela. Código único para todos os titulares solidários.\n\n**5.3. Alteração:** não existe alteração direta — o código deve ser cancelado (canais abaixo); a nova combinação é gerada automaticamente no próximo acesso à TAA. *(O código não muda se a senha da conta corrente for alterada.)*\n\n| Canal | Procedimento |\n|---|---|\n| App Alfa | Área logada > Perfil > Segurança > Central de senhas > Código de Acesso > Solicitar novo código. |\n| Site institucional | Área logada — confirmação via Alfa Code; sem Alfa Code, confirma na TAA com biometria cadastrada há mais de 7 dias. |\n| Agência | Com a senha de 6 dígitos (recomendar levar o cartão). |\n\n**5.4. Bloqueio:** após 3 tentativas seguidas incorretas. Bloqueio da senha de 6 dígitos ou do código de acesso mantém o uso da TAA com biometria. Bloqueio da senha de 6 dígitos mantém o uso do código de acesso, exceto nos bloqueios ""U"" ou ""8"".\n\n**5.5. Desbloqueio:** pelo próprio cliente na TAA, usando o próprio código de acesso. Se houver novo erro, o código deve ser cancelado (site institucional com Alfa Code, App Alfa, ou qualquer agência) para gerar um novo.\n\n---\n\n## 6. Geração de Senha PF – Procedimentos\n\nEnvio de senha (6 e 8 dígitos) por SMS para PF — só para ALTERAÇÃO (não para cadastro de primeira senha, que segue outros canais). Não disponível para senhas ""não cadastradas""/""a cadastrar"" ou bloqueio ""U"". Faça as consultas do item 6.2 antes.\n\n### 6.1. Atendimento\n\n| Frente | Quem atende | Identificação |\n|---|---|---|\n| SAC QP | Correntistas e não correntistas | Cliente autenticado (URA, Token ou Identificação Positiva) |\n| SAC QC | Não correntistas portadores de cartão (correntistas/poupadores: transferir para a Célula de Segurança via rotina 50106) | — |\n| Plataforma de Relacionamento QP | Correntistas e não correntistas | Autenticado por CPF+senha, agência/conta+senha ou Token: IP dispensada. Atendimentos ATA, Consultoria e Texto: exigem IP. Bancada Cartão: Checklist Maior Risco. |\n| Plataforma de Relacionamento QC | Não correntistas portadores de cartão (correntistas/poupadores: demais canais, itens 3 e 4) | — |\n\n### 6.2. Consultas\n\n1. Verifique o cadastro da senha em `SISRET X69 > 02` ou pela Plataforma (Segurança > Senhas > Gerenciamento de Senhas) — correntistas: agência/conta; não correntistas: número do cartão (não pedir validade/CVV; usar mês/ano do contato e ""000"" no CVV2).\n2. Resultado ""Não cadastrada""/""A cadastrar"" → cliente não correntista com entrada via onboarding digital; não é possível enviar senha; oriente: 8 dígitos via App Alfa (se dispositivo autorizado com Alfa Code/push); 6 dígitos, comparecer a uma agência.\n3. Resultado ""U Bloqueado"" → SAC Receptivo (Célula de Segurança) → rotina 50130; SAC Soluções QP → rotina 50131; SAC Receptivo QC → rotina 50112; Plataforma de Relacionamento → orientar contato com o SAC.\n4. Demais situações → prossiga: pergunte o celular atual do cliente (não informe outros números cadastrados) e confira no cadastro (agência/conta ou MCI) se é o mesmo já registrado. Se divergente, ou se houver mais de um número/duplicidade cadastrada → oriente comparecimento a uma agência. Se for o mesmo e único número → siga para 6.3.\n\n### 6.3. Geração de Senha\n\na) Acesse Plataforma > Segurança > Senhas > Envio de Senha por SMS.\nb) Consulte por tipo de cliente: correntista (CPF, agência e conta, ou MCI); não correntista (CPF); na aba Cartão, informe o número (via `Cartão > 11 > 1` ou `17 > 01 > 01`) — se houver mais de um cartão, peça modalidade e os 4 últimos dígitos.\nc) Selecione a conta/cartão do cliente.\nd) Selecione o envio de senha de 8 e/ou 6 dígitos — o sistema gera uma senha aleatória e envia por SMS.\ne) Informe que a senha chega por SMS ao celular cadastrado, sem prazo de expiração, e que deve ser alterada assim que possível por segurança.\nf) Se for senha de 6 dígitos, informe que, após a alteração, é preciso validar o chip do cartão em qualquer TAA — caso contrário, a nova senha não funcionará com o cartão com chip.\n\n---\n\n## 7. Cliente no Exterior\n\na) **Central de Senhas** (no App Alfa; exige cartão ativo, dispositivo liberado e Alfa Code/Push): permite alterar/bloquear/desbloquear/criar senha de 8 dígitos; alterar/bloquear/desbloquear senha de 6 dígitos; solicitar novo código de acesso. Acesso com a senha atual: área logada > Perfil > Central de senhas. Sem a senha: tela inicial não logada > Recuperar senha.\n\nb) **Agências no exterior:** procedimento de senhas disponível somente na agência de Tóquio.\n\nc) Solicitar a um representante legal (com procuração com firma reconhecida) que realize a operação na agência de relacionamento do cliente no Brasil.\n\nd) A agência de relacionamento envia ao e-mail cadastrado no MCI uma declaração para o cliente assinar e digitalizar — válido apenas para senhas bloqueadas por erro, não para bloqueio ""U"" (suspeita de fraude). O pedido pode começar por qualquer canal de contato, mas a declaração assinada só pode retornar pelo e-mail cadastrado no MCI. A agência de relacionamento pode ser confirmada com o cliente durante a ligação, na aba lateral da Plataforma de Relacionamento.\n\ne) **Cartões com chip:** após a alteração da senha de 6 dígitos, oriente o cliente a atualizar o chip de todos os plásticos ao voltar ao Brasil (em uma TAA), sob risco de impacto em transações presenciais; carteiras digitais funcionam normalmente após a troca.\n\nf) **Uso da senha no exterior:** alguns terminais usam PIN de 4 e/ou 6 dígitos. Nos de 4 dígitos, o cliente informa os 4 primeiros dígitos da sua senha de 6. No exterior, o cliente tem as mesmas opções dos demais clientes, pelo site institucional ou pelo App Alfa.\n\n---\n\n## 8. Senha do Portador Adicional\n\n| Portador | Solicitação | Alteração/reposição |\n|---|---|---|\n| **Adicional não correntista** | Presencial: senha de 6 dígitos cadastrada na hora. Demais canais: senha enviada por correio ao endereço do portador titular. | Se perder, esquecer ou não receber, cadastrar nova em qualquer agência. |\n| **Adicional correntista** | Usa a mesma senha pessoal de 6 dígitos de sua própria conta. Sem senha gravada: modalidades Doméstico/Internacional → sistema não gera o cartão; modalidades Gold e superiores → senha enviada por correio, cartão gerado após o recebimento. | Se perder, esquecer ou não receber, seguir as orientações do item 3. |\n\n---\n\n## 9. Acesso ao gov.br com credenciais do Banco Alfa\n\nVer rotina 50135.\n\n---\n\n## 10. Central de Senhas PF\n\nSolução de segurança no App Alfa para o cliente gerenciar suas senhas.\n- **Área logada:** Perfil > Segurança > Central de Segurança > Central de senhas; Perfil > Segurança > Central de senhas; Menu > Segurança > Central de Segurança > Central de Senhas.\n- **Área não logada:** Tela inicial > Recuperar Senha; ou role a tela para cima > Recuperar Senha.\n\n**Requisitos:** celular autorizado há mais de 30 dias; telefone cadastrado no ATO; Alfa Code ou Push habilitado; geolocalização ativa e autorizada; permissão de câmera concedida ao app; cartão ativo.\n\n> **Atenção:** não correntistas usam a Central de Senhas apenas para alterar a senha ""Conta de Acesso"" (ver item 4.2.2).\n\n---\n\n## 11. Fontes de informação\n\nUGS – Unidade de Gestão de Segurança (código 800040) · Normativo interno 5001 · Normativo interno 5002\n\n---\n\n## 12. Rotinas absorvidas\n\nO conteúdo das seguintes rotinas foi absorvido por este documento:\n\n| Código (anonimizado) | Assunto |\n|---|---|\n| 50137 | Senhas – Orientações (Código de Acesso) |\n| 50138 | Senhas – Orientações (Não correntista) |\n| 50139 | Senhas – Correntistas (Internet e Celular) |\n| 50140 | Arquivada – Senhas – Orientações (Conta-corrente) |\n| 50141 | POP UP – Senhas – Tipos de bloqueio |\n| 50142 | Modalidade de conta simplificada – Senhas |\n| 50143 | Senhas – Orientações – Poupador não correntista |\n| 50144 | Acesso do cliente à plataforma digital gov.br (parceria Banco Alfa e Governo Federal) |\n| 50145 | Senhas – Alfa Digital PJ |\n| 50146 | Atendimento para clientes não participantes do modelo ATA |\n| 50147 | Geração de senha PF – Procedimentos |\n']","Cliente com deficiência visual total pode ser dispensado do código de acesso mediante registro da característica no cadastro pela agência. Em conta conjunta, a dispensa vale somente para o titular com a deficiência.",ROLE_RESTRICTION,112.2339,,0.1,0.8587139210608161,1.0,0.9999999999
Estou fora do país e minha senha bloqueou. E agora?,"Sinto muito que esteja passando por isso. Como estou fora do sistema interno do banco, aqui estão os passos gerais que você deve seguir para resolver essa situação estando no exterior:

1. **Verifique o Aplicativo:** Tente acessar o aplicativo do banco. Muitas vezes, existe uma opção de ""Esqueci minha senha"" ou ""Desbloqueio de senha"" que permite redefinir o acesso usando reconhecimento facial ou confirmação por e-mail/SMS.
2. **Central de Atendimento (Telefone):** Ligue para o número de atendimento internacional do seu banco (geralmente disponível no verso do cartão ou no site oficial). **Dica:** Verifique se o banco oferece atendimento via Skype ou um número 0800 que aceite chamadas a cobrar do exterior.
3. **Internet Banking:** Tente acessar a conta pelo navegador do computador. Às vezes, o fluxo de recuperação de senha pelo site é diferente do aplicativo e pode ser mais flexível.
4. **Canais Digitais (Chat):** Acesse o site oficial do banco e procure pelo chat de atendimento. Alguns bancos possuem atendimento via WhatsApp oficial ou chat logado que pode ajudar no desbloqueio.
5. **Segurança:** Se você não conseguir desbloquear, **não tente adivinhar a senha várias vezes**, pois isso pode bloquear o cartão definitivamente ou exigir o comparecimento presencial em uma agência, o que seria muito difícil estando fora.

**Recomendações importantes:**
* **Não compartilhe sua senha** com ninguém, nem mesmo com atendentes.
* **Cuidado com golpes:** Certifique-se de que está falando com os canais oficiais do banco. Nunca clique em links enviados por e-mail ou SMS que prometam ""desbloqueio imediato"".
* **Cartão de reserva:** Se você tiver outro cartão de outro banco, utilize-o para suas despesas imediatas enquanto resolve o problema com o banco principal.

Se você me disser o nome do banco, posso tentar te orientar sobre qual é o canal de atendimento internacional mais comum para ele.","['# POP – Gestão de Senhas e Código de Acesso – Pessoa Física\n### [Versão anonimizada/pseudonimizada — documento complementar ao POP de CDC]\n\n> **Nota metodológica:** este documento usa a mesma metodologia e os mesmos pseudônimos institucionais do POP de CDC anonimizado anteriormente (Banco Alfa, SISALFA, App Alfa etc.). Termos novos e específicos deste documento (produtos de cartão, plataformas, rotinas) foram adicionados à mesma chave de correspondência (arquivo único, cumulativo). A lógica processual e as condições originais foram mantidas integralmente.\n\n**Sumário:** Notas iniciais · 1. Resumo das senhas · 2. Situação das senhas · 3. Correntistas e poupadores · 4. Não correntista · 5. Código de acesso · 6. Geração de senha PF · 7. Cliente no exterior · 8. Senha do portador adicional · 9. Acesso ao gov.br · 10. Central de Senhas PF · 11. Fontes de informação · 12. Rotinas absorvidas\n\n---\n\n## Notas iniciais\n\na) **Transferência de saldo/produtos entre agências:** a senha da agência de origem não é alterada; o cliente acessa normalmente a conta na agência de destino.\n\nb) Os procedimentos desta rotina não se aplicam a clientes PJ ou Setor Público. Para chave J e senhas (Alfa Digital PJ), ver rotina 50129.\n\nc) **Titulares solidários:** as senhas (6 e 8 dígitos) e o código de acesso são os mesmos para todos os titulares. Se um titular bloquear a senha, os demais ficam impossibilitados de realizar transações.\n\nd) **Push:** notificação recebida diretamente no App Alfa. Para ativar: 1) autorizar o App Alfa no sistema do celular (Android: Configurações > Receber Notificações; iOS: Ajustes > Receber Notificações); 2) ativar pelo App Alfa (área logada) em Perfil > Geral > Receber notificações.\n\ne) **Bloqueio de Canal:** consulte na plataforma em Segurança > Bloqueio de segurança > Histórico. Havendo bloqueio, o desbloqueio ocorre após a alteração das senhas de 6 e 8 dígitos — é obrigatório alterar primeiro a de 8 dígitos, depois a de 6. Use os itens 3 e/ou 4 para orientar os canais.\n\n---\n\n## 1. Resumo da utilização das senhas\n\n| Tipo de senha | Canais de utilização |\n|---|---|\n| Senha de 4 dígitos | Descontinuada |\n| Senha de 6 dígitos | Confirma transações de cartão débito e crédito. Plataforma de Relacionamento/URA: acesso, consulta e confirmação de transações da mesma titularidade. Site institucional (sem Alfa Code): confirmação de transações financeiras. App Alfa: confirmação de transações financeiras. WhatsApp Alfa: pode ser solicitada para confirmação de algumas transações. TCX, TAD, POS, correspondente bancário: confirmação de transações. TAA: confirmação de transações de beneficiários do INSS e de portadores de deficiência visual sem código de acesso. Banco 24 Horas e rede compartilhada (Banco Parceiro Beta): confirmação de transações de portadores de deficiência visual sem código de acesso. |\n| Senha de 8 dígitos | Site institucional, App Alfa, App Cartão Alfa e WhatsApp: acesso, consultas, transações financeiras e aquisição de produtos/serviços. |\n| Código de Acesso (letras, sílabas ou alfanumérico) | TAA, Banco 24 Horas e rede compartilhada: confirma transações, inclusive saques na função crédito do cartão. |\n| Conta de Acesso (senha alfanumérica) | Utilizada por não correntistas no App Alfa (versão não correntista). |\n\n---\n\n## 2. Situação das Senhas\n\n### 2.1. Consultas\n- Senhas de 6/8 dígitos e código de acesso — Quadro Próprio e Quadro Contratado: `SISALFA > SISRET > X69 > 2` (correntistas: agência e conta; não correntistas: número do cartão), campo STATUS (pode ser informado ao cliente).\n- Conta de Acesso (Quadro Próprio): `SISALFA > ACESSO > 32 > 01 > CPF`.\n\n### 2.2. Códigos aplicáveis a TODOS os tipos de senha\n| Código | Significado | Situação |\n|---|---|---|\n| 0 | Sem ocorrência de erro de digitação | Ativa |\n| 1 | Cliente errou a digitação uma vez | — |\n| 2 | Cliente errou a digitação duas vezes | — |\n| 3 | Cliente errou a digitação três vezes (se ocorrer na senha de 6 dígitos via APF, Mobile ou WhatsApp, o bloqueio ""3"" é aplicado também à senha de 8 dígitos) | Bloqueada |\n| 6 | Senha (PJ e Governo) cadastrada no Alfa Digital PJ, aguardando confirmação de um funcionário da agência | — |\n| 7 | Senha (PJ e Governo) cadastrada no Alfa Digital PJ, aguardando confirmação de dois funcionários da agência | — |\n| Q | Senha alterada no APF Internet sem Alfa Code, ou no APF Celular sem fotografar cartão válido (aguardando confirmação na TAA com biometria cadastrada há mais de 7 dias) | — |\n| U | Senha bloqueada pelo monitoramento de segurança dos canais de autoatendimento | — |\n\n### 2.3. Códigos exclusivos da senha de 6 dígitos\n| Código | Significado | Situação |\n|---|---|---|\n| A | Senha digitada errada 3 vezes | Bloqueada |\n| D | Erro na tentativa de desbloqueio na TAA, ou bloqueio feito pelo próprio cliente via APF Celular/Internet | — |\n\n### 2.4. Códigos exclusivos da senha de 8 dígitos\n| Código | Significado | Situação |\n|---|---|---|\n| T | Senha registrada antes de 2012 e bloqueada por não uso nos últimos 90 dias | Bloqueada |\n| D | Alteração iniciada via APF Celular, com falha na confirmação via TAA sem biometria | — |\n| P | Senha cadastrada via APF Internet/Celular, aguardando confirmação na TAA | — |\n| 4 | Erro na tentativa de desbloqueio via Mobile | — |\n| 8 | Senha bloqueada pela agência ou pelo próprio cliente nos canais de autoatendimento | — |\n\n### 2.5. Situações do código de acesso\nCódigo ""4"" = tentativa de desbloqueio na TAA; CAA = letras; CAS = sílabas; CAN = alfanumérico.\n\n### 2.6. Situações da senha alfanumérica (Conta de Acesso)\n*Solicitado* = cadastramento/alteração pedidos; *Ativa* = cadastrada e ativa; *Bloqueado* = bloqueada por erro de digitação ou por segurança.\n> Essa confirmação ocorre por oferta ativa, sem necessidade de navegar pelo menu da TAA.\n\n---\n\n## 3. Correntistas e Poupadores\n\n### 3.1. Senha de 6 dígitos (conta e cartão)\n\nUsada para autorizar transações em: terminais de caixa das agências, TAA, site institucional (sem Alfa Code), App Alfa, correspondente bancário, transações de cartão (débito e crédito) e acesso à Central de Relacionamento/SAC. Vinculada à agência/conta (correntista) ou ao CPF (não correntista).\n\n**3.1.1. Cadastramento**\n\n| Canal | Procedimento |\n|---|---|\n| Agência | Correntistas e poupadores: no fluxo de abertura de conta, em qualquer agência. Beneficiários do INSS: em qualquer agência. Clientes de conta digital: no fluxo de abertura pelo App Alfa. |\n\n> **Atenção:** se o cliente quiser encerrar a conta corrente e ficar só com o cartão de crédito, cadastre nova senha como não correntista — obrigatório para não deixar pendente a emissão dos cartões.\n\n**3.1.2. Alteração**\n\n> Para cartões com chip, após a alteração, oriente o cliente a atualizar o chip de todos os plásticos em qualquer TAA (sob risco da senha não funcionar). Verifique a possibilidade de enviar senha provisória por SMS (item 6).\n\n| Canal | Requisitos/Condição | Procedimento |\n|---|---|---|\n| App Alfa | Celular autorizado há mais de 30 dias; Alfa Code ou Push habilitado; geolocalização ativa e autorizada; cartão ativo; senha de 8 dígitos ativa (códigos 0, 1 e/ou 2). Não disponível se bloqueada por ""8"". | **Com a senha anterior:** área logada > Perfil > Segurança > Central de senhas > Senha de 6 dígitos > Alterar. **Sem a senha anterior:** área logada > Perfil > Segurança > Central de senhas > Senha de 6 dígitos > Esqueci a senha > ""Agora utilizando o cartão"" (dados do cartão) — confirmação por: (i) biometria na TAA (cadastrada há mais de 7 dias): App Alfa > Menu > Perfil > Central de senhas > Senha de 6 dígitos > Esqueci a senha > No caixa eletrônico, depois na TAA em Segurança e Senhas > Senhas > Liberação de Senha Provisória > Senha da conta e cartão (6 dígitos); ou (ii) WhatsApp (telefone cadastrado no ATO): área logada > Perfil > Central de senhas > Senha de 6 dígitos > Esqueci a senha > Por WhatsApp. |\n| Site institucional | Senha de 8 dígitos ativa (códigos 0, 1 e/ou 2). Não disponível para quem não usa Alfa Code e não tem biometria cadastrada há mais de 7 dias (ou de forma assistida), nem para bloqueio ""U"" ou ""8"" da senha de 6 dígitos. | Em computador autorizado, com ou sem a senha anterior: **com adesão ao Alfa Code:** área logada > Segurança > Senhas > Alterar > Senha do cartão (6 dígitos) (exige código de autorização do Alfa Code). **Sem adesão ao Alfa Code, com biometria cadastrada:** mesmo caminho, confirmando em uma TAA com biometria cadastrada há mais de 7 dias. |\n| Agências (inclusive bloqueio ""U"") | — | Mediante identificação; recomendar que o cliente leve o cartão. |\n| SAC | Bloqueio ""U"": SAC Receptivo QP/QC (Célula de Segurança) → rotina 50130; SAC Soluções QP → rotina 50131; SAC Quadro Contratado → rotina 50112. Outros bloqueios: SAC Quadro Próprio → procedimento de Geração de Senha (item 6); SAC Quadro Contratado → rotina 50112. | — |\n| Plataforma de Relacionamento / ATA | Exceto bloqueio ""U"": Quadro Próprio → Geração de Senha; Quadro Contratado (não correntista portador de cartão) → Geração de Senha; correntistas/poupadores → demais canais. | — |\n\n**3.1.3. Bloqueio**\n\nCanais por iniciativa do cliente: TAA; SAC QC/QP; Plataforma de Relacionamento; site institucional (com Alfa Code); App Alfa (dispositivo autorizado, com Alfa Code ou push); agências.\n> Se o cliente detectar lançamentos indevidos na conta (inclusive por invasão do site), utilize também a rotina 50136, item 5.1. Bloqueio por um titular solidário impede os demais de transacionar. O bloqueio do código de acesso implica bloqueio da senha de 6 dígitos.\n\n**3.1.4. Desbloqueio**\n\nFeito COM conhecimento da senha anterior (sem isso, é preciso fazer a Alteração). Bloqueio ""U"" não admite desbloqueio, só Alteração.\n\n| Canal | Requisitos | Procedimento |\n|---|---|---|\n| App Alfa | Celular autorizado >30 dias; Alfa Code/Push habilitado; geolocalização ativa; cartão ativo; senha de 8 dígitos ativa (0,1,2). | Área logada > Perfil > Segurança > Central de senhas > Senha de 6 dígitos > Desbloquear. |\n| Site institucional | Senha de 8 dígitos ativa (0,1,2). | Em computador autorizado — com Alfa Code: Segurança > Senhas > Desbloquear (código de autorização); sem Alfa Code: mesmo caminho, confirmando em TAA com biometria (>7 dias). |\n| TAA | Biometria, ou cartão + código de acesso. | Menu > Segurança e Senhas > Senhas > Desbloqueio > Senha da conta e cartão (6 dígitos). |\n| Agência | Identificação (recomendar levar o cartão). | — |\n\n> Erro de digitação na tentativa de desbloqueio na TAA: só pode ser desbloqueada em agência. Bloqueio por iniciativa da agência/cliente: desbloqueio em qualquer agência. Bloqueio por erro de identificação positiva na TAA: só desbloqueia em agência (se o cliente souber a senha); usar a TAA para essa operação não é possível. Desbloqueio exige código de acesso ou biometria; sem nenhum dos dois, é necessário comparecer a uma agência.\n\n### 3.2. Senha de 8 dígitos\n\nAcessa o site institucional e o App Alfa; pode ser provisória¹ ou definitiva. Confirmação de transações financeiras via Alfa Code; sem Alfa Code, usa-se a senha de 6 dígitos (oriente o cadastramento do Alfa Code). Senha única — não precisa ser cadastrada por cada titular.\n\n> ¹ Provisória: só senhas antigas; acesso restrito a consultas. Para movimentações financeiras, deve ser liberada em uma TAA.\n\n**3.2.1. Cadastramento**\n\n| Canal | Procedimento |\n|---|---|\n| App Alfa | Correntistas/poupadores: ""Esqueci ou não tenho a senha"" na tela de login (clientes sem histórico de equipamento autorizado no ATO); o equipamento fica em carência (há um link de liberação). Clientes de conta digital: cadastram no fluxo de abertura via Mobile. |\n| TAA | Com biometria cadastrada há mais de 7 dias: Menu > Segurança e Senhas > Senhas > Cadastramento. |\n| Agência | Qualquer agência, informando a senha de 6 dígitos. |\n\n**3.2.2. Alteração**\n\n| Canal | Condição | Procedimento |\n|---|---|---|\n| App Alfa | Celular autorizado >30 dias; Alfa Code/Push; geolocalização; cartão ativo. | **Com a senha atual:** área logada > Perfil > Segurança > Central de senhas > Senha de 8 dígitos > Alterar (digitar a senha atual). **Sem a senha atual (inclusive bloqueio ≠ ""U""), ou bloqueio ""U"":** ""Esqueci minha senha"" (tela de login ou tela inicial não logada) > Recuperar senha > Senha de 8 dígitos > Esqueci a senha, com 3 opções: (i) ""Agora utilizando o cartão"" (dados do cartão, dispositivo autorizado, Alfa Code ou Push); (ii) ""No caixa eletrônico"" (confirmação por biometria na TAA, cadastrada há mais de 7 dias); (iii) por WhatsApp (telefone cadastrado no ATO + versão mínima do app + reconhecimento facial). *A opção ""recuperar senha"" só aparece em celular autorizado onde o cliente já acessou a conta ao menos uma vez.* |\n| Site institucional (computador autorizado) | Com a senha atual: exigida a senha de 8 dígitos atual. | **Com Alfa Code:** Segurança > Senhas > Alterar > Senha da internet (8 dígitos) (código de autorização). **Sem Alfa Code:** mesmo caminho, confirmando em TAA com biometria (>7 dias). Sem a senha atual (inclusive bloqueio ≠ ""U""), ou bloqueio ""U"": não disponível neste canal. |\n| TAA | Com ou sem a senha atual (inclusive bloqueios). | Menu > Segurança e Senhas > Senhas > Alteração > Senha de acesso à internet e ao celular (8 dígitos). Com biometria: qualquer horário (cadastrada há mais de 7 dias, ou de forma assistida). Sem biometria, com cartão com chip + código de acesso: das 10h às 16h em dias úteis. |\n| Agência | Com ou sem a senha atual (inclusive bloqueios). | Atendimento presencial, exigindo a senha de 6 dígitos; recomendar levar o cartão. |\n| SAC | Com a senha atual, ou sem ela (exceto ""U""): Quadro Próprio → Geração de Senha; Quadro Contratado → rotina 50112. Bloqueio ""U"": SAC Receptivo (Célula de Segurança) → rotina 50130; SAC Soluções QP → rotina 50131; SAC QC → rotina 50112. | — |\n| Plataforma de Relacionamento / ATA | Com a senha atual, ou sem ela (exceto ""U""): Quadro Próprio → Geração de Senha; Quadro Contratado (não correntista com cartão) → Geração de Senha; correntistas/poupadores → demais canais. Bloqueio ""U"": não disponível neste canal. | — |\n\n**3.2.3. Bloqueio**\n\nCanais por iniciativa do cliente: TAA; SAC; agências; site institucional (com Alfa Code); App Alfa (dispositivo autorizado, com Alfa Code ou push). Bloqueio de segurança ocorre quando há indício de violação da senha. Bloqueio ""T"": não é mais aplicado — restam apenas registros até 2012.\n\n**3.2.4. Desbloqueio**\n\n> Sem conhecimento da senha anterior, bloqueio ""U"" (segurança) ou bloqueio ""4"": seguir os procedimentos de Alteração.\n\nConsulte em `SISRET X69 > 02` (correntistas: agência/conta; não correntistas: número do cartão), campo STATUS, ou pela Plataforma (Segurança > Senhas > Gerenciamento de Senhas). Não pergunte data de validade nem CVV ao cliente — preencha o número do cartão, use o mês/ano do contato como validade e ""000"" no CVV2.\n\n| Tipo de bloqueio | Canal | Procedimento |\n|---|---|---|\n| Por iniciativa da agência ou do cliente | Agência | Com a senha de 6 dígitos (recomendar levar o cartão). |\n| | TAA | Com código de acesso ou biometria. |\n| Por motivo ""T"" | Agência | Idem acima. |\n| | TAA | Idem acima. |\n| Por digitação incorreta 3 vezes | App Alfa (dispositivo autorizado >30 dias, Alfa Code/Push, geolocalização, cartão ativo) | Recuperar Senhas > Senha de 8 dígitos > Desbloquear (digitar a senha atual). |\n| | Agência | Com a senha de 6 dígitos. |\n| | TAA | Com código de acesso ou biometria. |\n| Por erro na tentativa de desbloqueio na TAA | Agência | Com a senha de 6 dígitos. |\n\n---\n\n## 4. Não Correntista\n\n### 4.1. Senha de 6 dígitos\n\n**4.1.1. Cadastramento:** clientes não correntistas que solicitam Cartão Alfa via App ou web cadastram no próprio fluxo de solicitação. Private Label → rotina 50133. Cartões de programa de fidelidade parceiro → rotina 50134.\n\n**4.1.2. Alteração:** Agência (qualquer uma, com cartão válido e identificação); SAC e Plataforma de Relacionamento → item 6 desta rotina.\n\n**4.1.3. Bloqueio:** por iniciativa do cliente — TAA; SAC QC/QP; Plataforma de Relacionamento; agências.\n\n**4.1.4. Desbloqueio:** Agência (qualquer uma, com a senha de 6 dígitos); TAA (com o código de acesso).\n\n### 4.2. Conta de Acesso e Senha de 8 dígitos\n\n**Demanda:** dificuldade para acessar o App Alfa ou o App Cartão Alfa com a senha de 8 dígitos.\n\n> **Atenção:** há 2 tipos de senha de 8 dígitos para não correntista — **Conta de Acesso** (acessa o App Alfa) e **Senha-8** (acessa o App Cartão Alfa). O cliente normalmente não sabe dessa distinção. Para identificar o tipo, siga o item 4.2.1.\n\n**4.2.1. Identificação do tipo de senha**\n\n*4.2.1.1. Sistema Alfa:*\n- a) Senha Conta de Acesso: `SISRET X69 > 02 > nº do cartão`. Se ""não localizado"" ou se o cliente tiver os dois tipos, siga para (b). Se possuir só Conta de Acesso: Quadro Contratado → siga para 4.2.2; Quadro Próprio → confira a situação (se ""Ativo"", tecle F9 para mais detalhes) e siga para 4.2.2.\n- b) Senha-8: `SISALFA > SISRET X69 > 02 > nº do cartão`. Cliente com só Senha-8, ou com as duas → oriente conforme 4.2.2 (Quadro Próprio e Contratado).\n\n*4.2.1.2. Plataforma:* não pergunte data de validade nem CVV. `Plataforma de Negócios > Segurança > Senhas > Gerenciamento de Senhas 3.0` — preencha o número do cartão, use o mês/ano do contato como validade e ""000"" no CVV2.\n\n**4.2.2. Procedimentos** (se o cliente tiver os dois tipos, pergunte qual app ele quer acessar):\n\n| Senha | Cadastramento | Alteração | Bloqueio | Desbloqueio |\n|---|---|---|---|---|\n| **Conta de Acesso** (App Alfa) | No momento da contratação do cartão (App Alfa/onboarding digital) | App Alfa (Central de Senhas) ou link de recuperação; Agência (cartão válido e previamente liberado) | Agência | Agência (cartão válido e previamente liberado) |\n| **Senha-8** (App Cartão Alfa) | No momento da contratação do cartão (lojas parceiras, correspondentes, agências) | TAA; SAC e Plataforma de Relacionamento (Geração de Senha, ou outros canais); App Cartão Alfa ""Esqueci minha senha"" (sem bloqueio vigente); Agência | TAA; APF; Mobile; agências; **se o cliente foi vítima de assalto, roubo ou sequestro:** SAC QP/QC e Plataforma de Relacionamento → `SISRET X98`, código de rota 800050, conta = nº da conta do cartão | TAA; Agência |\n\n> Não correntistas com Conta de Acesso também podem acessar o App Cartão Alfa, mas precisam cadastrar uma senha de 8 dígitos separada via ""Esqueci senha"" — explique que serão duas senhas diferentes, uma para cada app. Quem possui só a Senha-8 NÃO consegue acessar o App Alfa.\n\n---\n\n## 5. Código de Acesso (Alfanumérico)\n\na) **Deficientes visuais:** o cliente com deficiência visual total pode ser dispensado da exigência do código de acesso, mediante registro da característica no cadastro pela agência. Em conta conjunta, a dispensa vale só para o titular com a deficiência.\n\nb) **Tipos:** CAA (letras), CAS (sílabas), CAN (alfanumérico). Emitido quando o cliente usa a TAA com cartão pela primeira vez, tentando uma transação/consulta — o cliente é avisado do novo código, que substitui o anterior.\n\nc) Se o cliente disser que não tem/não anotou o código: oriente conforme a tabela abaixo, ou informe que TAAs com biometria dispensam o código de acesso (rotina 50132, itens 1 e 9).\n\n**5.1. O que é:** código aleatório (letras, sílabas e/ou números), não escolhido pelo cliente; para PF e PJ, correntistas, não correntistas e poupadores portadores de cartão; necessário em: TAA, Banco 24 Horas e rede compartilhada (Banco Parceiro Beta).\n\n**5.2. Cadastramento:** gerado e impresso automaticamente no primeiro uso do cartão na TAA; regenerado em migração de conta (mesmo cartão) ou quando o código antigo é cancelado. Se a impressora estiver inoperante, é mostrado só em tela. Código único para todos os titulares solidários.\n\n**5.3. Alteração:** não existe alteração direta — o código deve ser cancelado (canais abaixo); a nova combinação é gerada automaticamente no próximo acesso à TAA. *(O código não muda se a senha da conta corrente for alterada.)*\n\n| Canal | Procedimento |\n|---|---|\n| App Alfa | Área logada > Perfil > Segurança > Central de senhas > Código de Acesso > Solicitar novo código. |\n| Site institucional | Área logada — confirmação via Alfa Code; sem Alfa Code, confirma na TAA com biometria cadastrada há mais de 7 dias. |\n| Agência | Com a senha de 6 dígitos (recomendar levar o cartão). |\n\n**5.4. Bloqueio:** após 3 tentativas seguidas incorretas. Bloqueio da senha de 6 dígitos ou do código de acesso mantém o uso da TAA com biometria. Bloqueio da senha de 6 dígitos mantém o uso do código de acesso, exceto nos bloqueios ""U"" ou ""8"".\n\n**5.5. Desbloqueio:** pelo próprio cliente na TAA, usando o próprio código de acesso. Se houver novo erro, o código deve ser cancelado (site institucional com Alfa Code, App Alfa, ou qualquer agência) para gerar um novo.\n\n---\n\n## 6. Geração de Senha PF – Procedimentos\n\nEnvio de senha (6 e 8 dígitos) por SMS para PF — só para ALTERAÇÃO (não para cadastro de primeira senha, que segue outros canais). Não disponível para senhas ""não cadastradas""/""a cadastrar"" ou bloqueio ""U"". Faça as consultas do item 6.2 antes.\n\n### 6.1. Atendimento\n\n| Frente | Quem atende | Identificação |\n|---|---|---|\n| SAC QP | Correntistas e não correntistas | Cliente autenticado (URA, Token ou Identificação Positiva) |\n| SAC QC | Não correntistas portadores de cartão (correntistas/poupadores: transferir para a Célula de Segurança via rotina 50106) | — |\n| Plataforma de Relacionamento QP | Correntistas e não correntistas | Autenticado por CPF+senha, agência/conta+senha ou Token: IP dispensada. Atendimentos ATA, Consultoria e Texto: exigem IP. Bancada Cartão: Checklist Maior Risco. |\n| Plataforma de Relacionamento QC | Não correntistas portadores de cartão (correntistas/poupadores: demais canais, itens 3 e 4) | — |\n\n### 6.2. Consultas\n\n1. Verifique o cadastro da senha em `SISRET X69 > 02` ou pela Plataforma (Segurança > Senhas > Gerenciamento de Senhas) — correntistas: agência/conta; não correntistas: número do cartão (não pedir validade/CVV; usar mês/ano do contato e ""000"" no CVV2).\n2. Resultado ""Não cadastrada""/""A cadastrar"" → cliente não correntista com entrada via onboarding digital; não é possível enviar senha; oriente: 8 dígitos via App Alfa (se dispositivo autorizado com Alfa Code/push); 6 dígitos, comparecer a uma agência.\n3. Resultado ""U Bloqueado"" → SAC Receptivo (Célula de Segurança) → rotina 50130; SAC Soluções QP → rotina 50131; SAC Receptivo QC → rotina 50112; Plataforma de Relacionamento → orientar contato com o SAC.\n4. Demais situações → prossiga: pergunte o celular atual do cliente (não informe outros números cadastrados) e confira no cadastro (agência/conta ou MCI) se é o mesmo já registrado. Se divergente, ou se houver mais de um número/duplicidade cadastrada → oriente comparecimento a uma agência. Se for o mesmo e único número → siga para 6.3.\n\n### 6.3. Geração de Senha\n\na) Acesse Plataforma > Segurança > Senhas > Envio de Senha por SMS.\nb) Consulte por tipo de cliente: correntista (CPF, agência e conta, ou MCI); não correntista (CPF); na aba Cartão, informe o número (via `Cartão > 11 > 1` ou `17 > 01 > 01`) — se houver mais de um cartão, peça modalidade e os 4 últimos dígitos.\nc) Selecione a conta/cartão do cliente.\nd) Selecione o envio de senha de 8 e/ou 6 dígitos — o sistema gera uma senha aleatória e envia por SMS.\ne) Informe que a senha chega por SMS ao celular cadastrado, sem prazo de expiração, e que deve ser alterada assim que possível por segurança.\nf) Se for senha de 6 dígitos, informe que, após a alteração, é preciso validar o chip do cartão em qualquer TAA — caso contrário, a nova senha não funcionará com o cartão com chip.\n\n---\n\n## 7. Cliente no Exterior\n\na) **Central de Senhas** (no App Alfa; exige cartão ativo, dispositivo liberado e Alfa Code/Push): permite alterar/bloquear/desbloquear/criar senha de 8 dígitos; alterar/bloquear/desbloquear senha de 6 dígitos; solicitar novo código de acesso. Acesso com a senha atual: área logada > Perfil > Central de senhas. Sem a senha: tela inicial não logada > Recuperar senha.\n\nb) **Agências no exterior:** procedimento de senhas disponível somente na agência de Tóquio.\n\nc) Solicitar a um representante legal (com procuração com firma reconhecida) que realize a operação na agência de relacionamento do cliente no Brasil.\n\nd) A agência de relacionamento envia ao e-mail cadastrado no MCI uma declaração para o cliente assinar e digitalizar — válido apenas para senhas bloqueadas por erro, não para bloqueio ""U"" (suspeita de fraude). O pedido pode começar por qualquer canal de contato, mas a declaração assinada só pode retornar pelo e-mail cadastrado no MCI. A agência de relacionamento pode ser confirmada com o cliente durante a ligação, na aba lateral da Plataforma de Relacionamento.\n\ne) **Cartões com chip:** após a alteração da senha de 6 dígitos, oriente o cliente a atualizar o chip de todos os plásticos ao voltar ao Brasil (em uma TAA), sob risco de impacto em transações presenciais; carteiras digitais funcionam normalmente após a troca.\n\nf) **Uso da senha no exterior:** alguns terminais usam PIN de 4 e/ou 6 dígitos. Nos de 4 dígitos, o cliente informa os 4 primeiros dígitos da sua senha de 6. No exterior, o cliente tem as mesmas opções dos demais clientes, pelo site institucional ou pelo App Alfa.\n\n---\n\n## 8. Senha do Portador Adicional\n\n| Portador | Solicitação | Alteração/reposição |\n|---|---|---|\n| **Adicional não correntista** | Presencial: senha de 6 dígitos cadastrada na hora. Demais canais: senha enviada por correio ao endereço do portador titular. | Se perder, esquecer ou não receber, cadastrar nova em qualquer agência. |\n| **Adicional correntista** | Usa a mesma senha pessoal de 6 dígitos de sua própria conta. Sem senha gravada: modalidades Doméstico/Internacional → sistema não gera o cartão; modalidades Gold e superiores → senha enviada por correio, cartão gerado após o recebimento. | Se perder, esquecer ou não receber, seguir as orientações do item 3. |\n\n---\n\n## 9. Acesso ao gov.br com credenciais do Banco Alfa\n\nVer rotina 50135.\n\n---\n\n## 10. Central de Senhas PF\n\nSolução de segurança no App Alfa para o cliente gerenciar suas senhas.\n- **Área logada:** Perfil > Segurança > Central de Segurança > Central de senhas; Perfil > Segurança > Central de senhas; Menu > Segurança > Central de Segurança > Central de Senhas.\n- **Área não logada:** Tela inicial > Recuperar Senha; ou role a tela para cima > Recuperar Senha.\n\n**Requisitos:** celular autorizado há mais de 30 dias; telefone cadastrado no ATO; Alfa Code ou Push habilitado; geolocalização ativa e autorizada; permissão de câmera concedida ao app; cartão ativo.\n\n> **Atenção:** não correntistas usam a Central de Senhas apenas para alterar a senha ""Conta de Acesso"" (ver item 4.2.2).\n\n---\n\n## 11. Fontes de informação\n\nUGS – Unidade de Gestão de Segurança (código 800040) · Normativo interno 5001 · Normativo interno 5002\n\n---\n\n## 12. Rotinas absorvidas\n\nO conteúdo das seguintes rotinas foi absorvido por este documento:\n\n| Código (anonimizado) | Assunto |\n|---|---|\n| 50137 | Senhas – Orientações (Código de Acesso) |\n| 50138 | Senhas – Orientações (Não correntista) |\n| 50139 | Senhas – Correntistas (Internet e Celular) |\n| 50140 | Arquivada – Senhas – Orientações (Conta-corrente) |\n| 50141 | POP UP – Senhas – Tipos de bloqueio |\n| 50142 | Modalidade de conta simplificada – Senhas |\n| 50143 | Senhas – Orientações – Poupador não correntista |\n| 50144 | Acesso do cliente à plataforma digital gov.br (parceria Banco Alfa e Governo Federal) |\n| 50145 | Senhas – Alfa Digital PJ |\n| 50146 | Atendimento para clientes não participantes do modelo ATA |\n| 50147 | Geração de senha PF – Procedimentos |\n']","Não: agências no exterior só operam senhas em Tóquio; representante legal com procuração pode atuar no Brasil; a declaração por e-mail do MCI vale só para bloqueio por erro, nunca para bloqueio 'U' por suspeita de fraude. Usar Central de Senhas no App Alfa quando elegível.",CONDITIONAL_WORKFLOW,69.5686,,0.2962962962962963,0.8627181283384101,1.0,0.9999999999
O cartão adicional do meu filho chegou sem senha. O que fazer?,"Para definir ou alterar a senha do cartão adicional do seu filho, você geralmente tem três caminhos principais, dependendo das regras do seu banco:

1.  **Aplicativo do Banco:** Acesse a sua conta (ou a conta do titular do cartão) no aplicativo, vá até a seção de ""Cartões"", selecione o cartão adicional e procure por uma opção como **""Gerenciar senha""**, **""Definir senha do cartão""** ou **""Desbloquear cartão""**. Muitas vezes, a senha é criada no momento do desbloqueio.
2.  **Caixa Eletrônico:** Em alguns bancos, é possível ir a um caixa eletrônico da própria instituição, inserir o cartão e seguir as instruções na tela para cadastrar a senha inicial.
3.  **Central de Atendimento:** Ligue para o número que consta no verso do cartão ou no site oficial do banco. O atendente poderá orientá-lo sobre como proceder para cadastrar a senha (alguns bancos enviam uma senha provisória por SMS ou permitem o cadastro via atendimento eletrônico).

**Dicas importantes:**
*   **Não tente adivinhar:** Evite digitar senhas incorretas repetidamente, pois isso pode bloquear o cartão por segurança.
*   **Segurança:** Nunca compartilhe a senha com terceiros.
*   **Titularidade:** Como você é o titular, é provável que o procedimento precise ser feito através do seu acesso ao aplicativo ou mediante sua confirmação, já que a responsabilidade financeira pelo cartão adicional é sua.

Se não encontrar a opção no aplicativo, recomendo entrar em contato com o chat ou a central de atendimento do seu banco para confirmar o procedimento específico da sua instituição.","['# POP – Gestão de Senhas e Código de Acesso – Pessoa Física\n### [Versão anonimizada/pseudonimizada — documento complementar ao POP de CDC]\n\n> **Nota metodológica:** este documento usa a mesma metodologia e os mesmos pseudônimos institucionais do POP de CDC anonimizado anteriormente (Banco Alfa, SISALFA, App Alfa etc.). Termos novos e específicos deste documento (produtos de cartão, plataformas, rotinas) foram adicionados à mesma chave de correspondência (arquivo único, cumulativo). A lógica processual e as condições originais foram mantidas integralmente.\n\n**Sumário:** Notas iniciais · 1. Resumo das senhas · 2. Situação das senhas · 3. Correntistas e poupadores · 4. Não correntista · 5. Código de acesso · 6. Geração de senha PF · 7. Cliente no exterior · 8. Senha do portador adicional · 9. Acesso ao gov.br · 10. Central de Senhas PF · 11. Fontes de informação · 12. Rotinas absorvidas\n\n---\n\n## Notas iniciais\n\na) **Transferência de saldo/produtos entre agências:** a senha da agência de origem não é alterada; o cliente acessa normalmente a conta na agência de destino.\n\nb) Os procedimentos desta rotina não se aplicam a clientes PJ ou Setor Público. Para chave J e senhas (Alfa Digital PJ), ver rotina 50129.\n\nc) **Titulares solidários:** as senhas (6 e 8 dígitos) e o código de acesso são os mesmos para todos os titulares. Se um titular bloquear a senha, os demais ficam impossibilitados de realizar transações.\n\nd) **Push:** notificação recebida diretamente no App Alfa. Para ativar: 1) autorizar o App Alfa no sistema do celular (Android: Configurações > Receber Notificações; iOS: Ajustes > Receber Notificações); 2) ativar pelo App Alfa (área logada) em Perfil > Geral > Receber notificações.\n\ne) **Bloqueio de Canal:** consulte na plataforma em Segurança > Bloqueio de segurança > Histórico. Havendo bloqueio, o desbloqueio ocorre após a alteração das senhas de 6 e 8 dígitos — é obrigatório alterar primeiro a de 8 dígitos, depois a de 6. Use os itens 3 e/ou 4 para orientar os canais.\n\n---\n\n## 1. Resumo da utilização das senhas\n\n| Tipo de senha | Canais de utilização |\n|---|---|\n| Senha de 4 dígitos | Descontinuada |\n| Senha de 6 dígitos | Confirma transações de cartão débito e crédito. Plataforma de Relacionamento/URA: acesso, consulta e confirmação de transações da mesma titularidade. Site institucional (sem Alfa Code): confirmação de transações financeiras. App Alfa: confirmação de transações financeiras. WhatsApp Alfa: pode ser solicitada para confirmação de algumas transações. TCX, TAD, POS, correspondente bancário: confirmação de transações. TAA: confirmação de transações de beneficiários do INSS e de portadores de deficiência visual sem código de acesso. Banco 24 Horas e rede compartilhada (Banco Parceiro Beta): confirmação de transações de portadores de deficiência visual sem código de acesso. |\n| Senha de 8 dígitos | Site institucional, App Alfa, App Cartão Alfa e WhatsApp: acesso, consultas, transações financeiras e aquisição de produtos/serviços. |\n| Código de Acesso (letras, sílabas ou alfanumérico) | TAA, Banco 24 Horas e rede compartilhada: confirma transações, inclusive saques na função crédito do cartão. |\n| Conta de Acesso (senha alfanumérica) | Utilizada por não correntistas no App Alfa (versão não correntista). |\n\n---\n\n## 2. Situação das Senhas\n\n### 2.1. Consultas\n- Senhas de 6/8 dígitos e código de acesso — Quadro Próprio e Quadro Contratado: `SISALFA > SISRET > X69 > 2` (correntistas: agência e conta; não correntistas: número do cartão), campo STATUS (pode ser informado ao cliente).\n- Conta de Acesso (Quadro Próprio): `SISALFA > ACESSO > 32 > 01 > CPF`.\n\n### 2.2. Códigos aplicáveis a TODOS os tipos de senha\n| Código | Significado | Situação |\n|---|---|---|\n| 0 | Sem ocorrência de erro de digitação | Ativa |\n| 1 | Cliente errou a digitação uma vez | — |\n| 2 | Cliente errou a digitação duas vezes | — |\n| 3 | Cliente errou a digitação três vezes (se ocorrer na senha de 6 dígitos via APF, Mobile ou WhatsApp, o bloqueio ""3"" é aplicado também à senha de 8 dígitos) | Bloqueada |\n| 6 | Senha (PJ e Governo) cadastrada no Alfa Digital PJ, aguardando confirmação de um funcionário da agência | — |\n| 7 | Senha (PJ e Governo) cadastrada no Alfa Digital PJ, aguardando confirmação de dois funcionários da agência | — |\n| Q | Senha alterada no APF Internet sem Alfa Code, ou no APF Celular sem fotografar cartão válido (aguardando confirmação na TAA com biometria cadastrada há mais de 7 dias) | — |\n| U | Senha bloqueada pelo monitoramento de segurança dos canais de autoatendimento | — |\n\n### 2.3. Códigos exclusivos da senha de 6 dígitos\n| Código | Significado | Situação |\n|---|---|---|\n| A | Senha digitada errada 3 vezes | Bloqueada |\n| D | Erro na tentativa de desbloqueio na TAA, ou bloqueio feito pelo próprio cliente via APF Celular/Internet | — |\n\n### 2.4. Códigos exclusivos da senha de 8 dígitos\n| Código | Significado | Situação |\n|---|---|---|\n| T | Senha registrada antes de 2012 e bloqueada por não uso nos últimos 90 dias | Bloqueada |\n| D | Alteração iniciada via APF Celular, com falha na confirmação via TAA sem biometria | — |\n| P | Senha cadastrada via APF Internet/Celular, aguardando confirmação na TAA | — |\n| 4 | Erro na tentativa de desbloqueio via Mobile | — |\n| 8 | Senha bloqueada pela agência ou pelo próprio cliente nos canais de autoatendimento | — |\n\n### 2.5. Situações do código de acesso\nCódigo ""4"" = tentativa de desbloqueio na TAA; CAA = letras; CAS = sílabas; CAN = alfanumérico.\n\n### 2.6. Situações da senha alfanumérica (Conta de Acesso)\n*Solicitado* = cadastramento/alteração pedidos; *Ativa* = cadastrada e ativa; *Bloqueado* = bloqueada por erro de digitação ou por segurança.\n> Essa confirmação ocorre por oferta ativa, sem necessidade de navegar pelo menu da TAA.\n\n---\n\n## 3. Correntistas e Poupadores\n\n### 3.1. Senha de 6 dígitos (conta e cartão)\n\nUsada para autorizar transações em: terminais de caixa das agências, TAA, site institucional (sem Alfa Code), App Alfa, correspondente bancário, transações de cartão (débito e crédito) e acesso à Central de Relacionamento/SAC. Vinculada à agência/conta (correntista) ou ao CPF (não correntista).\n\n**3.1.1. Cadastramento**\n\n| Canal | Procedimento |\n|---|---|\n| Agência | Correntistas e poupadores: no fluxo de abertura de conta, em qualquer agência. Beneficiários do INSS: em qualquer agência. Clientes de conta digital: no fluxo de abertura pelo App Alfa. |\n\n> **Atenção:** se o cliente quiser encerrar a conta corrente e ficar só com o cartão de crédito, cadastre nova senha como não correntista — obrigatório para não deixar pendente a emissão dos cartões.\n\n**3.1.2. Alteração**\n\n> Para cartões com chip, após a alteração, oriente o cliente a atualizar o chip de todos os plásticos em qualquer TAA (sob risco da senha não funcionar). Verifique a possibilidade de enviar senha provisória por SMS (item 6).\n\n| Canal | Requisitos/Condição | Procedimento |\n|---|---|---|\n| App Alfa | Celular autorizado há mais de 30 dias; Alfa Code ou Push habilitado; geolocalização ativa e autorizada; cartão ativo; senha de 8 dígitos ativa (códigos 0, 1 e/ou 2). Não disponível se bloqueada por ""8"". | **Com a senha anterior:** área logada > Perfil > Segurança > Central de senhas > Senha de 6 dígitos > Alterar. **Sem a senha anterior:** área logada > Perfil > Segurança > Central de senhas > Senha de 6 dígitos > Esqueci a senha > ""Agora utilizando o cartão"" (dados do cartão) — confirmação por: (i) biometria na TAA (cadastrada há mais de 7 dias): App Alfa > Menu > Perfil > Central de senhas > Senha de 6 dígitos > Esqueci a senha > No caixa eletrônico, depois na TAA em Segurança e Senhas > Senhas > Liberação de Senha Provisória > Senha da conta e cartão (6 dígitos); ou (ii) WhatsApp (telefone cadastrado no ATO): área logada > Perfil > Central de senhas > Senha de 6 dígitos > Esqueci a senha > Por WhatsApp. |\n| Site institucional | Senha de 8 dígitos ativa (códigos 0, 1 e/ou 2). Não disponível para quem não usa Alfa Code e não tem biometria cadastrada há mais de 7 dias (ou de forma assistida), nem para bloqueio ""U"" ou ""8"" da senha de 6 dígitos. | Em computador autorizado, com ou sem a senha anterior: **com adesão ao Alfa Code:** área logada > Segurança > Senhas > Alterar > Senha do cartão (6 dígitos) (exige código de autorização do Alfa Code). **Sem adesão ao Alfa Code, com biometria cadastrada:** mesmo caminho, confirmando em uma TAA com biometria cadastrada há mais de 7 dias. |\n| Agências (inclusive bloqueio ""U"") | — | Mediante identificação; recomendar que o cliente leve o cartão. |\n| SAC | Bloqueio ""U"": SAC Receptivo QP/QC (Célula de Segurança) → rotina 50130; SAC Soluções QP → rotina 50131; SAC Quadro Contratado → rotina 50112. Outros bloqueios: SAC Quadro Próprio → procedimento de Geração de Senha (item 6); SAC Quadro Contratado → rotina 50112. | — |\n| Plataforma de Relacionamento / ATA | Exceto bloqueio ""U"": Quadro Próprio → Geração de Senha; Quadro Contratado (não correntista portador de cartão) → Geração de Senha; correntistas/poupadores → demais canais. | — |\n\n**3.1.3. Bloqueio**\n\nCanais por iniciativa do cliente: TAA; SAC QC/QP; Plataforma de Relacionamento; site institucional (com Alfa Code); App Alfa (dispositivo autorizado, com Alfa Code ou push); agências.\n> Se o cliente detectar lançamentos indevidos na conta (inclusive por invasão do site), utilize também a rotina 50136, item 5.1. Bloqueio por um titular solidário impede os demais de transacionar. O bloqueio do código de acesso implica bloqueio da senha de 6 dígitos.\n\n**3.1.4. Desbloqueio**\n\nFeito COM conhecimento da senha anterior (sem isso, é preciso fazer a Alteração). Bloqueio ""U"" não admite desbloqueio, só Alteração.\n\n| Canal | Requisitos | Procedimento |\n|---|---|---|\n| App Alfa | Celular autorizado >30 dias; Alfa Code/Push habilitado; geolocalização ativa; cartão ativo; senha de 8 dígitos ativa (0,1,2). | Área logada > Perfil > Segurança > Central de senhas > Senha de 6 dígitos > Desbloquear. |\n| Site institucional | Senha de 8 dígitos ativa (0,1,2). | Em computador autorizado — com Alfa Code: Segurança > Senhas > Desbloquear (código de autorização); sem Alfa Code: mesmo caminho, confirmando em TAA com biometria (>7 dias). |\n| TAA | Biometria, ou cartão + código de acesso. | Menu > Segurança e Senhas > Senhas > Desbloqueio > Senha da conta e cartão (6 dígitos). |\n| Agência | Identificação (recomendar levar o cartão). | — |\n\n> Erro de digitação na tentativa de desbloqueio na TAA: só pode ser desbloqueada em agência. Bloqueio por iniciativa da agência/cliente: desbloqueio em qualquer agência. Bloqueio por erro de identificação positiva na TAA: só desbloqueia em agência (se o cliente souber a senha); usar a TAA para essa operação não é possível. Desbloqueio exige código de acesso ou biometria; sem nenhum dos dois, é necessário comparecer a uma agência.\n\n### 3.2. Senha de 8 dígitos\n\nAcessa o site institucional e o App Alfa; pode ser provisória¹ ou definitiva. Confirmação de transações financeiras via Alfa Code; sem Alfa Code, usa-se a senha de 6 dígitos (oriente o cadastramento do Alfa Code). Senha única — não precisa ser cadastrada por cada titular.\n\n> ¹ Provisória: só senhas antigas; acesso restrito a consultas. Para movimentações financeiras, deve ser liberada em uma TAA.\n\n**3.2.1. Cadastramento**\n\n| Canal | Procedimento |\n|---|---|\n| App Alfa | Correntistas/poupadores: ""Esqueci ou não tenho a senha"" na tela de login (clientes sem histórico de equipamento autorizado no ATO); o equipamento fica em carência (há um link de liberação). Clientes de conta digital: cadastram no fluxo de abertura via Mobile. |\n| TAA | Com biometria cadastrada há mais de 7 dias: Menu > Segurança e Senhas > Senhas > Cadastramento. |\n| Agência | Qualquer agência, informando a senha de 6 dígitos. |\n\n**3.2.2. Alteração**\n\n| Canal | Condição | Procedimento |\n|---|---|---|\n| App Alfa | Celular autorizado >30 dias; Alfa Code/Push; geolocalização; cartão ativo. | **Com a senha atual:** área logada > Perfil > Segurança > Central de senhas > Senha de 8 dígitos > Alterar (digitar a senha atual). **Sem a senha atual (inclusive bloqueio ≠ ""U""), ou bloqueio ""U"":** ""Esqueci minha senha"" (tela de login ou tela inicial não logada) > Recuperar senha > Senha de 8 dígitos > Esqueci a senha, com 3 opções: (i) ""Agora utilizando o cartão"" (dados do cartão, dispositivo autorizado, Alfa Code ou Push); (ii) ""No caixa eletrônico"" (confirmação por biometria na TAA, cadastrada há mais de 7 dias); (iii) por WhatsApp (telefone cadastrado no ATO + versão mínima do app + reconhecimento facial). *A opção ""recuperar senha"" só aparece em celular autorizado onde o cliente já acessou a conta ao menos uma vez.* |\n| Site institucional (computador autorizado) | Com a senha atual: exigida a senha de 8 dígitos atual. | **Com Alfa Code:** Segurança > Senhas > Alterar > Senha da internet (8 dígitos) (código de autorização). **Sem Alfa Code:** mesmo caminho, confirmando em TAA com biometria (>7 dias). Sem a senha atual (inclusive bloqueio ≠ ""U""), ou bloqueio ""U"": não disponível neste canal. |\n| TAA | Com ou sem a senha atual (inclusive bloqueios). | Menu > Segurança e Senhas > Senhas > Alteração > Senha de acesso à internet e ao celular (8 dígitos). Com biometria: qualquer horário (cadastrada há mais de 7 dias, ou de forma assistida). Sem biometria, com cartão com chip + código de acesso: das 10h às 16h em dias úteis. |\n| Agência | Com ou sem a senha atual (inclusive bloqueios). | Atendimento presencial, exigindo a senha de 6 dígitos; recomendar levar o cartão. |\n| SAC | Com a senha atual, ou sem ela (exceto ""U""): Quadro Próprio → Geração de Senha; Quadro Contratado → rotina 50112. Bloqueio ""U"": SAC Receptivo (Célula de Segurança) → rotina 50130; SAC Soluções QP → rotina 50131; SAC QC → rotina 50112. | — |\n| Plataforma de Relacionamento / ATA | Com a senha atual, ou sem ela (exceto ""U""): Quadro Próprio → Geração de Senha; Quadro Contratado (não correntista com cartão) → Geração de Senha; correntistas/poupadores → demais canais. Bloqueio ""U"": não disponível neste canal. | — |\n\n**3.2.3. Bloqueio**\n\nCanais por iniciativa do cliente: TAA; SAC; agências; site institucional (com Alfa Code); App Alfa (dispositivo autorizado, com Alfa Code ou push). Bloqueio de segurança ocorre quando há indício de violação da senha. Bloqueio ""T"": não é mais aplicado — restam apenas registros até 2012.\n\n**3.2.4. Desbloqueio**\n\n> Sem conhecimento da senha anterior, bloqueio ""U"" (segurança) ou bloqueio ""4"": seguir os procedimentos de Alteração.\n\nConsulte em `SISRET X69 > 02` (correntistas: agência/conta; não correntistas: número do cartão), campo STATUS, ou pela Plataforma (Segurança > Senhas > Gerenciamento de Senhas). Não pergunte data de validade nem CVV ao cliente — preencha o número do cartão, use o mês/ano do contato como validade e ""000"" no CVV2.\n\n| Tipo de bloqueio | Canal | Procedimento |\n|---|---|---|\n| Por iniciativa da agência ou do cliente | Agência | Com a senha de 6 dígitos (recomendar levar o cartão). |\n| | TAA | Com código de acesso ou biometria. |\n| Por motivo ""T"" | Agência | Idem acima. |\n| | TAA | Idem acima. |\n| Por digitação incorreta 3 vezes | App Alfa (dispositivo autorizado >30 dias, Alfa Code/Push, geolocalização, cartão ativo) | Recuperar Senhas > Senha de 8 dígitos > Desbloquear (digitar a senha atual). |\n| | Agência | Com a senha de 6 dígitos. |\n| | TAA | Com código de acesso ou biometria. |\n| Por erro na tentativa de desbloqueio na TAA | Agência | Com a senha de 6 dígitos. |\n\n---\n\n## 4. Não Correntista\n\n### 4.1. Senha de 6 dígitos\n\n**4.1.1. Cadastramento:** clientes não correntistas que solicitam Cartão Alfa via App ou web cadastram no próprio fluxo de solicitação. Private Label → rotina 50133. Cartões de programa de fidelidade parceiro → rotina 50134.\n\n**4.1.2. Alteração:** Agência (qualquer uma, com cartão válido e identificação); SAC e Plataforma de Relacionamento → item 6 desta rotina.\n\n**4.1.3. Bloqueio:** por iniciativa do cliente — TAA; SAC QC/QP; Plataforma de Relacionamento; agências.\n\n**4.1.4. Desbloqueio:** Agência (qualquer uma, com a senha de 6 dígitos); TAA (com o código de acesso).\n\n### 4.2. Conta de Acesso e Senha de 8 dígitos\n\n**Demanda:** dificuldade para acessar o App Alfa ou o App Cartão Alfa com a senha de 8 dígitos.\n\n> **Atenção:** há 2 tipos de senha de 8 dígitos para não correntista — **Conta de Acesso** (acessa o App Alfa) e **Senha-8** (acessa o App Cartão Alfa). O cliente normalmente não sabe dessa distinção. Para identificar o tipo, siga o item 4.2.1.\n\n**4.2.1. Identificação do tipo de senha**\n\n*4.2.1.1. Sistema Alfa:*\n- a) Senha Conta de Acesso: `SISRET X69 > 02 > nº do cartão`. Se ""não localizado"" ou se o cliente tiver os dois tipos, siga para (b). Se possuir só Conta de Acesso: Quadro Contratado → siga para 4.2.2; Quadro Próprio → confira a situação (se ""Ativo"", tecle F9 para mais detalhes) e siga para 4.2.2.\n- b) Senha-8: `SISALFA > SISRET X69 > 02 > nº do cartão`. Cliente com só Senha-8, ou com as duas → oriente conforme 4.2.2 (Quadro Próprio e Contratado).\n\n*4.2.1.2. Plataforma:* não pergunte data de validade nem CVV. `Plataforma de Negócios > Segurança > Senhas > Gerenciamento de Senhas 3.0` — preencha o número do cartão, use o mês/ano do contato como validade e ""000"" no CVV2.\n\n**4.2.2. Procedimentos** (se o cliente tiver os dois tipos, pergunte qual app ele quer acessar):\n\n| Senha | Cadastramento | Alteração | Bloqueio | Desbloqueio |\n|---|---|---|---|---|\n| **Conta de Acesso** (App Alfa) | No momento da contratação do cartão (App Alfa/onboarding digital) | App Alfa (Central de Senhas) ou link de recuperação; Agência (cartão válido e previamente liberado) | Agência | Agência (cartão válido e previamente liberado) |\n| **Senha-8** (App Cartão Alfa) | No momento da contratação do cartão (lojas parceiras, correspondentes, agências) | TAA; SAC e Plataforma de Relacionamento (Geração de Senha, ou outros canais); App Cartão Alfa ""Esqueci minha senha"" (sem bloqueio vigente); Agência | TAA; APF; Mobile; agências; **se o cliente foi vítima de assalto, roubo ou sequestro:** SAC QP/QC e Plataforma de Relacionamento → `SISRET X98`, código de rota 800050, conta = nº da conta do cartão | TAA; Agência |\n\n> Não correntistas com Conta de Acesso também podem acessar o App Cartão Alfa, mas precisam cadastrar uma senha de 8 dígitos separada via ""Esqueci senha"" — explique que serão duas senhas diferentes, uma para cada app. Quem possui só a Senha-8 NÃO consegue acessar o App Alfa.\n\n---\n\n## 5. Código de Acesso (Alfanumérico)\n\na) **Deficientes visuais:** o cliente com deficiência visual total pode ser dispensado da exigência do código de acesso, mediante registro da característica no cadastro pela agência. Em conta conjunta, a dispensa vale só para o titular com a deficiência.\n\nb) **Tipos:** CAA (letras), CAS (sílabas), CAN (alfanumérico). Emitido quando o cliente usa a TAA com cartão pela primeira vez, tentando uma transação/consulta — o cliente é avisado do novo código, que substitui o anterior.\n\nc) Se o cliente disser que não tem/não anotou o código: oriente conforme a tabela abaixo, ou informe que TAAs com biometria dispensam o código de acesso (rotina 50132, itens 1 e 9).\n\n**5.1. O que é:** código aleatório (letras, sílabas e/ou números), não escolhido pelo cliente; para PF e PJ, correntistas, não correntistas e poupadores portadores de cartão; necessário em: TAA, Banco 24 Horas e rede compartilhada (Banco Parceiro Beta).\n\n**5.2. Cadastramento:** gerado e impresso automaticamente no primeiro uso do cartão na TAA; regenerado em migração de conta (mesmo cartão) ou quando o código antigo é cancelado. Se a impressora estiver inoperante, é mostrado só em tela. Código único para todos os titulares solidários.\n\n**5.3. Alteração:** não existe alteração direta — o código deve ser cancelado (canais abaixo); a nova combinação é gerada automaticamente no próximo acesso à TAA. *(O código não muda se a senha da conta corrente for alterada.)*\n\n| Canal | Procedimento |\n|---|---|\n| App Alfa | Área logada > Perfil > Segurança > Central de senhas > Código de Acesso > Solicitar novo código. |\n| Site institucional | Área logada — confirmação via Alfa Code; sem Alfa Code, confirma na TAA com biometria cadastrada há mais de 7 dias. |\n| Agência | Com a senha de 6 dígitos (recomendar levar o cartão). |\n\n**5.4. Bloqueio:** após 3 tentativas seguidas incorretas. Bloqueio da senha de 6 dígitos ou do código de acesso mantém o uso da TAA com biometria. Bloqueio da senha de 6 dígitos mantém o uso do código de acesso, exceto nos bloqueios ""U"" ou ""8"".\n\n**5.5. Desbloqueio:** pelo próprio cliente na TAA, usando o próprio código de acesso. Se houver novo erro, o código deve ser cancelado (site institucional com Alfa Code, App Alfa, ou qualquer agência) para gerar um novo.\n\n---\n\n## 6. Geração de Senha PF – Procedimentos\n\nEnvio de senha (6 e 8 dígitos) por SMS para PF — só para ALTERAÇÃO (não para cadastro de primeira senha, que segue outros canais). Não disponível para senhas ""não cadastradas""/""a cadastrar"" ou bloqueio ""U"". Faça as consultas do item 6.2 antes.\n\n### 6.1. Atendimento\n\n| Frente | Quem atende | Identificação |\n|---|---|---|\n| SAC QP | Correntistas e não correntistas | Cliente autenticado (URA, Token ou Identificação Positiva) |\n| SAC QC | Não correntistas portadores de cartão (correntistas/poupadores: transferir para a Célula de Segurança via rotina 50106) | — |\n| Plataforma de Relacionamento QP | Correntistas e não correntistas | Autenticado por CPF+senha, agência/conta+senha ou Token: IP dispensada. Atendimentos ATA, Consultoria e Texto: exigem IP. Bancada Cartão: Checklist Maior Risco. |\n| Plataforma de Relacionamento QC | Não correntistas portadores de cartão (correntistas/poupadores: demais canais, itens 3 e 4) | — |\n\n### 6.2. Consultas\n\n1. Verifique o cadastro da senha em `SISRET X69 > 02` ou pela Plataforma (Segurança > Senhas > Gerenciamento de Senhas) — correntistas: agência/conta; não correntistas: número do cartão (não pedir validade/CVV; usar mês/ano do contato e ""000"" no CVV2).\n2. Resultado ""Não cadastrada""/""A cadastrar"" → cliente não correntista com entrada via onboarding digital; não é possível enviar senha; oriente: 8 dígitos via App Alfa (se dispositivo autorizado com Alfa Code/push); 6 dígitos, comparecer a uma agência.\n3. Resultado ""U Bloqueado"" → SAC Receptivo (Célula de Segurança) → rotina 50130; SAC Soluções QP → rotina 50131; SAC Receptivo QC → rotina 50112; Plataforma de Relacionamento → orientar contato com o SAC.\n4. Demais situações → prossiga: pergunte o celular atual do cliente (não informe outros números cadastrados) e confira no cadastro (agência/conta ou MCI) se é o mesmo já registrado. Se divergente, ou se houver mais de um número/duplicidade cadastrada → oriente comparecimento a uma agência. Se for o mesmo e único número → siga para 6.3.\n\n### 6.3. Geração de Senha\n\na) Acesse Plataforma > Segurança > Senhas > Envio de Senha por SMS.\nb) Consulte por tipo de cliente: correntista (CPF, agência e conta, ou MCI); não correntista (CPF); na aba Cartão, informe o número (via `Cartão > 11 > 1` ou `17 > 01 > 01`) — se houver mais de um cartão, peça modalidade e os 4 últimos dígitos.\nc) Selecione a conta/cartão do cliente.\nd) Selecione o envio de senha de 8 e/ou 6 dígitos — o sistema gera uma senha aleatória e envia por SMS.\ne) Informe que a senha chega por SMS ao celular cadastrado, sem prazo de expiração, e que deve ser alterada assim que possível por segurança.\nf) Se for senha de 6 dígitos, informe que, após a alteração, é preciso validar o chip do cartão em qualquer TAA — caso contrário, a nova senha não funcionará com o cartão com chip.\n\n---\n\n## 7. Cliente no Exterior\n\na) **Central de Senhas** (no App Alfa; exige cartão ativo, dispositivo liberado e Alfa Code/Push): permite alterar/bloquear/desbloquear/criar senha de 8 dígitos; alterar/bloquear/desbloquear senha de 6 dígitos; solicitar novo código de acesso. Acesso com a senha atual: área logada > Perfil > Central de senhas. Sem a senha: tela inicial não logada > Recuperar senha.\n\nb) **Agências no exterior:** procedimento de senhas disponível somente na agência de Tóquio.\n\nc) Solicitar a um representante legal (com procuração com firma reconhecida) que realize a operação na agência de relacionamento do cliente no Brasil.\n\nd) A agência de relacionamento envia ao e-mail cadastrado no MCI uma declaração para o cliente assinar e digitalizar — válido apenas para senhas bloqueadas por erro, não para bloqueio ""U"" (suspeita de fraude). O pedido pode começar por qualquer canal de contato, mas a declaração assinada só pode retornar pelo e-mail cadastrado no MCI. A agência de relacionamento pode ser confirmada com o cliente durante a ligação, na aba lateral da Plataforma de Relacionamento.\n\ne) **Cartões com chip:** após a alteração da senha de 6 dígitos, oriente o cliente a atualizar o chip de todos os plásticos ao voltar ao Brasil (em uma TAA), sob risco de impacto em transações presenciais; carteiras digitais funcionam normalmente após a troca.\n\nf) **Uso da senha no exterior:** alguns terminais usam PIN de 4 e/ou 6 dígitos. Nos de 4 dígitos, o cliente informa os 4 primeiros dígitos da sua senha de 6. No exterior, o cliente tem as mesmas opções dos demais clientes, pelo site institucional ou pelo App Alfa.\n\n---\n\n## 8. Senha do Portador Adicional\n\n| Portador | Solicitação | Alteração/reposição |\n|---|---|---|\n| **Adicional não correntista** | Presencial: senha de 6 dígitos cadastrada na hora. Demais canais: senha enviada por correio ao endereço do portador titular. | Se perder, esquecer ou não receber, cadastrar nova em qualquer agência. |\n| **Adicional correntista** | Usa a mesma senha pessoal de 6 dígitos de sua própria conta. Sem senha gravada: modalidades Doméstico/Internacional → sistema não gera o cartão; modalidades Gold e superiores → senha enviada por correio, cartão gerado após o recebimento. | Se perder, esquecer ou não receber, seguir as orientações do item 3. |\n\n---\n\n## 9. Acesso ao gov.br com credenciais do Banco Alfa\n\nVer rotina 50135.\n\n---\n\n## 10. Central de Senhas PF\n\nSolução de segurança no App Alfa para o cliente gerenciar suas senhas.\n- **Área logada:** Perfil > Segurança > Central de Segurança > Central de senhas; Perfil > Segurança > Central de senhas; Menu > Segurança > Central de Segurança > Central de Senhas.\n- **Área não logada:** Tela inicial > Recuperar Senha; ou role a tela para cima > Recuperar Senha.\n\n**Requisitos:** celular autorizado há mais de 30 dias; telefone cadastrado no ATO; Alfa Code ou Push habilitado; geolocalização ativa e autorizada; permissão de câmera concedida ao app; cartão ativo.\n\n> **Atenção:** não correntistas usam a Central de Senhas apenas para alterar a senha ""Conta de Acesso"" (ver item 4.2.2).\n\n---\n\n## 11. Fontes de informação\n\nUGS – Unidade de Gestão de Segurança (código 800040) · Normativo interno 5001 · Normativo interno 5002\n\n---\n\n## 12. Rotinas absorvidas\n\nO conteúdo das seguintes rotinas foi absorvido por este documento:\n\n| Código (anonimizado) | Assunto |\n|---|---|\n| 50137 | Senhas – Orientações (Código de Acesso) |\n| 50138 | Senhas – Orientações (Não correntista) |\n| 50139 | Senhas – Correntistas (Internet e Celular) |\n| 50140 | Arquivada – Senhas – Orientações (Conta-corrente) |\n| 50141 | POP UP – Senhas – Tipos de bloqueio |\n| 50142 | Modalidade de conta simplificada – Senhas |\n| 50143 | Senhas – Orientações – Poupador não correntista |\n| 50144 | Acesso do cliente à plataforma digital gov.br (parceria Banco Alfa e Governo Federal) |\n| 50145 | Senhas – Alfa Digital PJ |\n| 50146 | Atendimento para clientes não participantes do modelo ATA |\n| 50147 | Geração de senha PF – Procedimentos |\n']",Adicional não correntista cadastra nova senha de 6 dígitos presencialmente em qualquer agência. Adicional correntista usa a própria senha da sua conta (ou item 3 se Gold/enviada por correio).,EDGE_CASE,53.9689,,0.05263157894736842,0.8720086069530559,1.0,0.9999999999
Quero receber a senha por SMS. Pode enviar?,"Como assistente bancário, preciso esclarecer que, por questões de **segurança e proteção de dados**, os bancos geralmente **não enviam senhas de acesso (como a senha do cartão ou do aplicativo) por SMS**.

O envio de senhas por mensagens de texto é considerado uma prática insegura, pois o SMS é um canal que pode ser interceptado.

Para recuperar ou definir sua senha, recomendo que você siga um destes procedimentos padrão:

1.  **Aplicativo do Banco:** Acesse o app, clique em ""Esqueci minha senha"" ou ""Recuperar senha"" e siga as instruções de validação de identidade (como reconhecimento facial ou confirmação de dados).
2.  **Caixa Eletrônico:** Em muitos casos, é necessário ir a um caixa eletrônico do seu banco, inserir o cartão e seguir o fluxo de ""Alteração de Senha"" ou ""Desbloqueio"".
3.  **Agência:** Se não conseguir pelos meios digitais, dirija-se a uma agência física portando um documento de identidade original com foto.

**Dica de segurança:** Nunca forneça sua senha para ninguém, nem mesmo para funcionários do banco. Se você recebeu algum SMS pedindo para clicar em links para ""atualizar senha"", **cuidado**: pode ser uma tentativa de *phishing* (golpe).

Se precisar de ajuda com o procedimento específico do seu banco, recomendo que entre em contato diretamente com a **Central de Atendimento oficial** do seu cartão ou conta.","['# POP – Gestão de Senhas e Código de Acesso – Pessoa Física\n### [Versão anonimizada/pseudonimizada — documento complementar ao POP de CDC]\n\n> **Nota metodológica:** este documento usa a mesma metodologia e os mesmos pseudônimos institucionais do POP de CDC anonimizado anteriormente (Banco Alfa, SISALFA, App Alfa etc.). Termos novos e específicos deste documento (produtos de cartão, plataformas, rotinas) foram adicionados à mesma chave de correspondência (arquivo único, cumulativo). A lógica processual e as condições originais foram mantidas integralmente.\n\n**Sumário:** Notas iniciais · 1. Resumo das senhas · 2. Situação das senhas · 3. Correntistas e poupadores · 4. Não correntista · 5. Código de acesso · 6. Geração de senha PF · 7. Cliente no exterior · 8. Senha do portador adicional · 9. Acesso ao gov.br · 10. Central de Senhas PF · 11. Fontes de informação · 12. Rotinas absorvidas\n\n---\n\n## Notas iniciais\n\na) **Transferência de saldo/produtos entre agências:** a senha da agência de origem não é alterada; o cliente acessa normalmente a conta na agência de destino.\n\nb) Os procedimentos desta rotina não se aplicam a clientes PJ ou Setor Público. Para chave J e senhas (Alfa Digital PJ), ver rotina 50129.\n\nc) **Titulares solidários:** as senhas (6 e 8 dígitos) e o código de acesso são os mesmos para todos os titulares. Se um titular bloquear a senha, os demais ficam impossibilitados de realizar transações.\n\nd) **Push:** notificação recebida diretamente no App Alfa. Para ativar: 1) autorizar o App Alfa no sistema do celular (Android: Configurações > Receber Notificações; iOS: Ajustes > Receber Notificações); 2) ativar pelo App Alfa (área logada) em Perfil > Geral > Receber notificações.\n\ne) **Bloqueio de Canal:** consulte na plataforma em Segurança > Bloqueio de segurança > Histórico. Havendo bloqueio, o desbloqueio ocorre após a alteração das senhas de 6 e 8 dígitos — é obrigatório alterar primeiro a de 8 dígitos, depois a de 6. Use os itens 3 e/ou 4 para orientar os canais.\n\n---\n\n## 1. Resumo da utilização das senhas\n\n| Tipo de senha | Canais de utilização |\n|---|---|\n| Senha de 4 dígitos | Descontinuada |\n| Senha de 6 dígitos | Confirma transações de cartão débito e crédito. Plataforma de Relacionamento/URA: acesso, consulta e confirmação de transações da mesma titularidade. Site institucional (sem Alfa Code): confirmação de transações financeiras. App Alfa: confirmação de transações financeiras. WhatsApp Alfa: pode ser solicitada para confirmação de algumas transações. TCX, TAD, POS, correspondente bancário: confirmação de transações. TAA: confirmação de transações de beneficiários do INSS e de portadores de deficiência visual sem código de acesso. Banco 24 Horas e rede compartilhada (Banco Parceiro Beta): confirmação de transações de portadores de deficiência visual sem código de acesso. |\n| Senha de 8 dígitos | Site institucional, App Alfa, App Cartão Alfa e WhatsApp: acesso, consultas, transações financeiras e aquisição de produtos/serviços. |\n| Código de Acesso (letras, sílabas ou alfanumérico) | TAA, Banco 24 Horas e rede compartilhada: confirma transações, inclusive saques na função crédito do cartão. |\n| Conta de Acesso (senha alfanumérica) | Utilizada por não correntistas no App Alfa (versão não correntista). |\n\n---\n\n## 2. Situação das Senhas\n\n### 2.1. Consultas\n- Senhas de 6/8 dígitos e código de acesso — Quadro Próprio e Quadro Contratado: `SISALFA > SISRET > X69 > 2` (correntistas: agência e conta; não correntistas: número do cartão), campo STATUS (pode ser informado ao cliente).\n- Conta de Acesso (Quadro Próprio): `SISALFA > ACESSO > 32 > 01 > CPF`.\n\n### 2.2. Códigos aplicáveis a TODOS os tipos de senha\n| Código | Significado | Situação |\n|---|---|---|\n| 0 | Sem ocorrência de erro de digitação | Ativa |\n| 1 | Cliente errou a digitação uma vez | — |\n| 2 | Cliente errou a digitação duas vezes | — |\n| 3 | Cliente errou a digitação três vezes (se ocorrer na senha de 6 dígitos via APF, Mobile ou WhatsApp, o bloqueio ""3"" é aplicado também à senha de 8 dígitos) | Bloqueada |\n| 6 | Senha (PJ e Governo) cadastrada no Alfa Digital PJ, aguardando confirmação de um funcionário da agência | — |\n| 7 | Senha (PJ e Governo) cadastrada no Alfa Digital PJ, aguardando confirmação de dois funcionários da agência | — |\n| Q | Senha alterada no APF Internet sem Alfa Code, ou no APF Celular sem fotografar cartão válido (aguardando confirmação na TAA com biometria cadastrada há mais de 7 dias) | — |\n| U | Senha bloqueada pelo monitoramento de segurança dos canais de autoatendimento | — |\n\n### 2.3. Códigos exclusivos da senha de 6 dígitos\n| Código | Significado | Situação |\n|---|---|---|\n| A | Senha digitada errada 3 vezes | Bloqueada |\n| D | Erro na tentativa de desbloqueio na TAA, ou bloqueio feito pelo próprio cliente via APF Celular/Internet | — |\n\n### 2.4. Códigos exclusivos da senha de 8 dígitos\n| Código | Significado | Situação |\n|---|---|---|\n| T | Senha registrada antes de 2012 e bloqueada por não uso nos últimos 90 dias | Bloqueada |\n| D | Alteração iniciada via APF Celular, com falha na confirmação via TAA sem biometria | — |\n| P | Senha cadastrada via APF Internet/Celular, aguardando confirmação na TAA | — |\n| 4 | Erro na tentativa de desbloqueio via Mobile | — |\n| 8 | Senha bloqueada pela agência ou pelo próprio cliente nos canais de autoatendimento | — |\n\n### 2.5. Situações do código de acesso\nCódigo ""4"" = tentativa de desbloqueio na TAA; CAA = letras; CAS = sílabas; CAN = alfanumérico.\n\n### 2.6. Situações da senha alfanumérica (Conta de Acesso)\n*Solicitado* = cadastramento/alteração pedidos; *Ativa* = cadastrada e ativa; *Bloqueado* = bloqueada por erro de digitação ou por segurança.\n> Essa confirmação ocorre por oferta ativa, sem necessidade de navegar pelo menu da TAA.\n\n---\n\n## 3. Correntistas e Poupadores\n\n### 3.1. Senha de 6 dígitos (conta e cartão)\n\nUsada para autorizar transações em: terminais de caixa das agências, TAA, site institucional (sem Alfa Code), App Alfa, correspondente bancário, transações de cartão (débito e crédito) e acesso à Central de Relacionamento/SAC. Vinculada à agência/conta (correntista) ou ao CPF (não correntista).\n\n**3.1.1. Cadastramento**\n\n| Canal | Procedimento |\n|---|---|\n| Agência | Correntistas e poupadores: no fluxo de abertura de conta, em qualquer agência. Beneficiários do INSS: em qualquer agência. Clientes de conta digital: no fluxo de abertura pelo App Alfa. |\n\n> **Atenção:** se o cliente quiser encerrar a conta corrente e ficar só com o cartão de crédito, cadastre nova senha como não correntista — obrigatório para não deixar pendente a emissão dos cartões.\n\n**3.1.2. Alteração**\n\n> Para cartões com chip, após a alteração, oriente o cliente a atualizar o chip de todos os plásticos em qualquer TAA (sob risco da senha não funcionar). Verifique a possibilidade de enviar senha provisória por SMS (item 6).\n\n| Canal | Requisitos/Condição | Procedimento |\n|---|---|---|\n| App Alfa | Celular autorizado há mais de 30 dias; Alfa Code ou Push habilitado; geolocalização ativa e autorizada; cartão ativo; senha de 8 dígitos ativa (códigos 0, 1 e/ou 2). Não disponível se bloqueada por ""8"". | **Com a senha anterior:** área logada > Perfil > Segurança > Central de senhas > Senha de 6 dígitos > Alterar. **Sem a senha anterior:** área logada > Perfil > Segurança > Central de senhas > Senha de 6 dígitos > Esqueci a senha > ""Agora utilizando o cartão"" (dados do cartão) — confirmação por: (i) biometria na TAA (cadastrada há mais de 7 dias): App Alfa > Menu > Perfil > Central de senhas > Senha de 6 dígitos > Esqueci a senha > No caixa eletrônico, depois na TAA em Segurança e Senhas > Senhas > Liberação de Senha Provisória > Senha da conta e cartão (6 dígitos); ou (ii) WhatsApp (telefone cadastrado no ATO): área logada > Perfil > Central de senhas > Senha de 6 dígitos > Esqueci a senha > Por WhatsApp. |\n| Site institucional | Senha de 8 dígitos ativa (códigos 0, 1 e/ou 2). Não disponível para quem não usa Alfa Code e não tem biometria cadastrada há mais de 7 dias (ou de forma assistida), nem para bloqueio ""U"" ou ""8"" da senha de 6 dígitos. | Em computador autorizado, com ou sem a senha anterior: **com adesão ao Alfa Code:** área logada > Segurança > Senhas > Alterar > Senha do cartão (6 dígitos) (exige código de autorização do Alfa Code). **Sem adesão ao Alfa Code, com biometria cadastrada:** mesmo caminho, confirmando em uma TAA com biometria cadastrada há mais de 7 dias. |\n| Agências (inclusive bloqueio ""U"") | — | Mediante identificação; recomendar que o cliente leve o cartão. |\n| SAC | Bloqueio ""U"": SAC Receptivo QP/QC (Célula de Segurança) → rotina 50130; SAC Soluções QP → rotina 50131; SAC Quadro Contratado → rotina 50112. Outros bloqueios: SAC Quadro Próprio → procedimento de Geração de Senha (item 6); SAC Quadro Contratado → rotina 50112. | — |\n| Plataforma de Relacionamento / ATA | Exceto bloqueio ""U"": Quadro Próprio → Geração de Senha; Quadro Contratado (não correntista portador de cartão) → Geração de Senha; correntistas/poupadores → demais canais. | — |\n\n**3.1.3. Bloqueio**\n\nCanais por iniciativa do cliente: TAA; SAC QC/QP; Plataforma de Relacionamento; site institucional (com Alfa Code); App Alfa (dispositivo autorizado, com Alfa Code ou push); agências.\n> Se o cliente detectar lançamentos indevidos na conta (inclusive por invasão do site), utilize também a rotina 50136, item 5.1. Bloqueio por um titular solidário impede os demais de transacionar. O bloqueio do código de acesso implica bloqueio da senha de 6 dígitos.\n\n**3.1.4. Desbloqueio**\n\nFeito COM conhecimento da senha anterior (sem isso, é preciso fazer a Alteração). Bloqueio ""U"" não admite desbloqueio, só Alteração.\n\n| Canal | Requisitos | Procedimento |\n|---|---|---|\n| App Alfa | Celular autorizado >30 dias; Alfa Code/Push habilitado; geolocalização ativa; cartão ativo; senha de 8 dígitos ativa (0,1,2). | Área logada > Perfil > Segurança > Central de senhas > Senha de 6 dígitos > Desbloquear. |\n| Site institucional | Senha de 8 dígitos ativa (0,1,2). | Em computador autorizado — com Alfa Code: Segurança > Senhas > Desbloquear (código de autorização); sem Alfa Code: mesmo caminho, confirmando em TAA com biometria (>7 dias). |\n| TAA | Biometria, ou cartão + código de acesso. | Menu > Segurança e Senhas > Senhas > Desbloqueio > Senha da conta e cartão (6 dígitos). |\n| Agência | Identificação (recomendar levar o cartão). | — |\n\n> Erro de digitação na tentativa de desbloqueio na TAA: só pode ser desbloqueada em agência. Bloqueio por iniciativa da agência/cliente: desbloqueio em qualquer agência. Bloqueio por erro de identificação positiva na TAA: só desbloqueia em agência (se o cliente souber a senha); usar a TAA para essa operação não é possível. Desbloqueio exige código de acesso ou biometria; sem nenhum dos dois, é necessário comparecer a uma agência.\n\n### 3.2. Senha de 8 dígitos\n\nAcessa o site institucional e o App Alfa; pode ser provisória¹ ou definitiva. Confirmação de transações financeiras via Alfa Code; sem Alfa Code, usa-se a senha de 6 dígitos (oriente o cadastramento do Alfa Code). Senha única — não precisa ser cadastrada por cada titular.\n\n> ¹ Provisória: só senhas antigas; acesso restrito a consultas. Para movimentações financeiras, deve ser liberada em uma TAA.\n\n**3.2.1. Cadastramento**\n\n| Canal | Procedimento |\n|---|---|\n| App Alfa | Correntistas/poupadores: ""Esqueci ou não tenho a senha"" na tela de login (clientes sem histórico de equipamento autorizado no ATO); o equipamento fica em carência (há um link de liberação). Clientes de conta digital: cadastram no fluxo de abertura via Mobile. |\n| TAA | Com biometria cadastrada há mais de 7 dias: Menu > Segurança e Senhas > Senhas > Cadastramento. |\n| Agência | Qualquer agência, informando a senha de 6 dígitos. |\n\n**3.2.2. Alteração**\n\n| Canal | Condição | Procedimento |\n|---|---|---|\n| App Alfa | Celular autorizado >30 dias; Alfa Code/Push; geolocalização; cartão ativo. | **Com a senha atual:** área logada > Perfil > Segurança > Central de senhas > Senha de 8 dígitos > Alterar (digitar a senha atual). **Sem a senha atual (inclusive bloqueio ≠ ""U""), ou bloqueio ""U"":** ""Esqueci minha senha"" (tela de login ou tela inicial não logada) > Recuperar senha > Senha de 8 dígitos > Esqueci a senha, com 3 opções: (i) ""Agora utilizando o cartão"" (dados do cartão, dispositivo autorizado, Alfa Code ou Push); (ii) ""No caixa eletrônico"" (confirmação por biometria na TAA, cadastrada há mais de 7 dias); (iii) por WhatsApp (telefone cadastrado no ATO + versão mínima do app + reconhecimento facial). *A opção ""recuperar senha"" só aparece em celular autorizado onde o cliente já acessou a conta ao menos uma vez.* |\n| Site institucional (computador autorizado) | Com a senha atual: exigida a senha de 8 dígitos atual. | **Com Alfa Code:** Segurança > Senhas > Alterar > Senha da internet (8 dígitos) (código de autorização). **Sem Alfa Code:** mesmo caminho, confirmando em TAA com biometria (>7 dias). Sem a senha atual (inclusive bloqueio ≠ ""U""), ou bloqueio ""U"": não disponível neste canal. |\n| TAA | Com ou sem a senha atual (inclusive bloqueios). | Menu > Segurança e Senhas > Senhas > Alteração > Senha de acesso à internet e ao celular (8 dígitos). Com biometria: qualquer horário (cadastrada há mais de 7 dias, ou de forma assistida). Sem biometria, com cartão com chip + código de acesso: das 10h às 16h em dias úteis. |\n| Agência | Com ou sem a senha atual (inclusive bloqueios). | Atendimento presencial, exigindo a senha de 6 dígitos; recomendar levar o cartão. |\n| SAC | Com a senha atual, ou sem ela (exceto ""U""): Quadro Próprio → Geração de Senha; Quadro Contratado → rotina 50112. Bloqueio ""U"": SAC Receptivo (Célula de Segurança) → rotina 50130; SAC Soluções QP → rotina 50131; SAC QC → rotina 50112. | — |\n| Plataforma de Relacionamento / ATA | Com a senha atual, ou sem ela (exceto ""U""): Quadro Próprio → Geração de Senha; Quadro Contratado (não correntista com cartão) → Geração de Senha; correntistas/poupadores → demais canais. Bloqueio ""U"": não disponível neste canal. | — |\n\n**3.2.3. Bloqueio**\n\nCanais por iniciativa do cliente: TAA; SAC; agências; site institucional (com Alfa Code); App Alfa (dispositivo autorizado, com Alfa Code ou push). Bloqueio de segurança ocorre quando há indício de violação da senha. Bloqueio ""T"": não é mais aplicado — restam apenas registros até 2012.\n\n**3.2.4. Desbloqueio**\n\n> Sem conhecimento da senha anterior, bloqueio ""U"" (segurança) ou bloqueio ""4"": seguir os procedimentos de Alteração.\n\nConsulte em `SISRET X69 > 02` (correntistas: agência/conta; não correntistas: número do cartão), campo STATUS, ou pela Plataforma (Segurança > Senhas > Gerenciamento de Senhas). Não pergunte data de validade nem CVV ao cliente — preencha o número do cartão, use o mês/ano do contato como validade e ""000"" no CVV2.\n\n| Tipo de bloqueio | Canal | Procedimento |\n|---|---|---|\n| Por iniciativa da agência ou do cliente | Agência | Com a senha de 6 dígitos (recomendar levar o cartão). |\n| | TAA | Com código de acesso ou biometria. |\n| Por motivo ""T"" | Agência | Idem acima. |\n| | TAA | Idem acima. |\n| Por digitação incorreta 3 vezes | App Alfa (dispositivo autorizado >30 dias, Alfa Code/Push, geolocalização, cartão ativo) | Recuperar Senhas > Senha de 8 dígitos > Desbloquear (digitar a senha atual). |\n| | Agência | Com a senha de 6 dígitos. |\n| | TAA | Com código de acesso ou biometria. |\n| Por erro na tentativa de desbloqueio na TAA | Agência | Com a senha de 6 dígitos. |\n\n---\n\n## 4. Não Correntista\n\n### 4.1. Senha de 6 dígitos\n\n**4.1.1. Cadastramento:** clientes não correntistas que solicitam Cartão Alfa via App ou web cadastram no próprio fluxo de solicitação. Private Label → rotina 50133. Cartões de programa de fidelidade parceiro → rotina 50134.\n\n**4.1.2. Alteração:** Agência (qualquer uma, com cartão válido e identificação); SAC e Plataforma de Relacionamento → item 6 desta rotina.\n\n**4.1.3. Bloqueio:** por iniciativa do cliente — TAA; SAC QC/QP; Plataforma de Relacionamento; agências.\n\n**4.1.4. Desbloqueio:** Agência (qualquer uma, com a senha de 6 dígitos); TAA (com o código de acesso).\n\n### 4.2. Conta de Acesso e Senha de 8 dígitos\n\n**Demanda:** dificuldade para acessar o App Alfa ou o App Cartão Alfa com a senha de 8 dígitos.\n\n> **Atenção:** há 2 tipos de senha de 8 dígitos para não correntista — **Conta de Acesso** (acessa o App Alfa) e **Senha-8** (acessa o App Cartão Alfa). O cliente normalmente não sabe dessa distinção. Para identificar o tipo, siga o item 4.2.1.\n\n**4.2.1. Identificação do tipo de senha**\n\n*4.2.1.1. Sistema Alfa:*\n- a) Senha Conta de Acesso: `SISRET X69 > 02 > nº do cartão`. Se ""não localizado"" ou se o cliente tiver os dois tipos, siga para (b). Se possuir só Conta de Acesso: Quadro Contratado → siga para 4.2.2; Quadro Próprio → confira a situação (se ""Ativo"", tecle F9 para mais detalhes) e siga para 4.2.2.\n- b) Senha-8: `SISALFA > SISRET X69 > 02 > nº do cartão`. Cliente com só Senha-8, ou com as duas → oriente conforme 4.2.2 (Quadro Próprio e Contratado).\n\n*4.2.1.2. Plataforma:* não pergunte data de validade nem CVV. `Plataforma de Negócios > Segurança > Senhas > Gerenciamento de Senhas 3.0` — preencha o número do cartão, use o mês/ano do contato como validade e ""000"" no CVV2.\n\n**4.2.2. Procedimentos** (se o cliente tiver os dois tipos, pergunte qual app ele quer acessar):\n\n| Senha | Cadastramento | Alteração | Bloqueio | Desbloqueio |\n|---|---|---|---|---|\n| **Conta de Acesso** (App Alfa) | No momento da contratação do cartão (App Alfa/onboarding digital) | App Alfa (Central de Senhas) ou link de recuperação; Agência (cartão válido e previamente liberado) | Agência | Agência (cartão válido e previamente liberado) |\n| **Senha-8** (App Cartão Alfa) | No momento da contratação do cartão (lojas parceiras, correspondentes, agências) | TAA; SAC e Plataforma de Relacionamento (Geração de Senha, ou outros canais); App Cartão Alfa ""Esqueci minha senha"" (sem bloqueio vigente); Agência | TAA; APF; Mobile; agências; **se o cliente foi vítima de assalto, roubo ou sequestro:** SAC QP/QC e Plataforma de Relacionamento → `SISRET X98`, código de rota 800050, conta = nº da conta do cartão | TAA; Agência |\n\n> Não correntistas com Conta de Acesso também podem acessar o App Cartão Alfa, mas precisam cadastrar uma senha de 8 dígitos separada via ""Esqueci senha"" — explique que serão duas senhas diferentes, uma para cada app. Quem possui só a Senha-8 NÃO consegue acessar o App Alfa.\n\n---\n\n## 5. Código de Acesso (Alfanumérico)\n\na) **Deficientes visuais:** o cliente com deficiência visual total pode ser dispensado da exigência do código de acesso, mediante registro da característica no cadastro pela agência. Em conta conjunta, a dispensa vale só para o titular com a deficiência.\n\nb) **Tipos:** CAA (letras), CAS (sílabas), CAN (alfanumérico). Emitido quando o cliente usa a TAA com cartão pela primeira vez, tentando uma transação/consulta — o cliente é avisado do novo código, que substitui o anterior.\n\nc) Se o cliente disser que não tem/não anotou o código: oriente conforme a tabela abaixo, ou informe que TAAs com biometria dispensam o código de acesso (rotina 50132, itens 1 e 9).\n\n**5.1. O que é:** código aleatório (letras, sílabas e/ou números), não escolhido pelo cliente; para PF e PJ, correntistas, não correntistas e poupadores portadores de cartão; necessário em: TAA, Banco 24 Horas e rede compartilhada (Banco Parceiro Beta).\n\n**5.2. Cadastramento:** gerado e impresso automaticamente no primeiro uso do cartão na TAA; regenerado em migração de conta (mesmo cartão) ou quando o código antigo é cancelado. Se a impressora estiver inoperante, é mostrado só em tela. Código único para todos os titulares solidários.\n\n**5.3. Alteração:** não existe alteração direta — o código deve ser cancelado (canais abaixo); a nova combinação é gerada automaticamente no próximo acesso à TAA. *(O código não muda se a senha da conta corrente for alterada.)*\n\n| Canal | Procedimento |\n|---|---|\n| App Alfa | Área logada > Perfil > Segurança > Central de senhas > Código de Acesso > Solicitar novo código. |\n| Site institucional | Área logada — confirmação via Alfa Code; sem Alfa Code, confirma na TAA com biometria cadastrada há mais de 7 dias. |\n| Agência | Com a senha de 6 dígitos (recomendar levar o cartão). |\n\n**5.4. Bloqueio:** após 3 tentativas seguidas incorretas. Bloqueio da senha de 6 dígitos ou do código de acesso mantém o uso da TAA com biometria. Bloqueio da senha de 6 dígitos mantém o uso do código de acesso, exceto nos bloqueios ""U"" ou ""8"".\n\n**5.5. Desbloqueio:** pelo próprio cliente na TAA, usando o próprio código de acesso. Se houver novo erro, o código deve ser cancelado (site institucional com Alfa Code, App Alfa, ou qualquer agência) para gerar um novo.\n\n---\n\n## 6. Geração de Senha PF – Procedimentos\n\nEnvio de senha (6 e 8 dígitos) por SMS para PF — só para ALTERAÇÃO (não para cadastro de primeira senha, que segue outros canais). Não disponível para senhas ""não cadastradas""/""a cadastrar"" ou bloqueio ""U"". Faça as consultas do item 6.2 antes.\n\n### 6.1. Atendimento\n\n| Frente | Quem atende | Identificação |\n|---|---|---|\n| SAC QP | Correntistas e não correntistas | Cliente autenticado (URA, Token ou Identificação Positiva) |\n| SAC QC | Não correntistas portadores de cartão (correntistas/poupadores: transferir para a Célula de Segurança via rotina 50106) | — |\n| Plataforma de Relacionamento QP | Correntistas e não correntistas | Autenticado por CPF+senha, agência/conta+senha ou Token: IP dispensada. Atendimentos ATA, Consultoria e Texto: exigem IP. Bancada Cartão: Checklist Maior Risco. |\n| Plataforma de Relacionamento QC | Não correntistas portadores de cartão (correntistas/poupadores: demais canais, itens 3 e 4) | — |\n\n### 6.2. Consultas\n\n1. Verifique o cadastro da senha em `SISRET X69 > 02` ou pela Plataforma (Segurança > Senhas > Gerenciamento de Senhas) — correntistas: agência/conta; não correntistas: número do cartão (não pedir validade/CVV; usar mês/ano do contato e ""000"" no CVV2).\n2. Resultado ""Não cadastrada""/""A cadastrar"" → cliente não correntista com entrada via onboarding digital; não é possível enviar senha; oriente: 8 dígitos via App Alfa (se dispositivo autorizado com Alfa Code/push); 6 dígitos, comparecer a uma agência.\n3. Resultado ""U Bloqueado"" → SAC Receptivo (Célula de Segurança) → rotina 50130; SAC Soluções QP → rotina 50131; SAC Receptivo QC → rotina 50112; Plataforma de Relacionamento → orientar contato com o SAC.\n4. Demais situações → prossiga: pergunte o celular atual do cliente (não informe outros números cadastrados) e confira no cadastro (agência/conta ou MCI) se é o mesmo já registrado. Se divergente, ou se houver mais de um número/duplicidade cadastrada → oriente comparecimento a uma agência. Se for o mesmo e único número → siga para 6.3.\n\n### 6.3. Geração de Senha\n\na) Acesse Plataforma > Segurança > Senhas > Envio de Senha por SMS.\nb) Consulte por tipo de cliente: correntista (CPF, agência e conta, ou MCI); não correntista (CPF); na aba Cartão, informe o número (via `Cartão > 11 > 1` ou `17 > 01 > 01`) — se houver mais de um cartão, peça modalidade e os 4 últimos dígitos.\nc) Selecione a conta/cartão do cliente.\nd) Selecione o envio de senha de 8 e/ou 6 dígitos — o sistema gera uma senha aleatória e envia por SMS.\ne) Informe que a senha chega por SMS ao celular cadastrado, sem prazo de expiração, e que deve ser alterada assim que possível por segurança.\nf) Se for senha de 6 dígitos, informe que, após a alteração, é preciso validar o chip do cartão em qualquer TAA — caso contrário, a nova senha não funcionará com o cartão com chip.\n\n---\n\n## 7. Cliente no Exterior\n\na) **Central de Senhas** (no App Alfa; exige cartão ativo, dispositivo liberado e Alfa Code/Push): permite alterar/bloquear/desbloquear/criar senha de 8 dígitos; alterar/bloquear/desbloquear senha de 6 dígitos; solicitar novo código de acesso. Acesso com a senha atual: área logada > Perfil > Central de senhas. Sem a senha: tela inicial não logada > Recuperar senha.\n\nb) **Agências no exterior:** procedimento de senhas disponível somente na agência de Tóquio.\n\nc) Solicitar a um representante legal (com procuração com firma reconhecida) que realize a operação na agência de relacionamento do cliente no Brasil.\n\nd) A agência de relacionamento envia ao e-mail cadastrado no MCI uma declaração para o cliente assinar e digitalizar — válido apenas para senhas bloqueadas por erro, não para bloqueio ""U"" (suspeita de fraude). O pedido pode começar por qualquer canal de contato, mas a declaração assinada só pode retornar pelo e-mail cadastrado no MCI. A agência de relacionamento pode ser confirmada com o cliente durante a ligação, na aba lateral da Plataforma de Relacionamento.\n\ne) **Cartões com chip:** após a alteração da senha de 6 dígitos, oriente o cliente a atualizar o chip de todos os plásticos ao voltar ao Brasil (em uma TAA), sob risco de impacto em transações presenciais; carteiras digitais funcionam normalmente após a troca.\n\nf) **Uso da senha no exterior:** alguns terminais usam PIN de 4 e/ou 6 dígitos. Nos de 4 dígitos, o cliente informa os 4 primeiros dígitos da sua senha de 6. No exterior, o cliente tem as mesmas opções dos demais clientes, pelo site institucional ou pelo App Alfa.\n\n---\n\n## 8. Senha do Portador Adicional\n\n| Portador | Solicitação | Alteração/reposição |\n|---|---|---|\n| **Adicional não correntista** | Presencial: senha de 6 dígitos cadastrada na hora. Demais canais: senha enviada por correio ao endereço do portador titular. | Se perder, esquecer ou não receber, cadastrar nova em qualquer agência. |\n| **Adicional correntista** | Usa a mesma senha pessoal de 6 dígitos de sua própria conta. Sem senha gravada: modalidades Doméstico/Internacional → sistema não gera o cartão; modalidades Gold e superiores → senha enviada por correio, cartão gerado após o recebimento. | Se perder, esquecer ou não receber, seguir as orientações do item 3. |\n\n---\n\n## 9. Acesso ao gov.br com credenciais do Banco Alfa\n\nVer rotina 50135.\n\n---\n\n## 10. Central de Senhas PF\n\nSolução de segurança no App Alfa para o cliente gerenciar suas senhas.\n- **Área logada:** Perfil > Segurança > Central de Segurança > Central de senhas; Perfil > Segurança > Central de senhas; Menu > Segurança > Central de Segurança > Central de Senhas.\n- **Área não logada:** Tela inicial > Recuperar Senha; ou role a tela para cima > Recuperar Senha.\n\n**Requisitos:** celular autorizado há mais de 30 dias; telefone cadastrado no ATO; Alfa Code ou Push habilitado; geolocalização ativa e autorizada; permissão de câmera concedida ao app; cartão ativo.\n\n> **Atenção:** não correntistas usam a Central de Senhas apenas para alterar a senha ""Conta de Acesso"" (ver item 4.2.2).\n\n---\n\n## 11. Fontes de informação\n\nUGS – Unidade de Gestão de Segurança (código 800040) · Normativo interno 5001 · Normativo interno 5002\n\n---\n\n## 12. Rotinas absorvidas\n\nO conteúdo das seguintes rotinas foi absorvido por este documento:\n\n| Código (anonimizado) | Assunto |\n|---|---|\n| 50137 | Senhas – Orientações (Código de Acesso) |\n| 50138 | Senhas – Orientações (Não correntista) |\n| 50139 | Senhas – Correntistas (Internet e Celular) |\n| 50140 | Arquivada – Senhas – Orientações (Conta-corrente) |\n| 50141 | POP UP – Senhas – Tipos de bloqueio |\n| 50142 | Modalidade de conta simplificada – Senhas |\n| 50143 | Senhas – Orientações – Poupador não correntista |\n| 50144 | Acesso do cliente à plataforma digital gov.br (parceria Banco Alfa e Governo Federal) |\n| 50145 | Senhas – Alfa Digital PJ |\n| 50146 | Atendimento para clientes não participantes do modelo ATA |\n| 50147 | Geração de senha PF – Procedimentos |\n']","Não: geração de senha por SMS serve só para alteração, nunca para primeira senha 'não cadastrada/a cadastrar'. Orientar 8 dígitos via App Alfa (dispositivo autorizado com Alfa Code/push) e 6 dígitos presencial na agência.",CONDITIONAL_WORKFLOW,48.179,,0.4,0.8381942625597382,1.0,0.9999999999
Troquei a senha do cartão com chip e não funciona. Por quê?,"Se a sua nova senha não está funcionando, existem alguns motivos comuns para isso acontecer. Aqui estão as causas mais prováveis e o que você deve fazer:

### 1. O sistema ainda não processou a alteração
Em alguns casos, a atualização da senha nos servidores do banco ou na rede da bandeira do cartão pode levar alguns minutos ou até algumas horas. Se você trocou a senha agora, tente novamente após um intervalo de tempo.

### 2. Bloqueio por tentativas incorretas
Se você tentou digitar a senha nova várias vezes e ela não funcionou, o chip do cartão pode ter sido bloqueado por segurança. Geralmente, após 3 tentativas erradas, o cartão trava para evitar fraudes.

### 3. Erro na digitação ou ""senha travada"" no terminal
Às vezes, o terminal (maquininha) pode estar com algum erro de comunicação. Tente usar o cartão em um estabelecimento diferente ou em um caixa eletrônico do seu banco para testar.

### 4. O cartão não foi desbloqueado corretamente
Se você trocou a senha através do aplicativo ou internet banking, verifique se não há uma etapa pendente de ""confirmação"" ou se o cartão não exige uma primeira transação específica (como uma consulta de saldo em caixa eletrônico) para validar a nova senha.

---

### O que você deve fazer agora:

1. **Não tente mais vezes:** Se você tem certeza de que a senha está correta e ela continua dando erro, **pare de tentar**. Tentar muitas vezes pode bloquear o cartão definitivamente.
2. **Consulte o App:** Acesse o aplicativo do seu banco e verifique se o cartão aparece como ""Ativo"" ou se há alguma mensagem de erro ou bloqueio pendente.
3. **Entre em contato com o banco:** Ligue para a central de atendimento (o número geralmente está no verso do seu cartão). O atendente consegue verificar em tempo real se a senha foi alterada com sucesso no sistema e se o cartão está bloqueado por segurança.
4. **Caixa Eletrônico:** Se possível, vá a um caixa eletrônico do seu banco. Inserir o cartão e tentar consultar o saldo é a forma mais segura de verificar se o chip está lendo corretamente e se a senha foi aceita pelo sistema.

**Atenção:** Nunca forneça sua senha para ninguém, nem mesmo para funcionários do banco. Se o cartão estiver com defeito físico no chip, o banco precisará emitir uma segunda via.","['# POP – Gestão de Senhas e Código de Acesso – Pessoa Física\n### [Versão anonimizada/pseudonimizada — documento complementar ao POP de CDC]\n\n> **Nota metodológica:** este documento usa a mesma metodologia e os mesmos pseudônimos institucionais do POP de CDC anonimizado anteriormente (Banco Alfa, SISALFA, App Alfa etc.). Termos novos e específicos deste documento (produtos de cartão, plataformas, rotinas) foram adicionados à mesma chave de correspondência (arquivo único, cumulativo). A lógica processual e as condições originais foram mantidas integralmente.\n\n**Sumário:** Notas iniciais · 1. Resumo das senhas · 2. Situação das senhas · 3. Correntistas e poupadores · 4. Não correntista · 5. Código de acesso · 6. Geração de senha PF · 7. Cliente no exterior · 8. Senha do portador adicional · 9. Acesso ao gov.br · 10. Central de Senhas PF · 11. Fontes de informação · 12. Rotinas absorvidas\n\n---\n\n## Notas iniciais\n\na) **Transferência de saldo/produtos entre agências:** a senha da agência de origem não é alterada; o cliente acessa normalmente a conta na agência de destino.\n\nb) Os procedimentos desta rotina não se aplicam a clientes PJ ou Setor Público. Para chave J e senhas (Alfa Digital PJ), ver rotina 50129.\n\nc) **Titulares solidários:** as senhas (6 e 8 dígitos) e o código de acesso são os mesmos para todos os titulares. Se um titular bloquear a senha, os demais ficam impossibilitados de realizar transações.\n\nd) **Push:** notificação recebida diretamente no App Alfa. Para ativar: 1) autorizar o App Alfa no sistema do celular (Android: Configurações > Receber Notificações; iOS: Ajustes > Receber Notificações); 2) ativar pelo App Alfa (área logada) em Perfil > Geral > Receber notificações.\n\ne) **Bloqueio de Canal:** consulte na plataforma em Segurança > Bloqueio de segurança > Histórico. Havendo bloqueio, o desbloqueio ocorre após a alteração das senhas de 6 e 8 dígitos — é obrigatório alterar primeiro a de 8 dígitos, depois a de 6. Use os itens 3 e/ou 4 para orientar os canais.\n\n---\n\n## 1. Resumo da utilização das senhas\n\n| Tipo de senha | Canais de utilização |\n|---|---|\n| Senha de 4 dígitos | Descontinuada |\n| Senha de 6 dígitos | Confirma transações de cartão débito e crédito. Plataforma de Relacionamento/URA: acesso, consulta e confirmação de transações da mesma titularidade. Site institucional (sem Alfa Code): confirmação de transações financeiras. App Alfa: confirmação de transações financeiras. WhatsApp Alfa: pode ser solicitada para confirmação de algumas transações. TCX, TAD, POS, correspondente bancário: confirmação de transações. TAA: confirmação de transações de beneficiários do INSS e de portadores de deficiência visual sem código de acesso. Banco 24 Horas e rede compartilhada (Banco Parceiro Beta): confirmação de transações de portadores de deficiência visual sem código de acesso. |\n| Senha de 8 dígitos | Site institucional, App Alfa, App Cartão Alfa e WhatsApp: acesso, consultas, transações financeiras e aquisição de produtos/serviços. |\n| Código de Acesso (letras, sílabas ou alfanumérico) | TAA, Banco 24 Horas e rede compartilhada: confirma transações, inclusive saques na função crédito do cartão. |\n| Conta de Acesso (senha alfanumérica) | Utilizada por não correntistas no App Alfa (versão não correntista). |\n\n---\n\n## 2. Situação das Senhas\n\n### 2.1. Consultas\n- Senhas de 6/8 dígitos e código de acesso — Quadro Próprio e Quadro Contratado: `SISALFA > SISRET > X69 > 2` (correntistas: agência e conta; não correntistas: número do cartão), campo STATUS (pode ser informado ao cliente).\n- Conta de Acesso (Quadro Próprio): `SISALFA > ACESSO > 32 > 01 > CPF`.\n\n### 2.2. Códigos aplicáveis a TODOS os tipos de senha\n| Código | Significado | Situação |\n|---|---|---|\n| 0 | Sem ocorrência de erro de digitação | Ativa |\n| 1 | Cliente errou a digitação uma vez | — |\n| 2 | Cliente errou a digitação duas vezes | — |\n| 3 | Cliente errou a digitação três vezes (se ocorrer na senha de 6 dígitos via APF, Mobile ou WhatsApp, o bloqueio ""3"" é aplicado também à senha de 8 dígitos) | Bloqueada |\n| 6 | Senha (PJ e Governo) cadastrada no Alfa Digital PJ, aguardando confirmação de um funcionário da agência | — |\n| 7 | Senha (PJ e Governo) cadastrada no Alfa Digital PJ, aguardando confirmação de dois funcionários da agência | — |\n| Q | Senha alterada no APF Internet sem Alfa Code, ou no APF Celular sem fotografar cartão válido (aguardando confirmação na TAA com biometria cadastrada há mais de 7 dias) | — |\n| U | Senha bloqueada pelo monitoramento de segurança dos canais de autoatendimento | — |\n\n### 2.3. Códigos exclusivos da senha de 6 dígitos\n| Código | Significado | Situação |\n|---|---|---|\n| A | Senha digitada errada 3 vezes | Bloqueada |\n| D | Erro na tentativa de desbloqueio na TAA, ou bloqueio feito pelo próprio cliente via APF Celular/Internet | — |\n\n### 2.4. Códigos exclusivos da senha de 8 dígitos\n| Código | Significado | Situação |\n|---|---|---|\n| T | Senha registrada antes de 2012 e bloqueada por não uso nos últimos 90 dias | Bloqueada |\n| D | Alteração iniciada via APF Celular, com falha na confirmação via TAA sem biometria | — |\n| P | Senha cadastrada via APF Internet/Celular, aguardando confirmação na TAA | — |\n| 4 | Erro na tentativa de desbloqueio via Mobile | — |\n| 8 | Senha bloqueada pela agência ou pelo próprio cliente nos canais de autoatendimento | — |\n\n### 2.5. Situações do código de acesso\nCódigo ""4"" = tentativa de desbloqueio na TAA; CAA = letras; CAS = sílabas; CAN = alfanumérico.\n\n### 2.6. Situações da senha alfanumérica (Conta de Acesso)\n*Solicitado* = cadastramento/alteração pedidos; *Ativa* = cadastrada e ativa; *Bloqueado* = bloqueada por erro de digitação ou por segurança.\n> Essa confirmação ocorre por oferta ativa, sem necessidade de navegar pelo menu da TAA.\n\n---\n\n## 3. Correntistas e Poupadores\n\n### 3.1. Senha de 6 dígitos (conta e cartão)\n\nUsada para autorizar transações em: terminais de caixa das agências, TAA, site institucional (sem Alfa Code), App Alfa, correspondente bancário, transações de cartão (débito e crédito) e acesso à Central de Relacionamento/SAC. Vinculada à agência/conta (correntista) ou ao CPF (não correntista).\n\n**3.1.1. Cadastramento**\n\n| Canal | Procedimento |\n|---|---|\n| Agência | Correntistas e poupadores: no fluxo de abertura de conta, em qualquer agência. Beneficiários do INSS: em qualquer agência. Clientes de conta digital: no fluxo de abertura pelo App Alfa. |\n\n> **Atenção:** se o cliente quiser encerrar a conta corrente e ficar só com o cartão de crédito, cadastre nova senha como não correntista — obrigatório para não deixar pendente a emissão dos cartões.\n\n**3.1.2. Alteração**\n\n> Para cartões com chip, após a alteração, oriente o cliente a atualizar o chip de todos os plásticos em qualquer TAA (sob risco da senha não funcionar). Verifique a possibilidade de enviar senha provisória por SMS (item 6).\n\n| Canal | Requisitos/Condição | Procedimento |\n|---|---|---|\n| App Alfa | Celular autorizado há mais de 30 dias; Alfa Code ou Push habilitado; geolocalização ativa e autorizada; cartão ativo; senha de 8 dígitos ativa (códigos 0, 1 e/ou 2). Não disponível se bloqueada por ""8"". | **Com a senha anterior:** área logada > Perfil > Segurança > Central de senhas > Senha de 6 dígitos > Alterar. **Sem a senha anterior:** área logada > Perfil > Segurança > Central de senhas > Senha de 6 dígitos > Esqueci a senha > ""Agora utilizando o cartão"" (dados do cartão) — confirmação por: (i) biometria na TAA (cadastrada há mais de 7 dias): App Alfa > Menu > Perfil > Central de senhas > Senha de 6 dígitos > Esqueci a senha > No caixa eletrônico, depois na TAA em Segurança e Senhas > Senhas > Liberação de Senha Provisória > Senha da conta e cartão (6 dígitos); ou (ii) WhatsApp (telefone cadastrado no ATO): área logada > Perfil > Central de senhas > Senha de 6 dígitos > Esqueci a senha > Por WhatsApp. |\n| Site institucional | Senha de 8 dígitos ativa (códigos 0, 1 e/ou 2). Não disponível para quem não usa Alfa Code e não tem biometria cadastrada há mais de 7 dias (ou de forma assistida), nem para bloqueio ""U"" ou ""8"" da senha de 6 dígitos. | Em computador autorizado, com ou sem a senha anterior: **com adesão ao Alfa Code:** área logada > Segurança > Senhas > Alterar > Senha do cartão (6 dígitos) (exige código de autorização do Alfa Code). **Sem adesão ao Alfa Code, com biometria cadastrada:** mesmo caminho, confirmando em uma TAA com biometria cadastrada há mais de 7 dias. |\n| Agências (inclusive bloqueio ""U"") | — | Mediante identificação; recomendar que o cliente leve o cartão. |\n| SAC | Bloqueio ""U"": SAC Receptivo QP/QC (Célula de Segurança) → rotina 50130; SAC Soluções QP → rotina 50131; SAC Quadro Contratado → rotina 50112. Outros bloqueios: SAC Quadro Próprio → procedimento de Geração de Senha (item 6); SAC Quadro Contratado → rotina 50112. | — |\n| Plataforma de Relacionamento / ATA | Exceto bloqueio ""U"": Quadro Próprio → Geração de Senha; Quadro Contratado (não correntista portador de cartão) → Geração de Senha; correntistas/poupadores → demais canais. | — |\n\n**3.1.3. Bloqueio**\n\nCanais por iniciativa do cliente: TAA; SAC QC/QP; Plataforma de Relacionamento; site institucional (com Alfa Code); App Alfa (dispositivo autorizado, com Alfa Code ou push); agências.\n> Se o cliente detectar lançamentos indevidos na conta (inclusive por invasão do site), utilize também a rotina 50136, item 5.1. Bloqueio por um titular solidário impede os demais de transacionar. O bloqueio do código de acesso implica bloqueio da senha de 6 dígitos.\n\n**3.1.4. Desbloqueio**\n\nFeito COM conhecimento da senha anterior (sem isso, é preciso fazer a Alteração). Bloqueio ""U"" não admite desbloqueio, só Alteração.\n\n| Canal | Requisitos | Procedimento |\n|---|---|---|\n| App Alfa | Celular autorizado >30 dias; Alfa Code/Push habilitado; geolocalização ativa; cartão ativo; senha de 8 dígitos ativa (0,1,2). | Área logada > Perfil > Segurança > Central de senhas > Senha de 6 dígitos > Desbloquear. |\n| Site institucional | Senha de 8 dígitos ativa (0,1,2). | Em computador autorizado — com Alfa Code: Segurança > Senhas > Desbloquear (código de autorização); sem Alfa Code: mesmo caminho, confirmando em TAA com biometria (>7 dias). |\n| TAA | Biometria, ou cartão + código de acesso. | Menu > Segurança e Senhas > Senhas > Desbloqueio > Senha da conta e cartão (6 dígitos). |\n| Agência | Identificação (recomendar levar o cartão). | — |\n\n> Erro de digitação na tentativa de desbloqueio na TAA: só pode ser desbloqueada em agência. Bloqueio por iniciativa da agência/cliente: desbloqueio em qualquer agência. Bloqueio por erro de identificação positiva na TAA: só desbloqueia em agência (se o cliente souber a senha); usar a TAA para essa operação não é possível. Desbloqueio exige código de acesso ou biometria; sem nenhum dos dois, é necessário comparecer a uma agência.\n\n### 3.2. Senha de 8 dígitos\n\nAcessa o site institucional e o App Alfa; pode ser provisória¹ ou definitiva. Confirmação de transações financeiras via Alfa Code; sem Alfa Code, usa-se a senha de 6 dígitos (oriente o cadastramento do Alfa Code). Senha única — não precisa ser cadastrada por cada titular.\n\n> ¹ Provisória: só senhas antigas; acesso restrito a consultas. Para movimentações financeiras, deve ser liberada em uma TAA.\n\n**3.2.1. Cadastramento**\n\n| Canal | Procedimento |\n|---|---|\n| App Alfa | Correntistas/poupadores: ""Esqueci ou não tenho a senha"" na tela de login (clientes sem histórico de equipamento autorizado no ATO); o equipamento fica em carência (há um link de liberação). Clientes de conta digital: cadastram no fluxo de abertura via Mobile. |\n| TAA | Com biometria cadastrada há mais de 7 dias: Menu > Segurança e Senhas > Senhas > Cadastramento. |\n| Agência | Qualquer agência, informando a senha de 6 dígitos. |\n\n**3.2.2. Alteração**\n\n| Canal | Condição | Procedimento |\n|---|---|---|\n| App Alfa | Celular autorizado >30 dias; Alfa Code/Push; geolocalização; cartão ativo. | **Com a senha atual:** área logada > Perfil > Segurança > Central de senhas > Senha de 8 dígitos > Alterar (digitar a senha atual). **Sem a senha atual (inclusive bloqueio ≠ ""U""), ou bloqueio ""U"":** ""Esqueci minha senha"" (tela de login ou tela inicial não logada) > Recuperar senha > Senha de 8 dígitos > Esqueci a senha, com 3 opções: (i) ""Agora utilizando o cartão"" (dados do cartão, dispositivo autorizado, Alfa Code ou Push); (ii) ""No caixa eletrônico"" (confirmação por biometria na TAA, cadastrada há mais de 7 dias); (iii) por WhatsApp (telefone cadastrado no ATO + versão mínima do app + reconhecimento facial). *A opção ""recuperar senha"" só aparece em celular autorizado onde o cliente já acessou a conta ao menos uma vez.* |\n| Site institucional (computador autorizado) | Com a senha atual: exigida a senha de 8 dígitos atual. | **Com Alfa Code:** Segurança > Senhas > Alterar > Senha da internet (8 dígitos) (código de autorização). **Sem Alfa Code:** mesmo caminho, confirmando em TAA com biometria (>7 dias). Sem a senha atual (inclusive bloqueio ≠ ""U""), ou bloqueio ""U"": não disponível neste canal. |\n| TAA | Com ou sem a senha atual (inclusive bloqueios). | Menu > Segurança e Senhas > Senhas > Alteração > Senha de acesso à internet e ao celular (8 dígitos). Com biometria: qualquer horário (cadastrada há mais de 7 dias, ou de forma assistida). Sem biometria, com cartão com chip + código de acesso: das 10h às 16h em dias úteis. |\n| Agência | Com ou sem a senha atual (inclusive bloqueios). | Atendimento presencial, exigindo a senha de 6 dígitos; recomendar levar o cartão. |\n| SAC | Com a senha atual, ou sem ela (exceto ""U""): Quadro Próprio → Geração de Senha; Quadro Contratado → rotina 50112. Bloqueio ""U"": SAC Receptivo (Célula de Segurança) → rotina 50130; SAC Soluções QP → rotina 50131; SAC QC → rotina 50112. | — |\n| Plataforma de Relacionamento / ATA | Com a senha atual, ou sem ela (exceto ""U""): Quadro Próprio → Geração de Senha; Quadro Contratado (não correntista com cartão) → Geração de Senha; correntistas/poupadores → demais canais. Bloqueio ""U"": não disponível neste canal. | — |\n\n**3.2.3. Bloqueio**\n\nCanais por iniciativa do cliente: TAA; SAC; agências; site institucional (com Alfa Code); App Alfa (dispositivo autorizado, com Alfa Code ou push). Bloqueio de segurança ocorre quando há indício de violação da senha. Bloqueio ""T"": não é mais aplicado — restam apenas registros até 2012.\n\n**3.2.4. Desbloqueio**\n\n> Sem conhecimento da senha anterior, bloqueio ""U"" (segurança) ou bloqueio ""4"": seguir os procedimentos de Alteração.\n\nConsulte em `SISRET X69 > 02` (correntistas: agência/conta; não correntistas: número do cartão), campo STATUS, ou pela Plataforma (Segurança > Senhas > Gerenciamento de Senhas). Não pergunte data de validade nem CVV ao cliente — preencha o número do cartão, use o mês/ano do contato como validade e ""000"" no CVV2.\n\n| Tipo de bloqueio | Canal | Procedimento |\n|---|---|---|\n| Por iniciativa da agência ou do cliente | Agência | Com a senha de 6 dígitos (recomendar levar o cartão). |\n| | TAA | Com código de acesso ou biometria. |\n| Por motivo ""T"" | Agência | Idem acima. |\n| | TAA | Idem acima. |\n| Por digitação incorreta 3 vezes | App Alfa (dispositivo autorizado >30 dias, Alfa Code/Push, geolocalização, cartão ativo) | Recuperar Senhas > Senha de 8 dígitos > Desbloquear (digitar a senha atual). |\n| | Agência | Com a senha de 6 dígitos. |\n| | TAA | Com código de acesso ou biometria. |\n| Por erro na tentativa de desbloqueio na TAA | Agência | Com a senha de 6 dígitos. |\n\n---\n\n## 4. Não Correntista\n\n### 4.1. Senha de 6 dígitos\n\n**4.1.1. Cadastramento:** clientes não correntistas que solicitam Cartão Alfa via App ou web cadastram no próprio fluxo de solicitação. Private Label → rotina 50133. Cartões de programa de fidelidade parceiro → rotina 50134.\n\n**4.1.2. Alteração:** Agência (qualquer uma, com cartão válido e identificação); SAC e Plataforma de Relacionamento → item 6 desta rotina.\n\n**4.1.3. Bloqueio:** por iniciativa do cliente — TAA; SAC QC/QP; Plataforma de Relacionamento; agências.\n\n**4.1.4. Desbloqueio:** Agência (qualquer uma, com a senha de 6 dígitos); TAA (com o código de acesso).\n\n### 4.2. Conta de Acesso e Senha de 8 dígitos\n\n**Demanda:** dificuldade para acessar o App Alfa ou o App Cartão Alfa com a senha de 8 dígitos.\n\n> **Atenção:** há 2 tipos de senha de 8 dígitos para não correntista — **Conta de Acesso** (acessa o App Alfa) e **Senha-8** (acessa o App Cartão Alfa). O cliente normalmente não sabe dessa distinção. Para identificar o tipo, siga o item 4.2.1.\n\n**4.2.1. Identificação do tipo de senha**\n\n*4.2.1.1. Sistema Alfa:*\n- a) Senha Conta de Acesso: `SISRET X69 > 02 > nº do cartão`. Se ""não localizado"" ou se o cliente tiver os dois tipos, siga para (b). Se possuir só Conta de Acesso: Quadro Contratado → siga para 4.2.2; Quadro Próprio → confira a situação (se ""Ativo"", tecle F9 para mais detalhes) e siga para 4.2.2.\n- b) Senha-8: `SISALFA > SISRET X69 > 02 > nº do cartão`. Cliente com só Senha-8, ou com as duas → oriente conforme 4.2.2 (Quadro Próprio e Contratado).\n\n*4.2.1.2. Plataforma:* não pergunte data de validade nem CVV. `Plataforma de Negócios > Segurança > Senhas > Gerenciamento de Senhas 3.0` — preencha o número do cartão, use o mês/ano do contato como validade e ""000"" no CVV2.\n\n**4.2.2. Procedimentos** (se o cliente tiver os dois tipos, pergunte qual app ele quer acessar):\n\n| Senha | Cadastramento | Alteração | Bloqueio | Desbloqueio |\n|---|---|---|---|---|\n| **Conta de Acesso** (App Alfa) | No momento da contratação do cartão (App Alfa/onboarding digital) | App Alfa (Central de Senhas) ou link de recuperação; Agência (cartão válido e previamente liberado) | Agência | Agência (cartão válido e previamente liberado) |\n| **Senha-8** (App Cartão Alfa) | No momento da contratação do cartão (lojas parceiras, correspondentes, agências) | TAA; SAC e Plataforma de Relacionamento (Geração de Senha, ou outros canais); App Cartão Alfa ""Esqueci minha senha"" (sem bloqueio vigente); Agência | TAA; APF; Mobile; agências; **se o cliente foi vítima de assalto, roubo ou sequestro:** SAC QP/QC e Plataforma de Relacionamento → `SISRET X98`, código de rota 800050, conta = nº da conta do cartão | TAA; Agência |\n\n> Não correntistas com Conta de Acesso também podem acessar o App Cartão Alfa, mas precisam cadastrar uma senha de 8 dígitos separada via ""Esqueci senha"" — explique que serão duas senhas diferentes, uma para cada app. Quem possui só a Senha-8 NÃO consegue acessar o App Alfa.\n\n---\n\n## 5. Código de Acesso (Alfanumérico)\n\na) **Deficientes visuais:** o cliente com deficiência visual total pode ser dispensado da exigência do código de acesso, mediante registro da característica no cadastro pela agência. Em conta conjunta, a dispensa vale só para o titular com a deficiência.\n\nb) **Tipos:** CAA (letras), CAS (sílabas), CAN (alfanumérico). Emitido quando o cliente usa a TAA com cartão pela primeira vez, tentando uma transação/consulta — o cliente é avisado do novo código, que substitui o anterior.\n\nc) Se o cliente disser que não tem/não anotou o código: oriente conforme a tabela abaixo, ou informe que TAAs com biometria dispensam o código de acesso (rotina 50132, itens 1 e 9).\n\n**5.1. O que é:** código aleatório (letras, sílabas e/ou números), não escolhido pelo cliente; para PF e PJ, correntistas, não correntistas e poupadores portadores de cartão; necessário em: TAA, Banco 24 Horas e rede compartilhada (Banco Parceiro Beta).\n\n**5.2. Cadastramento:** gerado e impresso automaticamente no primeiro uso do cartão na TAA; regenerado em migração de conta (mesmo cartão) ou quando o código antigo é cancelado. Se a impressora estiver inoperante, é mostrado só em tela. Código único para todos os titulares solidários.\n\n**5.3. Alteração:** não existe alteração direta — o código deve ser cancelado (canais abaixo); a nova combinação é gerada automaticamente no próximo acesso à TAA. *(O código não muda se a senha da conta corrente for alterada.)*\n\n| Canal | Procedimento |\n|---|---|\n| App Alfa | Área logada > Perfil > Segurança > Central de senhas > Código de Acesso > Solicitar novo código. |\n| Site institucional | Área logada — confirmação via Alfa Code; sem Alfa Code, confirma na TAA com biometria cadastrada há mais de 7 dias. |\n| Agência | Com a senha de 6 dígitos (recomendar levar o cartão). |\n\n**5.4. Bloqueio:** após 3 tentativas seguidas incorretas. Bloqueio da senha de 6 dígitos ou do código de acesso mantém o uso da TAA com biometria. Bloqueio da senha de 6 dígitos mantém o uso do código de acesso, exceto nos bloqueios ""U"" ou ""8"".\n\n**5.5. Desbloqueio:** pelo próprio cliente na TAA, usando o próprio código de acesso. Se houver novo erro, o código deve ser cancelado (site institucional com Alfa Code, App Alfa, ou qualquer agência) para gerar um novo.\n\n---\n\n## 6. Geração de Senha PF – Procedimentos\n\nEnvio de senha (6 e 8 dígitos) por SMS para PF — só para ALTERAÇÃO (não para cadastro de primeira senha, que segue outros canais). Não disponível para senhas ""não cadastradas""/""a cadastrar"" ou bloqueio ""U"". Faça as consultas do item 6.2 antes.\n\n### 6.1. Atendimento\n\n| Frente | Quem atende | Identificação |\n|---|---|---|\n| SAC QP | Correntistas e não correntistas | Cliente autenticado (URA, Token ou Identificação Positiva) |\n| SAC QC | Não correntistas portadores de cartão (correntistas/poupadores: transferir para a Célula de Segurança via rotina 50106) | — |\n| Plataforma de Relacionamento QP | Correntistas e não correntistas | Autenticado por CPF+senha, agência/conta+senha ou Token: IP dispensada. Atendimentos ATA, Consultoria e Texto: exigem IP. Bancada Cartão: Checklist Maior Risco. |\n| Plataforma de Relacionamento QC | Não correntistas portadores de cartão (correntistas/poupadores: demais canais, itens 3 e 4) | — |\n\n### 6.2. Consultas\n\n1. Verifique o cadastro da senha em `SISRET X69 > 02` ou pela Plataforma (Segurança > Senhas > Gerenciamento de Senhas) — correntistas: agência/conta; não correntistas: número do cartão (não pedir validade/CVV; usar mês/ano do contato e ""000"" no CVV2).\n2. Resultado ""Não cadastrada""/""A cadastrar"" → cliente não correntista com entrada via onboarding digital; não é possível enviar senha; oriente: 8 dígitos via App Alfa (se dispositivo autorizado com Alfa Code/push); 6 dígitos, comparecer a uma agência.\n3. Resultado ""U Bloqueado"" → SAC Receptivo (Célula de Segurança) → rotina 50130; SAC Soluções QP → rotina 50131; SAC Receptivo QC → rotina 50112; Plataforma de Relacionamento → orientar contato com o SAC.\n4. Demais situações → prossiga: pergunte o celular atual do cliente (não informe outros números cadastrados) e confira no cadastro (agência/conta ou MCI) se é o mesmo já registrado. Se divergente, ou se houver mais de um número/duplicidade cadastrada → oriente comparecimento a uma agência. Se for o mesmo e único número → siga para 6.3.\n\n### 6.3. Geração de Senha\n\na) Acesse Plataforma > Segurança > Senhas > Envio de Senha por SMS.\nb) Consulte por tipo de cliente: correntista (CPF, agência e conta, ou MCI); não correntista (CPF); na aba Cartão, informe o número (via `Cartão > 11 > 1` ou `17 > 01 > 01`) — se houver mais de um cartão, peça modalidade e os 4 últimos dígitos.\nc) Selecione a conta/cartão do cliente.\nd) Selecione o envio de senha de 8 e/ou 6 dígitos — o sistema gera uma senha aleatória e envia por SMS.\ne) Informe que a senha chega por SMS ao celular cadastrado, sem prazo de expiração, e que deve ser alterada assim que possível por segurança.\nf) Se for senha de 6 dígitos, informe que, após a alteração, é preciso validar o chip do cartão em qualquer TAA — caso contrário, a nova senha não funcionará com o cartão com chip.\n\n---\n\n## 7. Cliente no Exterior\n\na) **Central de Senhas** (no App Alfa; exige cartão ativo, dispositivo liberado e Alfa Code/Push): permite alterar/bloquear/desbloquear/criar senha de 8 dígitos; alterar/bloquear/desbloquear senha de 6 dígitos; solicitar novo código de acesso. Acesso com a senha atual: área logada > Perfil > Central de senhas. Sem a senha: tela inicial não logada > Recuperar senha.\n\nb) **Agências no exterior:** procedimento de senhas disponível somente na agência de Tóquio.\n\nc) Solicitar a um representante legal (com procuração com firma reconhecida) que realize a operação na agência de relacionamento do cliente no Brasil.\n\nd) A agência de relacionamento envia ao e-mail cadastrado no MCI uma declaração para o cliente assinar e digitalizar — válido apenas para senhas bloqueadas por erro, não para bloqueio ""U"" (suspeita de fraude). O pedido pode começar por qualquer canal de contato, mas a declaração assinada só pode retornar pelo e-mail cadastrado no MCI. A agência de relacionamento pode ser confirmada com o cliente durante a ligação, na aba lateral da Plataforma de Relacionamento.\n\ne) **Cartões com chip:** após a alteração da senha de 6 dígitos, oriente o cliente a atualizar o chip de todos os plásticos ao voltar ao Brasil (em uma TAA), sob risco de impacto em transações presenciais; carteiras digitais funcionam normalmente após a troca.\n\nf) **Uso da senha no exterior:** alguns terminais usam PIN de 4 e/ou 6 dígitos. Nos de 4 dígitos, o cliente informa os 4 primeiros dígitos da sua senha de 6. No exterior, o cliente tem as mesmas opções dos demais clientes, pelo site institucional ou pelo App Alfa.\n\n---\n\n## 8. Senha do Portador Adicional\n\n| Portador | Solicitação | Alteração/reposição |\n|---|---|---|\n| **Adicional não correntista** | Presencial: senha de 6 dígitos cadastrada na hora. Demais canais: senha enviada por correio ao endereço do portador titular. | Se perder, esquecer ou não receber, cadastrar nova em qualquer agência. |\n| **Adicional correntista** | Usa a mesma senha pessoal de 6 dígitos de sua própria conta. Sem senha gravada: modalidades Doméstico/Internacional → sistema não gera o cartão; modalidades Gold e superiores → senha enviada por correio, cartão gerado após o recebimento. | Se perder, esquecer ou não receber, seguir as orientações do item 3. |\n\n---\n\n## 9. Acesso ao gov.br com credenciais do Banco Alfa\n\nVer rotina 50135.\n\n---\n\n## 10. Central de Senhas PF\n\nSolução de segurança no App Alfa para o cliente gerenciar suas senhas.\n- **Área logada:** Perfil > Segurança > Central de Segurança > Central de senhas; Perfil > Segurança > Central de senhas; Menu > Segurança > Central de Segurança > Central de Senhas.\n- **Área não logada:** Tela inicial > Recuperar Senha; ou role a tela para cima > Recuperar Senha.\n\n**Requisitos:** celular autorizado há mais de 30 dias; telefone cadastrado no ATO; Alfa Code ou Push habilitado; geolocalização ativa e autorizada; permissão de câmera concedida ao app; cartão ativo.\n\n> **Atenção:** não correntistas usam a Central de Senhas apenas para alterar a senha ""Conta de Acesso"" (ver item 4.2.2).\n\n---\n\n## 11. Fontes de informação\n\nUGS – Unidade de Gestão de Segurança (código 800040) · Normativo interno 5001 · Normativo interno 5002\n\n---\n\n## 12. Rotinas absorvidas\n\nO conteúdo das seguintes rotinas foi absorvido por este documento:\n\n| Código (anonimizado) | Assunto |\n|---|---|\n| 50137 | Senhas – Orientações (Código de Acesso) |\n| 50138 | Senhas – Orientações (Não correntista) |\n| 50139 | Senhas – Correntistas (Internet e Celular) |\n| 50140 | Arquivada – Senhas – Orientações (Conta-corrente) |\n| 50141 | POP UP – Senhas – Tipos de bloqueio |\n| 50142 | Modalidade de conta simplificada – Senhas |\n| 50143 | Senhas – Orientações – Poupador não correntista |\n| 50144 | Acesso do cliente à plataforma digital gov.br (parceria Banco Alfa e Governo Federal) |\n| 50145 | Senhas – Alfa Digital PJ |\n| 50146 | Atendimento para clientes não participantes do modelo ATA |\n| 50147 | Geração de senha PF – Procedimentos |\n']","Após alterar a senha de 6 dígitos de cartão com chip, é obrigatório atualizar o chip em qualquer TAA; sem isso a nova senha não funciona no presencial. Carteiras digitais seguem normais após a troca.",REGULATORY_TIMELINE,8.055,,0.08333333333333333,0.8571469874738002,1.0,0.9999999999
Alterei a senha no celular e apareceu código Q. O que significa?,"O ""código Q"" que apareceu no seu celular após a alteração de senha geralmente está relacionado a um **QR Code de autenticação ou sincronização de segurança**.

Aqui estão as possibilidades mais comuns para o que isso significa:

1.  **Sincronização de Dispositivo:** O banco pode estar solicitando que você valide a alteração de senha em outro dispositivo (como um computador ou tablet) ou que você escaneie esse código para confirmar que é você quem está realizando a operação.
2.  **Token de Segurança (Soft Token):** Alguns aplicativos bancários utilizam QR Codes para ativar o ""Token"" no novo aparelho ou após uma alteração crítica de segurança, garantindo que o acesso seja validado por um dispositivo confiável.
3.  **Autenticação de Dois Fatores (2FA):** Se você ativou alguma camada extra de segurança, o código pode ser uma chave de configuração para aplicativos de autenticação (como Google Authenticator ou Microsoft Authenticator).
4.  **Erro de Processamento:** Em alguns casos, se o código aparecer de forma inesperada ou ""quebrada"", pode ser apenas uma falha visual do aplicativo.

**O que você deve fazer agora:**

*   **Não compartilhe esse código:** Nunca tire print ou envie esse QR Code para ninguém, nem mesmo para pessoas que se dizem funcionários do banco.
*   **Verifique o aplicativo:** Veja se há alguma instrução escrita na tela logo acima ou abaixo do código. Geralmente, o app explica: ""Escaneie este código no seu computador"" ou ""Aponte a câmera para o caixa eletrônico"".
*   **Reinicie o app:** Se você não estava tentando configurar nada novo, feche o aplicativo completamente e abra novamente. Se a senha foi alterada com sucesso, o acesso deve ser normalizado.
*   **Cuidado com golpes:** Se você recebeu esse código após um contato telefônico ou mensagem de alguém pedindo para ""validar sua conta"", **cuidado**. Bancos não pedem para você escanear códigos enviados por terceiros.

Se você não conseguir acessar sua conta após isso, recomendo entrar em contato com a central de atendimento oficial do seu banco através do número que consta no verso do seu cartão.","['# POP – Gestão de Senhas e Código de Acesso – Pessoa Física\n### [Versão anonimizada/pseudonimizada — documento complementar ao POP de CDC]\n\n> **Nota metodológica:** este documento usa a mesma metodologia e os mesmos pseudônimos institucionais do POP de CDC anonimizado anteriormente (Banco Alfa, SISALFA, App Alfa etc.). Termos novos e específicos deste documento (produtos de cartão, plataformas, rotinas) foram adicionados à mesma chave de correspondência (arquivo único, cumulativo). A lógica processual e as condições originais foram mantidas integralmente.\n\n**Sumário:** Notas iniciais · 1. Resumo das senhas · 2. Situação das senhas · 3. Correntistas e poupadores · 4. Não correntista · 5. Código de acesso · 6. Geração de senha PF · 7. Cliente no exterior · 8. Senha do portador adicional · 9. Acesso ao gov.br · 10. Central de Senhas PF · 11. Fontes de informação · 12. Rotinas absorvidas\n\n---\n\n## Notas iniciais\n\na) **Transferência de saldo/produtos entre agências:** a senha da agência de origem não é alterada; o cliente acessa normalmente a conta na agência de destino.\n\nb) Os procedimentos desta rotina não se aplicam a clientes PJ ou Setor Público. Para chave J e senhas (Alfa Digital PJ), ver rotina 50129.\n\nc) **Titulares solidários:** as senhas (6 e 8 dígitos) e o código de acesso são os mesmos para todos os titulares. Se um titular bloquear a senha, os demais ficam impossibilitados de realizar transações.\n\nd) **Push:** notificação recebida diretamente no App Alfa. Para ativar: 1) autorizar o App Alfa no sistema do celular (Android: Configurações > Receber Notificações; iOS: Ajustes > Receber Notificações); 2) ativar pelo App Alfa (área logada) em Perfil > Geral > Receber notificações.\n\ne) **Bloqueio de Canal:** consulte na plataforma em Segurança > Bloqueio de segurança > Histórico. Havendo bloqueio, o desbloqueio ocorre após a alteração das senhas de 6 e 8 dígitos — é obrigatório alterar primeiro a de 8 dígitos, depois a de 6. Use os itens 3 e/ou 4 para orientar os canais.\n\n---\n\n## 1. Resumo da utilização das senhas\n\n| Tipo de senha | Canais de utilização |\n|---|---|\n| Senha de 4 dígitos | Descontinuada |\n| Senha de 6 dígitos | Confirma transações de cartão débito e crédito. Plataforma de Relacionamento/URA: acesso, consulta e confirmação de transações da mesma titularidade. Site institucional (sem Alfa Code): confirmação de transações financeiras. App Alfa: confirmação de transações financeiras. WhatsApp Alfa: pode ser solicitada para confirmação de algumas transações. TCX, TAD, POS, correspondente bancário: confirmação de transações. TAA: confirmação de transações de beneficiários do INSS e de portadores de deficiência visual sem código de acesso. Banco 24 Horas e rede compartilhada (Banco Parceiro Beta): confirmação de transações de portadores de deficiência visual sem código de acesso. |\n| Senha de 8 dígitos | Site institucional, App Alfa, App Cartão Alfa e WhatsApp: acesso, consultas, transações financeiras e aquisição de produtos/serviços. |\n| Código de Acesso (letras, sílabas ou alfanumérico) | TAA, Banco 24 Horas e rede compartilhada: confirma transações, inclusive saques na função crédito do cartão. |\n| Conta de Acesso (senha alfanumérica) | Utilizada por não correntistas no App Alfa (versão não correntista). |\n\n---\n\n## 2. Situação das Senhas\n\n### 2.1. Consultas\n- Senhas de 6/8 dígitos e código de acesso — Quadro Próprio e Quadro Contratado: `SISALFA > SISRET > X69 > 2` (correntistas: agência e conta; não correntistas: número do cartão), campo STATUS (pode ser informado ao cliente).\n- Conta de Acesso (Quadro Próprio): `SISALFA > ACESSO > 32 > 01 > CPF`.\n\n### 2.2. Códigos aplicáveis a TODOS os tipos de senha\n| Código | Significado | Situação |\n|---|---|---|\n| 0 | Sem ocorrência de erro de digitação | Ativa |\n| 1 | Cliente errou a digitação uma vez | — |\n| 2 | Cliente errou a digitação duas vezes | — |\n| 3 | Cliente errou a digitação três vezes (se ocorrer na senha de 6 dígitos via APF, Mobile ou WhatsApp, o bloqueio ""3"" é aplicado também à senha de 8 dígitos) | Bloqueada |\n| 6 | Senha (PJ e Governo) cadastrada no Alfa Digital PJ, aguardando confirmação de um funcionário da agência | — |\n| 7 | Senha (PJ e Governo) cadastrada no Alfa Digital PJ, aguardando confirmação de dois funcionários da agência | — |\n| Q | Senha alterada no APF Internet sem Alfa Code, ou no APF Celular sem fotografar cartão válido (aguardando confirmação na TAA com biometria cadastrada há mais de 7 dias) | — |\n| U | Senha bloqueada pelo monitoramento de segurança dos canais de autoatendimento | — |\n\n### 2.3. Códigos exclusivos da senha de 6 dígitos\n| Código | Significado | Situação |\n|---|---|---|\n| A | Senha digitada errada 3 vezes | Bloqueada |\n| D | Erro na tentativa de desbloqueio na TAA, ou bloqueio feito pelo próprio cliente via APF Celular/Internet | — |\n\n### 2.4. Códigos exclusivos da senha de 8 dígitos\n| Código | Significado | Situação |\n|---|---|---|\n| T | Senha registrada antes de 2012 e bloqueada por não uso nos últimos 90 dias | Bloqueada |\n| D | Alteração iniciada via APF Celular, com falha na confirmação via TAA sem biometria | — |\n| P | Senha cadastrada via APF Internet/Celular, aguardando confirmação na TAA | — |\n| 4 | Erro na tentativa de desbloqueio via Mobile | — |\n| 8 | Senha bloqueada pela agência ou pelo próprio cliente nos canais de autoatendimento | — |\n\n### 2.5. Situações do código de acesso\nCódigo ""4"" = tentativa de desbloqueio na TAA; CAA = letras; CAS = sílabas; CAN = alfanumérico.\n\n### 2.6. Situações da senha alfanumérica (Conta de Acesso)\n*Solicitado* = cadastramento/alteração pedidos; *Ativa* = cadastrada e ativa; *Bloqueado* = bloqueada por erro de digitação ou por segurança.\n> Essa confirmação ocorre por oferta ativa, sem necessidade de navegar pelo menu da TAA.\n\n---\n\n## 3. Correntistas e Poupadores\n\n### 3.1. Senha de 6 dígitos (conta e cartão)\n\nUsada para autorizar transações em: terminais de caixa das agências, TAA, site institucional (sem Alfa Code), App Alfa, correspondente bancário, transações de cartão (débito e crédito) e acesso à Central de Relacionamento/SAC. Vinculada à agência/conta (correntista) ou ao CPF (não correntista).\n\n**3.1.1. Cadastramento**\n\n| Canal | Procedimento |\n|---|---|\n| Agência | Correntistas e poupadores: no fluxo de abertura de conta, em qualquer agência. Beneficiários do INSS: em qualquer agência. Clientes de conta digital: no fluxo de abertura pelo App Alfa. |\n\n> **Atenção:** se o cliente quiser encerrar a conta corrente e ficar só com o cartão de crédito, cadastre nova senha como não correntista — obrigatório para não deixar pendente a emissão dos cartões.\n\n**3.1.2. Alteração**\n\n> Para cartões com chip, após a alteração, oriente o cliente a atualizar o chip de todos os plásticos em qualquer TAA (sob risco da senha não funcionar). Verifique a possibilidade de enviar senha provisória por SMS (item 6).\n\n| Canal | Requisitos/Condição | Procedimento |\n|---|---|---|\n| App Alfa | Celular autorizado há mais de 30 dias; Alfa Code ou Push habilitado; geolocalização ativa e autorizada; cartão ativo; senha de 8 dígitos ativa (códigos 0, 1 e/ou 2). Não disponível se bloqueada por ""8"". | **Com a senha anterior:** área logada > Perfil > Segurança > Central de senhas > Senha de 6 dígitos > Alterar. **Sem a senha anterior:** área logada > Perfil > Segurança > Central de senhas > Senha de 6 dígitos > Esqueci a senha > ""Agora utilizando o cartão"" (dados do cartão) — confirmação por: (i) biometria na TAA (cadastrada há mais de 7 dias): App Alfa > Menu > Perfil > Central de senhas > Senha de 6 dígitos > Esqueci a senha > No caixa eletrônico, depois na TAA em Segurança e Senhas > Senhas > Liberação de Senha Provisória > Senha da conta e cartão (6 dígitos); ou (ii) WhatsApp (telefone cadastrado no ATO): área logada > Perfil > Central de senhas > Senha de 6 dígitos > Esqueci a senha > Por WhatsApp. |\n| Site institucional | Senha de 8 dígitos ativa (códigos 0, 1 e/ou 2). Não disponível para quem não usa Alfa Code e não tem biometria cadastrada há mais de 7 dias (ou de forma assistida), nem para bloqueio ""U"" ou ""8"" da senha de 6 dígitos. | Em computador autorizado, com ou sem a senha anterior: **com adesão ao Alfa Code:** área logada > Segurança > Senhas > Alterar > Senha do cartão (6 dígitos) (exige código de autorização do Alfa Code). **Sem adesão ao Alfa Code, com biometria cadastrada:** mesmo caminho, confirmando em uma TAA com biometria cadastrada há mais de 7 dias. |\n| Agências (inclusive bloqueio ""U"") | — | Mediante identificação; recomendar que o cliente leve o cartão. |\n| SAC | Bloqueio ""U"": SAC Receptivo QP/QC (Célula de Segurança) → rotina 50130; SAC Soluções QP → rotina 50131; SAC Quadro Contratado → rotina 50112. Outros bloqueios: SAC Quadro Próprio → procedimento de Geração de Senha (item 6); SAC Quadro Contratado → rotina 50112. | — |\n| Plataforma de Relacionamento / ATA | Exceto bloqueio ""U"": Quadro Próprio → Geração de Senha; Quadro Contratado (não correntista portador de cartão) → Geração de Senha; correntistas/poupadores → demais canais. | — |\n\n**3.1.3. Bloqueio**\n\nCanais por iniciativa do cliente: TAA; SAC QC/QP; Plataforma de Relacionamento; site institucional (com Alfa Code); App Alfa (dispositivo autorizado, com Alfa Code ou push); agências.\n> Se o cliente detectar lançamentos indevidos na conta (inclusive por invasão do site), utilize também a rotina 50136, item 5.1. Bloqueio por um titular solidário impede os demais de transacionar. O bloqueio do código de acesso implica bloqueio da senha de 6 dígitos.\n\n**3.1.4. Desbloqueio**\n\nFeito COM conhecimento da senha anterior (sem isso, é preciso fazer a Alteração). Bloqueio ""U"" não admite desbloqueio, só Alteração.\n\n| Canal | Requisitos | Procedimento |\n|---|---|---|\n| App Alfa | Celular autorizado >30 dias; Alfa Code/Push habilitado; geolocalização ativa; cartão ativo; senha de 8 dígitos ativa (0,1,2). | Área logada > Perfil > Segurança > Central de senhas > Senha de 6 dígitos > Desbloquear. |\n| Site institucional | Senha de 8 dígitos ativa (0,1,2). | Em computador autorizado — com Alfa Code: Segurança > Senhas > Desbloquear (código de autorização); sem Alfa Code: mesmo caminho, confirmando em TAA com biometria (>7 dias). |\n| TAA | Biometria, ou cartão + código de acesso. | Menu > Segurança e Senhas > Senhas > Desbloqueio > Senha da conta e cartão (6 dígitos). |\n| Agência | Identificação (recomendar levar o cartão). | — |\n\n> Erro de digitação na tentativa de desbloqueio na TAA: só pode ser desbloqueada em agência. Bloqueio por iniciativa da agência/cliente: desbloqueio em qualquer agência. Bloqueio por erro de identificação positiva na TAA: só desbloqueia em agência (se o cliente souber a senha); usar a TAA para essa operação não é possível. Desbloqueio exige código de acesso ou biometria; sem nenhum dos dois, é necessário comparecer a uma agência.\n\n### 3.2. Senha de 8 dígitos\n\nAcessa o site institucional e o App Alfa; pode ser provisória¹ ou definitiva. Confirmação de transações financeiras via Alfa Code; sem Alfa Code, usa-se a senha de 6 dígitos (oriente o cadastramento do Alfa Code). Senha única — não precisa ser cadastrada por cada titular.\n\n> ¹ Provisória: só senhas antigas; acesso restrito a consultas. Para movimentações financeiras, deve ser liberada em uma TAA.\n\n**3.2.1. Cadastramento**\n\n| Canal | Procedimento |\n|---|---|\n| App Alfa | Correntistas/poupadores: ""Esqueci ou não tenho a senha"" na tela de login (clientes sem histórico de equipamento autorizado no ATO); o equipamento fica em carência (há um link de liberação). Clientes de conta digital: cadastram no fluxo de abertura via Mobile. |\n| TAA | Com biometria cadastrada há mais de 7 dias: Menu > Segurança e Senhas > Senhas > Cadastramento. |\n| Agência | Qualquer agência, informando a senha de 6 dígitos. |\n\n**3.2.2. Alteração**\n\n| Canal | Condição | Procedimento |\n|---|---|---|\n| App Alfa | Celular autorizado >30 dias; Alfa Code/Push; geolocalização; cartão ativo. | **Com a senha atual:** área logada > Perfil > Segurança > Central de senhas > Senha de 8 dígitos > Alterar (digitar a senha atual). **Sem a senha atual (inclusive bloqueio ≠ ""U""), ou bloqueio ""U"":** ""Esqueci minha senha"" (tela de login ou tela inicial não logada) > Recuperar senha > Senha de 8 dígitos > Esqueci a senha, com 3 opções: (i) ""Agora utilizando o cartão"" (dados do cartão, dispositivo autorizado, Alfa Code ou Push); (ii) ""No caixa eletrônico"" (confirmação por biometria na TAA, cadastrada há mais de 7 dias); (iii) por WhatsApp (telefone cadastrado no ATO + versão mínima do app + reconhecimento facial). *A opção ""recuperar senha"" só aparece em celular autorizado onde o cliente já acessou a conta ao menos uma vez.* |\n| Site institucional (computador autorizado) | Com a senha atual: exigida a senha de 8 dígitos atual. | **Com Alfa Code:** Segurança > Senhas > Alterar > Senha da internet (8 dígitos) (código de autorização). **Sem Alfa Code:** mesmo caminho, confirmando em TAA com biometria (>7 dias). Sem a senha atual (inclusive bloqueio ≠ ""U""), ou bloqueio ""U"": não disponível neste canal. |\n| TAA | Com ou sem a senha atual (inclusive bloqueios). | Menu > Segurança e Senhas > Senhas > Alteração > Senha de acesso à internet e ao celular (8 dígitos). Com biometria: qualquer horário (cadastrada há mais de 7 dias, ou de forma assistida). Sem biometria, com cartão com chip + código de acesso: das 10h às 16h em dias úteis. |\n| Agência | Com ou sem a senha atual (inclusive bloqueios). | Atendimento presencial, exigindo a senha de 6 dígitos; recomendar levar o cartão. |\n| SAC | Com a senha atual, ou sem ela (exceto ""U""): Quadro Próprio → Geração de Senha; Quadro Contratado → rotina 50112. Bloqueio ""U"": SAC Receptivo (Célula de Segurança) → rotina 50130; SAC Soluções QP → rotina 50131; SAC QC → rotina 50112. | — |\n| Plataforma de Relacionamento / ATA | Com a senha atual, ou sem ela (exceto ""U""): Quadro Próprio → Geração de Senha; Quadro Contratado (não correntista com cartão) → Geração de Senha; correntistas/poupadores → demais canais. Bloqueio ""U"": não disponível neste canal. | — |\n\n**3.2.3. Bloqueio**\n\nCanais por iniciativa do cliente: TAA; SAC; agências; site institucional (com Alfa Code); App Alfa (dispositivo autorizado, com Alfa Code ou push). Bloqueio de segurança ocorre quando há indício de violação da senha. Bloqueio ""T"": não é mais aplicado — restam apenas registros até 2012.\n\n**3.2.4. Desbloqueio**\n\n> Sem conhecimento da senha anterior, bloqueio ""U"" (segurança) ou bloqueio ""4"": seguir os procedimentos de Alteração.\n\nConsulte em `SISRET X69 > 02` (correntistas: agência/conta; não correntistas: número do cartão), campo STATUS, ou pela Plataforma (Segurança > Senhas > Gerenciamento de Senhas). Não pergunte data de validade nem CVV ao cliente — preencha o número do cartão, use o mês/ano do contato como validade e ""000"" no CVV2.\n\n| Tipo de bloqueio | Canal | Procedimento |\n|---|---|---|\n| Por iniciativa da agência ou do cliente | Agência | Com a senha de 6 dígitos (recomendar levar o cartão). |\n| | TAA | Com código de acesso ou biometria. |\n| Por motivo ""T"" | Agência | Idem acima. |\n| | TAA | Idem acima. |\n| Por digitação incorreta 3 vezes | App Alfa (dispositivo autorizado >30 dias, Alfa Code/Push, geolocalização, cartão ativo) | Recuperar Senhas > Senha de 8 dígitos > Desbloquear (digitar a senha atual). |\n| | Agência | Com a senha de 6 dígitos. |\n| | TAA | Com código de acesso ou biometria. |\n| Por erro na tentativa de desbloqueio na TAA | Agência | Com a senha de 6 dígitos. |\n\n---\n\n## 4. Não Correntista\n\n### 4.1. Senha de 6 dígitos\n\n**4.1.1. Cadastramento:** clientes não correntistas que solicitam Cartão Alfa via App ou web cadastram no próprio fluxo de solicitação. Private Label → rotina 50133. Cartões de programa de fidelidade parceiro → rotina 50134.\n\n**4.1.2. Alteração:** Agência (qualquer uma, com cartão válido e identificação); SAC e Plataforma de Relacionamento → item 6 desta rotina.\n\n**4.1.3. Bloqueio:** por iniciativa do cliente — TAA; SAC QC/QP; Plataforma de Relacionamento; agências.\n\n**4.1.4. Desbloqueio:** Agência (qualquer uma, com a senha de 6 dígitos); TAA (com o código de acesso).\n\n### 4.2. Conta de Acesso e Senha de 8 dígitos\n\n**Demanda:** dificuldade para acessar o App Alfa ou o App Cartão Alfa com a senha de 8 dígitos.\n\n> **Atenção:** há 2 tipos de senha de 8 dígitos para não correntista — **Conta de Acesso** (acessa o App Alfa) e **Senha-8** (acessa o App Cartão Alfa). O cliente normalmente não sabe dessa distinção. Para identificar o tipo, siga o item 4.2.1.\n\n**4.2.1. Identificação do tipo de senha**\n\n*4.2.1.1. Sistema Alfa:*\n- a) Senha Conta de Acesso: `SISRET X69 > 02 > nº do cartão`. Se ""não localizado"" ou se o cliente tiver os dois tipos, siga para (b). Se possuir só Conta de Acesso: Quadro Contratado → siga para 4.2.2; Quadro Próprio → confira a situação (se ""Ativo"", tecle F9 para mais detalhes) e siga para 4.2.2.\n- b) Senha-8: `SISALFA > SISRET X69 > 02 > nº do cartão`. Cliente com só Senha-8, ou com as duas → oriente conforme 4.2.2 (Quadro Próprio e Contratado).\n\n*4.2.1.2. Plataforma:* não pergunte data de validade nem CVV. `Plataforma de Negócios > Segurança > Senhas > Gerenciamento de Senhas 3.0` — preencha o número do cartão, use o mês/ano do contato como validade e ""000"" no CVV2.\n\n**4.2.2. Procedimentos** (se o cliente tiver os dois tipos, pergunte qual app ele quer acessar):\n\n| Senha | Cadastramento | Alteração | Bloqueio | Desbloqueio |\n|---|---|---|---|---|\n| **Conta de Acesso** (App Alfa) | No momento da contratação do cartão (App Alfa/onboarding digital) | App Alfa (Central de Senhas) ou link de recuperação; Agência (cartão válido e previamente liberado) | Agência | Agência (cartão válido e previamente liberado) |\n| **Senha-8** (App Cartão Alfa) | No momento da contratação do cartão (lojas parceiras, correspondentes, agências) | TAA; SAC e Plataforma de Relacionamento (Geração de Senha, ou outros canais); App Cartão Alfa ""Esqueci minha senha"" (sem bloqueio vigente); Agência | TAA; APF; Mobile; agências; **se o cliente foi vítima de assalto, roubo ou sequestro:** SAC QP/QC e Plataforma de Relacionamento → `SISRET X98`, código de rota 800050, conta = nº da conta do cartão | TAA; Agência |\n\n> Não correntistas com Conta de Acesso também podem acessar o App Cartão Alfa, mas precisam cadastrar uma senha de 8 dígitos separada via ""Esqueci senha"" — explique que serão duas senhas diferentes, uma para cada app. Quem possui só a Senha-8 NÃO consegue acessar o App Alfa.\n\n---\n\n## 5. Código de Acesso (Alfanumérico)\n\na) **Deficientes visuais:** o cliente com deficiência visual total pode ser dispensado da exigência do código de acesso, mediante registro da característica no cadastro pela agência. Em conta conjunta, a dispensa vale só para o titular com a deficiência.\n\nb) **Tipos:** CAA (letras), CAS (sílabas), CAN (alfanumérico). Emitido quando o cliente usa a TAA com cartão pela primeira vez, tentando uma transação/consulta — o cliente é avisado do novo código, que substitui o anterior.\n\nc) Se o cliente disser que não tem/não anotou o código: oriente conforme a tabela abaixo, ou informe que TAAs com biometria dispensam o código de acesso (rotina 50132, itens 1 e 9).\n\n**5.1. O que é:** código aleatório (letras, sílabas e/ou números), não escolhido pelo cliente; para PF e PJ, correntistas, não correntistas e poupadores portadores de cartão; necessário em: TAA, Banco 24 Horas e rede compartilhada (Banco Parceiro Beta).\n\n**5.2. Cadastramento:** gerado e impresso automaticamente no primeiro uso do cartão na TAA; regenerado em migração de conta (mesmo cartão) ou quando o código antigo é cancelado. Se a impressora estiver inoperante, é mostrado só em tela. Código único para todos os titulares solidários.\n\n**5.3. Alteração:** não existe alteração direta — o código deve ser cancelado (canais abaixo); a nova combinação é gerada automaticamente no próximo acesso à TAA. *(O código não muda se a senha da conta corrente for alterada.)*\n\n| Canal | Procedimento |\n|---|---|\n| App Alfa | Área logada > Perfil > Segurança > Central de senhas > Código de Acesso > Solicitar novo código. |\n| Site institucional | Área logada — confirmação via Alfa Code; sem Alfa Code, confirma na TAA com biometria cadastrada há mais de 7 dias. |\n| Agência | Com a senha de 6 dígitos (recomendar levar o cartão). |\n\n**5.4. Bloqueio:** após 3 tentativas seguidas incorretas. Bloqueio da senha de 6 dígitos ou do código de acesso mantém o uso da TAA com biometria. Bloqueio da senha de 6 dígitos mantém o uso do código de acesso, exceto nos bloqueios ""U"" ou ""8"".\n\n**5.5. Desbloqueio:** pelo próprio cliente na TAA, usando o próprio código de acesso. Se houver novo erro, o código deve ser cancelado (site institucional com Alfa Code, App Alfa, ou qualquer agência) para gerar um novo.\n\n---\n\n## 6. Geração de Senha PF – Procedimentos\n\nEnvio de senha (6 e 8 dígitos) por SMS para PF — só para ALTERAÇÃO (não para cadastro de primeira senha, que segue outros canais). Não disponível para senhas ""não cadastradas""/""a cadastrar"" ou bloqueio ""U"". Faça as consultas do item 6.2 antes.\n\n### 6.1. Atendimento\n\n| Frente | Quem atende | Identificação |\n|---|---|---|\n| SAC QP | Correntistas e não correntistas | Cliente autenticado (URA, Token ou Identificação Positiva) |\n| SAC QC | Não correntistas portadores de cartão (correntistas/poupadores: transferir para a Célula de Segurança via rotina 50106) | — |\n| Plataforma de Relacionamento QP | Correntistas e não correntistas | Autenticado por CPF+senha, agência/conta+senha ou Token: IP dispensada. Atendimentos ATA, Consultoria e Texto: exigem IP. Bancada Cartão: Checklist Maior Risco. |\n| Plataforma de Relacionamento QC | Não correntistas portadores de cartão (correntistas/poupadores: demais canais, itens 3 e 4) | — |\n\n### 6.2. Consultas\n\n1. Verifique o cadastro da senha em `SISRET X69 > 02` ou pela Plataforma (Segurança > Senhas > Gerenciamento de Senhas) — correntistas: agência/conta; não correntistas: número do cartão (não pedir validade/CVV; usar mês/ano do contato e ""000"" no CVV2).\n2. Resultado ""Não cadastrada""/""A cadastrar"" → cliente não correntista com entrada via onboarding digital; não é possível enviar senha; oriente: 8 dígitos via App Alfa (se dispositivo autorizado com Alfa Code/push); 6 dígitos, comparecer a uma agência.\n3. Resultado ""U Bloqueado"" → SAC Receptivo (Célula de Segurança) → rotina 50130; SAC Soluções QP → rotina 50131; SAC Receptivo QC → rotina 50112; Plataforma de Relacionamento → orientar contato com o SAC.\n4. Demais situações → prossiga: pergunte o celular atual do cliente (não informe outros números cadastrados) e confira no cadastro (agência/conta ou MCI) se é o mesmo já registrado. Se divergente, ou se houver mais de um número/duplicidade cadastrada → oriente comparecimento a uma agência. Se for o mesmo e único número → siga para 6.3.\n\n### 6.3. Geração de Senha\n\na) Acesse Plataforma > Segurança > Senhas > Envio de Senha por SMS.\nb) Consulte por tipo de cliente: correntista (CPF, agência e conta, ou MCI); não correntista (CPF); na aba Cartão, informe o número (via `Cartão > 11 > 1` ou `17 > 01 > 01`) — se houver mais de um cartão, peça modalidade e os 4 últimos dígitos.\nc) Selecione a conta/cartão do cliente.\nd) Selecione o envio de senha de 8 e/ou 6 dígitos — o sistema gera uma senha aleatória e envia por SMS.\ne) Informe que a senha chega por SMS ao celular cadastrado, sem prazo de expiração, e que deve ser alterada assim que possível por segurança.\nf) Se for senha de 6 dígitos, informe que, após a alteração, é preciso validar o chip do cartão em qualquer TAA — caso contrário, a nova senha não funcionará com o cartão com chip.\n\n---\n\n## 7. Cliente no Exterior\n\na) **Central de Senhas** (no App Alfa; exige cartão ativo, dispositivo liberado e Alfa Code/Push): permite alterar/bloquear/desbloquear/criar senha de 8 dígitos; alterar/bloquear/desbloquear senha de 6 dígitos; solicitar novo código de acesso. Acesso com a senha atual: área logada > Perfil > Central de senhas. Sem a senha: tela inicial não logada > Recuperar senha.\n\nb) **Agências no exterior:** procedimento de senhas disponível somente na agência de Tóquio.\n\nc) Solicitar a um representante legal (com procuração com firma reconhecida) que realize a operação na agência de relacionamento do cliente no Brasil.\n\nd) A agência de relacionamento envia ao e-mail cadastrado no MCI uma declaração para o cliente assinar e digitalizar — válido apenas para senhas bloqueadas por erro, não para bloqueio ""U"" (suspeita de fraude). O pedido pode começar por qualquer canal de contato, mas a declaração assinada só pode retornar pelo e-mail cadastrado no MCI. A agência de relacionamento pode ser confirmada com o cliente durante a ligação, na aba lateral da Plataforma de Relacionamento.\n\ne) **Cartões com chip:** após a alteração da senha de 6 dígitos, oriente o cliente a atualizar o chip de todos os plásticos ao voltar ao Brasil (em uma TAA), sob risco de impacto em transações presenciais; carteiras digitais funcionam normalmente após a troca.\n\nf) **Uso da senha no exterior:** alguns terminais usam PIN de 4 e/ou 6 dígitos. Nos de 4 dígitos, o cliente informa os 4 primeiros dígitos da sua senha de 6. No exterior, o cliente tem as mesmas opções dos demais clientes, pelo site institucional ou pelo App Alfa.\n\n---\n\n## 8. Senha do Portador Adicional\n\n| Portador | Solicitação | Alteração/reposição |\n|---|---|---|\n| **Adicional não correntista** | Presencial: senha de 6 dígitos cadastrada na hora. Demais canais: senha enviada por correio ao endereço do portador titular. | Se perder, esquecer ou não receber, cadastrar nova em qualquer agência. |\n| **Adicional correntista** | Usa a mesma senha pessoal de 6 dígitos de sua própria conta. Sem senha gravada: modalidades Doméstico/Internacional → sistema não gera o cartão; modalidades Gold e superiores → senha enviada por correio, cartão gerado após o recebimento. | Se perder, esquecer ou não receber, seguir as orientações do item 3. |\n\n---\n\n## 9. Acesso ao gov.br com credenciais do Banco Alfa\n\nVer rotina 50135.\n\n---\n\n## 10. Central de Senhas PF\n\nSolução de segurança no App Alfa para o cliente gerenciar suas senhas.\n- **Área logada:** Perfil > Segurança > Central de Segurança > Central de senhas; Perfil > Segurança > Central de senhas; Menu > Segurança > Central de Segurança > Central de Senhas.\n- **Área não logada:** Tela inicial > Recuperar Senha; ou role a tela para cima > Recuperar Senha.\n\n**Requisitos:** celular autorizado há mais de 30 dias; telefone cadastrado no ATO; Alfa Code ou Push habilitado; geolocalização ativa e autorizada; permissão de câmera concedida ao app; cartão ativo.\n\n> **Atenção:** não correntistas usam a Central de Senhas apenas para alterar a senha ""Conta de Acesso"" (ver item 4.2.2).\n\n---\n\n## 11. Fontes de informação\n\nUGS – Unidade de Gestão de Segurança (código 800040) · Normativo interno 5001 · Normativo interno 5002\n\n---\n\n## 12. Rotinas absorvidas\n\nO conteúdo das seguintes rotinas foi absorvido por este documento:\n\n| Código (anonimizado) | Assunto |\n|---|---|\n| 50137 | Senhas – Orientações (Código de Acesso) |\n| 50138 | Senhas – Orientações (Não correntista) |\n| 50139 | Senhas – Correntistas (Internet e Celular) |\n| 50140 | Arquivada – Senhas – Orientações (Conta-corrente) |\n| 50141 | POP UP – Senhas – Tipos de bloqueio |\n| 50142 | Modalidade de conta simplificada – Senhas |\n| 50143 | Senhas – Orientações – Poupador não correntista |\n| 50144 | Acesso do cliente à plataforma digital gov.br (parceria Banco Alfa e Governo Federal) |\n| 50145 | Senhas – Alfa Digital PJ |\n| 50146 | Atendimento para clientes não participantes do modelo ATA |\n| 50147 | Geração de senha PF – Procedimentos |\n']","Código 'Q' indica alteração pendente de confirmação na TAA com biometria cadastrada há mais de 7 dias. Com 5 dias, ainda não atende ao requisito; confirmar na TAA após completar 7 dias ou de forma assistida.",EDGE_CASE,52.4063,,0.10714285714285714,0.9650491218771153,0.5,0.9999999999
Não entro no App Alfa com a senha do cartão. Por quê?,"Para acessar o aplicativo do banco, geralmente a **senha do cartão** (aquela de 4 ou 6 dígitos usada em caixas eletrônicos e compras) não é a mesma utilizada para o **login no App**.

Aqui estão os motivos mais comuns para o erro:

1.  **Diferença de Senhas:** O aplicativo geralmente exige uma **senha de acesso** (ou senha de internet), que costuma ser alfanumérica (letras e números) e diferente da senha numérica do cartão físico.
2.  **Bloqueio por tentativas:** Se você tentou inserir a senha incorreta várias vezes, o acesso pode ter sido bloqueado por segurança.
3.  **Aplicativo desatualizado:** Verifique na sua loja de aplicativos (Google Play ou App Store) se há uma atualização pendente para o App Alfa.
4.  **Cadastro de Dispositivo:** Se você trocou de celular recentemente, pode ser necessário realizar um novo processo de validação ou ""autorização de dispositivo"" antes de conseguir logar.

**O que você deve fazer:**

*   **Opção ""Esqueci minha senha"":** Na tela de login do aplicativo, procure pelo link ""Esqueci minha senha"" ou ""Recuperar acesso"". O banco enviará instruções para o seu e-mail ou celular cadastrado para que você crie uma nova senha de acesso.
*   **Verifique o canal oficial:** Certifique-se de que está usando o aplicativo oficial do Banco Alfa.
*   **Entre em contato com o suporte:** Como não tenho acesso aos seus dados bancários, se a recuperação de senha pelo App não funcionar, você deve ligar para a **Central de Atendimento do Banco Alfa**. Eles são os únicos que podem verificar se há algum bloqueio administrativo na sua conta ou no seu perfil de acesso.

**Dica de segurança:** Nunca forneça sua senha para terceiros e evite usar senhas óbvias (como datas de nascimento).","['# POP – Gestão de Senhas e Código de Acesso – Pessoa Física\n### [Versão anonimizada/pseudonimizada — documento complementar ao POP de CDC]\n\n> **Nota metodológica:** este documento usa a mesma metodologia e os mesmos pseudônimos institucionais do POP de CDC anonimizado anteriormente (Banco Alfa, SISALFA, App Alfa etc.). Termos novos e específicos deste documento (produtos de cartão, plataformas, rotinas) foram adicionados à mesma chave de correspondência (arquivo único, cumulativo). A lógica processual e as condições originais foram mantidas integralmente.\n\n**Sumário:** Notas iniciais · 1. Resumo das senhas · 2. Situação das senhas · 3. Correntistas e poupadores · 4. Não correntista · 5. Código de acesso · 6. Geração de senha PF · 7. Cliente no exterior · 8. Senha do portador adicional · 9. Acesso ao gov.br · 10. Central de Senhas PF · 11. Fontes de informação · 12. Rotinas absorvidas\n\n---\n\n## Notas iniciais\n\na) **Transferência de saldo/produtos entre agências:** a senha da agência de origem não é alterada; o cliente acessa normalmente a conta na agência de destino.\n\nb) Os procedimentos desta rotina não se aplicam a clientes PJ ou Setor Público. Para chave J e senhas (Alfa Digital PJ), ver rotina 50129.\n\nc) **Titulares solidários:** as senhas (6 e 8 dígitos) e o código de acesso são os mesmos para todos os titulares. Se um titular bloquear a senha, os demais ficam impossibilitados de realizar transações.\n\nd) **Push:** notificação recebida diretamente no App Alfa. Para ativar: 1) autorizar o App Alfa no sistema do celular (Android: Configurações > Receber Notificações; iOS: Ajustes > Receber Notificações); 2) ativar pelo App Alfa (área logada) em Perfil > Geral > Receber notificações.\n\ne) **Bloqueio de Canal:** consulte na plataforma em Segurança > Bloqueio de segurança > Histórico. Havendo bloqueio, o desbloqueio ocorre após a alteração das senhas de 6 e 8 dígitos — é obrigatório alterar primeiro a de 8 dígitos, depois a de 6. Use os itens 3 e/ou 4 para orientar os canais.\n\n---\n\n## 1. Resumo da utilização das senhas\n\n| Tipo de senha | Canais de utilização |\n|---|---|\n| Senha de 4 dígitos | Descontinuada |\n| Senha de 6 dígitos | Confirma transações de cartão débito e crédito. Plataforma de Relacionamento/URA: acesso, consulta e confirmação de transações da mesma titularidade. Site institucional (sem Alfa Code): confirmação de transações financeiras. App Alfa: confirmação de transações financeiras. WhatsApp Alfa: pode ser solicitada para confirmação de algumas transações. TCX, TAD, POS, correspondente bancário: confirmação de transações. TAA: confirmação de transações de beneficiários do INSS e de portadores de deficiência visual sem código de acesso. Banco 24 Horas e rede compartilhada (Banco Parceiro Beta): confirmação de transações de portadores de deficiência visual sem código de acesso. |\n| Senha de 8 dígitos | Site institucional, App Alfa, App Cartão Alfa e WhatsApp: acesso, consultas, transações financeiras e aquisição de produtos/serviços. |\n| Código de Acesso (letras, sílabas ou alfanumérico) | TAA, Banco 24 Horas e rede compartilhada: confirma transações, inclusive saques na função crédito do cartão. |\n| Conta de Acesso (senha alfanumérica) | Utilizada por não correntistas no App Alfa (versão não correntista). |\n\n---\n\n## 2. Situação das Senhas\n\n### 2.1. Consultas\n- Senhas de 6/8 dígitos e código de acesso — Quadro Próprio e Quadro Contratado: `SISALFA > SISRET > X69 > 2` (correntistas: agência e conta; não correntistas: número do cartão), campo STATUS (pode ser informado ao cliente).\n- Conta de Acesso (Quadro Próprio): `SISALFA > ACESSO > 32 > 01 > CPF`.\n\n### 2.2. Códigos aplicáveis a TODOS os tipos de senha\n| Código | Significado | Situação |\n|---|---|---|\n| 0 | Sem ocorrência de erro de digitação | Ativa |\n| 1 | Cliente errou a digitação uma vez | — |\n| 2 | Cliente errou a digitação duas vezes | — |\n| 3 | Cliente errou a digitação três vezes (se ocorrer na senha de 6 dígitos via APF, Mobile ou WhatsApp, o bloqueio ""3"" é aplicado também à senha de 8 dígitos) | Bloqueada |\n| 6 | Senha (PJ e Governo) cadastrada no Alfa Digital PJ, aguardando confirmação de um funcionário da agência | — |\n| 7 | Senha (PJ e Governo) cadastrada no Alfa Digital PJ, aguardando confirmação de dois funcionários da agência | — |\n| Q | Senha alterada no APF Internet sem Alfa Code, ou no APF Celular sem fotografar cartão válido (aguardando confirmação na TAA com biometria cadastrada há mais de 7 dias) | — |\n| U | Senha bloqueada pelo monitoramento de segurança dos canais de autoatendimento | — |\n\n### 2.3. Códigos exclusivos da senha de 6 dígitos\n| Código | Significado | Situação |\n|---|---|---|\n| A | Senha digitada errada 3 vezes | Bloqueada |\n| D | Erro na tentativa de desbloqueio na TAA, ou bloqueio feito pelo próprio cliente via APF Celular/Internet | — |\n\n### 2.4. Códigos exclusivos da senha de 8 dígitos\n| Código | Significado | Situação |\n|---|---|---|\n| T | Senha registrada antes de 2012 e bloqueada por não uso nos últimos 90 dias | Bloqueada |\n| D | Alteração iniciada via APF Celular, com falha na confirmação via TAA sem biometria | — |\n| P | Senha cadastrada via APF Internet/Celular, aguardando confirmação na TAA | — |\n| 4 | Erro na tentativa de desbloqueio via Mobile | — |\n| 8 | Senha bloqueada pela agência ou pelo próprio cliente nos canais de autoatendimento | — |\n\n### 2.5. Situações do código de acesso\nCódigo ""4"" = tentativa de desbloqueio na TAA; CAA = letras; CAS = sílabas; CAN = alfanumérico.\n\n### 2.6. Situações da senha alfanumérica (Conta de Acesso)\n*Solicitado* = cadastramento/alteração pedidos; *Ativa* = cadastrada e ativa; *Bloqueado* = bloqueada por erro de digitação ou por segurança.\n> Essa confirmação ocorre por oferta ativa, sem necessidade de navegar pelo menu da TAA.\n\n---\n\n## 3. Correntistas e Poupadores\n\n### 3.1. Senha de 6 dígitos (conta e cartão)\n\nUsada para autorizar transações em: terminais de caixa das agências, TAA, site institucional (sem Alfa Code), App Alfa, correspondente bancário, transações de cartão (débito e crédito) e acesso à Central de Relacionamento/SAC. Vinculada à agência/conta (correntista) ou ao CPF (não correntista).\n\n**3.1.1. Cadastramento**\n\n| Canal | Procedimento |\n|---|---|\n| Agência | Correntistas e poupadores: no fluxo de abertura de conta, em qualquer agência. Beneficiários do INSS: em qualquer agência. Clientes de conta digital: no fluxo de abertura pelo App Alfa. |\n\n> **Atenção:** se o cliente quiser encerrar a conta corrente e ficar só com o cartão de crédito, cadastre nova senha como não correntista — obrigatório para não deixar pendente a emissão dos cartões.\n\n**3.1.2. Alteração**\n\n> Para cartões com chip, após a alteração, oriente o cliente a atualizar o chip de todos os plásticos em qualquer TAA (sob risco da senha não funcionar). Verifique a possibilidade de enviar senha provisória por SMS (item 6).\n\n| Canal | Requisitos/Condição | Procedimento |\n|---|---|---|\n| App Alfa | Celular autorizado há mais de 30 dias; Alfa Code ou Push habilitado; geolocalização ativa e autorizada; cartão ativo; senha de 8 dígitos ativa (códigos 0, 1 e/ou 2). Não disponível se bloqueada por ""8"". | **Com a senha anterior:** área logada > Perfil > Segurança > Central de senhas > Senha de 6 dígitos > Alterar. **Sem a senha anterior:** área logada > Perfil > Segurança > Central de senhas > Senha de 6 dígitos > Esqueci a senha > ""Agora utilizando o cartão"" (dados do cartão) — confirmação por: (i) biometria na TAA (cadastrada há mais de 7 dias): App Alfa > Menu > Perfil > Central de senhas > Senha de 6 dígitos > Esqueci a senha > No caixa eletrônico, depois na TAA em Segurança e Senhas > Senhas > Liberação de Senha Provisória > Senha da conta e cartão (6 dígitos); ou (ii) WhatsApp (telefone cadastrado no ATO): área logada > Perfil > Central de senhas > Senha de 6 dígitos > Esqueci a senha > Por WhatsApp. |\n| Site institucional | Senha de 8 dígitos ativa (códigos 0, 1 e/ou 2). Não disponível para quem não usa Alfa Code e não tem biometria cadastrada há mais de 7 dias (ou de forma assistida), nem para bloqueio ""U"" ou ""8"" da senha de 6 dígitos. | Em computador autorizado, com ou sem a senha anterior: **com adesão ao Alfa Code:** área logada > Segurança > Senhas > Alterar > Senha do cartão (6 dígitos) (exige código de autorização do Alfa Code). **Sem adesão ao Alfa Code, com biometria cadastrada:** mesmo caminho, confirmando em uma TAA com biometria cadastrada há mais de 7 dias. |\n| Agências (inclusive bloqueio ""U"") | — | Mediante identificação; recomendar que o cliente leve o cartão. |\n| SAC | Bloqueio ""U"": SAC Receptivo QP/QC (Célula de Segurança) → rotina 50130; SAC Soluções QP → rotina 50131; SAC Quadro Contratado → rotina 50112. Outros bloqueios: SAC Quadro Próprio → procedimento de Geração de Senha (item 6); SAC Quadro Contratado → rotina 50112. | — |\n| Plataforma de Relacionamento / ATA | Exceto bloqueio ""U"": Quadro Próprio → Geração de Senha; Quadro Contratado (não correntista portador de cartão) → Geração de Senha; correntistas/poupadores → demais canais. | — |\n\n**3.1.3. Bloqueio**\n\nCanais por iniciativa do cliente: TAA; SAC QC/QP; Plataforma de Relacionamento; site institucional (com Alfa Code); App Alfa (dispositivo autorizado, com Alfa Code ou push); agências.\n> Se o cliente detectar lançamentos indevidos na conta (inclusive por invasão do site), utilize também a rotina 50136, item 5.1. Bloqueio por um titular solidário impede os demais de transacionar. O bloqueio do código de acesso implica bloqueio da senha de 6 dígitos.\n\n**3.1.4. Desbloqueio**\n\nFeito COM conhecimento da senha anterior (sem isso, é preciso fazer a Alteração). Bloqueio ""U"" não admite desbloqueio, só Alteração.\n\n| Canal | Requisitos | Procedimento |\n|---|---|---|\n| App Alfa | Celular autorizado >30 dias; Alfa Code/Push habilitado; geolocalização ativa; cartão ativo; senha de 8 dígitos ativa (0,1,2). | Área logada > Perfil > Segurança > Central de senhas > Senha de 6 dígitos > Desbloquear. |\n| Site institucional | Senha de 8 dígitos ativa (0,1,2). | Em computador autorizado — com Alfa Code: Segurança > Senhas > Desbloquear (código de autorização); sem Alfa Code: mesmo caminho, confirmando em TAA com biometria (>7 dias). |\n| TAA | Biometria, ou cartão + código de acesso. | Menu > Segurança e Senhas > Senhas > Desbloqueio > Senha da conta e cartão (6 dígitos). |\n| Agência | Identificação (recomendar levar o cartão). | — |\n\n> Erro de digitação na tentativa de desbloqueio na TAA: só pode ser desbloqueada em agência. Bloqueio por iniciativa da agência/cliente: desbloqueio em qualquer agência. Bloqueio por erro de identificação positiva na TAA: só desbloqueia em agência (se o cliente souber a senha); usar a TAA para essa operação não é possível. Desbloqueio exige código de acesso ou biometria; sem nenhum dos dois, é necessário comparecer a uma agência.\n\n### 3.2. Senha de 8 dígitos\n\nAcessa o site institucional e o App Alfa; pode ser provisória¹ ou definitiva. Confirmação de transações financeiras via Alfa Code; sem Alfa Code, usa-se a senha de 6 dígitos (oriente o cadastramento do Alfa Code). Senha única — não precisa ser cadastrada por cada titular.\n\n> ¹ Provisória: só senhas antigas; acesso restrito a consultas. Para movimentações financeiras, deve ser liberada em uma TAA.\n\n**3.2.1. Cadastramento**\n\n| Canal | Procedimento |\n|---|---|\n| App Alfa | Correntistas/poupadores: ""Esqueci ou não tenho a senha"" na tela de login (clientes sem histórico de equipamento autorizado no ATO); o equipamento fica em carência (há um link de liberação). Clientes de conta digital: cadastram no fluxo de abertura via Mobile. |\n| TAA | Com biometria cadastrada há mais de 7 dias: Menu > Segurança e Senhas > Senhas > Cadastramento. |\n| Agência | Qualquer agência, informando a senha de 6 dígitos. |\n\n**3.2.2. Alteração**\n\n| Canal | Condição | Procedimento |\n|---|---|---|\n| App Alfa | Celular autorizado >30 dias; Alfa Code/Push; geolocalização; cartão ativo. | **Com a senha atual:** área logada > Perfil > Segurança > Central de senhas > Senha de 8 dígitos > Alterar (digitar a senha atual). **Sem a senha atual (inclusive bloqueio ≠ ""U""), ou bloqueio ""U"":** ""Esqueci minha senha"" (tela de login ou tela inicial não logada) > Recuperar senha > Senha de 8 dígitos > Esqueci a senha, com 3 opções: (i) ""Agora utilizando o cartão"" (dados do cartão, dispositivo autorizado, Alfa Code ou Push); (ii) ""No caixa eletrônico"" (confirmação por biometria na TAA, cadastrada há mais de 7 dias); (iii) por WhatsApp (telefone cadastrado no ATO + versão mínima do app + reconhecimento facial). *A opção ""recuperar senha"" só aparece em celular autorizado onde o cliente já acessou a conta ao menos uma vez.* |\n| Site institucional (computador autorizado) | Com a senha atual: exigida a senha de 8 dígitos atual. | **Com Alfa Code:** Segurança > Senhas > Alterar > Senha da internet (8 dígitos) (código de autorização). **Sem Alfa Code:** mesmo caminho, confirmando em TAA com biometria (>7 dias). Sem a senha atual (inclusive bloqueio ≠ ""U""), ou bloqueio ""U"": não disponível neste canal. |\n| TAA | Com ou sem a senha atual (inclusive bloqueios). | Menu > Segurança e Senhas > Senhas > Alteração > Senha de acesso à internet e ao celular (8 dígitos). Com biometria: qualquer horário (cadastrada há mais de 7 dias, ou de forma assistida). Sem biometria, com cartão com chip + código de acesso: das 10h às 16h em dias úteis. |\n| Agência | Com ou sem a senha atual (inclusive bloqueios). | Atendimento presencial, exigindo a senha de 6 dígitos; recomendar levar o cartão. |\n| SAC | Com a senha atual, ou sem ela (exceto ""U""): Quadro Próprio → Geração de Senha; Quadro Contratado → rotina 50112. Bloqueio ""U"": SAC Receptivo (Célula de Segurança) → rotina 50130; SAC Soluções QP → rotina 50131; SAC QC → rotina 50112. | — |\n| Plataforma de Relacionamento / ATA | Com a senha atual, ou sem ela (exceto ""U""): Quadro Próprio → Geração de Senha; Quadro Contratado (não correntista com cartão) → Geração de Senha; correntistas/poupadores → demais canais. Bloqueio ""U"": não disponível neste canal. | — |\n\n**3.2.3. Bloqueio**\n\nCanais por iniciativa do cliente: TAA; SAC; agências; site institucional (com Alfa Code); App Alfa (dispositivo autorizado, com Alfa Code ou push). Bloqueio de segurança ocorre quando há indício de violação da senha. Bloqueio ""T"": não é mais aplicado — restam apenas registros até 2012.\n\n**3.2.4. Desbloqueio**\n\n> Sem conhecimento da senha anterior, bloqueio ""U"" (segurança) ou bloqueio ""4"": seguir os procedimentos de Alteração.\n\nConsulte em `SISRET X69 > 02` (correntistas: agência/conta; não correntistas: número do cartão), campo STATUS, ou pela Plataforma (Segurança > Senhas > Gerenciamento de Senhas). Não pergunte data de validade nem CVV ao cliente — preencha o número do cartão, use o mês/ano do contato como validade e ""000"" no CVV2.\n\n| Tipo de bloqueio | Canal | Procedimento |\n|---|---|---|\n| Por iniciativa da agência ou do cliente | Agência | Com a senha de 6 dígitos (recomendar levar o cartão). |\n| | TAA | Com código de acesso ou biometria. |\n| Por motivo ""T"" | Agência | Idem acima. |\n| | TAA | Idem acima. |\n| Por digitação incorreta 3 vezes | App Alfa (dispositivo autorizado >30 dias, Alfa Code/Push, geolocalização, cartão ativo) | Recuperar Senhas > Senha de 8 dígitos > Desbloquear (digitar a senha atual). |\n| | Agência | Com a senha de 6 dígitos. |\n| | TAA | Com código de acesso ou biometria. |\n| Por erro na tentativa de desbloqueio na TAA | Agência | Com a senha de 6 dígitos. |\n\n---\n\n## 4. Não Correntista\n\n### 4.1. Senha de 6 dígitos\n\n**4.1.1. Cadastramento:** clientes não correntistas que solicitam Cartão Alfa via App ou web cadastram no próprio fluxo de solicitação. Private Label → rotina 50133. Cartões de programa de fidelidade parceiro → rotina 50134.\n\n**4.1.2. Alteração:** Agência (qualquer uma, com cartão válido e identificação); SAC e Plataforma de Relacionamento → item 6 desta rotina.\n\n**4.1.3. Bloqueio:** por iniciativa do cliente — TAA; SAC QC/QP; Plataforma de Relacionamento; agências.\n\n**4.1.4. Desbloqueio:** Agência (qualquer uma, com a senha de 6 dígitos); TAA (com o código de acesso).\n\n### 4.2. Conta de Acesso e Senha de 8 dígitos\n\n**Demanda:** dificuldade para acessar o App Alfa ou o App Cartão Alfa com a senha de 8 dígitos.\n\n> **Atenção:** há 2 tipos de senha de 8 dígitos para não correntista — **Conta de Acesso** (acessa o App Alfa) e **Senha-8** (acessa o App Cartão Alfa). O cliente normalmente não sabe dessa distinção. Para identificar o tipo, siga o item 4.2.1.\n\n**4.2.1. Identificação do tipo de senha**\n\n*4.2.1.1. Sistema Alfa:*\n- a) Senha Conta de Acesso: `SISRET X69 > 02 > nº do cartão`. Se ""não localizado"" ou se o cliente tiver os dois tipos, siga para (b). Se possuir só Conta de Acesso: Quadro Contratado → siga para 4.2.2; Quadro Próprio → confira a situação (se ""Ativo"", tecle F9 para mais detalhes) e siga para 4.2.2.\n- b) Senha-8: `SISALFA > SISRET X69 > 02 > nº do cartão`. Cliente com só Senha-8, ou com as duas → oriente conforme 4.2.2 (Quadro Próprio e Contratado).\n\n*4.2.1.2. Plataforma:* não pergunte data de validade nem CVV. `Plataforma de Negócios > Segurança > Senhas > Gerenciamento de Senhas 3.0` — preencha o número do cartão, use o mês/ano do contato como validade e ""000"" no CVV2.\n\n**4.2.2. Procedimentos** (se o cliente tiver os dois tipos, pergunte qual app ele quer acessar):\n\n| Senha | Cadastramento | Alteração | Bloqueio | Desbloqueio |\n|---|---|---|---|---|\n| **Conta de Acesso** (App Alfa) | No momento da contratação do cartão (App Alfa/onboarding digital) | App Alfa (Central de Senhas) ou link de recuperação; Agência (cartão válido e previamente liberado) | Agência | Agência (cartão válido e previamente liberado) |\n| **Senha-8** (App Cartão Alfa) | No momento da contratação do cartão (lojas parceiras, correspondentes, agências) | TAA; SAC e Plataforma de Relacionamento (Geração de Senha, ou outros canais); App Cartão Alfa ""Esqueci minha senha"" (sem bloqueio vigente); Agência | TAA; APF; Mobile; agências; **se o cliente foi vítima de assalto, roubo ou sequestro:** SAC QP/QC e Plataforma de Relacionamento → `SISRET X98`, código de rota 800050, conta = nº da conta do cartão | TAA; Agência |\n\n> Não correntistas com Conta de Acesso também podem acessar o App Cartão Alfa, mas precisam cadastrar uma senha de 8 dígitos separada via ""Esqueci senha"" — explique que serão duas senhas diferentes, uma para cada app. Quem possui só a Senha-8 NÃO consegue acessar o App Alfa.\n\n---\n\n## 5. Código de Acesso (Alfanumérico)\n\na) **Deficientes visuais:** o cliente com deficiência visual total pode ser dispensado da exigência do código de acesso, mediante registro da característica no cadastro pela agência. Em conta conjunta, a dispensa vale só para o titular com a deficiência.\n\nb) **Tipos:** CAA (letras), CAS (sílabas), CAN (alfanumérico). Emitido quando o cliente usa a TAA com cartão pela primeira vez, tentando uma transação/consulta — o cliente é avisado do novo código, que substitui o anterior.\n\nc) Se o cliente disser que não tem/não anotou o código: oriente conforme a tabela abaixo, ou informe que TAAs com biometria dispensam o código de acesso (rotina 50132, itens 1 e 9).\n\n**5.1. O que é:** código aleatório (letras, sílabas e/ou números), não escolhido pelo cliente; para PF e PJ, correntistas, não correntistas e poupadores portadores de cartão; necessário em: TAA, Banco 24 Horas e rede compartilhada (Banco Parceiro Beta).\n\n**5.2. Cadastramento:** gerado e impresso automaticamente no primeiro uso do cartão na TAA; regenerado em migração de conta (mesmo cartão) ou quando o código antigo é cancelado. Se a impressora estiver inoperante, é mostrado só em tela. Código único para todos os titulares solidários.\n\n**5.3. Alteração:** não existe alteração direta — o código deve ser cancelado (canais abaixo); a nova combinação é gerada automaticamente no próximo acesso à TAA. *(O código não muda se a senha da conta corrente for alterada.)*\n\n| Canal | Procedimento |\n|---|---|\n| App Alfa | Área logada > Perfil > Segurança > Central de senhas > Código de Acesso > Solicitar novo código. |\n| Site institucional | Área logada — confirmação via Alfa Code; sem Alfa Code, confirma na TAA com biometria cadastrada há mais de 7 dias. |\n| Agência | Com a senha de 6 dígitos (recomendar levar o cartão). |\n\n**5.4. Bloqueio:** após 3 tentativas seguidas incorretas. Bloqueio da senha de 6 dígitos ou do código de acesso mantém o uso da TAA com biometria. Bloqueio da senha de 6 dígitos mantém o uso do código de acesso, exceto nos bloqueios ""U"" ou ""8"".\n\n**5.5. Desbloqueio:** pelo próprio cliente na TAA, usando o próprio código de acesso. Se houver novo erro, o código deve ser cancelado (site institucional com Alfa Code, App Alfa, ou qualquer agência) para gerar um novo.\n\n---\n\n## 6. Geração de Senha PF – Procedimentos\n\nEnvio de senha (6 e 8 dígitos) por SMS para PF — só para ALTERAÇÃO (não para cadastro de primeira senha, que segue outros canais). Não disponível para senhas ""não cadastradas""/""a cadastrar"" ou bloqueio ""U"". Faça as consultas do item 6.2 antes.\n\n### 6.1. Atendimento\n\n| Frente | Quem atende | Identificação |\n|---|---|---|\n| SAC QP | Correntistas e não correntistas | Cliente autenticado (URA, Token ou Identificação Positiva) |\n| SAC QC | Não correntistas portadores de cartão (correntistas/poupadores: transferir para a Célula de Segurança via rotina 50106) | — |\n| Plataforma de Relacionamento QP | Correntistas e não correntistas | Autenticado por CPF+senha, agência/conta+senha ou Token: IP dispensada. Atendimentos ATA, Consultoria e Texto: exigem IP. Bancada Cartão: Checklist Maior Risco. |\n| Plataforma de Relacionamento QC | Não correntistas portadores de cartão (correntistas/poupadores: demais canais, itens 3 e 4) | — |\n\n### 6.2. Consultas\n\n1. Verifique o cadastro da senha em `SISRET X69 > 02` ou pela Plataforma (Segurança > Senhas > Gerenciamento de Senhas) — correntistas: agência/conta; não correntistas: número do cartão (não pedir validade/CVV; usar mês/ano do contato e ""000"" no CVV2).\n2. Resultado ""Não cadastrada""/""A cadastrar"" → cliente não correntista com entrada via onboarding digital; não é possível enviar senha; oriente: 8 dígitos via App Alfa (se dispositivo autorizado com Alfa Code/push); 6 dígitos, comparecer a uma agência.\n3. Resultado ""U Bloqueado"" → SAC Receptivo (Célula de Segurança) → rotina 50130; SAC Soluções QP → rotina 50131; SAC Receptivo QC → rotina 50112; Plataforma de Relacionamento → orientar contato com o SAC.\n4. Demais situações → prossiga: pergunte o celular atual do cliente (não informe outros números cadastrados) e confira no cadastro (agência/conta ou MCI) se é o mesmo já registrado. Se divergente, ou se houver mais de um número/duplicidade cadastrada → oriente comparecimento a uma agência. Se for o mesmo e único número → siga para 6.3.\n\n### 6.3. Geração de Senha\n\na) Acesse Plataforma > Segurança > Senhas > Envio de Senha por SMS.\nb) Consulte por tipo de cliente: correntista (CPF, agência e conta, ou MCI); não correntista (CPF); na aba Cartão, informe o número (via `Cartão > 11 > 1` ou `17 > 01 > 01`) — se houver mais de um cartão, peça modalidade e os 4 últimos dígitos.\nc) Selecione a conta/cartão do cliente.\nd) Selecione o envio de senha de 8 e/ou 6 dígitos — o sistema gera uma senha aleatória e envia por SMS.\ne) Informe que a senha chega por SMS ao celular cadastrado, sem prazo de expiração, e que deve ser alterada assim que possível por segurança.\nf) Se for senha de 6 dígitos, informe que, após a alteração, é preciso validar o chip do cartão em qualquer TAA — caso contrário, a nova senha não funcionará com o cartão com chip.\n\n---\n\n## 7. Cliente no Exterior\n\na) **Central de Senhas** (no App Alfa; exige cartão ativo, dispositivo liberado e Alfa Code/Push): permite alterar/bloquear/desbloquear/criar senha de 8 dígitos; alterar/bloquear/desbloquear senha de 6 dígitos; solicitar novo código de acesso. Acesso com a senha atual: área logada > Perfil > Central de senhas. Sem a senha: tela inicial não logada > Recuperar senha.\n\nb) **Agências no exterior:** procedimento de senhas disponível somente na agência de Tóquio.\n\nc) Solicitar a um representante legal (com procuração com firma reconhecida) que realize a operação na agência de relacionamento do cliente no Brasil.\n\nd) A agência de relacionamento envia ao e-mail cadastrado no MCI uma declaração para o cliente assinar e digitalizar — válido apenas para senhas bloqueadas por erro, não para bloqueio ""U"" (suspeita de fraude). O pedido pode começar por qualquer canal de contato, mas a declaração assinada só pode retornar pelo e-mail cadastrado no MCI. A agência de relacionamento pode ser confirmada com o cliente durante a ligação, na aba lateral da Plataforma de Relacionamento.\n\ne) **Cartões com chip:** após a alteração da senha de 6 dígitos, oriente o cliente a atualizar o chip de todos os plásticos ao voltar ao Brasil (em uma TAA), sob risco de impacto em transações presenciais; carteiras digitais funcionam normalmente após a troca.\n\nf) **Uso da senha no exterior:** alguns terminais usam PIN de 4 e/ou 6 dígitos. Nos de 4 dígitos, o cliente informa os 4 primeiros dígitos da sua senha de 6. No exterior, o cliente tem as mesmas opções dos demais clientes, pelo site institucional ou pelo App Alfa.\n\n---\n\n## 8. Senha do Portador Adicional\n\n| Portador | Solicitação | Alteração/reposição |\n|---|---|---|\n| **Adicional não correntista** | Presencial: senha de 6 dígitos cadastrada na hora. Demais canais: senha enviada por correio ao endereço do portador titular. | Se perder, esquecer ou não receber, cadastrar nova em qualquer agência. |\n| **Adicional correntista** | Usa a mesma senha pessoal de 6 dígitos de sua própria conta. Sem senha gravada: modalidades Doméstico/Internacional → sistema não gera o cartão; modalidades Gold e superiores → senha enviada por correio, cartão gerado após o recebimento. | Se perder, esquecer ou não receber, seguir as orientações do item 3. |\n\n---\n\n## 9. Acesso ao gov.br com credenciais do Banco Alfa\n\nVer rotina 50135.\n\n---\n\n## 10. Central de Senhas PF\n\nSolução de segurança no App Alfa para o cliente gerenciar suas senhas.\n- **Área logada:** Perfil > Segurança > Central de Segurança > Central de senhas; Perfil > Segurança > Central de senhas; Menu > Segurança > Central de Segurança > Central de Senhas.\n- **Área não logada:** Tela inicial > Recuperar Senha; ou role a tela para cima > Recuperar Senha.\n\n**Requisitos:** celular autorizado há mais de 30 dias; telefone cadastrado no ATO; Alfa Code ou Push habilitado; geolocalização ativa e autorizada; permissão de câmera concedida ao app; cartão ativo.\n\n> **Atenção:** não correntistas usam a Central de Senhas apenas para alterar a senha ""Conta de Acesso"" (ver item 4.2.2).\n\n---\n\n## 11. Fontes de informação\n\nUGS – Unidade de Gestão de Segurança (código 800040) · Normativo interno 5001 · Normativo interno 5002\n\n---\n\n## 12. Rotinas absorvidas\n\nO conteúdo das seguintes rotinas foi absorvido por este documento:\n\n| Código (anonimizado) | Assunto |\n|---|---|\n| 50137 | Senhas – Orientações (Código de Acesso) |\n| 50138 | Senhas – Orientações (Não correntista) |\n| 50139 | Senhas – Correntistas (Internet e Celular) |\n| 50140 | Arquivada – Senhas – Orientações (Conta-corrente) |\n| 50141 | POP UP – Senhas – Tipos de bloqueio |\n| 50142 | Modalidade de conta simplificada – Senhas |\n| 50143 | Senhas – Orientações – Poupador não correntista |\n| 50144 | Acesso do cliente à plataforma digital gov.br (parceria Banco Alfa e Governo Federal) |\n| 50145 | Senhas – Alfa Digital PJ |\n| 50146 | Atendimento para clientes não participantes do modelo ATA |\n| 50147 | Geração de senha PF – Procedimentos |\n']",São credenciais distintas: Conta de Acesso acessa o App Alfa e Senha-8 acessa o App Cartão Alfa. Quem tem só Senha-8 não entra no App Alfa; precisa cadastrar senha separada via 'Esqueci senha'. Identificar via SISRET X69 ou Plataforma Gerenciamento de Senhas 3.0.,CONDITIONAL_WORKFLOW,42.1866,,0.4,0.6739753783817282,1.0,0.9999999999
"Minha senha deu bloqueio U, o SAC resolve?","O ""Bloqueio U"" (ou erro de usuário bloqueado) geralmente ocorre por excesso de tentativas incorretas de senha ou por questões de segurança do sistema.

**O SAC resolve?**
Na maioria dos casos, o SAC **não consegue desbloquear a senha diretamente por telefone** por questões de segurança, mas eles são o canal correto para orientar sobre o procedimento.

Aqui está o que você deve fazer:

1.  **Tente o App ou Internet Banking:** Muitas vezes, o próprio aplicativo oferece a opção ""Esqueci minha senha"" ou ""Desbloquear senha"" na tela de login. Siga o passo a passo indicado lá.
2.  **Caixa Eletrônico:** Em muitos bancos, o desbloqueio de senha exige que você vá até um caixa eletrônico da sua agência, insira o cartão e siga as instruções de ""Segurança"" ou ""Senhas"" para realizar o desbloqueio físico.
3.  **Agência:** Se o bloqueio for definitivo ou se o sistema exigir uma validação presencial, você precisará ir até a sua agência levando um documento de identificação com foto.
4.  **Ligue para o SAC/Central de Atendimento:** Ligue para confirmar se o seu caso específico pode ser resolvido remotamente ou se você precisará ir à agência. Eles também podem verificar se há algum bloqueio administrativo mais grave na sua conta.

**Dica importante:** Tenha em mãos o seu cartão e um documento de identidade quando for entrar em contato ou ir ao banco. Evite tentar adivinhar a senha novamente, pois isso pode bloquear o cartão permanentemente.","['# POP – Gestão de Senhas e Código de Acesso – Pessoa Física\n### [Versão anonimizada/pseudonimizada — documento complementar ao POP de CDC]\n\n> **Nota metodológica:** este documento usa a mesma metodologia e os mesmos pseudônimos institucionais do POP de CDC anonimizado anteriormente (Banco Alfa, SISALFA, App Alfa etc.). Termos novos e específicos deste documento (produtos de cartão, plataformas, rotinas) foram adicionados à mesma chave de correspondência (arquivo único, cumulativo). A lógica processual e as condições originais foram mantidas integralmente.\n\n**Sumário:** Notas iniciais · 1. Resumo das senhas · 2. Situação das senhas · 3. Correntistas e poupadores · 4. Não correntista · 5. Código de acesso · 6. Geração de senha PF · 7. Cliente no exterior · 8. Senha do portador adicional · 9. Acesso ao gov.br · 10. Central de Senhas PF · 11. Fontes de informação · 12. Rotinas absorvidas\n\n---\n\n## Notas iniciais\n\na) **Transferência de saldo/produtos entre agências:** a senha da agência de origem não é alterada; o cliente acessa normalmente a conta na agência de destino.\n\nb) Os procedimentos desta rotina não se aplicam a clientes PJ ou Setor Público. Para chave J e senhas (Alfa Digital PJ), ver rotina 50129.\n\nc) **Titulares solidários:** as senhas (6 e 8 dígitos) e o código de acesso são os mesmos para todos os titulares. Se um titular bloquear a senha, os demais ficam impossibilitados de realizar transações.\n\nd) **Push:** notificação recebida diretamente no App Alfa. Para ativar: 1) autorizar o App Alfa no sistema do celular (Android: Configurações > Receber Notificações; iOS: Ajustes > Receber Notificações); 2) ativar pelo App Alfa (área logada) em Perfil > Geral > Receber notificações.\n\ne) **Bloqueio de Canal:** consulte na plataforma em Segurança > Bloqueio de segurança > Histórico. Havendo bloqueio, o desbloqueio ocorre após a alteração das senhas de 6 e 8 dígitos — é obrigatório alterar primeiro a de 8 dígitos, depois a de 6. Use os itens 3 e/ou 4 para orientar os canais.\n\n---\n\n## 1. Resumo da utilização das senhas\n\n| Tipo de senha | Canais de utilização |\n|---|---|\n| Senha de 4 dígitos | Descontinuada |\n| Senha de 6 dígitos | Confirma transações de cartão débito e crédito. Plataforma de Relacionamento/URA: acesso, consulta e confirmação de transações da mesma titularidade. Site institucional (sem Alfa Code): confirmação de transações financeiras. App Alfa: confirmação de transações financeiras. WhatsApp Alfa: pode ser solicitada para confirmação de algumas transações. TCX, TAD, POS, correspondente bancário: confirmação de transações. TAA: confirmação de transações de beneficiários do INSS e de portadores de deficiência visual sem código de acesso. Banco 24 Horas e rede compartilhada (Banco Parceiro Beta): confirmação de transações de portadores de deficiência visual sem código de acesso. |\n| Senha de 8 dígitos | Site institucional, App Alfa, App Cartão Alfa e WhatsApp: acesso, consultas, transações financeiras e aquisição de produtos/serviços. |\n| Código de Acesso (letras, sílabas ou alfanumérico) | TAA, Banco 24 Horas e rede compartilhada: confirma transações, inclusive saques na função crédito do cartão. |\n| Conta de Acesso (senha alfanumérica) | Utilizada por não correntistas no App Alfa (versão não correntista). |\n\n---\n\n## 2. Situação das Senhas\n\n### 2.1. Consultas\n- Senhas de 6/8 dígitos e código de acesso — Quadro Próprio e Quadro Contratado: `SISALFA > SISRET > X69 > 2` (correntistas: agência e conta; não correntistas: número do cartão), campo STATUS (pode ser informado ao cliente).\n- Conta de Acesso (Quadro Próprio): `SISALFA > ACESSO > 32 > 01 > CPF`.\n\n### 2.2. Códigos aplicáveis a TODOS os tipos de senha\n| Código | Significado | Situação |\n|---|---|---|\n| 0 | Sem ocorrência de erro de digitação | Ativa |\n| 1 | Cliente errou a digitação uma vez | — |\n| 2 | Cliente errou a digitação duas vezes | — |\n| 3 | Cliente errou a digitação três vezes (se ocorrer na senha de 6 dígitos via APF, Mobile ou WhatsApp, o bloqueio ""3"" é aplicado também à senha de 8 dígitos) | Bloqueada |\n| 6 | Senha (PJ e Governo) cadastrada no Alfa Digital PJ, aguardando confirmação de um funcionário da agência | — |\n| 7 | Senha (PJ e Governo) cadastrada no Alfa Digital PJ, aguardando confirmação de dois funcionários da agência | — |\n| Q | Senha alterada no APF Internet sem Alfa Code, ou no APF Celular sem fotografar cartão válido (aguardando confirmação na TAA com biometria cadastrada há mais de 7 dias) | — |\n| U | Senha bloqueada pelo monitoramento de segurança dos canais de autoatendimento | — |\n\n### 2.3. Códigos exclusivos da senha de 6 dígitos\n| Código | Significado | Situação |\n|---|---|---|\n| A | Senha digitada errada 3 vezes | Bloqueada |\n| D | Erro na tentativa de desbloqueio na TAA, ou bloqueio feito pelo próprio cliente via APF Celular/Internet | — |\n\n### 2.4. Códigos exclusivos da senha de 8 dígitos\n| Código | Significado | Situação |\n|---|---|---|\n| T | Senha registrada antes de 2012 e bloqueada por não uso nos últimos 90 dias | Bloqueada |\n| D | Alteração iniciada via APF Celular, com falha na confirmação via TAA sem biometria | — |\n| P | Senha cadastrada via APF Internet/Celular, aguardando confirmação na TAA | — |\n| 4 | Erro na tentativa de desbloqueio via Mobile | — |\n| 8 | Senha bloqueada pela agência ou pelo próprio cliente nos canais de autoatendimento | — |\n\n### 2.5. Situações do código de acesso\nCódigo ""4"" = tentativa de desbloqueio na TAA; CAA = letras; CAS = sílabas; CAN = alfanumérico.\n\n### 2.6. Situações da senha alfanumérica (Conta de Acesso)\n*Solicitado* = cadastramento/alteração pedidos; *Ativa* = cadastrada e ativa; *Bloqueado* = bloqueada por erro de digitação ou por segurança.\n> Essa confirmação ocorre por oferta ativa, sem necessidade de navegar pelo menu da TAA.\n\n---\n\n## 3. Correntistas e Poupadores\n\n### 3.1. Senha de 6 dígitos (conta e cartão)\n\nUsada para autorizar transações em: terminais de caixa das agências, TAA, site institucional (sem Alfa Code), App Alfa, correspondente bancário, transações de cartão (débito e crédito) e acesso à Central de Relacionamento/SAC. Vinculada à agência/conta (correntista) ou ao CPF (não correntista).\n\n**3.1.1. Cadastramento**\n\n| Canal | Procedimento |\n|---|---|\n| Agência | Correntistas e poupadores: no fluxo de abertura de conta, em qualquer agência. Beneficiários do INSS: em qualquer agência. Clientes de conta digital: no fluxo de abertura pelo App Alfa. |\n\n> **Atenção:** se o cliente quiser encerrar a conta corrente e ficar só com o cartão de crédito, cadastre nova senha como não correntista — obrigatório para não deixar pendente a emissão dos cartões.\n\n**3.1.2. Alteração**\n\n> Para cartões com chip, após a alteração, oriente o cliente a atualizar o chip de todos os plásticos em qualquer TAA (sob risco da senha não funcionar). Verifique a possibilidade de enviar senha provisória por SMS (item 6).\n\n| Canal | Requisitos/Condição | Procedimento |\n|---|---|---|\n| App Alfa | Celular autorizado há mais de 30 dias; Alfa Code ou Push habilitado; geolocalização ativa e autorizada; cartão ativo; senha de 8 dígitos ativa (códigos 0, 1 e/ou 2). Não disponível se bloqueada por ""8"". | **Com a senha anterior:** área logada > Perfil > Segurança > Central de senhas > Senha de 6 dígitos > Alterar. **Sem a senha anterior:** área logada > Perfil > Segurança > Central de senhas > Senha de 6 dígitos > Esqueci a senha > ""Agora utilizando o cartão"" (dados do cartão) — confirmação por: (i) biometria na TAA (cadastrada há mais de 7 dias): App Alfa > Menu > Perfil > Central de senhas > Senha de 6 dígitos > Esqueci a senha > No caixa eletrônico, depois na TAA em Segurança e Senhas > Senhas > Liberação de Senha Provisória > Senha da conta e cartão (6 dígitos); ou (ii) WhatsApp (telefone cadastrado no ATO): área logada > Perfil > Central de senhas > Senha de 6 dígitos > Esqueci a senha > Por WhatsApp. |\n| Site institucional | Senha de 8 dígitos ativa (códigos 0, 1 e/ou 2). Não disponível para quem não usa Alfa Code e não tem biometria cadastrada há mais de 7 dias (ou de forma assistida), nem para bloqueio ""U"" ou ""8"" da senha de 6 dígitos. | Em computador autorizado, com ou sem a senha anterior: **com adesão ao Alfa Code:** área logada > Segurança > Senhas > Alterar > Senha do cartão (6 dígitos) (exige código de autorização do Alfa Code). **Sem adesão ao Alfa Code, com biometria cadastrada:** mesmo caminho, confirmando em uma TAA com biometria cadastrada há mais de 7 dias. |\n| Agências (inclusive bloqueio ""U"") | — | Mediante identificação; recomendar que o cliente leve o cartão. |\n| SAC | Bloqueio ""U"": SAC Receptivo QP/QC (Célula de Segurança) → rotina 50130; SAC Soluções QP → rotina 50131; SAC Quadro Contratado → rotina 50112. Outros bloqueios: SAC Quadro Próprio → procedimento de Geração de Senha (item 6); SAC Quadro Contratado → rotina 50112. | — |\n| Plataforma de Relacionamento / ATA | Exceto bloqueio ""U"": Quadro Próprio → Geração de Senha; Quadro Contratado (não correntista portador de cartão) → Geração de Senha; correntistas/poupadores → demais canais. | — |\n\n**3.1.3. Bloqueio**\n\nCanais por iniciativa do cliente: TAA; SAC QC/QP; Plataforma de Relacionamento; site institucional (com Alfa Code); App Alfa (dispositivo autorizado, com Alfa Code ou push); agências.\n> Se o cliente detectar lançamentos indevidos na conta (inclusive por invasão do site), utilize também a rotina 50136, item 5.1. Bloqueio por um titular solidário impede os demais de transacionar. O bloqueio do código de acesso implica bloqueio da senha de 6 dígitos.\n\n**3.1.4. Desbloqueio**\n\nFeito COM conhecimento da senha anterior (sem isso, é preciso fazer a Alteração). Bloqueio ""U"" não admite desbloqueio, só Alteração.\n\n| Canal | Requisitos | Procedimento |\n|---|---|---|\n| App Alfa | Celular autorizado >30 dias; Alfa Code/Push habilitado; geolocalização ativa; cartão ativo; senha de 8 dígitos ativa (0,1,2). | Área logada > Perfil > Segurança > Central de senhas > Senha de 6 dígitos > Desbloquear. |\n| Site institucional | Senha de 8 dígitos ativa (0,1,2). | Em computador autorizado — com Alfa Code: Segurança > Senhas > Desbloquear (código de autorização); sem Alfa Code: mesmo caminho, confirmando em TAA com biometria (>7 dias). |\n| TAA | Biometria, ou cartão + código de acesso. | Menu > Segurança e Senhas > Senhas > Desbloqueio > Senha da conta e cartão (6 dígitos). |\n| Agência | Identificação (recomendar levar o cartão). | — |\n\n> Erro de digitação na tentativa de desbloqueio na TAA: só pode ser desbloqueada em agência. Bloqueio por iniciativa da agência/cliente: desbloqueio em qualquer agência. Bloqueio por erro de identificação positiva na TAA: só desbloqueia em agência (se o cliente souber a senha); usar a TAA para essa operação não é possível. Desbloqueio exige código de acesso ou biometria; sem nenhum dos dois, é necessário comparecer a uma agência.\n\n### 3.2. Senha de 8 dígitos\n\nAcessa o site institucional e o App Alfa; pode ser provisória¹ ou definitiva. Confirmação de transações financeiras via Alfa Code; sem Alfa Code, usa-se a senha de 6 dígitos (oriente o cadastramento do Alfa Code). Senha única — não precisa ser cadastrada por cada titular.\n\n> ¹ Provisória: só senhas antigas; acesso restrito a consultas. Para movimentações financeiras, deve ser liberada em uma TAA.\n\n**3.2.1. Cadastramento**\n\n| Canal | Procedimento |\n|---|---|\n| App Alfa | Correntistas/poupadores: ""Esqueci ou não tenho a senha"" na tela de login (clientes sem histórico de equipamento autorizado no ATO); o equipamento fica em carência (há um link de liberação). Clientes de conta digital: cadastram no fluxo de abertura via Mobile. |\n| TAA | Com biometria cadastrada há mais de 7 dias: Menu > Segurança e Senhas > Senhas > Cadastramento. |\n| Agência | Qualquer agência, informando a senha de 6 dígitos. |\n\n**3.2.2. Alteração**\n\n| Canal | Condição | Procedimento |\n|---|---|---|\n| App Alfa | Celular autorizado >30 dias; Alfa Code/Push; geolocalização; cartão ativo. | **Com a senha atual:** área logada > Perfil > Segurança > Central de senhas > Senha de 8 dígitos > Alterar (digitar a senha atual). **Sem a senha atual (inclusive bloqueio ≠ ""U""), ou bloqueio ""U"":** ""Esqueci minha senha"" (tela de login ou tela inicial não logada) > Recuperar senha > Senha de 8 dígitos > Esqueci a senha, com 3 opções: (i) ""Agora utilizando o cartão"" (dados do cartão, dispositivo autorizado, Alfa Code ou Push); (ii) ""No caixa eletrônico"" (confirmação por biometria na TAA, cadastrada há mais de 7 dias); (iii) por WhatsApp (telefone cadastrado no ATO + versão mínima do app + reconhecimento facial). *A opção ""recuperar senha"" só aparece em celular autorizado onde o cliente já acessou a conta ao menos uma vez.* |\n| Site institucional (computador autorizado) | Com a senha atual: exigida a senha de 8 dígitos atual. | **Com Alfa Code:** Segurança > Senhas > Alterar > Senha da internet (8 dígitos) (código de autorização). **Sem Alfa Code:** mesmo caminho, confirmando em TAA com biometria (>7 dias). Sem a senha atual (inclusive bloqueio ≠ ""U""), ou bloqueio ""U"": não disponível neste canal. |\n| TAA | Com ou sem a senha atual (inclusive bloqueios). | Menu > Segurança e Senhas > Senhas > Alteração > Senha de acesso à internet e ao celular (8 dígitos). Com biometria: qualquer horário (cadastrada há mais de 7 dias, ou de forma assistida). Sem biometria, com cartão com chip + código de acesso: das 10h às 16h em dias úteis. |\n| Agência | Com ou sem a senha atual (inclusive bloqueios). | Atendimento presencial, exigindo a senha de 6 dígitos; recomendar levar o cartão. |\n| SAC | Com a senha atual, ou sem ela (exceto ""U""): Quadro Próprio → Geração de Senha; Quadro Contratado → rotina 50112. Bloqueio ""U"": SAC Receptivo (Célula de Segurança) → rotina 50130; SAC Soluções QP → rotina 50131; SAC QC → rotina 50112. | — |\n| Plataforma de Relacionamento / ATA | Com a senha atual, ou sem ela (exceto ""U""): Quadro Próprio → Geração de Senha; Quadro Contratado (não correntista com cartão) → Geração de Senha; correntistas/poupadores → demais canais. Bloqueio ""U"": não disponível neste canal. | — |\n\n**3.2.3. Bloqueio**\n\nCanais por iniciativa do cliente: TAA; SAC; agências; site institucional (com Alfa Code); App Alfa (dispositivo autorizado, com Alfa Code ou push). Bloqueio de segurança ocorre quando há indício de violação da senha. Bloqueio ""T"": não é mais aplicado — restam apenas registros até 2012.\n\n**3.2.4. Desbloqueio**\n\n> Sem conhecimento da senha anterior, bloqueio ""U"" (segurança) ou bloqueio ""4"": seguir os procedimentos de Alteração.\n\nConsulte em `SISRET X69 > 02` (correntistas: agência/conta; não correntistas: número do cartão), campo STATUS, ou pela Plataforma (Segurança > Senhas > Gerenciamento de Senhas). Não pergunte data de validade nem CVV ao cliente — preencha o número do cartão, use o mês/ano do contato como validade e ""000"" no CVV2.\n\n| Tipo de bloqueio | Canal | Procedimento |\n|---|---|---|\n| Por iniciativa da agência ou do cliente | Agência | Com a senha de 6 dígitos (recomendar levar o cartão). |\n| | TAA | Com código de acesso ou biometria. |\n| Por motivo ""T"" | Agência | Idem acima. |\n| | TAA | Idem acima. |\n| Por digitação incorreta 3 vezes | App Alfa (dispositivo autorizado >30 dias, Alfa Code/Push, geolocalização, cartão ativo) | Recuperar Senhas > Senha de 8 dígitos > Desbloquear (digitar a senha atual). |\n| | Agência | Com a senha de 6 dígitos. |\n| | TAA | Com código de acesso ou biometria. |\n| Por erro na tentativa de desbloqueio na TAA | Agência | Com a senha de 6 dígitos. |\n\n---\n\n## 4. Não Correntista\n\n### 4.1. Senha de 6 dígitos\n\n**4.1.1. Cadastramento:** clientes não correntistas que solicitam Cartão Alfa via App ou web cadastram no próprio fluxo de solicitação. Private Label → rotina 50133. Cartões de programa de fidelidade parceiro → rotina 50134.\n\n**4.1.2. Alteração:** Agência (qualquer uma, com cartão válido e identificação); SAC e Plataforma de Relacionamento → item 6 desta rotina.\n\n**4.1.3. Bloqueio:** por iniciativa do cliente — TAA; SAC QC/QP; Plataforma de Relacionamento; agências.\n\n**4.1.4. Desbloqueio:** Agência (qualquer uma, com a senha de 6 dígitos); TAA (com o código de acesso).\n\n### 4.2. Conta de Acesso e Senha de 8 dígitos\n\n**Demanda:** dificuldade para acessar o App Alfa ou o App Cartão Alfa com a senha de 8 dígitos.\n\n> **Atenção:** há 2 tipos de senha de 8 dígitos para não correntista — **Conta de Acesso** (acessa o App Alfa) e **Senha-8** (acessa o App Cartão Alfa). O cliente normalmente não sabe dessa distinção. Para identificar o tipo, siga o item 4.2.1.\n\n**4.2.1. Identificação do tipo de senha**\n\n*4.2.1.1. Sistema Alfa:*\n- a) Senha Conta de Acesso: `SISRET X69 > 02 > nº do cartão`. Se ""não localizado"" ou se o cliente tiver os dois tipos, siga para (b). Se possuir só Conta de Acesso: Quadro Contratado → siga para 4.2.2; Quadro Próprio → confira a situação (se ""Ativo"", tecle F9 para mais detalhes) e siga para 4.2.2.\n- b) Senha-8: `SISALFA > SISRET X69 > 02 > nº do cartão`. Cliente com só Senha-8, ou com as duas → oriente conforme 4.2.2 (Quadro Próprio e Contratado).\n\n*4.2.1.2. Plataforma:* não pergunte data de validade nem CVV. `Plataforma de Negócios > Segurança > Senhas > Gerenciamento de Senhas 3.0` — preencha o número do cartão, use o mês/ano do contato como validade e ""000"" no CVV2.\n\n**4.2.2. Procedimentos** (se o cliente tiver os dois tipos, pergunte qual app ele quer acessar):\n\n| Senha | Cadastramento | Alteração | Bloqueio | Desbloqueio |\n|---|---|---|---|---|\n| **Conta de Acesso** (App Alfa) | No momento da contratação do cartão (App Alfa/onboarding digital) | App Alfa (Central de Senhas) ou link de recuperação; Agência (cartão válido e previamente liberado) | Agência | Agência (cartão válido e previamente liberado) |\n| **Senha-8** (App Cartão Alfa) | No momento da contratação do cartão (lojas parceiras, correspondentes, agências) | TAA; SAC e Plataforma de Relacionamento (Geração de Senha, ou outros canais); App Cartão Alfa ""Esqueci minha senha"" (sem bloqueio vigente); Agência | TAA; APF; Mobile; agências; **se o cliente foi vítima de assalto, roubo ou sequestro:** SAC QP/QC e Plataforma de Relacionamento → `SISRET X98`, código de rota 800050, conta = nº da conta do cartão | TAA; Agência |\n\n> Não correntistas com Conta de Acesso também podem acessar o App Cartão Alfa, mas precisam cadastrar uma senha de 8 dígitos separada via ""Esqueci senha"" — explique que serão duas senhas diferentes, uma para cada app. Quem possui só a Senha-8 NÃO consegue acessar o App Alfa.\n\n---\n\n## 5. Código de Acesso (Alfanumérico)\n\na) **Deficientes visuais:** o cliente com deficiência visual total pode ser dispensado da exigência do código de acesso, mediante registro da característica no cadastro pela agência. Em conta conjunta, a dispensa vale só para o titular com a deficiência.\n\nb) **Tipos:** CAA (letras), CAS (sílabas), CAN (alfanumérico). Emitido quando o cliente usa a TAA com cartão pela primeira vez, tentando uma transação/consulta — o cliente é avisado do novo código, que substitui o anterior.\n\nc) Se o cliente disser que não tem/não anotou o código: oriente conforme a tabela abaixo, ou informe que TAAs com biometria dispensam o código de acesso (rotina 50132, itens 1 e 9).\n\n**5.1. O que é:** código aleatório (letras, sílabas e/ou números), não escolhido pelo cliente; para PF e PJ, correntistas, não correntistas e poupadores portadores de cartão; necessário em: TAA, Banco 24 Horas e rede compartilhada (Banco Parceiro Beta).\n\n**5.2. Cadastramento:** gerado e impresso automaticamente no primeiro uso do cartão na TAA; regenerado em migração de conta (mesmo cartão) ou quando o código antigo é cancelado. Se a impressora estiver inoperante, é mostrado só em tela. Código único para todos os titulares solidários.\n\n**5.3. Alteração:** não existe alteração direta — o código deve ser cancelado (canais abaixo); a nova combinação é gerada automaticamente no próximo acesso à TAA. *(O código não muda se a senha da conta corrente for alterada.)*\n\n| Canal | Procedimento |\n|---|---|\n| App Alfa | Área logada > Perfil > Segurança > Central de senhas > Código de Acesso > Solicitar novo código. |\n| Site institucional | Área logada — confirmação via Alfa Code; sem Alfa Code, confirma na TAA com biometria cadastrada há mais de 7 dias. |\n| Agência | Com a senha de 6 dígitos (recomendar levar o cartão). |\n\n**5.4. Bloqueio:** após 3 tentativas seguidas incorretas. Bloqueio da senha de 6 dígitos ou do código de acesso mantém o uso da TAA com biometria. Bloqueio da senha de 6 dígitos mantém o uso do código de acesso, exceto nos bloqueios ""U"" ou ""8"".\n\n**5.5. Desbloqueio:** pelo próprio cliente na TAA, usando o próprio código de acesso. Se houver novo erro, o código deve ser cancelado (site institucional com Alfa Code, App Alfa, ou qualquer agência) para gerar um novo.\n\n---\n\n## 6. Geração de Senha PF – Procedimentos\n\nEnvio de senha (6 e 8 dígitos) por SMS para PF — só para ALTERAÇÃO (não para cadastro de primeira senha, que segue outros canais). Não disponível para senhas ""não cadastradas""/""a cadastrar"" ou bloqueio ""U"". Faça as consultas do item 6.2 antes.\n\n### 6.1. Atendimento\n\n| Frente | Quem atende | Identificação |\n|---|---|---|\n| SAC QP | Correntistas e não correntistas | Cliente autenticado (URA, Token ou Identificação Positiva) |\n| SAC QC | Não correntistas portadores de cartão (correntistas/poupadores: transferir para a Célula de Segurança via rotina 50106) | — |\n| Plataforma de Relacionamento QP | Correntistas e não correntistas | Autenticado por CPF+senha, agência/conta+senha ou Token: IP dispensada. Atendimentos ATA, Consultoria e Texto: exigem IP. Bancada Cartão: Checklist Maior Risco. |\n| Plataforma de Relacionamento QC | Não correntistas portadores de cartão (correntistas/poupadores: demais canais, itens 3 e 4) | — |\n\n### 6.2. Consultas\n\n1. Verifique o cadastro da senha em `SISRET X69 > 02` ou pela Plataforma (Segurança > Senhas > Gerenciamento de Senhas) — correntistas: agência/conta; não correntistas: número do cartão (não pedir validade/CVV; usar mês/ano do contato e ""000"" no CVV2).\n2. Resultado ""Não cadastrada""/""A cadastrar"" → cliente não correntista com entrada via onboarding digital; não é possível enviar senha; oriente: 8 dígitos via App Alfa (se dispositivo autorizado com Alfa Code/push); 6 dígitos, comparecer a uma agência.\n3. Resultado ""U Bloqueado"" → SAC Receptivo (Célula de Segurança) → rotina 50130; SAC Soluções QP → rotina 50131; SAC Receptivo QC → rotina 50112; Plataforma de Relacionamento → orientar contato com o SAC.\n4. Demais situações → prossiga: pergunte o celular atual do cliente (não informe outros números cadastrados) e confira no cadastro (agência/conta ou MCI) se é o mesmo já registrado. Se divergente, ou se houver mais de um número/duplicidade cadastrada → oriente comparecimento a uma agência. Se for o mesmo e único número → siga para 6.3.\n\n### 6.3. Geração de Senha\n\na) Acesse Plataforma > Segurança > Senhas > Envio de Senha por SMS.\nb) Consulte por tipo de cliente: correntista (CPF, agência e conta, ou MCI); não correntista (CPF); na aba Cartão, informe o número (via `Cartão > 11 > 1` ou `17 > 01 > 01`) — se houver mais de um cartão, peça modalidade e os 4 últimos dígitos.\nc) Selecione a conta/cartão do cliente.\nd) Selecione o envio de senha de 8 e/ou 6 dígitos — o sistema gera uma senha aleatória e envia por SMS.\ne) Informe que a senha chega por SMS ao celular cadastrado, sem prazo de expiração, e que deve ser alterada assim que possível por segurança.\nf) Se for senha de 6 dígitos, informe que, após a alteração, é preciso validar o chip do cartão em qualquer TAA — caso contrário, a nova senha não funcionará com o cartão com chip.\n\n---\n\n## 7. Cliente no Exterior\n\na) **Central de Senhas** (no App Alfa; exige cartão ativo, dispositivo liberado e Alfa Code/Push): permite alterar/bloquear/desbloquear/criar senha de 8 dígitos; alterar/bloquear/desbloquear senha de 6 dígitos; solicitar novo código de acesso. Acesso com a senha atual: área logada > Perfil > Central de senhas. Sem a senha: tela inicial não logada > Recuperar senha.\n\nb) **Agências no exterior:** procedimento de senhas disponível somente na agência de Tóquio.\n\nc) Solicitar a um representante legal (com procuração com firma reconhecida) que realize a operação na agência de relacionamento do cliente no Brasil.\n\nd) A agência de relacionamento envia ao e-mail cadastrado no MCI uma declaração para o cliente assinar e digitalizar — válido apenas para senhas bloqueadas por erro, não para bloqueio ""U"" (suspeita de fraude). O pedido pode começar por qualquer canal de contato, mas a declaração assinada só pode retornar pelo e-mail cadastrado no MCI. A agência de relacionamento pode ser confirmada com o cliente durante a ligação, na aba lateral da Plataforma de Relacionamento.\n\ne) **Cartões com chip:** após a alteração da senha de 6 dígitos, oriente o cliente a atualizar o chip de todos os plásticos ao voltar ao Brasil (em uma TAA), sob risco de impacto em transações presenciais; carteiras digitais funcionam normalmente após a troca.\n\nf) **Uso da senha no exterior:** alguns terminais usam PIN de 4 e/ou 6 dígitos. Nos de 4 dígitos, o cliente informa os 4 primeiros dígitos da sua senha de 6. No exterior, o cliente tem as mesmas opções dos demais clientes, pelo site institucional ou pelo App Alfa.\n\n---\n\n## 8. Senha do Portador Adicional\n\n| Portador | Solicitação | Alteração/reposição |\n|---|---|---|\n| **Adicional não correntista** | Presencial: senha de 6 dígitos cadastrada na hora. Demais canais: senha enviada por correio ao endereço do portador titular. | Se perder, esquecer ou não receber, cadastrar nova em qualquer agência. |\n| **Adicional correntista** | Usa a mesma senha pessoal de 6 dígitos de sua própria conta. Sem senha gravada: modalidades Doméstico/Internacional → sistema não gera o cartão; modalidades Gold e superiores → senha enviada por correio, cartão gerado após o recebimento. | Se perder, esquecer ou não receber, seguir as orientações do item 3. |\n\n---\n\n## 9. Acesso ao gov.br com credenciais do Banco Alfa\n\nVer rotina 50135.\n\n---\n\n## 10. Central de Senhas PF\n\nSolução de segurança no App Alfa para o cliente gerenciar suas senhas.\n- **Área logada:** Perfil > Segurança > Central de Segurança > Central de senhas; Perfil > Segurança > Central de senhas; Menu > Segurança > Central de Segurança > Central de Senhas.\n- **Área não logada:** Tela inicial > Recuperar Senha; ou role a tela para cima > Recuperar Senha.\n\n**Requisitos:** celular autorizado há mais de 30 dias; telefone cadastrado no ATO; Alfa Code ou Push habilitado; geolocalização ativa e autorizada; permissão de câmera concedida ao app; cartão ativo.\n\n> **Atenção:** não correntistas usam a Central de Senhas apenas para alterar a senha ""Conta de Acesso"" (ver item 4.2.2).\n\n---\n\n## 11. Fontes de informação\n\nUGS – Unidade de Gestão de Segurança (código 800040) · Normativo interno 5001 · Normativo interno 5002\n\n---\n\n## 12. Rotinas absorvidas\n\nO conteúdo das seguintes rotinas foi absorvido por este documento:\n\n| Código (anonimizado) | Assunto |\n|---|---|\n| 50137 | Senhas – Orientações (Código de Acesso) |\n| 50138 | Senhas – Orientações (Não correntista) |\n| 50139 | Senhas – Correntistas (Internet e Celular) |\n| 50140 | Arquivada – Senhas – Orientações (Conta-corrente) |\n| 50141 | POP UP – Senhas – Tipos de bloqueio |\n| 50142 | Modalidade de conta simplificada – Senhas |\n| 50143 | Senhas – Orientações – Poupador não correntista |\n| 50144 | Acesso do cliente à plataforma digital gov.br (parceria Banco Alfa e Governo Federal) |\n| 50145 | Senhas – Alfa Digital PJ |\n| 50146 | Atendimento para clientes não participantes do modelo ATA |\n| 50147 | Geração de senha PF – Procedimentos |\n']","Bloqueio 'U' não usa geração de senha comum: SAC Receptivo QP encaminha à Célula de Segurança (rotina 50130), SAC Soluções QP à 50131, SAC QC à 50112; Plataforma de Relacionamento orienta contato com o SAC.",ROLE_RESTRICTION,2.1368,,0.47368421052631576,0.8765220046627934,1.0,0.9999999999
Consigo trocar a senha pelo site sem Alfa Code?,"Para realizar a troca de senha pelo site, o **Alfa Code** (ou dispositivo de segurança equivalente) é geralmente obrigatório, pois ele é a camada de validação que garante que é você quem está realizando a alteração.

Como regra geral no setor bancário:

1.  **Se você não tem o Alfa Code:** O sistema provavelmente não permitirá a conclusão da troca de senha pelo site, pois ele é necessário para autenticar a operação de segurança.
2.  **O que fazer:**
    *   **Aplicativo:** Verifique se você consegue acessar o aplicativo com biometria ou reconhecimento facial. Às vezes, o app permite redefinir a senha de acesso de forma mais simplificada.
    *   **Caixa Eletrônico:** Em muitos bancos, é possível realizar o desbloqueio ou a redefinição de senhas de acesso em terminais de autoatendimento, utilizando o cartão físico e a senha do cartão.
    *   **Central de Atendimento:** Se você não possui o dispositivo de segurança e não consegue acessar o app, entre em contato com a central de atendimento do banco. Eles poderão orientar sobre como realizar o desbloqueio ou a reemissão do seu dispositivo de segurança.

**Recomendação:** Evite tentar adivinhar a senha várias vezes, pois isso pode bloquear seu acesso permanentemente por segurança. Entre em contato com o suporte oficial do seu banco para realizar o procedimento de forma segura.","['# POP – Gestão de Senhas e Código de Acesso – Pessoa Física\n### [Versão anonimizada/pseudonimizada — documento complementar ao POP de CDC]\n\n> **Nota metodológica:** este documento usa a mesma metodologia e os mesmos pseudônimos institucionais do POP de CDC anonimizado anteriormente (Banco Alfa, SISALFA, App Alfa etc.). Termos novos e específicos deste documento (produtos de cartão, plataformas, rotinas) foram adicionados à mesma chave de correspondência (arquivo único, cumulativo). A lógica processual e as condições originais foram mantidas integralmente.\n\n**Sumário:** Notas iniciais · 1. Resumo das senhas · 2. Situação das senhas · 3. Correntistas e poupadores · 4. Não correntista · 5. Código de acesso · 6. Geração de senha PF · 7. Cliente no exterior · 8. Senha do portador adicional · 9. Acesso ao gov.br · 10. Central de Senhas PF · 11. Fontes de informação · 12. Rotinas absorvidas\n\n---\n\n## Notas iniciais\n\na) **Transferência de saldo/produtos entre agências:** a senha da agência de origem não é alterada; o cliente acessa normalmente a conta na agência de destino.\n\nb) Os procedimentos desta rotina não se aplicam a clientes PJ ou Setor Público. Para chave J e senhas (Alfa Digital PJ), ver rotina 50129.\n\nc) **Titulares solidários:** as senhas (6 e 8 dígitos) e o código de acesso são os mesmos para todos os titulares. Se um titular bloquear a senha, os demais ficam impossibilitados de realizar transações.\n\nd) **Push:** notificação recebida diretamente no App Alfa. Para ativar: 1) autorizar o App Alfa no sistema do celular (Android: Configurações > Receber Notificações; iOS: Ajustes > Receber Notificações); 2) ativar pelo App Alfa (área logada) em Perfil > Geral > Receber notificações.\n\ne) **Bloqueio de Canal:** consulte na plataforma em Segurança > Bloqueio de segurança > Histórico. Havendo bloqueio, o desbloqueio ocorre após a alteração das senhas de 6 e 8 dígitos — é obrigatório alterar primeiro a de 8 dígitos, depois a de 6. Use os itens 3 e/ou 4 para orientar os canais.\n\n---\n\n## 1. Resumo da utilização das senhas\n\n| Tipo de senha | Canais de utilização |\n|---|---|\n| Senha de 4 dígitos | Descontinuada |\n| Senha de 6 dígitos | Confirma transações de cartão débito e crédito. Plataforma de Relacionamento/URA: acesso, consulta e confirmação de transações da mesma titularidade. Site institucional (sem Alfa Code): confirmação de transações financeiras. App Alfa: confirmação de transações financeiras. WhatsApp Alfa: pode ser solicitada para confirmação de algumas transações. TCX, TAD, POS, correspondente bancário: confirmação de transações. TAA: confirmação de transações de beneficiários do INSS e de portadores de deficiência visual sem código de acesso. Banco 24 Horas e rede compartilhada (Banco Parceiro Beta): confirmação de transações de portadores de deficiência visual sem código de acesso. |\n| Senha de 8 dígitos | Site institucional, App Alfa, App Cartão Alfa e WhatsApp: acesso, consultas, transações financeiras e aquisição de produtos/serviços. |\n| Código de Acesso (letras, sílabas ou alfanumérico) | TAA, Banco 24 Horas e rede compartilhada: confirma transações, inclusive saques na função crédito do cartão. |\n| Conta de Acesso (senha alfanumérica) | Utilizada por não correntistas no App Alfa (versão não correntista). |\n\n---\n\n## 2. Situação das Senhas\n\n### 2.1. Consultas\n- Senhas de 6/8 dígitos e código de acesso — Quadro Próprio e Quadro Contratado: `SISALFA > SISRET > X69 > 2` (correntistas: agência e conta; não correntistas: número do cartão), campo STATUS (pode ser informado ao cliente).\n- Conta de Acesso (Quadro Próprio): `SISALFA > ACESSO > 32 > 01 > CPF`.\n\n### 2.2. Códigos aplicáveis a TODOS os tipos de senha\n| Código | Significado | Situação |\n|---|---|---|\n| 0 | Sem ocorrência de erro de digitação | Ativa |\n| 1 | Cliente errou a digitação uma vez | — |\n| 2 | Cliente errou a digitação duas vezes | — |\n| 3 | Cliente errou a digitação três vezes (se ocorrer na senha de 6 dígitos via APF, Mobile ou WhatsApp, o bloqueio ""3"" é aplicado também à senha de 8 dígitos) | Bloqueada |\n| 6 | Senha (PJ e Governo) cadastrada no Alfa Digital PJ, aguardando confirmação de um funcionário da agência | — |\n| 7 | Senha (PJ e Governo) cadastrada no Alfa Digital PJ, aguardando confirmação de dois funcionários da agência | — |\n| Q | Senha alterada no APF Internet sem Alfa Code, ou no APF Celular sem fotografar cartão válido (aguardando confirmação na TAA com biometria cadastrada há mais de 7 dias) | — |\n| U | Senha bloqueada pelo monitoramento de segurança dos canais de autoatendimento | — |\n\n### 2.3. Códigos exclusivos da senha de 6 dígitos\n| Código | Significado | Situação |\n|---|---|---|\n| A | Senha digitada errada 3 vezes | Bloqueada |\n| D | Erro na tentativa de desbloqueio na TAA, ou bloqueio feito pelo próprio cliente via APF Celular/Internet | — |\n\n### 2.4. Códigos exclusivos da senha de 8 dígitos\n| Código | Significado | Situação |\n|---|---|---|\n| T | Senha registrada antes de 2012 e bloqueada por não uso nos últimos 90 dias | Bloqueada |\n| D | Alteração iniciada via APF Celular, com falha na confirmação via TAA sem biometria | — |\n| P | Senha cadastrada via APF Internet/Celular, aguardando confirmação na TAA | — |\n| 4 | Erro na tentativa de desbloqueio via Mobile | — |\n| 8 | Senha bloqueada pela agência ou pelo próprio cliente nos canais de autoatendimento | — |\n\n### 2.5. Situações do código de acesso\nCódigo ""4"" = tentativa de desbloqueio na TAA; CAA = letras; CAS = sílabas; CAN = alfanumérico.\n\n### 2.6. Situações da senha alfanumérica (Conta de Acesso)\n*Solicitado* = cadastramento/alteração pedidos; *Ativa* = cadastrada e ativa; *Bloqueado* = bloqueada por erro de digitação ou por segurança.\n> Essa confirmação ocorre por oferta ativa, sem necessidade de navegar pelo menu da TAA.\n\n---\n\n## 3. Correntistas e Poupadores\n\n### 3.1. Senha de 6 dígitos (conta e cartão)\n\nUsada para autorizar transações em: terminais de caixa das agências, TAA, site institucional (sem Alfa Code), App Alfa, correspondente bancário, transações de cartão (débito e crédito) e acesso à Central de Relacionamento/SAC. Vinculada à agência/conta (correntista) ou ao CPF (não correntista).\n\n**3.1.1. Cadastramento**\n\n| Canal | Procedimento |\n|---|---|\n| Agência | Correntistas e poupadores: no fluxo de abertura de conta, em qualquer agência. Beneficiários do INSS: em qualquer agência. Clientes de conta digital: no fluxo de abertura pelo App Alfa. |\n\n> **Atenção:** se o cliente quiser encerrar a conta corrente e ficar só com o cartão de crédito, cadastre nova senha como não correntista — obrigatório para não deixar pendente a emissão dos cartões.\n\n**3.1.2. Alteração**\n\n> Para cartões com chip, após a alteração, oriente o cliente a atualizar o chip de todos os plásticos em qualquer TAA (sob risco da senha não funcionar). Verifique a possibilidade de enviar senha provisória por SMS (item 6).\n\n| Canal | Requisitos/Condição | Procedimento |\n|---|---|---|\n| App Alfa | Celular autorizado há mais de 30 dias; Alfa Code ou Push habilitado; geolocalização ativa e autorizada; cartão ativo; senha de 8 dígitos ativa (códigos 0, 1 e/ou 2). Não disponível se bloqueada por ""8"". | **Com a senha anterior:** área logada > Perfil > Segurança > Central de senhas > Senha de 6 dígitos > Alterar. **Sem a senha anterior:** área logada > Perfil > Segurança > Central de senhas > Senha de 6 dígitos > Esqueci a senha > ""Agora utilizando o cartão"" (dados do cartão) — confirmação por: (i) biometria na TAA (cadastrada há mais de 7 dias): App Alfa > Menu > Perfil > Central de senhas > Senha de 6 dígitos > Esqueci a senha > No caixa eletrônico, depois na TAA em Segurança e Senhas > Senhas > Liberação de Senha Provisória > Senha da conta e cartão (6 dígitos); ou (ii) WhatsApp (telefone cadastrado no ATO): área logada > Perfil > Central de senhas > Senha de 6 dígitos > Esqueci a senha > Por WhatsApp. |\n| Site institucional | Senha de 8 dígitos ativa (códigos 0, 1 e/ou 2). Não disponível para quem não usa Alfa Code e não tem biometria cadastrada há mais de 7 dias (ou de forma assistida), nem para bloqueio ""U"" ou ""8"" da senha de 6 dígitos. | Em computador autorizado, com ou sem a senha anterior: **com adesão ao Alfa Code:** área logada > Segurança > Senhas > Alterar > Senha do cartão (6 dígitos) (exige código de autorização do Alfa Code). **Sem adesão ao Alfa Code, com biometria cadastrada:** mesmo caminho, confirmando em uma TAA com biometria cadastrada há mais de 7 dias. |\n| Agências (inclusive bloqueio ""U"") | — | Mediante identificação; recomendar que o cliente leve o cartão. |\n| SAC | Bloqueio ""U"": SAC Receptivo QP/QC (Célula de Segurança) → rotina 50130; SAC Soluções QP → rotina 50131; SAC Quadro Contratado → rotina 50112. Outros bloqueios: SAC Quadro Próprio → procedimento de Geração de Senha (item 6); SAC Quadro Contratado → rotina 50112. | — |\n| Plataforma de Relacionamento / ATA | Exceto bloqueio ""U"": Quadro Próprio → Geração de Senha; Quadro Contratado (não correntista portador de cartão) → Geração de Senha; correntistas/poupadores → demais canais. | — |\n\n**3.1.3. Bloqueio**\n\nCanais por iniciativa do cliente: TAA; SAC QC/QP; Plataforma de Relacionamento; site institucional (com Alfa Code); App Alfa (dispositivo autorizado, com Alfa Code ou push); agências.\n> Se o cliente detectar lançamentos indevidos na conta (inclusive por invasão do site), utilize também a rotina 50136, item 5.1. Bloqueio por um titular solidário impede os demais de transacionar. O bloqueio do código de acesso implica bloqueio da senha de 6 dígitos.\n\n**3.1.4. Desbloqueio**\n\nFeito COM conhecimento da senha anterior (sem isso, é preciso fazer a Alteração). Bloqueio ""U"" não admite desbloqueio, só Alteração.\n\n| Canal | Requisitos | Procedimento |\n|---|---|---|\n| App Alfa | Celular autorizado >30 dias; Alfa Code/Push habilitado; geolocalização ativa; cartão ativo; senha de 8 dígitos ativa (0,1,2). | Área logada > Perfil > Segurança > Central de senhas > Senha de 6 dígitos > Desbloquear. |\n| Site institucional | Senha de 8 dígitos ativa (0,1,2). | Em computador autorizado — com Alfa Code: Segurança > Senhas > Desbloquear (código de autorização); sem Alfa Code: mesmo caminho, confirmando em TAA com biometria (>7 dias). |\n| TAA | Biometria, ou cartão + código de acesso. | Menu > Segurança e Senhas > Senhas > Desbloqueio > Senha da conta e cartão (6 dígitos). |\n| Agência | Identificação (recomendar levar o cartão). | — |\n\n> Erro de digitação na tentativa de desbloqueio na TAA: só pode ser desbloqueada em agência. Bloqueio por iniciativa da agência/cliente: desbloqueio em qualquer agência. Bloqueio por erro de identificação positiva na TAA: só desbloqueia em agência (se o cliente souber a senha); usar a TAA para essa operação não é possível. Desbloqueio exige código de acesso ou biometria; sem nenhum dos dois, é necessário comparecer a uma agência.\n\n### 3.2. Senha de 8 dígitos\n\nAcessa o site institucional e o App Alfa; pode ser provisória¹ ou definitiva. Confirmação de transações financeiras via Alfa Code; sem Alfa Code, usa-se a senha de 6 dígitos (oriente o cadastramento do Alfa Code). Senha única — não precisa ser cadastrada por cada titular.\n\n> ¹ Provisória: só senhas antigas; acesso restrito a consultas. Para movimentações financeiras, deve ser liberada em uma TAA.\n\n**3.2.1. Cadastramento**\n\n| Canal | Procedimento |\n|---|---|\n| App Alfa | Correntistas/poupadores: ""Esqueci ou não tenho a senha"" na tela de login (clientes sem histórico de equipamento autorizado no ATO); o equipamento fica em carência (há um link de liberação). Clientes de conta digital: cadastram no fluxo de abertura via Mobile. |\n| TAA | Com biometria cadastrada há mais de 7 dias: Menu > Segurança e Senhas > Senhas > Cadastramento. |\n| Agência | Qualquer agência, informando a senha de 6 dígitos. |\n\n**3.2.2. Alteração**\n\n| Canal | Condição | Procedimento |\n|---|---|---|\n| App Alfa | Celular autorizado >30 dias; Alfa Code/Push; geolocalização; cartão ativo. | **Com a senha atual:** área logada > Perfil > Segurança > Central de senhas > Senha de 8 dígitos > Alterar (digitar a senha atual). **Sem a senha atual (inclusive bloqueio ≠ ""U""), ou bloqueio ""U"":** ""Esqueci minha senha"" (tela de login ou tela inicial não logada) > Recuperar senha > Senha de 8 dígitos > Esqueci a senha, com 3 opções: (i) ""Agora utilizando o cartão"" (dados do cartão, dispositivo autorizado, Alfa Code ou Push); (ii) ""No caixa eletrônico"" (confirmação por biometria na TAA, cadastrada há mais de 7 dias); (iii) por WhatsApp (telefone cadastrado no ATO + versão mínima do app + reconhecimento facial). *A opção ""recuperar senha"" só aparece em celular autorizado onde o cliente já acessou a conta ao menos uma vez.* |\n| Site institucional (computador autorizado) | Com a senha atual: exigida a senha de 8 dígitos atual. | **Com Alfa Code:** Segurança > Senhas > Alterar > Senha da internet (8 dígitos) (código de autorização). **Sem Alfa Code:** mesmo caminho, confirmando em TAA com biometria (>7 dias). Sem a senha atual (inclusive bloqueio ≠ ""U""), ou bloqueio ""U"": não disponível neste canal. |\n| TAA | Com ou sem a senha atual (inclusive bloqueios). | Menu > Segurança e Senhas > Senhas > Alteração > Senha de acesso à internet e ao celular (8 dígitos). Com biometria: qualquer horário (cadastrada há mais de 7 dias, ou de forma assistida). Sem biometria, com cartão com chip + código de acesso: das 10h às 16h em dias úteis. |\n| Agência | Com ou sem a senha atual (inclusive bloqueios). | Atendimento presencial, exigindo a senha de 6 dígitos; recomendar levar o cartão. |\n| SAC | Com a senha atual, ou sem ela (exceto ""U""): Quadro Próprio → Geração de Senha; Quadro Contratado → rotina 50112. Bloqueio ""U"": SAC Receptivo (Célula de Segurança) → rotina 50130; SAC Soluções QP → rotina 50131; SAC QC → rotina 50112. | — |\n| Plataforma de Relacionamento / ATA | Com a senha atual, ou sem ela (exceto ""U""): Quadro Próprio → Geração de Senha; Quadro Contratado (não correntista com cartão) → Geração de Senha; correntistas/poupadores → demais canais. Bloqueio ""U"": não disponível neste canal. | — |\n\n**3.2.3. Bloqueio**\n\nCanais por iniciativa do cliente: TAA; SAC; agências; site institucional (com Alfa Code); App Alfa (dispositivo autorizado, com Alfa Code ou push). Bloqueio de segurança ocorre quando há indício de violação da senha. Bloqueio ""T"": não é mais aplicado — restam apenas registros até 2012.\n\n**3.2.4. Desbloqueio**\n\n> Sem conhecimento da senha anterior, bloqueio ""U"" (segurança) ou bloqueio ""4"": seguir os procedimentos de Alteração.\n\nConsulte em `SISRET X69 > 02` (correntistas: agência/conta; não correntistas: número do cartão), campo STATUS, ou pela Plataforma (Segurança > Senhas > Gerenciamento de Senhas). Não pergunte data de validade nem CVV ao cliente — preencha o número do cartão, use o mês/ano do contato como validade e ""000"" no CVV2.\n\n| Tipo de bloqueio | Canal | Procedimento |\n|---|---|---|\n| Por iniciativa da agência ou do cliente | Agência | Com a senha de 6 dígitos (recomendar levar o cartão). |\n| | TAA | Com código de acesso ou biometria. |\n| Por motivo ""T"" | Agência | Idem acima. |\n| | TAA | Idem acima. |\n| Por digitação incorreta 3 vezes | App Alfa (dispositivo autorizado >30 dias, Alfa Code/Push, geolocalização, cartão ativo) | Recuperar Senhas > Senha de 8 dígitos > Desbloquear (digitar a senha atual). |\n| | Agência | Com a senha de 6 dígitos. |\n| | TAA | Com código de acesso ou biometria. |\n| Por erro na tentativa de desbloqueio na TAA | Agência | Com a senha de 6 dígitos. |\n\n---\n\n## 4. Não Correntista\n\n### 4.1. Senha de 6 dígitos\n\n**4.1.1. Cadastramento:** clientes não correntistas que solicitam Cartão Alfa via App ou web cadastram no próprio fluxo de solicitação. Private Label → rotina 50133. Cartões de programa de fidelidade parceiro → rotina 50134.\n\n**4.1.2. Alteração:** Agência (qualquer uma, com cartão válido e identificação); SAC e Plataforma de Relacionamento → item 6 desta rotina.\n\n**4.1.3. Bloqueio:** por iniciativa do cliente — TAA; SAC QC/QP; Plataforma de Relacionamento; agências.\n\n**4.1.4. Desbloqueio:** Agência (qualquer uma, com a senha de 6 dígitos); TAA (com o código de acesso).\n\n### 4.2. Conta de Acesso e Senha de 8 dígitos\n\n**Demanda:** dificuldade para acessar o App Alfa ou o App Cartão Alfa com a senha de 8 dígitos.\n\n> **Atenção:** há 2 tipos de senha de 8 dígitos para não correntista — **Conta de Acesso** (acessa o App Alfa) e **Senha-8** (acessa o App Cartão Alfa). O cliente normalmente não sabe dessa distinção. Para identificar o tipo, siga o item 4.2.1.\n\n**4.2.1. Identificação do tipo de senha**\n\n*4.2.1.1. Sistema Alfa:*\n- a) Senha Conta de Acesso: `SISRET X69 > 02 > nº do cartão`. Se ""não localizado"" ou se o cliente tiver os dois tipos, siga para (b). Se possuir só Conta de Acesso: Quadro Contratado → siga para 4.2.2; Quadro Próprio → confira a situação (se ""Ativo"", tecle F9 para mais detalhes) e siga para 4.2.2.\n- b) Senha-8: `SISALFA > SISRET X69 > 02 > nº do cartão`. Cliente com só Senha-8, ou com as duas → oriente conforme 4.2.2 (Quadro Próprio e Contratado).\n\n*4.2.1.2. Plataforma:* não pergunte data de validade nem CVV. `Plataforma de Negócios > Segurança > Senhas > Gerenciamento de Senhas 3.0` — preencha o número do cartão, use o mês/ano do contato como validade e ""000"" no CVV2.\n\n**4.2.2. Procedimentos** (se o cliente tiver os dois tipos, pergunte qual app ele quer acessar):\n\n| Senha | Cadastramento | Alteração | Bloqueio | Desbloqueio |\n|---|---|---|---|---|\n| **Conta de Acesso** (App Alfa) | No momento da contratação do cartão (App Alfa/onboarding digital) | App Alfa (Central de Senhas) ou link de recuperação; Agência (cartão válido e previamente liberado) | Agência | Agência (cartão válido e previamente liberado) |\n| **Senha-8** (App Cartão Alfa) | No momento da contratação do cartão (lojas parceiras, correspondentes, agências) | TAA; SAC e Plataforma de Relacionamento (Geração de Senha, ou outros canais); App Cartão Alfa ""Esqueci minha senha"" (sem bloqueio vigente); Agência | TAA; APF; Mobile; agências; **se o cliente foi vítima de assalto, roubo ou sequestro:** SAC QP/QC e Plataforma de Relacionamento → `SISRET X98`, código de rota 800050, conta = nº da conta do cartão | TAA; Agência |\n\n> Não correntistas com Conta de Acesso também podem acessar o App Cartão Alfa, mas precisam cadastrar uma senha de 8 dígitos separada via ""Esqueci senha"" — explique que serão duas senhas diferentes, uma para cada app. Quem possui só a Senha-8 NÃO consegue acessar o App Alfa.\n\n---\n\n## 5. Código de Acesso (Alfanumérico)\n\na) **Deficientes visuais:** o cliente com deficiência visual total pode ser dispensado da exigência do código de acesso, mediante registro da característica no cadastro pela agência. Em conta conjunta, a dispensa vale só para o titular com a deficiência.\n\nb) **Tipos:** CAA (letras), CAS (sílabas), CAN (alfanumérico). Emitido quando o cliente usa a TAA com cartão pela primeira vez, tentando uma transação/consulta — o cliente é avisado do novo código, que substitui o anterior.\n\nc) Se o cliente disser que não tem/não anotou o código: oriente conforme a tabela abaixo, ou informe que TAAs com biometria dispensam o código de acesso (rotina 50132, itens 1 e 9).\n\n**5.1. O que é:** código aleatório (letras, sílabas e/ou números), não escolhido pelo cliente; para PF e PJ, correntistas, não correntistas e poupadores portadores de cartão; necessário em: TAA, Banco 24 Horas e rede compartilhada (Banco Parceiro Beta).\n\n**5.2. Cadastramento:** gerado e impresso automaticamente no primeiro uso do cartão na TAA; regenerado em migração de conta (mesmo cartão) ou quando o código antigo é cancelado. Se a impressora estiver inoperante, é mostrado só em tela. Código único para todos os titulares solidários.\n\n**5.3. Alteração:** não existe alteração direta — o código deve ser cancelado (canais abaixo); a nova combinação é gerada automaticamente no próximo acesso à TAA. *(O código não muda se a senha da conta corrente for alterada.)*\n\n| Canal | Procedimento |\n|---|---|\n| App Alfa | Área logada > Perfil > Segurança > Central de senhas > Código de Acesso > Solicitar novo código. |\n| Site institucional | Área logada — confirmação via Alfa Code; sem Alfa Code, confirma na TAA com biometria cadastrada há mais de 7 dias. |\n| Agência | Com a senha de 6 dígitos (recomendar levar o cartão). |\n\n**5.4. Bloqueio:** após 3 tentativas seguidas incorretas. Bloqueio da senha de 6 dígitos ou do código de acesso mantém o uso da TAA com biometria. Bloqueio da senha de 6 dígitos mantém o uso do código de acesso, exceto nos bloqueios ""U"" ou ""8"".\n\n**5.5. Desbloqueio:** pelo próprio cliente na TAA, usando o próprio código de acesso. Se houver novo erro, o código deve ser cancelado (site institucional com Alfa Code, App Alfa, ou qualquer agência) para gerar um novo.\n\n---\n\n## 6. Geração de Senha PF – Procedimentos\n\nEnvio de senha (6 e 8 dígitos) por SMS para PF — só para ALTERAÇÃO (não para cadastro de primeira senha, que segue outros canais). Não disponível para senhas ""não cadastradas""/""a cadastrar"" ou bloqueio ""U"". Faça as consultas do item 6.2 antes.\n\n### 6.1. Atendimento\n\n| Frente | Quem atende | Identificação |\n|---|---|---|\n| SAC QP | Correntistas e não correntistas | Cliente autenticado (URA, Token ou Identificação Positiva) |\n| SAC QC | Não correntistas portadores de cartão (correntistas/poupadores: transferir para a Célula de Segurança via rotina 50106) | — |\n| Plataforma de Relacionamento QP | Correntistas e não correntistas | Autenticado por CPF+senha, agência/conta+senha ou Token: IP dispensada. Atendimentos ATA, Consultoria e Texto: exigem IP. Bancada Cartão: Checklist Maior Risco. |\n| Plataforma de Relacionamento QC | Não correntistas portadores de cartão (correntistas/poupadores: demais canais, itens 3 e 4) | — |\n\n### 6.2. Consultas\n\n1. Verifique o cadastro da senha em `SISRET X69 > 02` ou pela Plataforma (Segurança > Senhas > Gerenciamento de Senhas) — correntistas: agência/conta; não correntistas: número do cartão (não pedir validade/CVV; usar mês/ano do contato e ""000"" no CVV2).\n2. Resultado ""Não cadastrada""/""A cadastrar"" → cliente não correntista com entrada via onboarding digital; não é possível enviar senha; oriente: 8 dígitos via App Alfa (se dispositivo autorizado com Alfa Code/push); 6 dígitos, comparecer a uma agência.\n3. Resultado ""U Bloqueado"" → SAC Receptivo (Célula de Segurança) → rotina 50130; SAC Soluções QP → rotina 50131; SAC Receptivo QC → rotina 50112; Plataforma de Relacionamento → orientar contato com o SAC.\n4. Demais situações → prossiga: pergunte o celular atual do cliente (não informe outros números cadastrados) e confira no cadastro (agência/conta ou MCI) se é o mesmo já registrado. Se divergente, ou se houver mais de um número/duplicidade cadastrada → oriente comparecimento a uma agência. Se for o mesmo e único número → siga para 6.3.\n\n### 6.3. Geração de Senha\n\na) Acesse Plataforma > Segurança > Senhas > Envio de Senha por SMS.\nb) Consulte por tipo de cliente: correntista (CPF, agência e conta, ou MCI); não correntista (CPF); na aba Cartão, informe o número (via `Cartão > 11 > 1` ou `17 > 01 > 01`) — se houver mais de um cartão, peça modalidade e os 4 últimos dígitos.\nc) Selecione a conta/cartão do cliente.\nd) Selecione o envio de senha de 8 e/ou 6 dígitos — o sistema gera uma senha aleatória e envia por SMS.\ne) Informe que a senha chega por SMS ao celular cadastrado, sem prazo de expiração, e que deve ser alterada assim que possível por segurança.\nf) Se for senha de 6 dígitos, informe que, após a alteração, é preciso validar o chip do cartão em qualquer TAA — caso contrário, a nova senha não funcionará com o cartão com chip.\n\n---\n\n## 7. Cliente no Exterior\n\na) **Central de Senhas** (no App Alfa; exige cartão ativo, dispositivo liberado e Alfa Code/Push): permite alterar/bloquear/desbloquear/criar senha de 8 dígitos; alterar/bloquear/desbloquear senha de 6 dígitos; solicitar novo código de acesso. Acesso com a senha atual: área logada > Perfil > Central de senhas. Sem a senha: tela inicial não logada > Recuperar senha.\n\nb) **Agências no exterior:** procedimento de senhas disponível somente na agência de Tóquio.\n\nc) Solicitar a um representante legal (com procuração com firma reconhecida) que realize a operação na agência de relacionamento do cliente no Brasil.\n\nd) A agência de relacionamento envia ao e-mail cadastrado no MCI uma declaração para o cliente assinar e digitalizar — válido apenas para senhas bloqueadas por erro, não para bloqueio ""U"" (suspeita de fraude). O pedido pode começar por qualquer canal de contato, mas a declaração assinada só pode retornar pelo e-mail cadastrado no MCI. A agência de relacionamento pode ser confirmada com o cliente durante a ligação, na aba lateral da Plataforma de Relacionamento.\n\ne) **Cartões com chip:** após a alteração da senha de 6 dígitos, oriente o cliente a atualizar o chip de todos os plásticos ao voltar ao Brasil (em uma TAA), sob risco de impacto em transações presenciais; carteiras digitais funcionam normalmente após a troca.\n\nf) **Uso da senha no exterior:** alguns terminais usam PIN de 4 e/ou 6 dígitos. Nos de 4 dígitos, o cliente informa os 4 primeiros dígitos da sua senha de 6. No exterior, o cliente tem as mesmas opções dos demais clientes, pelo site institucional ou pelo App Alfa.\n\n---\n\n## 8. Senha do Portador Adicional\n\n| Portador | Solicitação | Alteração/reposição |\n|---|---|---|\n| **Adicional não correntista** | Presencial: senha de 6 dígitos cadastrada na hora. Demais canais: senha enviada por correio ao endereço do portador titular. | Se perder, esquecer ou não receber, cadastrar nova em qualquer agência. |\n| **Adicional correntista** | Usa a mesma senha pessoal de 6 dígitos de sua própria conta. Sem senha gravada: modalidades Doméstico/Internacional → sistema não gera o cartão; modalidades Gold e superiores → senha enviada por correio, cartão gerado após o recebimento. | Se perder, esquecer ou não receber, seguir as orientações do item 3. |\n\n---\n\n## 9. Acesso ao gov.br com credenciais do Banco Alfa\n\nVer rotina 50135.\n\n---\n\n## 10. Central de Senhas PF\n\nSolução de segurança no App Alfa para o cliente gerenciar suas senhas.\n- **Área logada:** Perfil > Segurança > Central de Segurança > Central de senhas; Perfil > Segurança > Central de senhas; Menu > Segurança > Central de Segurança > Central de Senhas.\n- **Área não logada:** Tela inicial > Recuperar Senha; ou role a tela para cima > Recuperar Senha.\n\n**Requisitos:** celular autorizado há mais de 30 dias; telefone cadastrado no ATO; Alfa Code ou Push habilitado; geolocalização ativa e autorizada; permissão de câmera concedida ao app; cartão ativo.\n\n> **Atenção:** não correntistas usam a Central de Senhas apenas para alterar a senha ""Conta de Acesso"" (ver item 4.2.2).\n\n---\n\n## 11. Fontes de informação\n\nUGS – Unidade de Gestão de Segurança (código 800040) · Normativo interno 5001 · Normativo interno 5002\n\n---\n\n## 12. Rotinas absorvidas\n\nO conteúdo das seguintes rotinas foi absorvido por este documento:\n\n| Código (anonimizado) | Assunto |\n|---|---|\n| 50137 | Senhas – Orientações (Código de Acesso) |\n| 50138 | Senhas – Orientações (Não correntista) |\n| 50139 | Senhas – Correntistas (Internet e Celular) |\n| 50140 | Arquivada – Senhas – Orientações (Conta-corrente) |\n| 50141 | POP UP – Senhas – Tipos de bloqueio |\n| 50142 | Modalidade de conta simplificada – Senhas |\n| 50143 | Senhas – Orientações – Poupador não correntista |\n| 50144 | Acesso do cliente à plataforma digital gov.br (parceria Banco Alfa e Governo Federal) |\n| 50145 | Senhas – Alfa Digital PJ |\n| 50146 | Atendimento para clientes não participantes do modelo ATA |\n| 50147 | Geração de senha PF – Procedimentos |\n']","Sim, sem Alfa Code o site exige confirmação em TAA com biometria há mais de 7 dias (ou assistida). Com 10 dias, o fluxo é permitido; com menos de 7 dias ou bloqueio 'U'/'8', o site não permite.",REGULATORY_TIMELINE,14.1945,,0.5384615384615384,0.8795172901788939,0.5,0.9999999999
"Quero cancelar meu CDC renovação, como faço?","Para cancelar um contrato de **CDC (Crédito Direto ao Consumidor)**, o procedimento padrão no sistema bancário brasileiro geralmente segue estas etapas:

1.  **Verifique o contrato:** O cancelamento de um empréstimo já liberado e com o dinheiro na conta não é um simples ""cancelamento"", mas sim uma **liquidação antecipada**. Verifique se o valor ainda está na sua conta ou se já foi utilizado.
2.  **Direito de Arrependimento:** Se o contrato foi assinado há **menos de 7 dias corridos** (e a contratação foi feita fora da agência física, como pelo App ou Internet Banking), você tem o direito legal de arrependimento. Nesse caso, você deve entrar em contato com o banco imediatamente para solicitar o estorno, devolvendo o valor integral.
3.  **Liquidação Antecipada:** Se já passou do prazo de 7 dias, você precisará solicitar a **liquidação antecipada**. Isso significa quitar o saldo devedor total.
    *   **Vantagem:** Por lei, ao quitar antecipadamente, você tem direito ao **abatimento proporcional dos juros** e outros encargos previstos no contrato.
4.  **Como solicitar:**
    *   **App ou Internet Banking:** Procure pela opção ""Empréstimos"" > ""Meus Contratos"" > ""Liquidar contrato"" ou ""Antecipar parcelas"". O sistema geralmente gera um boleto ou debita o valor da sua conta corrente.
    *   **Central de Atendimento:** Ligue para o número que consta no verso do seu cartão ou no site oficial do seu banco e peça para falar com o setor de empréstimos para solicitar o cálculo de quitação antecipada.
    *   **Agência:** Se preferir, vá até a sua agência com um documento de identificação e peça ao seu gerente para realizar o cálculo de quitação.

**Dica importante:** Nunca faça transferências para contas de terceiros para ""cancelar"" empréstimos. O processo deve ser feito exclusivamente através dos canais oficiais do seu banco.

**Recomendação:** Antes de confirmar, peça sempre o **Demonstrativo de Evolução da Dívida (DED)**, que mostra exatamente quanto você deve pagar para encerrar o contrato com o desconto dos juros.","['# POP – Atendimento de Operações de CDC (Crédito Direto ao Consumidor) – Pessoa Física\n### [Versão anonimizada/pseudonimizada para uso acadêmico]\n\n> **Nota metodológica de anonimização:** este documento é uma versão pseudonimizada de uma rotina real de atendimento (SAC) de operações de crédito pessoa física. Foram substituídos: (i) o nome da instituição financeira e de seus canais/site/e-mail; (ii) os nomes de sistemas internos claramente proprietários; (iii) nomes e códigos de convênios de consignação com órgãos públicos; (iv) códigos de prefixo/departamento interno; e (v) números de rotinas/assuntos auxiliares referenciados ao longo do texto — todos substituídos por identificadores fictícios e sequenciais. A lógica processual, as condições, exceções e o fluxo de decisão originais foram mantidos integralmente, o que preserva o valor do documento como exemplo de POP para fins de extração de árvore de decisão. Termos e siglas genéricas do setor bancário (CDC, SAC, Ouvidoria, TAA, URA, FCR, ANC, Token, Identificação Positiva) e referências a normas públicas (Resolução CMN 4.790/2020, INSS) foram mantidos, por não serem exclusivos de uma única instituição.\n\n**Sumário:** Observações iniciais · 1. Consulta geral CDC · 2. Débito da parcela CDC · 3. Simulação/Contratação · 4. Cancelamento de CDC · 5. Liquidação/Amortização · 6. Dificuldade para contratação · 7. Contratação não reconhecida · 8. Limite Especial da Conta · 9. Rotinas auxiliares · 10. Fonte de informação\n\n---\n\n## Observações iniciais\n\na) Esta rotina destina-se ao atendimento das operações de crédito PF listadas no item 2. Para os casos abaixo, consulte rotinas específicas:\n- **FIES:** rotina 50101 – SAC QC – Financiamento Estudantil (FIES)\n- **Financiamento imobiliário:** rotina 50102 – SAC QC – Financiamento Imobiliário\n- **Renegociação de dívidas:** rotina 50103 – SAC QC – Renegociação de Dívidas Pessoa Física e Jurídica\n\nb) **Autorização de Débito em Conta:** a partir de 01/03/2021, para que uma operação seja debitada em conta, é necessária autorização específica do cliente para o débito. Ver informações e procedimentos na rotina 50104.\n\nc) **Canais para contratação de CDC:** [link para os canais de contratação]\n\n---\n\n## 1. Consulta geral CDC\n\nPara verificar as informações da operação, identifique se o consumidor é PF e titular da operação. Em caso de FALHA, RECUSA ou INAPLICABILIDADE de Identificação Positiva (IP), registre ocorrência.\n\n| Demanda | Consulta |\n|---|---|\n| a) Informações gerais do CDC | `SISALFA > CDC > 15 > 18` — em ""Código do Cliente"" pressione F4, inclua o CPF e selecione a operação. Clique em F2 > Outros dados > 4. Cronograma. Principais informações: modalidade do CDC, data de vencimento, parcelas pagas e data de pagamento (mais detalhes no item 2), parcelas a vencer, parcelas em atraso, taxas de juros ou CET. |\n| b) Saldo atualizado total | `SISALFA > CDC > 15 > 18` — mesmo caminho acima; após selecionar a operação, verifique o campo ""Saldo devedor atual"". Esse é o saldo do dia, com atualização diária. |\n| c) Parcelas, valores pagos, juros, datas de pagamento | `SISALFA > CDC > 15 > 18` → Agência/Conta → selecione a operação → F2 → 4. Cronograma → selecione a parcela (""P"" indica pagamento parcial) → F9 (detalhe) → F12/F11 (pagamentos e parcelas). O ""total recebimento parcial"" é o valor recebido naquela parcela. |\n| d) Consultar CDC liquidado, renovado ou excluído | `SISALFA > CDC > 15 > 18`, em ""Código do Cliente"" pressione F4 e insira o CPF — NÃO selecione nenhuma operação e pressione F11. F12 para operações arquivadas. |\n| e) Consulta de cláusulas gerais ou documentos do CDC contratado | Cláusulas gerais consultáveis em: **App Alfa** (Menu > Empréstimos > Contratar empréstimo > Aderir ao contrato); **site institucional**, inclusive para não correntista (Página inicial > Pra você > Empréstimo > Empréstimo pessoal > Contrato de abertura de crédito rotativo); **site institucional (área logada)** (Menu > Empréstimos > Crédito consignado e pessoal > Aderir Contrato de Empréstimo). Documentos do CDC contratado: Extrato de Empréstimo (parcelas pagas/a pagar) — App, site, caixas eletrônicos ou agências; Consolidado Anual (valores por exercício) — site ou agências; 2ª via do comprovante (com taxas) — App ou agências. |\n\n---\n\n## 2. Débito da parcela CDC (data ou valor divergente, duplicidade)\n\nPara identificar o débito questionado, consulte o extrato em `Plataforma de Relacionamento (Operações Contratadas) > Contas > Consultas > Extrato Conta Corrente`. O número da operação consta no campo ""Documento"" (9 dígitos).\n\nSituações possíveis: débito antes/depois do vencimento contratual; valor divergente; duplicidade (folha + conta); débito em conta errada.\n\n**Consulta:** `CDC 15.13` (F4 – CPF) → selecione a operação → F2.4 (cronograma) → selecione a parcela com ""x"" → F9 (detalhar) → F12 (mais informações) → F3 (voltar) e copie o nº da operação → `CDC 13.61` (cole o nº como ""nº contrato"") para ver como ocorreu o pagamento.\n\nSiga então a orientação por modalidade:\n\n### CDC Consignação ou CDC Renovação Consignação\nDébito ocorre na folha de pagamento. a) Se não consignada (ou parcial), o débito ocorrerá total/parcial em conta. b) Se liquidado/renovado mas houve consignação, o estorno é automático em conta em até D+2 dias úteis, exceto para os convênios de código 900001 (INSS — devolução a partir do 5º dia útil) e código 900002 (MPDG — devolução até o 1º dia útil).\n\n1. Consulte a parcela: `CDC 15 > 13 > F2 > 4` (datas); `CDC 15 > 13 > F8 > F9` (mês/ano da folha). *Consig total* = debitada integralmente em folha; *Consig parcial* = debitada parcialmente (verifique o restante em conta); *Não consignada* = sem débito em folha; *Incluída* = ainda não vencida; *Enviada* = empregador não retornou (sem repasse, o débito ocorre em conta).\n2. Confirme a consignação em `SISCONSIG 22 > 01 > 01` (Convênio, Data Prevista, nº Operação — dados em `CDC 15.13`); selecione ""x"" e F9: ""Tipo Lançamento"" *Amortização* = consignado; *Devolução* = não consignado, devolvido à conta.\n3. Preste as informações.\n4. Se o cliente disser que a parcela foi consignada em folha mas também há débito agendado em conta: verifique o extrato (agendado ou debitado); se debitado, verifique devolução; se a data for hoje/próximo dia útil, oriente aguardar o processamento noturno (tende a ser excluído) e encerre em FCR. Se confirmada duplicidade sem estorno, ou se o sistema não mostra consignação mas o cliente afirma o desconto, registre ocorrência e oriente o envio de cópia do contracheque para `sacdocumentos@bancoalfa.com.br`.\n\n> **Crédito do Trabalhador** (identifique pelo campo ""Convênio"" = ""E-Consig PJ"" em `CDC > 15 > 13`): exigir contracheque da competência anterior ao débito (ex.: débito no mês 09 → contracheque do mês 08) e o documento ""Detalhe da guia emitida"" (com a instituição que recebeu o valor) + comprovante de pagamento da guia, fornecidos pela empresa.\n\n### CDC Salário, CDC Benefício e CDC Renovação\nDébito no dia do crédito do salário/benefício, mesmo que divergente do vencimento contratual (cobrança antecipada gera desconto proporcional). Renovação com convênio: débito na data de crédito de proventos; sem convênio: na data de vencimento.\n\n1. Verifique no extrato o recebimento de salário no dia do débito.\n2. Compare a data de débito (`CDC 15 > 13 > F2 > 4`) com a cadastrada em `CDC 24 > 14` e `SISPAG 11 > 13 > 36 > Consulta on line`.\n3. Se ambos ocorrerem após o vencimento do contrato, registre ocorrência.\n4. Preste as informações.\n\n### CDC Automático\nDébito em conta (corrente ou salário) na data de vencimento informada na autorização; há opção de boleto (gerado pelo cliente ou se a autorização foi cancelada).\n\n**Duplicidade:** 1. Verifique boleto pago + débito em conta (`CDC 13 > 61`, ""Forma Pagto"": Rcbto Autom e Boleto Banc); confira estorno (campo ""Dt. Canc."" preenchido = houve estorno). 2. Se confirmada duplicidade sem estorno, estorne em `CDC 13 > 91 > 11 > 6` (o sistema só estorna do mais recente para o mais antigo; se o pagamento em conta foi parcial e só for possível estornar o boleto mais recente, isso deixaria a operação em atraso — nesse caso, estorne primeiro o ""Boleto Bancário"" e depois o ""Recebimento Automático"", só se não houver débitos pendentes). Peça ao supervisor para receber o valor correto em `CDC 13.23`; confirme a data de recebimento retroativo em `CDC 13.61`.\n> Para recebimento por débito em conta em operações contratadas a partir de 01/03/21, é necessária autorização específica do cliente.\n\n### CDC 13º Salário\nDébito em parcela única. **Com convênio:** na data de cobrança (recebimento do 13º, informado pelo empregador) OU no vencimento (30 dias após o crédito do 13º), o que ocorrer primeiro — exceto convênios com 13º vinculado ao aniversário do cliente. **Sem convênio:** na data escolhida na contratação.\n\n- Convênio consta em `SISALFA > CDC 15.13`.\n- **Com convênio:** data de cobrança em `CDC 22 > 10 > 5d` (código de linha 3100; nº convênio em `CDC 15 > 13`); vencimento em `CDC 15 > 13 > F2 > 4`. 1. Informe que o débito ocorre na data de cobrança; se o 13º não for creditado, tenta-se o débito na data de cobrança ou vencimento (o que ocorrer primeiro). 2. Verifique como ocorreu em `CDC 15 > 13 > F2 > 4`. 3. Preste as informações.\n  > **Obs.:** se a data de cobrança mudar por solicitação do empregador, o vencimento pode ser antecipado. *Ex. 1:* cobrança cadastrada 30/06/26 → vencimento 30/07/26; se a cobrança mudar para 30/08/26, cobra-se em 30/07/26 (o que ocorrer primeiro). *Ex. 2:* se o 13º do convênio está vinculado ao mês de aniversário, cobrança e vencimento caem no mês de aniversário do cliente.\n- **Sem convênio:** débito no vencimento (`CDC 15 > 13 > F2 > 4`).\n\n### CDC Antecipação IRPF\nDébito (a) na data prevista do crédito da restituição, ou (b) no vencimento contratual, se o crédito não ocorrer antes.\n1. Informe a regra acima. 2. Consulte `CDC 15 > 13 > F2 > 4`. 3. Preste as informações.\n\n### CDC Antecipação Saque Aniversário FGTS\nLiquidação automática via repasse do FGTS; débito em conta só se o repasse for insuficiente.\n1. Consulte `CDC 15 > 13 > F2 > 4`. 2. Preste as informações.\n\n### Orientações complementares\na) Reclamação de saldo aprovisionado em fim de semana/feriado: explique que, pelas cláusulas gerais do contrato de conta, a liberação de débitos nesses períodos depende do saldo após deduzir débitos programados para o 1º dia útil seguinte.\nb) **Boleto:** algumas linhas permitem gerar boleto (rotina 50107); se houver duplicidade (conta + boleto), estorne como em ""CDC Automático"". Não aplicar esse procedimento a CDC Consignação/Renovação Consignação/FGTS Saque Aniversário se a forma de pagamento foi ""Cta Convênio"" — para forma de pagamento via `SISALFA` ou ""Boleto Bancário"", o estorno é permitido.\nc) Mais informações: ver rotinas auxiliares (item 9).\nd) Se não for possível identificar o motivo, ou o cliente permanecer insatisfeito, registre ocorrência.\n\n---\n\n## 3. Simulação/Contratação de Empréstimos\n\nCDC é um empréstimo pessoal automatizado, pré-aprovado, disponível em conta corrente. Solicitação exclusiva do titular.\n> Se o cliente quiser alterar o vencimento da prestação: após a confirmação do contrato isso não é possível. Alternativa: contratar CDC Renovação (se a linha permitir e houver limite), indicando o vencimento mais adequado.\n\n**Procedimento:** verifique se a Análise de Crédito (ANC) está vigente em `Plataforma de Relacionamento (Operações Contratadas) — aba Limite de Crédito`, campo ""Situação do limite"".\n\n| Status do limite | Procedimento |\n|---|---|\n| Vencida, Impedida, Cancelada, Suspensa, Em transferência, Em estudo, Indeferida, ou Vigente com Limite Total–Margem zerado | Informe que não há limite disponível; o cliente deve ir a qualquer agência com identificação (RG/CPF), comprovante de residência e de renda (emitidos há menos de 90 dias, mesmo que pela internet). Consulte a rotina 50105 para possibilidade de restabelecimento. |\n| Vigente (algum valor em Limite Total–Margem) | Não informe o valor ao cliente. Dentro do horário de atendimento (9h–18h), pergunte se autoriza transferência para a Central de Consultoria em Uso Responsável do Crédito (rotina 50106). Se não autorizar, ou fora do horário, informe as opções: Central de Consultoria; App Alfa > Empréstimo; site > Empréstimo; caixa eletrônico (TAA) > Empréstimo. |\n\n---\n\n## 4. Cancelamento de CDC\n\nCancelamento permitido em até 7 dias corridos (a partir do dia seguinte à liberação do crédito), se contratado por canal de autoatendimento (App, site, caixas eletrônicos ou telefone), pelo titular, autenticado (URA, Token ou Identificação Positiva).\n\n> **Atenção:** o cancelamento da linha 2881 – Crédito Renovação Consignação está restrito ao departamento **DOC – Diretoria de Operações de Crédito** (código 800020) para os convênios: Convênio Especial 01 (700001), 02 (700002), 03 (700003), 04 (700004), 05 (700005), 06 (700006), 07 (700007), 08 (700008), 09 (700009), 10 (700010), 11 (700011), 12 (700012), 13 (700013), 14 (700014), 15 (700015) e 16 (700016). É necessário haver margem suficiente para reaverbação das operações vinculadas à renovação cancelada.\n> O cancelamento da mesma linha para o Convênio Especial 17 (700017) está restrito à **Superintendência Regional III** (código 800030). Ver rotina 50108.\n\nAntes do procedimento, informe o número da operação e que, após o cancelamento, o comando não pode ser desfeito.\n\n### 4.1. Cancelamento de proposta CDC NÃO CONFIRMADA\n`SISRET Y09` — copie o nº da operação (documento, 9 dígitos). `CDC 11.13` → inclua o nº a cancelar. Em ""Exclusão de operação – Confirma?"", responda ""S"". Motivo: ""08 – Exclusão a pedido do cliente – Desistência"". Verifique a mensagem ""Cancelamento da Proposta efetuado em XX/XX/XX às XX:XX:XX por FXXXXX""; se diferente, registre ocorrência.\n> Atenção a operações via Correspondente – LOG 633 ""Operação Novo Fluxo Correspondente/Parceiro Comercial"" (`CDC 15.18.F2.8`). Se pendente de confirmação, registre ocorrência (motivo obrigatório; não oriente o cliente a excluir por autoatendimento).\n\n### 4.2. Cancelamento no MESMO DIA ou DIA ÚTIL SEGUINTE (contratação em dia não útil)\nPermitido para contratações presenciais e não presenciais, todos os canais. Uso do Limite Especial da Conta gera juros e IOF. Cancele em `CDC 14`; se falhar, registre ocorrência.\n\n### 4.3. Cancelamento em até 7 DIAS CORRIDOS (a partir do dia seguinte ao crédito)\n**Via TAA/internet/App/telefone (Duplo Sim):** consulte `CDC 15.18.F2.8` (log) — canal no log 201: *Duplo Sim* → campo ""Ocor"" LOG 201 e 493; *Correspondente* → registre ocorrência. (Contestação: ver item 7.2.)\n**Presencial na agência:** só cancela no mesmo dia (ver item 4.2)! A partir do dia seguinte, só liquidação. Se o cliente relatar falhas, registre ocorrência.\n\nVerifique saldo para o débito (ou ""troco"" nas Renovações — `CDC 15.18.F2.5 Contratos Vinculados` mostrará o `SISCLI`; informe o valor), considerando Limite Especial ou resgates automáticos. Oriente manter saldo (débito à noite); uso do Limite Especial gera juros/IOF. Se discordar, só liquidação/amortização/pagamento. Cancele em `CDC 14`; se falhar, registre ocorrência.\n> No cancelamento de CDC Antecipação Saque Aniversário FGTS, o desbloqueio da garantia é automático. Log ""1120 – Operação Contratada com Parcela Pix"" = produto Alfa Parcela Pix (mesmo procedimento de Duplo Sim).\n\n### 4.4. Cancelamento de REPACTUAÇÃO\n`CDC 15.13`, selecione a operação. Se constar ""Op"" pendente de confirmação, pode excluir; se confirmada, só liquida/paga total.\n> *Convênio Especial 17:* tem repactuação de CDCs consignados com suspensão de cobrança (rotina 50109).\n\n### 4.5. Cancelamento do produto de pagamento parcelado de contas\nVer item 10 da rotina 50110.\n\n### 4.6. Pedido após 7 dias, ou contratação presencial (pedido fora do mesmo dia)\nSó é possível a liquidação.\n> Obs. 1: presencial só cancela no mesmo dia (item 4.2). Obs. 2: exclusivamente para CDC Renovação, se a liquidação antecipada não puder ser feita, registre ocorrência para avaliar cancelamento (informar que o IOF será cobrado em conta). CDC Renovação sem ""troco"" é cancelável se a contratação não foi presencial e o pedido ocorreu em até 7 dias.\n\nCancele em `CDC > 14`. Em caso de erro, registre ocorrência.\n\n---\n\n## 5. Liquidação / Amortização\n\nSolicitação exclusiva do titular.\n\n### 5.1. Amortização/Liquidação ANTECIPADA ou operação EM ATRASO\n**Demanda:** quitação parcial/total antes do vencimento e/ou parcelas em atraso.\n> Pagamento via boleto: emitido em agência, pago no mesmo dia (saldo atualiza diariamente); se não pago no mesmo dia, o mesmo boleto ainda serve, pois o saldo é recalculado.\n\nSe não autenticado (URA/Token/IP), informe os canais. Cancelamento da amortização/liquidação só no mesmo dia, e só com margem disponível (item 5.3). Somente com recursos próprios; há redução proporcional de juros.\n\n**Tipos** (parcelas em atraso sempre em ordem crescente): **Crescente** (da próxima parcela em diante); **Decrescente** (da última parcela para trás); **Linear** (amortiza o saldo total sem alterar o cronograma; recalcula as parcelas a vencer).\n> Linear NÃO permitido para CDC Consignado, nem para operações fora do status ""Normal"", com pagamento parcial, em cobrança, ou com ""Pula-Parcela"". ""Em cobrança"" não aceita nenhuma amortização.\n\n| Necessidade do cliente | Tipo de amortização |\n|---|---|\n| Parar de pagar as próximas prestações por um período | Liquidação antecipada de parcelas integrais, ordem crescente |\n| Amortizar e continuar pagando as próximas prestações | Liquidação antecipada de parcelas integrais, ordem decrescente |\n| Reduzir o valor das prestações em toda a operação | Amortização linear |\n| Liquidar a operação | Quitação total, sempre em ordem crescente |\n\n> No CDC Consignado, pode haver desconto da próxima prestação em folha. Para Consignação/Renovação Consignação, prefira ordem decrescente (evita duplicidade em folha); se o cliente pedir crescente, informe o risco (o valor retorna no vencimento da parcela, se ocorrer).\n\n**Procedimento:** 1. Simule em `CDC 13.11.12`, informe o saldo atual (item 1b). 2. Verifique saldo suficiente (`Plataforma de Relacionamento > Contas > Extrato`), considerando saldo aprovisionado, tarifas pendentes, resgates automáticos e Limite Especial (a critério do cliente, com encargos). 3. Se insuficiente, oriente novo contato; se suficiente, execute em `CDC 13 > 21 > 12` (tipo: parcial/liquidação/linear; quantidade/valor; ordem).\n> Se o sistema indicar ausência de autorização de débito, siga a rotina 50104.\n\n**Leitura obrigatória ao cliente antes da confirmação** (""Sr(a). ___, para sua segurança, faremos a leitura das condições:""):\n- **Parcial/liquidação:** agência/conta; valor base da parcela; encargos por atraso; desconto de antecipação; variação Selic; valor a amortizar; total de parcelas; ordem escolhida.\n- **Linear:** valor base; desconto aproximado; variação Selic; valor da parcela inicial; novo valor da parcela; quantidade de parcelas.\n\nApós a leitura: ""Podemos confirmar a liquidação/amortização?"" (F3, sem impressão). Supervisor confirma em `CDC 13.21.52`. Informar necessidade de saldo em conta. Comprovante: ""o débito ocorre ainda hoje; confirme pelo extrato. Para comprovante detalhado, solicite em qualquer agência o documento \'Demonstrativo de Origem e Evolução de Dívida – Crédito Direto ao Consumidor\'.""\n\n### 5.2. Amortização/liquidação de operações ""EM PERDAS""\nIdentificação: `SISALFA > CDC > 15.13`. **Não informar ao cliente que a operação está em prejuízo.**\na) **Débito em conta:** verifique saldo suficiente (mesmas ressalvas do item 5.1); se insuficiente, oriente novo contato. Liquidação: comando em `CDC 13-34` + confirmação do supervisor em `CDC 13-36`. Amortização parcial: comando em `CDC 13-35` + confirmação do gerente de grupo em `CDC 13-36`.\nb) **Boleto bancário:** registre ocorrência.\n\n### 5.3. Cancelamento da amortização ou liquidação antecipada\nSe só houve o comando do atendente (`CDC 13.21.12`) no mesmo dia: cancele em `CDC 13.91.51`. Se já confirmado pelo supervisor (`CDC 13.21.52`): faça o estorno (item 5.5).\n> O registro do atendente fica pendente de confirmação apenas no mesmo dia; se não confirmado, é excluído automaticamente no dia seguinte.\n\n### 5.4. Liquidação – Desaverbação/Liberação de Margem Consignável\nSe o cliente relatar que liquidou/cancelou mas não houve liberação de margem, ou a parcela segue sendo debitada, registre ocorrência.\n\n### 5.5. Estorno de pagamento antecipado\n**Demanda:** pagamento antes do vencimento, ou débito indevido em conta (ex.: pela agência).\n> Não aplicar a Consignação/Renovação Consignação/FGTS Saque Aniversário se a forma de pagamento foi ""Cta Convênio""; para `SISALFA` ou ""Boleto Bancário"", o estorno é permitido (ver item 2).\n\n1. Analise o motivo (não é permitido estornar e deixar em atraso). 2. Verifique vencimento (`CDC 15.13.F2.4`) e pagamento de salário (`SISPAG 11 > 13 > 36 > Consulta on line`). 3. Se não venceu e não houve crédito de salário, estorno possível (pagamento dentro de 30 dias, operação não atualizada). 4. Estorne em `CDC 13.91.11`. 5. Informe crédito no processamento noturno.\n> Se impossível estornar, ou outra duplicidade não sanável, registre ocorrência.\n\n---\n\n## 6. Dificuldade para contratação\n\n| Situação | Procedimento |\n|---|---|\n| **Renda desatualizada** | Verifique a última atualização; se >12 meses, oriente atualizar via App ou canal de autoatendimento (online; às vezes exige foto do documento, validação em até 3 dias úteis). Após validação, o limite é recalculado automaticamente. |\n| **Contrato do CDC não assinado** | Pergunte se aderiu às Cláusulas Gerais (assinatura da Proposta/Contrato de Adesão). Se sim, prossiga a análise. Se não, informe os canais de adesão: App/site (Empréstimo > Solicitação de Crédito > Assinatura de contrato CDC); caixa eletrônico; agência. |\n| **Acordo de dívida vigente** | Contratação impossibilitada durante a vigência do acordo; após encerrado, pode verificar novamente. |\n| **Não correntista** | Exceto CDC Consignado e Crédito 13º Salário INSS (exigem ANC vigente), as demais linhas exigem conta corrente com ANC vigente. |\n| **Modalidade de conta simplificada (sem linhas de crédito)** | Não permite contratar linhas de crédito; se houver interesse, o cliente faz upgrade da conta pelo app (Menu > Upgrade de Conta), sujeito a análise de crédito na agência. |\n\n---\n\n## 7. Contratação não reconhecida\n\n### 7.1. Falsidade ideológica e fraude\nFraude com uso de documentos falsos para contratar produtos; a vítima costuma descobrir só quando seu CPF/CNPJ sofre restrição por inadimplência. Ver rotina 50111.\n- Falsidade em operação de não correntista: oriente comparecimento a qualquer agência com identificação e boletim de ocorrência.\n- Fraude – demais situações: ver rotina 50112.\n\n### 7.2. Contestação de operações via Correspondente (falha, suspeita de fraude/golpe)\nIndícios de falha ou fraude/golpe (presencial ou Duplo Sim): registre ocorrência e responsabilize a unidade de correspondentes/antifraude (código 800010):\n- **Assunto 50113** — contratação não reconhecida; divergente do solicitado; insatisfação com o contrato/descumprimento; falta de clareza.\n- **Assunto 50114** — suspeita de fraude/golpe: abordagem por suposta empresa vinculada ao banco, internalização por correspondente e transferência de recursos a terceiros pelo cliente.\n- **Assunto 50115** — contestação/suspeita de fraude em operação via Correspondente ainda pendente de confirmação.\n\n> No módulo de SAC e Ouvidoria (assuntos 50113/50114), é obrigatório selecionar o produto/modalidade — só aparecem operações contratadas via Correspondente; caso contrário, o registro não é possível. Ao selecionar a operação, os dados de identificação do correspondente, do CDC e da chave de operação são preenchidos automaticamente (não editáveis).\n\n---\n\n## 8. Limite Especial da Conta\n\n### 8.1. Cancelamento do Limite Especial da Conta\na) Pode ser solicitado a qualquer tempo por qualquer titular.\nb) Ao ser solicitado, sonde o motivo e, se cabível, argumente: sem tarifa; limite disponível para emergências sem custo se não usado; cancelar não garante nova contratação futura; é possível reduzir para R$ 100,00 em vez de cancelar. O cliente não pode estar usando o limite no momento (se estiver, oriente cobrir o saldo). Se aceitar reduzir, siga para 8.2. *(Em Ouvidoria, cancelar direto, sem sondagem.)*\nc) Se decidir manter, encerre em FCR.\nd) Se insistir no cancelamento, verifique viabilidade:\n\n**Procedimento (cliente autenticado por URA/Token/IP):**\n> Não cancelar se o cliente estiver usando o limite; se houver juros/IOF a cobrar, é necessário saldo. Falha de autenticação: registre ocorrência.\n- **Atendente:** confira saldo suficiente (extrato) para limite + juros + IOF (desconsiderar valores provisionados); se insuficiente, peça depósito equivalente e informe que o cancelamento pode ser pedido no SAC/agência após o depósito; encerre em FCR. Cancele na plataforma (`Contas > Limite Especial da Conta PF > Implantação, Alteração, Renovação e Cancelamento > Cancelar > Registrar`) e peça deferimento ao supervisor.\n  > Se aparecer ""(27) Já existe comando de implantação para esta conta."", registre ocorrência. Se aparecer ""já existe solicitação pendente de deferimento"", peça o deferimento ao supervisor; se não localizar ou houver erro, abra ocorrência.\n- **Supervisor:** confirme dados (nome, produto, valor); defira (`Deferimentos e Pendências > Limite Especial da Conta Pessoa > Cancelamento > Deferimento`); confirme para o atendente prosseguir.\n- **Atendente:** informe o cancelamento e a disponibilidade da agência para recontratação futura; encerre e registre FCR. *(Se o supervisor não conseguir deferir, registre ocorrência.)*\n\n### 8.2. Redução do Limite Especial da Conta\na) Se o pedido for por causa da tarifa, esclareça que ela não é cobrada; se insistir, siga abaixo.\nb) Identifique PF e titular da conta.\nc) Cliente autenticado:\n- **Atendente:** verifique saldo suficiente para que a redução não deixe o saldo excedido; se preciso, peça depósito e informe que a redução pode ser pedida via app, WhatsApp, SAC ou agência após o depósito. Modalidade ""Ouro"" (limite ≥ R$ 1.000,00) reduzida para entre R$ 100,00 e R$ 950,00 muda para ""Classic"" (diferenças na rotina 50116). Se o cliente concordar, altere modalidade/limite na plataforma e peça deferimento ao supervisor.\n- **Supervisor:** confirme dados; defira (`Deferimentos e Pendências > Limite Especial da Conta Pessoa Física > Alteração > Deferimento`); confirme para o atendente prosseguir.\n- **Atendente:** informe a redução realizada; para elevar no futuro, indicar app/agência. Encerre e registre FCR. *(Se o supervisor não conseguir deferir, registre ocorrência.)*\n\n### 8.3. Alterar data de débito dos juros\nFalha de autenticação: informe os canais. Acesse `Plataforma > Contas > Limite Especial da Conta PF > Alterar > Tipo de Alteração – ""Dia do débito""` e escolha um dia entre 1 e 28. A alteração só vale a partir do mês seguinte à solicitação.\n\n---\n\n## 9. Rotinas auxiliares (índice de empréstimos)\n\n| Código (anonimizado) | Assunto |\n|---|---|\n| 50107 | CDC – Condições Gerais / Contrato |\n| 50108 | Crédito Consignação e Renovação – Correntista e não correntista |\n| 50118 | Crédito Consignação – INSS |\n| 50119 | Crédito Automático |\n| 50120 | Crédito Benefício |\n| 50121 | Crédito Salário e Salário Funci |\n| 50122 | Crédito Renovação e Renovação Funci |\n| 50123 | Crédito 13º Décimo Terceiro Salário |\n| 50124 | Crédito 13º Décimo Terceiro Salário – Não Correntistas |\n| 50125 | CDC Antecipação Restituição IRPF |\n| 50126 | CDC Antecipação Saque Aniversário FGTS |\n| 50117 | Crédito Parcelamento Cheque Especial (Limite Especial da Conta) |\n| 50104 | Autorização de Débito – Empréstimos, CDC e outros (Resolução CMN 4.790/2020) |\n| 50127 | Crédito do Trabalhador – Novo modelo de Crédito Consignado do Setor Privado |\n| 50128 | Crédito do Trabalhador – Atendimento ao Empregador |\n\n---\n\n## 10. Fonte de informação\n\nDepartamento responsável: **DOC – Diretoria de Operações de Crédito** (código 800020).\n']",Cancelamento da linha 2881 para o convênio 700001 é restrito ao DOC (800020). Atendente não cancela direto; deve verificar margem consignável para reaverbação das operações vinculadas antes de encaminhar.,ROLE_RESTRICTION,2.3936,,0.2962962962962963,0.8350741629250684,1.0,0.9999999999
"Paguei duas vezes a parcela, e agora?","Se você pagou a mesma parcela duas vezes, não se preocupe, o procedimento padrão no sistema bancário é o seguinte:

1.  **Identificação automática:** Na maioria dos casos, o sistema do banco identifica o pagamento em duplicidade. O valor excedente costuma ser utilizado para **abater a próxima parcela** ou, em alguns casos, é estornado automaticamente para a conta de origem.
2.  **Verifique o extrato:** Aguarde de 2 a 3 dias úteis para que o processamento seja concluído e verifique se o saldo ou o status do seu contrato foi atualizado.
3.  **Entre em contato com o banco:** Se após esse prazo o valor não for compensado ou abatido, você deve entrar em contato com a Central de Atendimento do seu banco. Tenha em mãos os **dois comprovantes de pagamento**.
4.  **Solicitação de estorno:** Caso o banco não faça o abatimento automático, você pode solicitar formalmente a devolução do valor pago a mais. O banco abrirá um chamado para analisar o erro e realizar o estorno na sua conta corrente.

**Dica importante:** Não tente cancelar o pagamento diretamente pelo seu aplicativo de banco se ele já foi processado, pois isso não é possível. O caminho é sempre aguardar a compensação ou solicitar a correção via atendimento ao cliente.","['# POP – Atendimento de Operações de CDC (Crédito Direto ao Consumidor) – Pessoa Física\n### [Versão anonimizada/pseudonimizada para uso acadêmico]\n\n> **Nota metodológica de anonimização:** este documento é uma versão pseudonimizada de uma rotina real de atendimento (SAC) de operações de crédito pessoa física. Foram substituídos: (i) o nome da instituição financeira e de seus canais/site/e-mail; (ii) os nomes de sistemas internos claramente proprietários; (iii) nomes e códigos de convênios de consignação com órgãos públicos; (iv) códigos de prefixo/departamento interno; e (v) números de rotinas/assuntos auxiliares referenciados ao longo do texto — todos substituídos por identificadores fictícios e sequenciais. A lógica processual, as condições, exceções e o fluxo de decisão originais foram mantidos integralmente, o que preserva o valor do documento como exemplo de POP para fins de extração de árvore de decisão. Termos e siglas genéricas do setor bancário (CDC, SAC, Ouvidoria, TAA, URA, FCR, ANC, Token, Identificação Positiva) e referências a normas públicas (Resolução CMN 4.790/2020, INSS) foram mantidos, por não serem exclusivos de uma única instituição.\n\n**Sumário:** Observações iniciais · 1. Consulta geral CDC · 2. Débito da parcela CDC · 3. Simulação/Contratação · 4. Cancelamento de CDC · 5. Liquidação/Amortização · 6. Dificuldade para contratação · 7. Contratação não reconhecida · 8. Limite Especial da Conta · 9. Rotinas auxiliares · 10. Fonte de informação\n\n---\n\n## Observações iniciais\n\na) Esta rotina destina-se ao atendimento das operações de crédito PF listadas no item 2. Para os casos abaixo, consulte rotinas específicas:\n- **FIES:** rotina 50101 – SAC QC – Financiamento Estudantil (FIES)\n- **Financiamento imobiliário:** rotina 50102 – SAC QC – Financiamento Imobiliário\n- **Renegociação de dívidas:** rotina 50103 – SAC QC – Renegociação de Dívidas Pessoa Física e Jurídica\n\nb) **Autorização de Débito em Conta:** a partir de 01/03/2021, para que uma operação seja debitada em conta, é necessária autorização específica do cliente para o débito. Ver informações e procedimentos na rotina 50104.\n\nc) **Canais para contratação de CDC:** [link para os canais de contratação]\n\n---\n\n## 1. Consulta geral CDC\n\nPara verificar as informações da operação, identifique se o consumidor é PF e titular da operação. Em caso de FALHA, RECUSA ou INAPLICABILIDADE de Identificação Positiva (IP), registre ocorrência.\n\n| Demanda | Consulta |\n|---|---|\n| a) Informações gerais do CDC | `SISALFA > CDC > 15 > 18` — em ""Código do Cliente"" pressione F4, inclua o CPF e selecione a operação. Clique em F2 > Outros dados > 4. Cronograma. Principais informações: modalidade do CDC, data de vencimento, parcelas pagas e data de pagamento (mais detalhes no item 2), parcelas a vencer, parcelas em atraso, taxas de juros ou CET. |\n| b) Saldo atualizado total | `SISALFA > CDC > 15 > 18` — mesmo caminho acima; após selecionar a operação, verifique o campo ""Saldo devedor atual"". Esse é o saldo do dia, com atualização diária. |\n| c) Parcelas, valores pagos, juros, datas de pagamento | `SISALFA > CDC > 15 > 18` → Agência/Conta → selecione a operação → F2 → 4. Cronograma → selecione a parcela (""P"" indica pagamento parcial) → F9 (detalhe) → F12/F11 (pagamentos e parcelas). O ""total recebimento parcial"" é o valor recebido naquela parcela. |\n| d) Consultar CDC liquidado, renovado ou excluído | `SISALFA > CDC > 15 > 18`, em ""Código do Cliente"" pressione F4 e insira o CPF — NÃO selecione nenhuma operação e pressione F11. F12 para operações arquivadas. |\n| e) Consulta de cláusulas gerais ou documentos do CDC contratado | Cláusulas gerais consultáveis em: **App Alfa** (Menu > Empréstimos > Contratar empréstimo > Aderir ao contrato); **site institucional**, inclusive para não correntista (Página inicial > Pra você > Empréstimo > Empréstimo pessoal > Contrato de abertura de crédito rotativo); **site institucional (área logada)** (Menu > Empréstimos > Crédito consignado e pessoal > Aderir Contrato de Empréstimo). Documentos do CDC contratado: Extrato de Empréstimo (parcelas pagas/a pagar) — App, site, caixas eletrônicos ou agências; Consolidado Anual (valores por exercício) — site ou agências; 2ª via do comprovante (com taxas) — App ou agências. |\n\n---\n\n## 2. Débito da parcela CDC (data ou valor divergente, duplicidade)\n\nPara identificar o débito questionado, consulte o extrato em `Plataforma de Relacionamento (Operações Contratadas) > Contas > Consultas > Extrato Conta Corrente`. O número da operação consta no campo ""Documento"" (9 dígitos).\n\nSituações possíveis: débito antes/depois do vencimento contratual; valor divergente; duplicidade (folha + conta); débito em conta errada.\n\n**Consulta:** `CDC 15.13` (F4 – CPF) → selecione a operação → F2.4 (cronograma) → selecione a parcela com ""x"" → F9 (detalhar) → F12 (mais informações) → F3 (voltar) e copie o nº da operação → `CDC 13.61` (cole o nº como ""nº contrato"") para ver como ocorreu o pagamento.\n\nSiga então a orientação por modalidade:\n\n### CDC Consignação ou CDC Renovação Consignação\nDébito ocorre na folha de pagamento. a) Se não consignada (ou parcial), o débito ocorrerá total/parcial em conta. b) Se liquidado/renovado mas houve consignação, o estorno é automático em conta em até D+2 dias úteis, exceto para os convênios de código 900001 (INSS — devolução a partir do 5º dia útil) e código 900002 (MPDG — devolução até o 1º dia útil).\n\n1. Consulte a parcela: `CDC 15 > 13 > F2 > 4` (datas); `CDC 15 > 13 > F8 > F9` (mês/ano da folha). *Consig total* = debitada integralmente em folha; *Consig parcial* = debitada parcialmente (verifique o restante em conta); *Não consignada* = sem débito em folha; *Incluída* = ainda não vencida; *Enviada* = empregador não retornou (sem repasse, o débito ocorre em conta).\n2. Confirme a consignação em `SISCONSIG 22 > 01 > 01` (Convênio, Data Prevista, nº Operação — dados em `CDC 15.13`); selecione ""x"" e F9: ""Tipo Lançamento"" *Amortização* = consignado; *Devolução* = não consignado, devolvido à conta.\n3. Preste as informações.\n4. Se o cliente disser que a parcela foi consignada em folha mas também há débito agendado em conta: verifique o extrato (agendado ou debitado); se debitado, verifique devolução; se a data for hoje/próximo dia útil, oriente aguardar o processamento noturno (tende a ser excluído) e encerre em FCR. Se confirmada duplicidade sem estorno, ou se o sistema não mostra consignação mas o cliente afirma o desconto, registre ocorrência e oriente o envio de cópia do contracheque para `sacdocumentos@bancoalfa.com.br`.\n\n> **Crédito do Trabalhador** (identifique pelo campo ""Convênio"" = ""E-Consig PJ"" em `CDC > 15 > 13`): exigir contracheque da competência anterior ao débito (ex.: débito no mês 09 → contracheque do mês 08) e o documento ""Detalhe da guia emitida"" (com a instituição que recebeu o valor) + comprovante de pagamento da guia, fornecidos pela empresa.\n\n### CDC Salário, CDC Benefício e CDC Renovação\nDébito no dia do crédito do salário/benefício, mesmo que divergente do vencimento contratual (cobrança antecipada gera desconto proporcional). Renovação com convênio: débito na data de crédito de proventos; sem convênio: na data de vencimento.\n\n1. Verifique no extrato o recebimento de salário no dia do débito.\n2. Compare a data de débito (`CDC 15 > 13 > F2 > 4`) com a cadastrada em `CDC 24 > 14` e `SISPAG 11 > 13 > 36 > Consulta on line`.\n3. Se ambos ocorrerem após o vencimento do contrato, registre ocorrência.\n4. Preste as informações.\n\n### CDC Automático\nDébito em conta (corrente ou salário) na data de vencimento informada na autorização; há opção de boleto (gerado pelo cliente ou se a autorização foi cancelada).\n\n**Duplicidade:** 1. Verifique boleto pago + débito em conta (`CDC 13 > 61`, ""Forma Pagto"": Rcbto Autom e Boleto Banc); confira estorno (campo ""Dt. Canc."" preenchido = houve estorno). 2. Se confirmada duplicidade sem estorno, estorne em `CDC 13 > 91 > 11 > 6` (o sistema só estorna do mais recente para o mais antigo; se o pagamento em conta foi parcial e só for possível estornar o boleto mais recente, isso deixaria a operação em atraso — nesse caso, estorne primeiro o ""Boleto Bancário"" e depois o ""Recebimento Automático"", só se não houver débitos pendentes). Peça ao supervisor para receber o valor correto em `CDC 13.23`; confirme a data de recebimento retroativo em `CDC 13.61`.\n> Para recebimento por débito em conta em operações contratadas a partir de 01/03/21, é necessária autorização específica do cliente.\n\n### CDC 13º Salário\nDébito em parcela única. **Com convênio:** na data de cobrança (recebimento do 13º, informado pelo empregador) OU no vencimento (30 dias após o crédito do 13º), o que ocorrer primeiro — exceto convênios com 13º vinculado ao aniversário do cliente. **Sem convênio:** na data escolhida na contratação.\n\n- Convênio consta em `SISALFA > CDC 15.13`.\n- **Com convênio:** data de cobrança em `CDC 22 > 10 > 5d` (código de linha 3100; nº convênio em `CDC 15 > 13`); vencimento em `CDC 15 > 13 > F2 > 4`. 1. Informe que o débito ocorre na data de cobrança; se o 13º não for creditado, tenta-se o débito na data de cobrança ou vencimento (o que ocorrer primeiro). 2. Verifique como ocorreu em `CDC 15 > 13 > F2 > 4`. 3. Preste as informações.\n  > **Obs.:** se a data de cobrança mudar por solicitação do empregador, o vencimento pode ser antecipado. *Ex. 1:* cobrança cadastrada 30/06/26 → vencimento 30/07/26; se a cobrança mudar para 30/08/26, cobra-se em 30/07/26 (o que ocorrer primeiro). *Ex. 2:* se o 13º do convênio está vinculado ao mês de aniversário, cobrança e vencimento caem no mês de aniversário do cliente.\n- **Sem convênio:** débito no vencimento (`CDC 15 > 13 > F2 > 4`).\n\n### CDC Antecipação IRPF\nDébito (a) na data prevista do crédito da restituição, ou (b) no vencimento contratual, se o crédito não ocorrer antes.\n1. Informe a regra acima. 2. Consulte `CDC 15 > 13 > F2 > 4`. 3. Preste as informações.\n\n### CDC Antecipação Saque Aniversário FGTS\nLiquidação automática via repasse do FGTS; débito em conta só se o repasse for insuficiente.\n1. Consulte `CDC 15 > 13 > F2 > 4`. 2. Preste as informações.\n\n### Orientações complementares\na) Reclamação de saldo aprovisionado em fim de semana/feriado: explique que, pelas cláusulas gerais do contrato de conta, a liberação de débitos nesses períodos depende do saldo após deduzir débitos programados para o 1º dia útil seguinte.\nb) **Boleto:** algumas linhas permitem gerar boleto (rotina 50107); se houver duplicidade (conta + boleto), estorne como em ""CDC Automático"". Não aplicar esse procedimento a CDC Consignação/Renovação Consignação/FGTS Saque Aniversário se a forma de pagamento foi ""Cta Convênio"" — para forma de pagamento via `SISALFA` ou ""Boleto Bancário"", o estorno é permitido.\nc) Mais informações: ver rotinas auxiliares (item 9).\nd) Se não for possível identificar o motivo, ou o cliente permanecer insatisfeito, registre ocorrência.\n\n---\n\n## 3. Simulação/Contratação de Empréstimos\n\nCDC é um empréstimo pessoal automatizado, pré-aprovado, disponível em conta corrente. Solicitação exclusiva do titular.\n> Se o cliente quiser alterar o vencimento da prestação: após a confirmação do contrato isso não é possível. Alternativa: contratar CDC Renovação (se a linha permitir e houver limite), indicando o vencimento mais adequado.\n\n**Procedimento:** verifique se a Análise de Crédito (ANC) está vigente em `Plataforma de Relacionamento (Operações Contratadas) — aba Limite de Crédito`, campo ""Situação do limite"".\n\n| Status do limite | Procedimento |\n|---|---|\n| Vencida, Impedida, Cancelada, Suspensa, Em transferência, Em estudo, Indeferida, ou Vigente com Limite Total–Margem zerado | Informe que não há limite disponível; o cliente deve ir a qualquer agência com identificação (RG/CPF), comprovante de residência e de renda (emitidos há menos de 90 dias, mesmo que pela internet). Consulte a rotina 50105 para possibilidade de restabelecimento. |\n| Vigente (algum valor em Limite Total–Margem) | Não informe o valor ao cliente. Dentro do horário de atendimento (9h–18h), pergunte se autoriza transferência para a Central de Consultoria em Uso Responsável do Crédito (rotina 50106). Se não autorizar, ou fora do horário, informe as opções: Central de Consultoria; App Alfa > Empréstimo; site > Empréstimo; caixa eletrônico (TAA) > Empréstimo. |\n\n---\n\n## 4. Cancelamento de CDC\n\nCancelamento permitido em até 7 dias corridos (a partir do dia seguinte à liberação do crédito), se contratado por canal de autoatendimento (App, site, caixas eletrônicos ou telefone), pelo titular, autenticado (URA, Token ou Identificação Positiva).\n\n> **Atenção:** o cancelamento da linha 2881 – Crédito Renovação Consignação está restrito ao departamento **DOC – Diretoria de Operações de Crédito** (código 800020) para os convênios: Convênio Especial 01 (700001), 02 (700002), 03 (700003), 04 (700004), 05 (700005), 06 (700006), 07 (700007), 08 (700008), 09 (700009), 10 (700010), 11 (700011), 12 (700012), 13 (700013), 14 (700014), 15 (700015) e 16 (700016). É necessário haver margem suficiente para reaverbação das operações vinculadas à renovação cancelada.\n> O cancelamento da mesma linha para o Convênio Especial 17 (700017) está restrito à **Superintendência Regional III** (código 800030). Ver rotina 50108.\n\nAntes do procedimento, informe o número da operação e que, após o cancelamento, o comando não pode ser desfeito.\n\n### 4.1. Cancelamento de proposta CDC NÃO CONFIRMADA\n`SISRET Y09` — copie o nº da operação (documento, 9 dígitos). `CDC 11.13` → inclua o nº a cancelar. Em ""Exclusão de operação – Confirma?"", responda ""S"". Motivo: ""08 – Exclusão a pedido do cliente – Desistência"". Verifique a mensagem ""Cancelamento da Proposta efetuado em XX/XX/XX às XX:XX:XX por FXXXXX""; se diferente, registre ocorrência.\n> Atenção a operações via Correspondente – LOG 633 ""Operação Novo Fluxo Correspondente/Parceiro Comercial"" (`CDC 15.18.F2.8`). Se pendente de confirmação, registre ocorrência (motivo obrigatório; não oriente o cliente a excluir por autoatendimento).\n\n### 4.2. Cancelamento no MESMO DIA ou DIA ÚTIL SEGUINTE (contratação em dia não útil)\nPermitido para contratações presenciais e não presenciais, todos os canais. Uso do Limite Especial da Conta gera juros e IOF. Cancele em `CDC 14`; se falhar, registre ocorrência.\n\n### 4.3. Cancelamento em até 7 DIAS CORRIDOS (a partir do dia seguinte ao crédito)\n**Via TAA/internet/App/telefone (Duplo Sim):** consulte `CDC 15.18.F2.8` (log) — canal no log 201: *Duplo Sim* → campo ""Ocor"" LOG 201 e 493; *Correspondente* → registre ocorrência. (Contestação: ver item 7.2.)\n**Presencial na agência:** só cancela no mesmo dia (ver item 4.2)! A partir do dia seguinte, só liquidação. Se o cliente relatar falhas, registre ocorrência.\n\nVerifique saldo para o débito (ou ""troco"" nas Renovações — `CDC 15.18.F2.5 Contratos Vinculados` mostrará o `SISCLI`; informe o valor), considerando Limite Especial ou resgates automáticos. Oriente manter saldo (débito à noite); uso do Limite Especial gera juros/IOF. Se discordar, só liquidação/amortização/pagamento. Cancele em `CDC 14`; se falhar, registre ocorrência.\n> No cancelamento de CDC Antecipação Saque Aniversário FGTS, o desbloqueio da garantia é automático. Log ""1120 – Operação Contratada com Parcela Pix"" = produto Alfa Parcela Pix (mesmo procedimento de Duplo Sim).\n\n### 4.4. Cancelamento de REPACTUAÇÃO\n`CDC 15.13`, selecione a operação. Se constar ""Op"" pendente de confirmação, pode excluir; se confirmada, só liquida/paga total.\n> *Convênio Especial 17:* tem repactuação de CDCs consignados com suspensão de cobrança (rotina 50109).\n\n### 4.5. Cancelamento do produto de pagamento parcelado de contas\nVer item 10 da rotina 50110.\n\n### 4.6. Pedido após 7 dias, ou contratação presencial (pedido fora do mesmo dia)\nSó é possível a liquidação.\n> Obs. 1: presencial só cancela no mesmo dia (item 4.2). Obs. 2: exclusivamente para CDC Renovação, se a liquidação antecipada não puder ser feita, registre ocorrência para avaliar cancelamento (informar que o IOF será cobrado em conta). CDC Renovação sem ""troco"" é cancelável se a contratação não foi presencial e o pedido ocorreu em até 7 dias.\n\nCancele em `CDC > 14`. Em caso de erro, registre ocorrência.\n\n---\n\n## 5. Liquidação / Amortização\n\nSolicitação exclusiva do titular.\n\n### 5.1. Amortização/Liquidação ANTECIPADA ou operação EM ATRASO\n**Demanda:** quitação parcial/total antes do vencimento e/ou parcelas em atraso.\n> Pagamento via boleto: emitido em agência, pago no mesmo dia (saldo atualiza diariamente); se não pago no mesmo dia, o mesmo boleto ainda serve, pois o saldo é recalculado.\n\nSe não autenticado (URA/Token/IP), informe os canais. Cancelamento da amortização/liquidação só no mesmo dia, e só com margem disponível (item 5.3). Somente com recursos próprios; há redução proporcional de juros.\n\n**Tipos** (parcelas em atraso sempre em ordem crescente): **Crescente** (da próxima parcela em diante); **Decrescente** (da última parcela para trás); **Linear** (amortiza o saldo total sem alterar o cronograma; recalcula as parcelas a vencer).\n> Linear NÃO permitido para CDC Consignado, nem para operações fora do status ""Normal"", com pagamento parcial, em cobrança, ou com ""Pula-Parcela"". ""Em cobrança"" não aceita nenhuma amortização.\n\n| Necessidade do cliente | Tipo de amortização |\n|---|---|\n| Parar de pagar as próximas prestações por um período | Liquidação antecipada de parcelas integrais, ordem crescente |\n| Amortizar e continuar pagando as próximas prestações | Liquidação antecipada de parcelas integrais, ordem decrescente |\n| Reduzir o valor das prestações em toda a operação | Amortização linear |\n| Liquidar a operação | Quitação total, sempre em ordem crescente |\n\n> No CDC Consignado, pode haver desconto da próxima prestação em folha. Para Consignação/Renovação Consignação, prefira ordem decrescente (evita duplicidade em folha); se o cliente pedir crescente, informe o risco (o valor retorna no vencimento da parcela, se ocorrer).\n\n**Procedimento:** 1. Simule em `CDC 13.11.12`, informe o saldo atual (item 1b). 2. Verifique saldo suficiente (`Plataforma de Relacionamento > Contas > Extrato`), considerando saldo aprovisionado, tarifas pendentes, resgates automáticos e Limite Especial (a critério do cliente, com encargos). 3. Se insuficiente, oriente novo contato; se suficiente, execute em `CDC 13 > 21 > 12` (tipo: parcial/liquidação/linear; quantidade/valor; ordem).\n> Se o sistema indicar ausência de autorização de débito, siga a rotina 50104.\n\n**Leitura obrigatória ao cliente antes da confirmação** (""Sr(a). ___, para sua segurança, faremos a leitura das condições:""):\n- **Parcial/liquidação:** agência/conta; valor base da parcela; encargos por atraso; desconto de antecipação; variação Selic; valor a amortizar; total de parcelas; ordem escolhida.\n- **Linear:** valor base; desconto aproximado; variação Selic; valor da parcela inicial; novo valor da parcela; quantidade de parcelas.\n\nApós a leitura: ""Podemos confirmar a liquidação/amortização?"" (F3, sem impressão). Supervisor confirma em `CDC 13.21.52`. Informar necessidade de saldo em conta. Comprovante: ""o débito ocorre ainda hoje; confirme pelo extrato. Para comprovante detalhado, solicite em qualquer agência o documento \'Demonstrativo de Origem e Evolução de Dívida – Crédito Direto ao Consumidor\'.""\n\n### 5.2. Amortização/liquidação de operações ""EM PERDAS""\nIdentificação: `SISALFA > CDC > 15.13`. **Não informar ao cliente que a operação está em prejuízo.**\na) **Débito em conta:** verifique saldo suficiente (mesmas ressalvas do item 5.1); se insuficiente, oriente novo contato. Liquidação: comando em `CDC 13-34` + confirmação do supervisor em `CDC 13-36`. Amortização parcial: comando em `CDC 13-35` + confirmação do gerente de grupo em `CDC 13-36`.\nb) **Boleto bancário:** registre ocorrência.\n\n### 5.3. Cancelamento da amortização ou liquidação antecipada\nSe só houve o comando do atendente (`CDC 13.21.12`) no mesmo dia: cancele em `CDC 13.91.51`. Se já confirmado pelo supervisor (`CDC 13.21.52`): faça o estorno (item 5.5).\n> O registro do atendente fica pendente de confirmação apenas no mesmo dia; se não confirmado, é excluído automaticamente no dia seguinte.\n\n### 5.4. Liquidação – Desaverbação/Liberação de Margem Consignável\nSe o cliente relatar que liquidou/cancelou mas não houve liberação de margem, ou a parcela segue sendo debitada, registre ocorrência.\n\n### 5.5. Estorno de pagamento antecipado\n**Demanda:** pagamento antes do vencimento, ou débito indevido em conta (ex.: pela agência).\n> Não aplicar a Consignação/Renovação Consignação/FGTS Saque Aniversário se a forma de pagamento foi ""Cta Convênio""; para `SISALFA` ou ""Boleto Bancário"", o estorno é permitido (ver item 2).\n\n1. Analise o motivo (não é permitido estornar e deixar em atraso). 2. Verifique vencimento (`CDC 15.13.F2.4`) e pagamento de salário (`SISPAG 11 > 13 > 36 > Consulta on line`). 3. Se não venceu e não houve crédito de salário, estorno possível (pagamento dentro de 30 dias, operação não atualizada). 4. Estorne em `CDC 13.91.11`. 5. Informe crédito no processamento noturno.\n> Se impossível estornar, ou outra duplicidade não sanável, registre ocorrência.\n\n---\n\n## 6. Dificuldade para contratação\n\n| Situação | Procedimento |\n|---|---|\n| **Renda desatualizada** | Verifique a última atualização; se >12 meses, oriente atualizar via App ou canal de autoatendimento (online; às vezes exige foto do documento, validação em até 3 dias úteis). Após validação, o limite é recalculado automaticamente. |\n| **Contrato do CDC não assinado** | Pergunte se aderiu às Cláusulas Gerais (assinatura da Proposta/Contrato de Adesão). Se sim, prossiga a análise. Se não, informe os canais de adesão: App/site (Empréstimo > Solicitação de Crédito > Assinatura de contrato CDC); caixa eletrônico; agência. |\n| **Acordo de dívida vigente** | Contratação impossibilitada durante a vigência do acordo; após encerrado, pode verificar novamente. |\n| **Não correntista** | Exceto CDC Consignado e Crédito 13º Salário INSS (exigem ANC vigente), as demais linhas exigem conta corrente com ANC vigente. |\n| **Modalidade de conta simplificada (sem linhas de crédito)** | Não permite contratar linhas de crédito; se houver interesse, o cliente faz upgrade da conta pelo app (Menu > Upgrade de Conta), sujeito a análise de crédito na agência. |\n\n---\n\n## 7. Contratação não reconhecida\n\n### 7.1. Falsidade ideológica e fraude\nFraude com uso de documentos falsos para contratar produtos; a vítima costuma descobrir só quando seu CPF/CNPJ sofre restrição por inadimplência. Ver rotina 50111.\n- Falsidade em operação de não correntista: oriente comparecimento a qualquer agência com identificação e boletim de ocorrência.\n- Fraude – demais situações: ver rotina 50112.\n\n### 7.2. Contestação de operações via Correspondente (falha, suspeita de fraude/golpe)\nIndícios de falha ou fraude/golpe (presencial ou Duplo Sim): registre ocorrência e responsabilize a unidade de correspondentes/antifraude (código 800010):\n- **Assunto 50113** — contratação não reconhecida; divergente do solicitado; insatisfação com o contrato/descumprimento; falta de clareza.\n- **Assunto 50114** — suspeita de fraude/golpe: abordagem por suposta empresa vinculada ao banco, internalização por correspondente e transferência de recursos a terceiros pelo cliente.\n- **Assunto 50115** — contestação/suspeita de fraude em operação via Correspondente ainda pendente de confirmação.\n\n> No módulo de SAC e Ouvidoria (assuntos 50113/50114), é obrigatório selecionar o produto/modalidade — só aparecem operações contratadas via Correspondente; caso contrário, o registro não é possível. Ao selecionar a operação, os dados de identificação do correspondente, do CDC e da chave de operação são preenchidos automaticamente (não editáveis).\n\n---\n\n## 8. Limite Especial da Conta\n\n### 8.1. Cancelamento do Limite Especial da Conta\na) Pode ser solicitado a qualquer tempo por qualquer titular.\nb) Ao ser solicitado, sonde o motivo e, se cabível, argumente: sem tarifa; limite disponível para emergências sem custo se não usado; cancelar não garante nova contratação futura; é possível reduzir para R$ 100,00 em vez de cancelar. O cliente não pode estar usando o limite no momento (se estiver, oriente cobrir o saldo). Se aceitar reduzir, siga para 8.2. *(Em Ouvidoria, cancelar direto, sem sondagem.)*\nc) Se decidir manter, encerre em FCR.\nd) Se insistir no cancelamento, verifique viabilidade:\n\n**Procedimento (cliente autenticado por URA/Token/IP):**\n> Não cancelar se o cliente estiver usando o limite; se houver juros/IOF a cobrar, é necessário saldo. Falha de autenticação: registre ocorrência.\n- **Atendente:** confira saldo suficiente (extrato) para limite + juros + IOF (desconsiderar valores provisionados); se insuficiente, peça depósito equivalente e informe que o cancelamento pode ser pedido no SAC/agência após o depósito; encerre em FCR. Cancele na plataforma (`Contas > Limite Especial da Conta PF > Implantação, Alteração, Renovação e Cancelamento > Cancelar > Registrar`) e peça deferimento ao supervisor.\n  > Se aparecer ""(27) Já existe comando de implantação para esta conta."", registre ocorrência. Se aparecer ""já existe solicitação pendente de deferimento"", peça o deferimento ao supervisor; se não localizar ou houver erro, abra ocorrência.\n- **Supervisor:** confirme dados (nome, produto, valor); defira (`Deferimentos e Pendências > Limite Especial da Conta Pessoa > Cancelamento > Deferimento`); confirme para o atendente prosseguir.\n- **Atendente:** informe o cancelamento e a disponibilidade da agência para recontratação futura; encerre e registre FCR. *(Se o supervisor não conseguir deferir, registre ocorrência.)*\n\n### 8.2. Redução do Limite Especial da Conta\na) Se o pedido for por causa da tarifa, esclareça que ela não é cobrada; se insistir, siga abaixo.\nb) Identifique PF e titular da conta.\nc) Cliente autenticado:\n- **Atendente:** verifique saldo suficiente para que a redução não deixe o saldo excedido; se preciso, peça depósito e informe que a redução pode ser pedida via app, WhatsApp, SAC ou agência após o depósito. Modalidade ""Ouro"" (limite ≥ R$ 1.000,00) reduzida para entre R$ 100,00 e R$ 950,00 muda para ""Classic"" (diferenças na rotina 50116). Se o cliente concordar, altere modalidade/limite na plataforma e peça deferimento ao supervisor.\n- **Supervisor:** confirme dados; defira (`Deferimentos e Pendências > Limite Especial da Conta Pessoa Física > Alteração > Deferimento`); confirme para o atendente prosseguir.\n- **Atendente:** informe a redução realizada; para elevar no futuro, indicar app/agência. Encerre e registre FCR. *(Se o supervisor não conseguir deferir, registre ocorrência.)*\n\n### 8.3. Alterar data de débito dos juros\nFalha de autenticação: informe os canais. Acesse `Plataforma > Contas > Limite Especial da Conta PF > Alterar > Tipo de Alteração – ""Dia do débito""` e escolha um dia entre 1 e 28. A alteração só vale a partir do mês seguinte à solicitação.\n\n---\n\n## 9. Rotinas auxiliares (índice de empréstimos)\n\n| Código (anonimizado) | Assunto |\n|---|---|\n| 50107 | CDC – Condições Gerais / Contrato |\n| 50108 | Crédito Consignação e Renovação – Correntista e não correntista |\n| 50118 | Crédito Consignação – INSS |\n| 50119 | Crédito Automático |\n| 50120 | Crédito Benefício |\n| 50121 | Crédito Salário e Salário Funci |\n| 50122 | Crédito Renovação e Renovação Funci |\n| 50123 | Crédito 13º Décimo Terceiro Salário |\n| 50124 | Crédito 13º Décimo Terceiro Salário – Não Correntistas |\n| 50125 | CDC Antecipação Restituição IRPF |\n| 50126 | CDC Antecipação Saque Aniversário FGTS |\n| 50117 | Crédito Parcelamento Cheque Especial (Limite Especial da Conta) |\n| 50104 | Autorização de Débito – Empréstimos, CDC e outros (Resolução CMN 4.790/2020) |\n| 50127 | Crédito do Trabalhador – Novo modelo de Crédito Consignado do Setor Privado |\n| 50128 | Crédito do Trabalhador – Atendimento ao Empregador |\n\n---\n\n## 10. Fonte de informação\n\nDepartamento responsável: **DOC – Diretoria de Operações de Crédito** (código 800020).\n']","Confirmada duplicidade sem estorno, estornar primeiro o Boleto Bancário e depois o Recebimento Automático (só sem débitos pendentes e sem gerar saldo devedor/atraso). Supervisor recebe o valor correto em CDC 13.23 e confirma data retroativa em CDC 13.61.",CONDITIONAL_WORKFLOW,6.0884,,0.0,0.9073569442661639,1.0,0.9999999999
Descontaram no contracheque e na conta. Quando volta?,"Para te orientar, preciso esclarecer que, como assistente, não tenho acesso aos seus dados bancários ou ao seu contracheque. No entanto, situações de **desconto em duplicidade** (quando o valor sai tanto do salário quanto da conta) geralmente seguem estes procedimentos:

### 1. Identifique a origem do desconto
*   **Consignado:** Se o desconto foi de um empréstimo consignado, verifique se houve uma falha na comunicação entre o seu RH e o banco. Às vezes, o banco debita a parcela na conta por não ter recebido o repasse do órgão pagador a tempo.
*   **Débito Automático:** Verifique se você possui algum débito automático agendado para a mesma data do recebimento do salário.

### 2. O que você deve fazer agora
*   **Entre em contato com o RH da sua empresa:** Eles são os primeiros a saber se houve algum erro no processamento da folha de pagamento ou se o repasse ao banco foi feito corretamente.
*   **Fale com o seu banco:** Entre em contato com a central de atendimento ou vá à sua agência. Informe que houve uma cobrança indevida em duplicidade. O banco tem a obrigação de verificar o erro e, se comprovado, realizar o estorno.
*   **Guarde os comprovantes:** Tenha em mãos o seu contracheque (onde consta o desconto) e o extrato bancário (onde consta o débito).

### 3. Prazos para devolução
Não existe um prazo único, pois depende da causa do erro:
*   **Erro operacional simples:** Geralmente é resolvido em **3 a 5 dias úteis** após a abertura da reclamação.
*   **Erro de processamento de folha:** Pode levar até o próximo ciclo de pagamento, caso o RH precise solicitar o estorno junto à instituição financeira.

**Dica importante:** Se o banco ou a empresa não resolverem o problema em um prazo razoável, você pode registrar uma reclamação no **[Consumidor.gov.br](https://www.consumidor.gov.br)** ou no **Banco Central (BC)**, caso o problema seja com a instituição financeira.

**Recomendação:** Entre em contato com o seu gerente ou SAC do banco **hoje mesmo** para abrir um protocolo de contestação. Anote o número desse protocolo.","['# POP – Atendimento de Operações de CDC (Crédito Direto ao Consumidor) – Pessoa Física\n### [Versão anonimizada/pseudonimizada para uso acadêmico]\n\n> **Nota metodológica de anonimização:** este documento é uma versão pseudonimizada de uma rotina real de atendimento (SAC) de operações de crédito pessoa física. Foram substituídos: (i) o nome da instituição financeira e de seus canais/site/e-mail; (ii) os nomes de sistemas internos claramente proprietários; (iii) nomes e códigos de convênios de consignação com órgãos públicos; (iv) códigos de prefixo/departamento interno; e (v) números de rotinas/assuntos auxiliares referenciados ao longo do texto — todos substituídos por identificadores fictícios e sequenciais. A lógica processual, as condições, exceções e o fluxo de decisão originais foram mantidos integralmente, o que preserva o valor do documento como exemplo de POP para fins de extração de árvore de decisão. Termos e siglas genéricas do setor bancário (CDC, SAC, Ouvidoria, TAA, URA, FCR, ANC, Token, Identificação Positiva) e referências a normas públicas (Resolução CMN 4.790/2020, INSS) foram mantidos, por não serem exclusivos de uma única instituição.\n\n**Sumário:** Observações iniciais · 1. Consulta geral CDC · 2. Débito da parcela CDC · 3. Simulação/Contratação · 4. Cancelamento de CDC · 5. Liquidação/Amortização · 6. Dificuldade para contratação · 7. Contratação não reconhecida · 8. Limite Especial da Conta · 9. Rotinas auxiliares · 10. Fonte de informação\n\n---\n\n## Observações iniciais\n\na) Esta rotina destina-se ao atendimento das operações de crédito PF listadas no item 2. Para os casos abaixo, consulte rotinas específicas:\n- **FIES:** rotina 50101 – SAC QC – Financiamento Estudantil (FIES)\n- **Financiamento imobiliário:** rotina 50102 – SAC QC – Financiamento Imobiliário\n- **Renegociação de dívidas:** rotina 50103 – SAC QC – Renegociação de Dívidas Pessoa Física e Jurídica\n\nb) **Autorização de Débito em Conta:** a partir de 01/03/2021, para que uma operação seja debitada em conta, é necessária autorização específica do cliente para o débito. Ver informações e procedimentos na rotina 50104.\n\nc) **Canais para contratação de CDC:** [link para os canais de contratação]\n\n---\n\n## 1. Consulta geral CDC\n\nPara verificar as informações da operação, identifique se o consumidor é PF e titular da operação. Em caso de FALHA, RECUSA ou INAPLICABILIDADE de Identificação Positiva (IP), registre ocorrência.\n\n| Demanda | Consulta |\n|---|---|\n| a) Informações gerais do CDC | `SISALFA > CDC > 15 > 18` — em ""Código do Cliente"" pressione F4, inclua o CPF e selecione a operação. Clique em F2 > Outros dados > 4. Cronograma. Principais informações: modalidade do CDC, data de vencimento, parcelas pagas e data de pagamento (mais detalhes no item 2), parcelas a vencer, parcelas em atraso, taxas de juros ou CET. |\n| b) Saldo atualizado total | `SISALFA > CDC > 15 > 18` — mesmo caminho acima; após selecionar a operação, verifique o campo ""Saldo devedor atual"". Esse é o saldo do dia, com atualização diária. |\n| c) Parcelas, valores pagos, juros, datas de pagamento | `SISALFA > CDC > 15 > 18` → Agência/Conta → selecione a operação → F2 → 4. Cronograma → selecione a parcela (""P"" indica pagamento parcial) → F9 (detalhe) → F12/F11 (pagamentos e parcelas). O ""total recebimento parcial"" é o valor recebido naquela parcela. |\n| d) Consultar CDC liquidado, renovado ou excluído | `SISALFA > CDC > 15 > 18`, em ""Código do Cliente"" pressione F4 e insira o CPF — NÃO selecione nenhuma operação e pressione F11. F12 para operações arquivadas. |\n| e) Consulta de cláusulas gerais ou documentos do CDC contratado | Cláusulas gerais consultáveis em: **App Alfa** (Menu > Empréstimos > Contratar empréstimo > Aderir ao contrato); **site institucional**, inclusive para não correntista (Página inicial > Pra você > Empréstimo > Empréstimo pessoal > Contrato de abertura de crédito rotativo); **site institucional (área logada)** (Menu > Empréstimos > Crédito consignado e pessoal > Aderir Contrato de Empréstimo). Documentos do CDC contratado: Extrato de Empréstimo (parcelas pagas/a pagar) — App, site, caixas eletrônicos ou agências; Consolidado Anual (valores por exercício) — site ou agências; 2ª via do comprovante (com taxas) — App ou agências. |\n\n---\n\n## 2. Débito da parcela CDC (data ou valor divergente, duplicidade)\n\nPara identificar o débito questionado, consulte o extrato em `Plataforma de Relacionamento (Operações Contratadas) > Contas > Consultas > Extrato Conta Corrente`. O número da operação consta no campo ""Documento"" (9 dígitos).\n\nSituações possíveis: débito antes/depois do vencimento contratual; valor divergente; duplicidade (folha + conta); débito em conta errada.\n\n**Consulta:** `CDC 15.13` (F4 – CPF) → selecione a operação → F2.4 (cronograma) → selecione a parcela com ""x"" → F9 (detalhar) → F12 (mais informações) → F3 (voltar) e copie o nº da operação → `CDC 13.61` (cole o nº como ""nº contrato"") para ver como ocorreu o pagamento.\n\nSiga então a orientação por modalidade:\n\n### CDC Consignação ou CDC Renovação Consignação\nDébito ocorre na folha de pagamento. a) Se não consignada (ou parcial), o débito ocorrerá total/parcial em conta. b) Se liquidado/renovado mas houve consignação, o estorno é automático em conta em até D+2 dias úteis, exceto para os convênios de código 900001 (INSS — devolução a partir do 5º dia útil) e código 900002 (MPDG — devolução até o 1º dia útil).\n\n1. Consulte a parcela: `CDC 15 > 13 > F2 > 4` (datas); `CDC 15 > 13 > F8 > F9` (mês/ano da folha). *Consig total* = debitada integralmente em folha; *Consig parcial* = debitada parcialmente (verifique o restante em conta); *Não consignada* = sem débito em folha; *Incluída* = ainda não vencida; *Enviada* = empregador não retornou (sem repasse, o débito ocorre em conta).\n2. Confirme a consignação em `SISCONSIG 22 > 01 > 01` (Convênio, Data Prevista, nº Operação — dados em `CDC 15.13`); selecione ""x"" e F9: ""Tipo Lançamento"" *Amortização* = consignado; *Devolução* = não consignado, devolvido à conta.\n3. Preste as informações.\n4. Se o cliente disser que a parcela foi consignada em folha mas também há débito agendado em conta: verifique o extrato (agendado ou debitado); se debitado, verifique devolução; se a data for hoje/próximo dia útil, oriente aguardar o processamento noturno (tende a ser excluído) e encerre em FCR. Se confirmada duplicidade sem estorno, ou se o sistema não mostra consignação mas o cliente afirma o desconto, registre ocorrência e oriente o envio de cópia do contracheque para `sacdocumentos@bancoalfa.com.br`.\n\n> **Crédito do Trabalhador** (identifique pelo campo ""Convênio"" = ""E-Consig PJ"" em `CDC > 15 > 13`): exigir contracheque da competência anterior ao débito (ex.: débito no mês 09 → contracheque do mês 08) e o documento ""Detalhe da guia emitida"" (com a instituição que recebeu o valor) + comprovante de pagamento da guia, fornecidos pela empresa.\n\n### CDC Salário, CDC Benefício e CDC Renovação\nDébito no dia do crédito do salário/benefício, mesmo que divergente do vencimento contratual (cobrança antecipada gera desconto proporcional). Renovação com convênio: débito na data de crédito de proventos; sem convênio: na data de vencimento.\n\n1. Verifique no extrato o recebimento de salário no dia do débito.\n2. Compare a data de débito (`CDC 15 > 13 > F2 > 4`) com a cadastrada em `CDC 24 > 14` e `SISPAG 11 > 13 > 36 > Consulta on line`.\n3. Se ambos ocorrerem após o vencimento do contrato, registre ocorrência.\n4. Preste as informações.\n\n### CDC Automático\nDébito em conta (corrente ou salário) na data de vencimento informada na autorização; há opção de boleto (gerado pelo cliente ou se a autorização foi cancelada).\n\n**Duplicidade:** 1. Verifique boleto pago + débito em conta (`CDC 13 > 61`, ""Forma Pagto"": Rcbto Autom e Boleto Banc); confira estorno (campo ""Dt. Canc."" preenchido = houve estorno). 2. Se confirmada duplicidade sem estorno, estorne em `CDC 13 > 91 > 11 > 6` (o sistema só estorna do mais recente para o mais antigo; se o pagamento em conta foi parcial e só for possível estornar o boleto mais recente, isso deixaria a operação em atraso — nesse caso, estorne primeiro o ""Boleto Bancário"" e depois o ""Recebimento Automático"", só se não houver débitos pendentes). Peça ao supervisor para receber o valor correto em `CDC 13.23`; confirme a data de recebimento retroativo em `CDC 13.61`.\n> Para recebimento por débito em conta em operações contratadas a partir de 01/03/21, é necessária autorização específica do cliente.\n\n### CDC 13º Salário\nDébito em parcela única. **Com convênio:** na data de cobrança (recebimento do 13º, informado pelo empregador) OU no vencimento (30 dias após o crédito do 13º), o que ocorrer primeiro — exceto convênios com 13º vinculado ao aniversário do cliente. **Sem convênio:** na data escolhida na contratação.\n\n- Convênio consta em `SISALFA > CDC 15.13`.\n- **Com convênio:** data de cobrança em `CDC 22 > 10 > 5d` (código de linha 3100; nº convênio em `CDC 15 > 13`); vencimento em `CDC 15 > 13 > F2 > 4`. 1. Informe que o débito ocorre na data de cobrança; se o 13º não for creditado, tenta-se o débito na data de cobrança ou vencimento (o que ocorrer primeiro). 2. Verifique como ocorreu em `CDC 15 > 13 > F2 > 4`. 3. Preste as informações.\n  > **Obs.:** se a data de cobrança mudar por solicitação do empregador, o vencimento pode ser antecipado. *Ex. 1:* cobrança cadastrada 30/06/26 → vencimento 30/07/26; se a cobrança mudar para 30/08/26, cobra-se em 30/07/26 (o que ocorrer primeiro). *Ex. 2:* se o 13º do convênio está vinculado ao mês de aniversário, cobrança e vencimento caem no mês de aniversário do cliente.\n- **Sem convênio:** débito no vencimento (`CDC 15 > 13 > F2 > 4`).\n\n### CDC Antecipação IRPF\nDébito (a) na data prevista do crédito da restituição, ou (b) no vencimento contratual, se o crédito não ocorrer antes.\n1. Informe a regra acima. 2. Consulte `CDC 15 > 13 > F2 > 4`. 3. Preste as informações.\n\n### CDC Antecipação Saque Aniversário FGTS\nLiquidação automática via repasse do FGTS; débito em conta só se o repasse for insuficiente.\n1. Consulte `CDC 15 > 13 > F2 > 4`. 2. Preste as informações.\n\n### Orientações complementares\na) Reclamação de saldo aprovisionado em fim de semana/feriado: explique que, pelas cláusulas gerais do contrato de conta, a liberação de débitos nesses períodos depende do saldo após deduzir débitos programados para o 1º dia útil seguinte.\nb) **Boleto:** algumas linhas permitem gerar boleto (rotina 50107); se houver duplicidade (conta + boleto), estorne como em ""CDC Automático"". Não aplicar esse procedimento a CDC Consignação/Renovação Consignação/FGTS Saque Aniversário se a forma de pagamento foi ""Cta Convênio"" — para forma de pagamento via `SISALFA` ou ""Boleto Bancário"", o estorno é permitido.\nc) Mais informações: ver rotinas auxiliares (item 9).\nd) Se não for possível identificar o motivo, ou o cliente permanecer insatisfeito, registre ocorrência.\n\n---\n\n## 3. Simulação/Contratação de Empréstimos\n\nCDC é um empréstimo pessoal automatizado, pré-aprovado, disponível em conta corrente. Solicitação exclusiva do titular.\n> Se o cliente quiser alterar o vencimento da prestação: após a confirmação do contrato isso não é possível. Alternativa: contratar CDC Renovação (se a linha permitir e houver limite), indicando o vencimento mais adequado.\n\n**Procedimento:** verifique se a Análise de Crédito (ANC) está vigente em `Plataforma de Relacionamento (Operações Contratadas) — aba Limite de Crédito`, campo ""Situação do limite"".\n\n| Status do limite | Procedimento |\n|---|---|\n| Vencida, Impedida, Cancelada, Suspensa, Em transferência, Em estudo, Indeferida, ou Vigente com Limite Total–Margem zerado | Informe que não há limite disponível; o cliente deve ir a qualquer agência com identificação (RG/CPF), comprovante de residência e de renda (emitidos há menos de 90 dias, mesmo que pela internet). Consulte a rotina 50105 para possibilidade de restabelecimento. |\n| Vigente (algum valor em Limite Total–Margem) | Não informe o valor ao cliente. Dentro do horário de atendimento (9h–18h), pergunte se autoriza transferência para a Central de Consultoria em Uso Responsável do Crédito (rotina 50106). Se não autorizar, ou fora do horário, informe as opções: Central de Consultoria; App Alfa > Empréstimo; site > Empréstimo; caixa eletrônico (TAA) > Empréstimo. |\n\n---\n\n## 4. Cancelamento de CDC\n\nCancelamento permitido em até 7 dias corridos (a partir do dia seguinte à liberação do crédito), se contratado por canal de autoatendimento (App, site, caixas eletrônicos ou telefone), pelo titular, autenticado (URA, Token ou Identificação Positiva).\n\n> **Atenção:** o cancelamento da linha 2881 – Crédito Renovação Consignação está restrito ao departamento **DOC – Diretoria de Operações de Crédito** (código 800020) para os convênios: Convênio Especial 01 (700001), 02 (700002), 03 (700003), 04 (700004), 05 (700005), 06 (700006), 07 (700007), 08 (700008), 09 (700009), 10 (700010), 11 (700011), 12 (700012), 13 (700013), 14 (700014), 15 (700015) e 16 (700016). É necessário haver margem suficiente para reaverbação das operações vinculadas à renovação cancelada.\n> O cancelamento da mesma linha para o Convênio Especial 17 (700017) está restrito à **Superintendência Regional III** (código 800030). Ver rotina 50108.\n\nAntes do procedimento, informe o número da operação e que, após o cancelamento, o comando não pode ser desfeito.\n\n### 4.1. Cancelamento de proposta CDC NÃO CONFIRMADA\n`SISRET Y09` — copie o nº da operação (documento, 9 dígitos). `CDC 11.13` → inclua o nº a cancelar. Em ""Exclusão de operação – Confirma?"", responda ""S"". Motivo: ""08 – Exclusão a pedido do cliente – Desistência"". Verifique a mensagem ""Cancelamento da Proposta efetuado em XX/XX/XX às XX:XX:XX por FXXXXX""; se diferente, registre ocorrência.\n> Atenção a operações via Correspondente – LOG 633 ""Operação Novo Fluxo Correspondente/Parceiro Comercial"" (`CDC 15.18.F2.8`). Se pendente de confirmação, registre ocorrência (motivo obrigatório; não oriente o cliente a excluir por autoatendimento).\n\n### 4.2. Cancelamento no MESMO DIA ou DIA ÚTIL SEGUINTE (contratação em dia não útil)\nPermitido para contratações presenciais e não presenciais, todos os canais. Uso do Limite Especial da Conta gera juros e IOF. Cancele em `CDC 14`; se falhar, registre ocorrência.\n\n### 4.3. Cancelamento em até 7 DIAS CORRIDOS (a partir do dia seguinte ao crédito)\n**Via TAA/internet/App/telefone (Duplo Sim):** consulte `CDC 15.18.F2.8` (log) — canal no log 201: *Duplo Sim* → campo ""Ocor"" LOG 201 e 493; *Correspondente* → registre ocorrência. (Contestação: ver item 7.2.)\n**Presencial na agência:** só cancela no mesmo dia (ver item 4.2)! A partir do dia seguinte, só liquidação. Se o cliente relatar falhas, registre ocorrência.\n\nVerifique saldo para o débito (ou ""troco"" nas Renovações — `CDC 15.18.F2.5 Contratos Vinculados` mostrará o `SISCLI`; informe o valor), considerando Limite Especial ou resgates automáticos. Oriente manter saldo (débito à noite); uso do Limite Especial gera juros/IOF. Se discordar, só liquidação/amortização/pagamento. Cancele em `CDC 14`; se falhar, registre ocorrência.\n> No cancelamento de CDC Antecipação Saque Aniversário FGTS, o desbloqueio da garantia é automático. Log ""1120 – Operação Contratada com Parcela Pix"" = produto Alfa Parcela Pix (mesmo procedimento de Duplo Sim).\n\n### 4.4. Cancelamento de REPACTUAÇÃO\n`CDC 15.13`, selecione a operação. Se constar ""Op"" pendente de confirmação, pode excluir; se confirmada, só liquida/paga total.\n> *Convênio Especial 17:* tem repactuação de CDCs consignados com suspensão de cobrança (rotina 50109).\n\n### 4.5. Cancelamento do produto de pagamento parcelado de contas\nVer item 10 da rotina 50110.\n\n### 4.6. Pedido após 7 dias, ou contratação presencial (pedido fora do mesmo dia)\nSó é possível a liquidação.\n> Obs. 1: presencial só cancela no mesmo dia (item 4.2). Obs. 2: exclusivamente para CDC Renovação, se a liquidação antecipada não puder ser feita, registre ocorrência para avaliar cancelamento (informar que o IOF será cobrado em conta). CDC Renovação sem ""troco"" é cancelável se a contratação não foi presencial e o pedido ocorreu em até 7 dias.\n\nCancele em `CDC > 14`. Em caso de erro, registre ocorrência.\n\n---\n\n## 5. Liquidação / Amortização\n\nSolicitação exclusiva do titular.\n\n### 5.1. Amortização/Liquidação ANTECIPADA ou operação EM ATRASO\n**Demanda:** quitação parcial/total antes do vencimento e/ou parcelas em atraso.\n> Pagamento via boleto: emitido em agência, pago no mesmo dia (saldo atualiza diariamente); se não pago no mesmo dia, o mesmo boleto ainda serve, pois o saldo é recalculado.\n\nSe não autenticado (URA/Token/IP), informe os canais. Cancelamento da amortização/liquidação só no mesmo dia, e só com margem disponível (item 5.3). Somente com recursos próprios; há redução proporcional de juros.\n\n**Tipos** (parcelas em atraso sempre em ordem crescente): **Crescente** (da próxima parcela em diante); **Decrescente** (da última parcela para trás); **Linear** (amortiza o saldo total sem alterar o cronograma; recalcula as parcelas a vencer).\n> Linear NÃO permitido para CDC Consignado, nem para operações fora do status ""Normal"", com pagamento parcial, em cobrança, ou com ""Pula-Parcela"". ""Em cobrança"" não aceita nenhuma amortização.\n\n| Necessidade do cliente | Tipo de amortização |\n|---|---|\n| Parar de pagar as próximas prestações por um período | Liquidação antecipada de parcelas integrais, ordem crescente |\n| Amortizar e continuar pagando as próximas prestações | Liquidação antecipada de parcelas integrais, ordem decrescente |\n| Reduzir o valor das prestações em toda a operação | Amortização linear |\n| Liquidar a operação | Quitação total, sempre em ordem crescente |\n\n> No CDC Consignado, pode haver desconto da próxima prestação em folha. Para Consignação/Renovação Consignação, prefira ordem decrescente (evita duplicidade em folha); se o cliente pedir crescente, informe o risco (o valor retorna no vencimento da parcela, se ocorrer).\n\n**Procedimento:** 1. Simule em `CDC 13.11.12`, informe o saldo atual (item 1b). 2. Verifique saldo suficiente (`Plataforma de Relacionamento > Contas > Extrato`), considerando saldo aprovisionado, tarifas pendentes, resgates automáticos e Limite Especial (a critério do cliente, com encargos). 3. Se insuficiente, oriente novo contato; se suficiente, execute em `CDC 13 > 21 > 12` (tipo: parcial/liquidação/linear; quantidade/valor; ordem).\n> Se o sistema indicar ausência de autorização de débito, siga a rotina 50104.\n\n**Leitura obrigatória ao cliente antes da confirmação** (""Sr(a). ___, para sua segurança, faremos a leitura das condições:""):\n- **Parcial/liquidação:** agência/conta; valor base da parcela; encargos por atraso; desconto de antecipação; variação Selic; valor a amortizar; total de parcelas; ordem escolhida.\n- **Linear:** valor base; desconto aproximado; variação Selic; valor da parcela inicial; novo valor da parcela; quantidade de parcelas.\n\nApós a leitura: ""Podemos confirmar a liquidação/amortização?"" (F3, sem impressão). Supervisor confirma em `CDC 13.21.52`. Informar necessidade de saldo em conta. Comprovante: ""o débito ocorre ainda hoje; confirme pelo extrato. Para comprovante detalhado, solicite em qualquer agência o documento \'Demonstrativo de Origem e Evolução de Dívida – Crédito Direto ao Consumidor\'.""\n\n### 5.2. Amortização/liquidação de operações ""EM PERDAS""\nIdentificação: `SISALFA > CDC > 15.13`. **Não informar ao cliente que a operação está em prejuízo.**\na) **Débito em conta:** verifique saldo suficiente (mesmas ressalvas do item 5.1); se insuficiente, oriente novo contato. Liquidação: comando em `CDC 13-34` + confirmação do supervisor em `CDC 13-36`. Amortização parcial: comando em `CDC 13-35` + confirmação do gerente de grupo em `CDC 13-36`.\nb) **Boleto bancário:** registre ocorrência.\n\n### 5.3. Cancelamento da amortização ou liquidação antecipada\nSe só houve o comando do atendente (`CDC 13.21.12`) no mesmo dia: cancele em `CDC 13.91.51`. Se já confirmado pelo supervisor (`CDC 13.21.52`): faça o estorno (item 5.5).\n> O registro do atendente fica pendente de confirmação apenas no mesmo dia; se não confirmado, é excluído automaticamente no dia seguinte.\n\n### 5.4. Liquidação – Desaverbação/Liberação de Margem Consignável\nSe o cliente relatar que liquidou/cancelou mas não houve liberação de margem, ou a parcela segue sendo debitada, registre ocorrência.\n\n### 5.5. Estorno de pagamento antecipado\n**Demanda:** pagamento antes do vencimento, ou débito indevido em conta (ex.: pela agência).\n> Não aplicar a Consignação/Renovação Consignação/FGTS Saque Aniversário se a forma de pagamento foi ""Cta Convênio""; para `SISALFA` ou ""Boleto Bancário"", o estorno é permitido (ver item 2).\n\n1. Analise o motivo (não é permitido estornar e deixar em atraso). 2. Verifique vencimento (`CDC 15.13.F2.4`) e pagamento de salário (`SISPAG 11 > 13 > 36 > Consulta on line`). 3. Se não venceu e não houve crédito de salário, estorno possível (pagamento dentro de 30 dias, operação não atualizada). 4. Estorne em `CDC 13.91.11`. 5. Informe crédito no processamento noturno.\n> Se impossível estornar, ou outra duplicidade não sanável, registre ocorrência.\n\n---\n\n## 6. Dificuldade para contratação\n\n| Situação | Procedimento |\n|---|---|\n| **Renda desatualizada** | Verifique a última atualização; se >12 meses, oriente atualizar via App ou canal de autoatendimento (online; às vezes exige foto do documento, validação em até 3 dias úteis). Após validação, o limite é recalculado automaticamente. |\n| **Contrato do CDC não assinado** | Pergunte se aderiu às Cláusulas Gerais (assinatura da Proposta/Contrato de Adesão). Se sim, prossiga a análise. Se não, informe os canais de adesão: App/site (Empréstimo > Solicitação de Crédito > Assinatura de contrato CDC); caixa eletrônico; agência. |\n| **Acordo de dívida vigente** | Contratação impossibilitada durante a vigência do acordo; após encerrado, pode verificar novamente. |\n| **Não correntista** | Exceto CDC Consignado e Crédito 13º Salário INSS (exigem ANC vigente), as demais linhas exigem conta corrente com ANC vigente. |\n| **Modalidade de conta simplificada (sem linhas de crédito)** | Não permite contratar linhas de crédito; se houver interesse, o cliente faz upgrade da conta pelo app (Menu > Upgrade de Conta), sujeito a análise de crédito na agência. |\n\n---\n\n## 7. Contratação não reconhecida\n\n### 7.1. Falsidade ideológica e fraude\nFraude com uso de documentos falsos para contratar produtos; a vítima costuma descobrir só quando seu CPF/CNPJ sofre restrição por inadimplência. Ver rotina 50111.\n- Falsidade em operação de não correntista: oriente comparecimento a qualquer agência com identificação e boletim de ocorrência.\n- Fraude – demais situações: ver rotina 50112.\n\n### 7.2. Contestação de operações via Correspondente (falha, suspeita de fraude/golpe)\nIndícios de falha ou fraude/golpe (presencial ou Duplo Sim): registre ocorrência e responsabilize a unidade de correspondentes/antifraude (código 800010):\n- **Assunto 50113** — contratação não reconhecida; divergente do solicitado; insatisfação com o contrato/descumprimento; falta de clareza.\n- **Assunto 50114** — suspeita de fraude/golpe: abordagem por suposta empresa vinculada ao banco, internalização por correspondente e transferência de recursos a terceiros pelo cliente.\n- **Assunto 50115** — contestação/suspeita de fraude em operação via Correspondente ainda pendente de confirmação.\n\n> No módulo de SAC e Ouvidoria (assuntos 50113/50114), é obrigatório selecionar o produto/modalidade — só aparecem operações contratadas via Correspondente; caso contrário, o registro não é possível. Ao selecionar a operação, os dados de identificação do correspondente, do CDC e da chave de operação são preenchidos automaticamente (não editáveis).\n\n---\n\n## 8. Limite Especial da Conta\n\n### 8.1. Cancelamento do Limite Especial da Conta\na) Pode ser solicitado a qualquer tempo por qualquer titular.\nb) Ao ser solicitado, sonde o motivo e, se cabível, argumente: sem tarifa; limite disponível para emergências sem custo se não usado; cancelar não garante nova contratação futura; é possível reduzir para R$ 100,00 em vez de cancelar. O cliente não pode estar usando o limite no momento (se estiver, oriente cobrir o saldo). Se aceitar reduzir, siga para 8.2. *(Em Ouvidoria, cancelar direto, sem sondagem.)*\nc) Se decidir manter, encerre em FCR.\nd) Se insistir no cancelamento, verifique viabilidade:\n\n**Procedimento (cliente autenticado por URA/Token/IP):**\n> Não cancelar se o cliente estiver usando o limite; se houver juros/IOF a cobrar, é necessário saldo. Falha de autenticação: registre ocorrência.\n- **Atendente:** confira saldo suficiente (extrato) para limite + juros + IOF (desconsiderar valores provisionados); se insuficiente, peça depósito equivalente e informe que o cancelamento pode ser pedido no SAC/agência após o depósito; encerre em FCR. Cancele na plataforma (`Contas > Limite Especial da Conta PF > Implantação, Alteração, Renovação e Cancelamento > Cancelar > Registrar`) e peça deferimento ao supervisor.\n  > Se aparecer ""(27) Já existe comando de implantação para esta conta."", registre ocorrência. Se aparecer ""já existe solicitação pendente de deferimento"", peça o deferimento ao supervisor; se não localizar ou houver erro, abra ocorrência.\n- **Supervisor:** confirme dados (nome, produto, valor); defira (`Deferimentos e Pendências > Limite Especial da Conta Pessoa > Cancelamento > Deferimento`); confirme para o atendente prosseguir.\n- **Atendente:** informe o cancelamento e a disponibilidade da agência para recontratação futura; encerre e registre FCR. *(Se o supervisor não conseguir deferir, registre ocorrência.)*\n\n### 8.2. Redução do Limite Especial da Conta\na) Se o pedido for por causa da tarifa, esclareça que ela não é cobrada; se insistir, siga abaixo.\nb) Identifique PF e titular da conta.\nc) Cliente autenticado:\n- **Atendente:** verifique saldo suficiente para que a redução não deixe o saldo excedido; se preciso, peça depósito e informe que a redução pode ser pedida via app, WhatsApp, SAC ou agência após o depósito. Modalidade ""Ouro"" (limite ≥ R$ 1.000,00) reduzida para entre R$ 100,00 e R$ 950,00 muda para ""Classic"" (diferenças na rotina 50116). Se o cliente concordar, altere modalidade/limite na plataforma e peça deferimento ao supervisor.\n- **Supervisor:** confirme dados; defira (`Deferimentos e Pendências > Limite Especial da Conta Pessoa Física > Alteração > Deferimento`); confirme para o atendente prosseguir.\n- **Atendente:** informe a redução realizada; para elevar no futuro, indicar app/agência. Encerre e registre FCR. *(Se o supervisor não conseguir deferir, registre ocorrência.)*\n\n### 8.3. Alterar data de débito dos juros\nFalha de autenticação: informe os canais. Acesse `Plataforma > Contas > Limite Especial da Conta PF > Alterar > Tipo de Alteração – ""Dia do débito""` e escolha um dia entre 1 e 28. A alteração só vale a partir do mês seguinte à solicitação.\n\n---\n\n## 9. Rotinas auxiliares (índice de empréstimos)\n\n| Código (anonimizado) | Assunto |\n|---|---|\n| 50107 | CDC – Condições Gerais / Contrato |\n| 50108 | Crédito Consignação e Renovação – Correntista e não correntista |\n| 50118 | Crédito Consignação – INSS |\n| 50119 | Crédito Automático |\n| 50120 | Crédito Benefício |\n| 50121 | Crédito Salário e Salário Funci |\n| 50122 | Crédito Renovação e Renovação Funci |\n| 50123 | Crédito 13º Décimo Terceiro Salário |\n| 50124 | Crédito 13º Décimo Terceiro Salário – Não Correntistas |\n| 50125 | CDC Antecipação Restituição IRPF |\n| 50126 | CDC Antecipação Saque Aniversário FGTS |\n| 50117 | Crédito Parcelamento Cheque Especial (Limite Especial da Conta) |\n| 50104 | Autorização de Débito – Empréstimos, CDC e outros (Resolução CMN 4.790/2020) |\n| 50127 | Crédito do Trabalhador – Novo modelo de Crédito Consignado do Setor Privado |\n| 50128 | Crédito do Trabalhador – Atendimento ao Empregador |\n\n---\n\n## 10. Fonte de informação\n\nDepartamento responsável: **DOC – Diretoria de Operações de Crédito** (código 800020).\n']","Liquidado/renovado com consignação indevida tem estorno automático em conta em até D+2 dias úteis, exceto convênio 900001 (INSS, devolução a partir do 5º dia útil) e 900002 (MPDG, até o 1º dia útil).",REGULATORY_TIMELINE,61.0571,,0.30434782608695654,0.7160202507356388,1.0,0.9999999999
Quero amortizar para baixar o valor das parcelas. Pode ser linear?,"Sim, é possível. Quando você solicita a amortização de um financiamento (como o imobiliário), você geralmente tem duas opções principais de escolha para o impacto dessa operação:

1.  **Redução do Prazo:** Você mantém o valor da parcela igual e quita o saldo devedor mais rápido, o que gera uma economia maior de juros no longo prazo.
2.  **Redução do Valor da Parcela:** Você mantém o prazo original do contrato e utiliza o valor amortizado para diminuir o montante das parcelas mensais.

### Sobre a amortização ""linear""
No contexto bancário, o termo ""linear"" costuma ser associado ao **Sistema de Amortização Constante (SAC)**. 

*   **Se o seu contrato já é SAC:** As parcelas já são decrescentes por natureza. Ao amortizar para reduzir o valor da parcela, você continuará seguindo a lógica linear do sistema, onde o valor da prestação cai proporcionalmente ao saldo devedor reduzido.
*   **Se o seu contrato é PRICE:** As parcelas são fixas. Ao amortizar para reduzir o valor da parcela, o banco recalcula o valor da prestação para que ela caiba no prazo restante, mantendo a nova estrutura de juros.

**Como proceder:**
1.  **Acesse o App ou Internet Banking:** A maioria dos bancos possui uma área específica de ""Financiamentos"" ou ""Habitação"".
2.  **Simule antes de confirmar:** O sistema do banco deve oferecer uma tela de simulação onde você insere o valor que deseja pagar e escolhe a opção **""Reduzir valor da prestação""**.
3.  **Confirmação:** Após confirmar, o banco processará o pagamento e emitirá um novo demonstrativo com o valor da parcela atualizado.

**Dica importante:** Verifique se o seu contrato permite amortizações extraordinárias a qualquer momento (a maioria permite). Lembre-se que, ao optar por reduzir o valor da parcela, você paga menos juros do que pagaria se não amortizasse, mas a economia total de juros é menor do que se você tivesse optado por reduzir o prazo.

*Recomendação: Como não tenho acesso aos seus dados contratuais, verifique no seu contrato se há alguma cláusula específica sobre a periodicidade ou limites para essas amortizações.*","['# POP – Atendimento de Operações de CDC (Crédito Direto ao Consumidor) – Pessoa Física\n### [Versão anonimizada/pseudonimizada para uso acadêmico]\n\n> **Nota metodológica de anonimização:** este documento é uma versão pseudonimizada de uma rotina real de atendimento (SAC) de operações de crédito pessoa física. Foram substituídos: (i) o nome da instituição financeira e de seus canais/site/e-mail; (ii) os nomes de sistemas internos claramente proprietários; (iii) nomes e códigos de convênios de consignação com órgãos públicos; (iv) códigos de prefixo/departamento interno; e (v) números de rotinas/assuntos auxiliares referenciados ao longo do texto — todos substituídos por identificadores fictícios e sequenciais. A lógica processual, as condições, exceções e o fluxo de decisão originais foram mantidos integralmente, o que preserva o valor do documento como exemplo de POP para fins de extração de árvore de decisão. Termos e siglas genéricas do setor bancário (CDC, SAC, Ouvidoria, TAA, URA, FCR, ANC, Token, Identificação Positiva) e referências a normas públicas (Resolução CMN 4.790/2020, INSS) foram mantidos, por não serem exclusivos de uma única instituição.\n\n**Sumário:** Observações iniciais · 1. Consulta geral CDC · 2. Débito da parcela CDC · 3. Simulação/Contratação · 4. Cancelamento de CDC · 5. Liquidação/Amortização · 6. Dificuldade para contratação · 7. Contratação não reconhecida · 8. Limite Especial da Conta · 9. Rotinas auxiliares · 10. Fonte de informação\n\n---\n\n## Observações iniciais\n\na) Esta rotina destina-se ao atendimento das operações de crédito PF listadas no item 2. Para os casos abaixo, consulte rotinas específicas:\n- **FIES:** rotina 50101 – SAC QC – Financiamento Estudantil (FIES)\n- **Financiamento imobiliário:** rotina 50102 – SAC QC – Financiamento Imobiliário\n- **Renegociação de dívidas:** rotina 50103 – SAC QC – Renegociação de Dívidas Pessoa Física e Jurídica\n\nb) **Autorização de Débito em Conta:** a partir de 01/03/2021, para que uma operação seja debitada em conta, é necessária autorização específica do cliente para o débito. Ver informações e procedimentos na rotina 50104.\n\nc) **Canais para contratação de CDC:** [link para os canais de contratação]\n\n---\n\n## 1. Consulta geral CDC\n\nPara verificar as informações da operação, identifique se o consumidor é PF e titular da operação. Em caso de FALHA, RECUSA ou INAPLICABILIDADE de Identificação Positiva (IP), registre ocorrência.\n\n| Demanda | Consulta |\n|---|---|\n| a) Informações gerais do CDC | `SISALFA > CDC > 15 > 18` — em ""Código do Cliente"" pressione F4, inclua o CPF e selecione a operação. Clique em F2 > Outros dados > 4. Cronograma. Principais informações: modalidade do CDC, data de vencimento, parcelas pagas e data de pagamento (mais detalhes no item 2), parcelas a vencer, parcelas em atraso, taxas de juros ou CET. |\n| b) Saldo atualizado total | `SISALFA > CDC > 15 > 18` — mesmo caminho acima; após selecionar a operação, verifique o campo ""Saldo devedor atual"". Esse é o saldo do dia, com atualização diária. |\n| c) Parcelas, valores pagos, juros, datas de pagamento | `SISALFA > CDC > 15 > 18` → Agência/Conta → selecione a operação → F2 → 4. Cronograma → selecione a parcela (""P"" indica pagamento parcial) → F9 (detalhe) → F12/F11 (pagamentos e parcelas). O ""total recebimento parcial"" é o valor recebido naquela parcela. |\n| d) Consultar CDC liquidado, renovado ou excluído | `SISALFA > CDC > 15 > 18`, em ""Código do Cliente"" pressione F4 e insira o CPF — NÃO selecione nenhuma operação e pressione F11. F12 para operações arquivadas. |\n| e) Consulta de cláusulas gerais ou documentos do CDC contratado | Cláusulas gerais consultáveis em: **App Alfa** (Menu > Empréstimos > Contratar empréstimo > Aderir ao contrato); **site institucional**, inclusive para não correntista (Página inicial > Pra você > Empréstimo > Empréstimo pessoal > Contrato de abertura de crédito rotativo); **site institucional (área logada)** (Menu > Empréstimos > Crédito consignado e pessoal > Aderir Contrato de Empréstimo). Documentos do CDC contratado: Extrato de Empréstimo (parcelas pagas/a pagar) — App, site, caixas eletrônicos ou agências; Consolidado Anual (valores por exercício) — site ou agências; 2ª via do comprovante (com taxas) — App ou agências. |\n\n---\n\n## 2. Débito da parcela CDC (data ou valor divergente, duplicidade)\n\nPara identificar o débito questionado, consulte o extrato em `Plataforma de Relacionamento (Operações Contratadas) > Contas > Consultas > Extrato Conta Corrente`. O número da operação consta no campo ""Documento"" (9 dígitos).\n\nSituações possíveis: débito antes/depois do vencimento contratual; valor divergente; duplicidade (folha + conta); débito em conta errada.\n\n**Consulta:** `CDC 15.13` (F4 – CPF) → selecione a operação → F2.4 (cronograma) → selecione a parcela com ""x"" → F9 (detalhar) → F12 (mais informações) → F3 (voltar) e copie o nº da operação → `CDC 13.61` (cole o nº como ""nº contrato"") para ver como ocorreu o pagamento.\n\nSiga então a orientação por modalidade:\n\n### CDC Consignação ou CDC Renovação Consignação\nDébito ocorre na folha de pagamento. a) Se não consignada (ou parcial), o débito ocorrerá total/parcial em conta. b) Se liquidado/renovado mas houve consignação, o estorno é automático em conta em até D+2 dias úteis, exceto para os convênios de código 900001 (INSS — devolução a partir do 5º dia útil) e código 900002 (MPDG — devolução até o 1º dia útil).\n\n1. Consulte a parcela: `CDC 15 > 13 > F2 > 4` (datas); `CDC 15 > 13 > F8 > F9` (mês/ano da folha). *Consig total* = debitada integralmente em folha; *Consig parcial* = debitada parcialmente (verifique o restante em conta); *Não consignada* = sem débito em folha; *Incluída* = ainda não vencida; *Enviada* = empregador não retornou (sem repasse, o débito ocorre em conta).\n2. Confirme a consignação em `SISCONSIG 22 > 01 > 01` (Convênio, Data Prevista, nº Operação — dados em `CDC 15.13`); selecione ""x"" e F9: ""Tipo Lançamento"" *Amortização* = consignado; *Devolução* = não consignado, devolvido à conta.\n3. Preste as informações.\n4. Se o cliente disser que a parcela foi consignada em folha mas também há débito agendado em conta: verifique o extrato (agendado ou debitado); se debitado, verifique devolução; se a data for hoje/próximo dia útil, oriente aguardar o processamento noturno (tende a ser excluído) e encerre em FCR. Se confirmada duplicidade sem estorno, ou se o sistema não mostra consignação mas o cliente afirma o desconto, registre ocorrência e oriente o envio de cópia do contracheque para `sacdocumentos@bancoalfa.com.br`.\n\n> **Crédito do Trabalhador** (identifique pelo campo ""Convênio"" = ""E-Consig PJ"" em `CDC > 15 > 13`): exigir contracheque da competência anterior ao débito (ex.: débito no mês 09 → contracheque do mês 08) e o documento ""Detalhe da guia emitida"" (com a instituição que recebeu o valor) + comprovante de pagamento da guia, fornecidos pela empresa.\n\n### CDC Salário, CDC Benefício e CDC Renovação\nDébito no dia do crédito do salário/benefício, mesmo que divergente do vencimento contratual (cobrança antecipada gera desconto proporcional). Renovação com convênio: débito na data de crédito de proventos; sem convênio: na data de vencimento.\n\n1. Verifique no extrato o recebimento de salário no dia do débito.\n2. Compare a data de débito (`CDC 15 > 13 > F2 > 4`) com a cadastrada em `CDC 24 > 14` e `SISPAG 11 > 13 > 36 > Consulta on line`.\n3. Se ambos ocorrerem após o vencimento do contrato, registre ocorrência.\n4. Preste as informações.\n\n### CDC Automático\nDébito em conta (corrente ou salário) na data de vencimento informada na autorização; há opção de boleto (gerado pelo cliente ou se a autorização foi cancelada).\n\n**Duplicidade:** 1. Verifique boleto pago + débito em conta (`CDC 13 > 61`, ""Forma Pagto"": Rcbto Autom e Boleto Banc); confira estorno (campo ""Dt. Canc."" preenchido = houve estorno). 2. Se confirmada duplicidade sem estorno, estorne em `CDC 13 > 91 > 11 > 6` (o sistema só estorna do mais recente para o mais antigo; se o pagamento em conta foi parcial e só for possível estornar o boleto mais recente, isso deixaria a operação em atraso — nesse caso, estorne primeiro o ""Boleto Bancário"" e depois o ""Recebimento Automático"", só se não houver débitos pendentes). Peça ao supervisor para receber o valor correto em `CDC 13.23`; confirme a data de recebimento retroativo em `CDC 13.61`.\n> Para recebimento por débito em conta em operações contratadas a partir de 01/03/21, é necessária autorização específica do cliente.\n\n### CDC 13º Salário\nDébito em parcela única. **Com convênio:** na data de cobrança (recebimento do 13º, informado pelo empregador) OU no vencimento (30 dias após o crédito do 13º), o que ocorrer primeiro — exceto convênios com 13º vinculado ao aniversário do cliente. **Sem convênio:** na data escolhida na contratação.\n\n- Convênio consta em `SISALFA > CDC 15.13`.\n- **Com convênio:** data de cobrança em `CDC 22 > 10 > 5d` (código de linha 3100; nº convênio em `CDC 15 > 13`); vencimento em `CDC 15 > 13 > F2 > 4`. 1. Informe que o débito ocorre na data de cobrança; se o 13º não for creditado, tenta-se o débito na data de cobrança ou vencimento (o que ocorrer primeiro). 2. Verifique como ocorreu em `CDC 15 > 13 > F2 > 4`. 3. Preste as informações.\n  > **Obs.:** se a data de cobrança mudar por solicitação do empregador, o vencimento pode ser antecipado. *Ex. 1:* cobrança cadastrada 30/06/26 → vencimento 30/07/26; se a cobrança mudar para 30/08/26, cobra-se em 30/07/26 (o que ocorrer primeiro). *Ex. 2:* se o 13º do convênio está vinculado ao mês de aniversário, cobrança e vencimento caem no mês de aniversário do cliente.\n- **Sem convênio:** débito no vencimento (`CDC 15 > 13 > F2 > 4`).\n\n### CDC Antecipação IRPF\nDébito (a) na data prevista do crédito da restituição, ou (b) no vencimento contratual, se o crédito não ocorrer antes.\n1. Informe a regra acima. 2. Consulte `CDC 15 > 13 > F2 > 4`. 3. Preste as informações.\n\n### CDC Antecipação Saque Aniversário FGTS\nLiquidação automática via repasse do FGTS; débito em conta só se o repasse for insuficiente.\n1. Consulte `CDC 15 > 13 > F2 > 4`. 2. Preste as informações.\n\n### Orientações complementares\na) Reclamação de saldo aprovisionado em fim de semana/feriado: explique que, pelas cláusulas gerais do contrato de conta, a liberação de débitos nesses períodos depende do saldo após deduzir débitos programados para o 1º dia útil seguinte.\nb) **Boleto:** algumas linhas permitem gerar boleto (rotina 50107); se houver duplicidade (conta + boleto), estorne como em ""CDC Automático"". Não aplicar esse procedimento a CDC Consignação/Renovação Consignação/FGTS Saque Aniversário se a forma de pagamento foi ""Cta Convênio"" — para forma de pagamento via `SISALFA` ou ""Boleto Bancário"", o estorno é permitido.\nc) Mais informações: ver rotinas auxiliares (item 9).\nd) Se não for possível identificar o motivo, ou o cliente permanecer insatisfeito, registre ocorrência.\n\n---\n\n## 3. Simulação/Contratação de Empréstimos\n\nCDC é um empréstimo pessoal automatizado, pré-aprovado, disponível em conta corrente. Solicitação exclusiva do titular.\n> Se o cliente quiser alterar o vencimento da prestação: após a confirmação do contrato isso não é possível. Alternativa: contratar CDC Renovação (se a linha permitir e houver limite), indicando o vencimento mais adequado.\n\n**Procedimento:** verifique se a Análise de Crédito (ANC) está vigente em `Plataforma de Relacionamento (Operações Contratadas) — aba Limite de Crédito`, campo ""Situação do limite"".\n\n| Status do limite | Procedimento |\n|---|---|\n| Vencida, Impedida, Cancelada, Suspensa, Em transferência, Em estudo, Indeferida, ou Vigente com Limite Total–Margem zerado | Informe que não há limite disponível; o cliente deve ir a qualquer agência com identificação (RG/CPF), comprovante de residência e de renda (emitidos há menos de 90 dias, mesmo que pela internet). Consulte a rotina 50105 para possibilidade de restabelecimento. |\n| Vigente (algum valor em Limite Total–Margem) | Não informe o valor ao cliente. Dentro do horário de atendimento (9h–18h), pergunte se autoriza transferência para a Central de Consultoria em Uso Responsável do Crédito (rotina 50106). Se não autorizar, ou fora do horário, informe as opções: Central de Consultoria; App Alfa > Empréstimo; site > Empréstimo; caixa eletrônico (TAA) > Empréstimo. |\n\n---\n\n## 4. Cancelamento de CDC\n\nCancelamento permitido em até 7 dias corridos (a partir do dia seguinte à liberação do crédito), se contratado por canal de autoatendimento (App, site, caixas eletrônicos ou telefone), pelo titular, autenticado (URA, Token ou Identificação Positiva).\n\n> **Atenção:** o cancelamento da linha 2881 – Crédito Renovação Consignação está restrito ao departamento **DOC – Diretoria de Operações de Crédito** (código 800020) para os convênios: Convênio Especial 01 (700001), 02 (700002), 03 (700003), 04 (700004), 05 (700005), 06 (700006), 07 (700007), 08 (700008), 09 (700009), 10 (700010), 11 (700011), 12 (700012), 13 (700013), 14 (700014), 15 (700015) e 16 (700016). É necessário haver margem suficiente para reaverbação das operações vinculadas à renovação cancelada.\n> O cancelamento da mesma linha para o Convênio Especial 17 (700017) está restrito à **Superintendência Regional III** (código 800030). Ver rotina 50108.\n\nAntes do procedimento, informe o número da operação e que, após o cancelamento, o comando não pode ser desfeito.\n\n### 4.1. Cancelamento de proposta CDC NÃO CONFIRMADA\n`SISRET Y09` — copie o nº da operação (documento, 9 dígitos). `CDC 11.13` → inclua o nº a cancelar. Em ""Exclusão de operação – Confirma?"", responda ""S"". Motivo: ""08 – Exclusão a pedido do cliente – Desistência"". Verifique a mensagem ""Cancelamento da Proposta efetuado em XX/XX/XX às XX:XX:XX por FXXXXX""; se diferente, registre ocorrência.\n> Atenção a operações via Correspondente – LOG 633 ""Operação Novo Fluxo Correspondente/Parceiro Comercial"" (`CDC 15.18.F2.8`). Se pendente de confirmação, registre ocorrência (motivo obrigatório; não oriente o cliente a excluir por autoatendimento).\n\n### 4.2. Cancelamento no MESMO DIA ou DIA ÚTIL SEGUINTE (contratação em dia não útil)\nPermitido para contratações presenciais e não presenciais, todos os canais. Uso do Limite Especial da Conta gera juros e IOF. Cancele em `CDC 14`; se falhar, registre ocorrência.\n\n### 4.3. Cancelamento em até 7 DIAS CORRIDOS (a partir do dia seguinte ao crédito)\n**Via TAA/internet/App/telefone (Duplo Sim):** consulte `CDC 15.18.F2.8` (log) — canal no log 201: *Duplo Sim* → campo ""Ocor"" LOG 201 e 493; *Correspondente* → registre ocorrência. (Contestação: ver item 7.2.)\n**Presencial na agência:** só cancela no mesmo dia (ver item 4.2)! A partir do dia seguinte, só liquidação. Se o cliente relatar falhas, registre ocorrência.\n\nVerifique saldo para o débito (ou ""troco"" nas Renovações — `CDC 15.18.F2.5 Contratos Vinculados` mostrará o `SISCLI`; informe o valor), considerando Limite Especial ou resgates automáticos. Oriente manter saldo (débito à noite); uso do Limite Especial gera juros/IOF. Se discordar, só liquidação/amortização/pagamento. Cancele em `CDC 14`; se falhar, registre ocorrência.\n> No cancelamento de CDC Antecipação Saque Aniversário FGTS, o desbloqueio da garantia é automático. Log ""1120 – Operação Contratada com Parcela Pix"" = produto Alfa Parcela Pix (mesmo procedimento de Duplo Sim).\n\n### 4.4. Cancelamento de REPACTUAÇÃO\n`CDC 15.13`, selecione a operação. Se constar ""Op"" pendente de confirmação, pode excluir; se confirmada, só liquida/paga total.\n> *Convênio Especial 17:* tem repactuação de CDCs consignados com suspensão de cobrança (rotina 50109).\n\n### 4.5. Cancelamento do produto de pagamento parcelado de contas\nVer item 10 da rotina 50110.\n\n### 4.6. Pedido após 7 dias, ou contratação presencial (pedido fora do mesmo dia)\nSó é possível a liquidação.\n> Obs. 1: presencial só cancela no mesmo dia (item 4.2). Obs. 2: exclusivamente para CDC Renovação, se a liquidação antecipada não puder ser feita, registre ocorrência para avaliar cancelamento (informar que o IOF será cobrado em conta). CDC Renovação sem ""troco"" é cancelável se a contratação não foi presencial e o pedido ocorreu em até 7 dias.\n\nCancele em `CDC > 14`. Em caso de erro, registre ocorrência.\n\n---\n\n## 5. Liquidação / Amortização\n\nSolicitação exclusiva do titular.\n\n### 5.1. Amortização/Liquidação ANTECIPADA ou operação EM ATRASO\n**Demanda:** quitação parcial/total antes do vencimento e/ou parcelas em atraso.\n> Pagamento via boleto: emitido em agência, pago no mesmo dia (saldo atualiza diariamente); se não pago no mesmo dia, o mesmo boleto ainda serve, pois o saldo é recalculado.\n\nSe não autenticado (URA/Token/IP), informe os canais. Cancelamento da amortização/liquidação só no mesmo dia, e só com margem disponível (item 5.3). Somente com recursos próprios; há redução proporcional de juros.\n\n**Tipos** (parcelas em atraso sempre em ordem crescente): **Crescente** (da próxima parcela em diante); **Decrescente** (da última parcela para trás); **Linear** (amortiza o saldo total sem alterar o cronograma; recalcula as parcelas a vencer).\n> Linear NÃO permitido para CDC Consignado, nem para operações fora do status ""Normal"", com pagamento parcial, em cobrança, ou com ""Pula-Parcela"". ""Em cobrança"" não aceita nenhuma amortização.\n\n| Necessidade do cliente | Tipo de amortização |\n|---|---|\n| Parar de pagar as próximas prestações por um período | Liquidação antecipada de parcelas integrais, ordem crescente |\n| Amortizar e continuar pagando as próximas prestações | Liquidação antecipada de parcelas integrais, ordem decrescente |\n| Reduzir o valor das prestações em toda a operação | Amortização linear |\n| Liquidar a operação | Quitação total, sempre em ordem crescente |\n\n> No CDC Consignado, pode haver desconto da próxima prestação em folha. Para Consignação/Renovação Consignação, prefira ordem decrescente (evita duplicidade em folha); se o cliente pedir crescente, informe o risco (o valor retorna no vencimento da parcela, se ocorrer).\n\n**Procedimento:** 1. Simule em `CDC 13.11.12`, informe o saldo atual (item 1b). 2. Verifique saldo suficiente (`Plataforma de Relacionamento > Contas > Extrato`), considerando saldo aprovisionado, tarifas pendentes, resgates automáticos e Limite Especial (a critério do cliente, com encargos). 3. Se insuficiente, oriente novo contato; se suficiente, execute em `CDC 13 > 21 > 12` (tipo: parcial/liquidação/linear; quantidade/valor; ordem).\n> Se o sistema indicar ausência de autorização de débito, siga a rotina 50104.\n\n**Leitura obrigatória ao cliente antes da confirmação** (""Sr(a). ___, para sua segurança, faremos a leitura das condições:""):\n- **Parcial/liquidação:** agência/conta; valor base da parcela; encargos por atraso; desconto de antecipação; variação Selic; valor a amortizar; total de parcelas; ordem escolhida.\n- **Linear:** valor base; desconto aproximado; variação Selic; valor da parcela inicial; novo valor da parcela; quantidade de parcelas.\n\nApós a leitura: ""Podemos confirmar a liquidação/amortização?"" (F3, sem impressão). Supervisor confirma em `CDC 13.21.52`. Informar necessidade de saldo em conta. Comprovante: ""o débito ocorre ainda hoje; confirme pelo extrato. Para comprovante detalhado, solicite em qualquer agência o documento \'Demonstrativo de Origem e Evolução de Dívida – Crédito Direto ao Consumidor\'.""\n\n### 5.2. Amortização/liquidação de operações ""EM PERDAS""\nIdentificação: `SISALFA > CDC > 15.13`. **Não informar ao cliente que a operação está em prejuízo.**\na) **Débito em conta:** verifique saldo suficiente (mesmas ressalvas do item 5.1); se insuficiente, oriente novo contato. Liquidação: comando em `CDC 13-34` + confirmação do supervisor em `CDC 13-36`. Amortização parcial: comando em `CDC 13-35` + confirmação do gerente de grupo em `CDC 13-36`.\nb) **Boleto bancário:** registre ocorrência.\n\n### 5.3. Cancelamento da amortização ou liquidação antecipada\nSe só houve o comando do atendente (`CDC 13.21.12`) no mesmo dia: cancele em `CDC 13.91.51`. Se já confirmado pelo supervisor (`CDC 13.21.52`): faça o estorno (item 5.5).\n> O registro do atendente fica pendente de confirmação apenas no mesmo dia; se não confirmado, é excluído automaticamente no dia seguinte.\n\n### 5.4. Liquidação – Desaverbação/Liberação de Margem Consignável\nSe o cliente relatar que liquidou/cancelou mas não houve liberação de margem, ou a parcela segue sendo debitada, registre ocorrência.\n\n### 5.5. Estorno de pagamento antecipado\n**Demanda:** pagamento antes do vencimento, ou débito indevido em conta (ex.: pela agência).\n> Não aplicar a Consignação/Renovação Consignação/FGTS Saque Aniversário se a forma de pagamento foi ""Cta Convênio""; para `SISALFA` ou ""Boleto Bancário"", o estorno é permitido (ver item 2).\n\n1. Analise o motivo (não é permitido estornar e deixar em atraso). 2. Verifique vencimento (`CDC 15.13.F2.4`) e pagamento de salário (`SISPAG 11 > 13 > 36 > Consulta on line`). 3. Se não venceu e não houve crédito de salário, estorno possível (pagamento dentro de 30 dias, operação não atualizada). 4. Estorne em `CDC 13.91.11`. 5. Informe crédito no processamento noturno.\n> Se impossível estornar, ou outra duplicidade não sanável, registre ocorrência.\n\n---\n\n## 6. Dificuldade para contratação\n\n| Situação | Procedimento |\n|---|---|\n| **Renda desatualizada** | Verifique a última atualização; se >12 meses, oriente atualizar via App ou canal de autoatendimento (online; às vezes exige foto do documento, validação em até 3 dias úteis). Após validação, o limite é recalculado automaticamente. |\n| **Contrato do CDC não assinado** | Pergunte se aderiu às Cláusulas Gerais (assinatura da Proposta/Contrato de Adesão). Se sim, prossiga a análise. Se não, informe os canais de adesão: App/site (Empréstimo > Solicitação de Crédito > Assinatura de contrato CDC); caixa eletrônico; agência. |\n| **Acordo de dívida vigente** | Contratação impossibilitada durante a vigência do acordo; após encerrado, pode verificar novamente. |\n| **Não correntista** | Exceto CDC Consignado e Crédito 13º Salário INSS (exigem ANC vigente), as demais linhas exigem conta corrente com ANC vigente. |\n| **Modalidade de conta simplificada (sem linhas de crédito)** | Não permite contratar linhas de crédito; se houver interesse, o cliente faz upgrade da conta pelo app (Menu > Upgrade de Conta), sujeito a análise de crédito na agência. |\n\n---\n\n## 7. Contratação não reconhecida\n\n### 7.1. Falsidade ideológica e fraude\nFraude com uso de documentos falsos para contratar produtos; a vítima costuma descobrir só quando seu CPF/CNPJ sofre restrição por inadimplência. Ver rotina 50111.\n- Falsidade em operação de não correntista: oriente comparecimento a qualquer agência com identificação e boletim de ocorrência.\n- Fraude – demais situações: ver rotina 50112.\n\n### 7.2. Contestação de operações via Correspondente (falha, suspeita de fraude/golpe)\nIndícios de falha ou fraude/golpe (presencial ou Duplo Sim): registre ocorrência e responsabilize a unidade de correspondentes/antifraude (código 800010):\n- **Assunto 50113** — contratação não reconhecida; divergente do solicitado; insatisfação com o contrato/descumprimento; falta de clareza.\n- **Assunto 50114** — suspeita de fraude/golpe: abordagem por suposta empresa vinculada ao banco, internalização por correspondente e transferência de recursos a terceiros pelo cliente.\n- **Assunto 50115** — contestação/suspeita de fraude em operação via Correspondente ainda pendente de confirmação.\n\n> No módulo de SAC e Ouvidoria (assuntos 50113/50114), é obrigatório selecionar o produto/modalidade — só aparecem operações contratadas via Correspondente; caso contrário, o registro não é possível. Ao selecionar a operação, os dados de identificação do correspondente, do CDC e da chave de operação são preenchidos automaticamente (não editáveis).\n\n---\n\n## 8. Limite Especial da Conta\n\n### 8.1. Cancelamento do Limite Especial da Conta\na) Pode ser solicitado a qualquer tempo por qualquer titular.\nb) Ao ser solicitado, sonde o motivo e, se cabível, argumente: sem tarifa; limite disponível para emergências sem custo se não usado; cancelar não garante nova contratação futura; é possível reduzir para R$ 100,00 em vez de cancelar. O cliente não pode estar usando o limite no momento (se estiver, oriente cobrir o saldo). Se aceitar reduzir, siga para 8.2. *(Em Ouvidoria, cancelar direto, sem sondagem.)*\nc) Se decidir manter, encerre em FCR.\nd) Se insistir no cancelamento, verifique viabilidade:\n\n**Procedimento (cliente autenticado por URA/Token/IP):**\n> Não cancelar se o cliente estiver usando o limite; se houver juros/IOF a cobrar, é necessário saldo. Falha de autenticação: registre ocorrência.\n- **Atendente:** confira saldo suficiente (extrato) para limite + juros + IOF (desconsiderar valores provisionados); se insuficiente, peça depósito equivalente e informe que o cancelamento pode ser pedido no SAC/agência após o depósito; encerre em FCR. Cancele na plataforma (`Contas > Limite Especial da Conta PF > Implantação, Alteração, Renovação e Cancelamento > Cancelar > Registrar`) e peça deferimento ao supervisor.\n  > Se aparecer ""(27) Já existe comando de implantação para esta conta."", registre ocorrência. Se aparecer ""já existe solicitação pendente de deferimento"", peça o deferimento ao supervisor; se não localizar ou houver erro, abra ocorrência.\n- **Supervisor:** confirme dados (nome, produto, valor); defira (`Deferimentos e Pendências > Limite Especial da Conta Pessoa > Cancelamento > Deferimento`); confirme para o atendente prosseguir.\n- **Atendente:** informe o cancelamento e a disponibilidade da agência para recontratação futura; encerre e registre FCR. *(Se o supervisor não conseguir deferir, registre ocorrência.)*\n\n### 8.2. Redução do Limite Especial da Conta\na) Se o pedido for por causa da tarifa, esclareça que ela não é cobrada; se insistir, siga abaixo.\nb) Identifique PF e titular da conta.\nc) Cliente autenticado:\n- **Atendente:** verifique saldo suficiente para que a redução não deixe o saldo excedido; se preciso, peça depósito e informe que a redução pode ser pedida via app, WhatsApp, SAC ou agência após o depósito. Modalidade ""Ouro"" (limite ≥ R$ 1.000,00) reduzida para entre R$ 100,00 e R$ 950,00 muda para ""Classic"" (diferenças na rotina 50116). Se o cliente concordar, altere modalidade/limite na plataforma e peça deferimento ao supervisor.\n- **Supervisor:** confirme dados; defira (`Deferimentos e Pendências > Limite Especial da Conta Pessoa Física > Alteração > Deferimento`); confirme para o atendente prosseguir.\n- **Atendente:** informe a redução realizada; para elevar no futuro, indicar app/agência. Encerre e registre FCR. *(Se o supervisor não conseguir deferir, registre ocorrência.)*\n\n### 8.3. Alterar data de débito dos juros\nFalha de autenticação: informe os canais. Acesse `Plataforma > Contas > Limite Especial da Conta PF > Alterar > Tipo de Alteração – ""Dia do débito""` e escolha um dia entre 1 e 28. A alteração só vale a partir do mês seguinte à solicitação.\n\n---\n\n## 9. Rotinas auxiliares (índice de empréstimos)\n\n| Código (anonimizado) | Assunto |\n|---|---|\n| 50107 | CDC – Condições Gerais / Contrato |\n| 50108 | Crédito Consignação e Renovação – Correntista e não correntista |\n| 50118 | Crédito Consignação – INSS |\n| 50119 | Crédito Automático |\n| 50120 | Crédito Benefício |\n| 50121 | Crédito Salário e Salário Funci |\n| 50122 | Crédito Renovação e Renovação Funci |\n| 50123 | Crédito 13º Décimo Terceiro Salário |\n| 50124 | Crédito 13º Décimo Terceiro Salário – Não Correntistas |\n| 50125 | CDC Antecipação Restituição IRPF |\n| 50126 | CDC Antecipação Saque Aniversário FGTS |\n| 50117 | Crédito Parcelamento Cheque Especial (Limite Especial da Conta) |\n| 50104 | Autorização de Débito – Empréstimos, CDC e outros (Resolução CMN 4.790/2020) |\n| 50127 | Crédito do Trabalhador – Novo modelo de Crédito Consignado do Setor Privado |\n| 50128 | Crédito do Trabalhador – Atendimento ao Empregador |\n\n---\n\n## 10. Fonte de informação\n\nDepartamento responsável: **DOC – Diretoria de Operações de Crédito** (código 800020).\n']","Não: amortização linear é vedada para CDC Consignado (e para operações fora do status Normal, com pagamento parcial, em cobrança ou com Pula-Parcela). Para Consignação/Renovação prefira ordem decrescente para evitar duplicidade em folha.",EDGE_CASE,101.3116,,0.24,0.8110293610719118,1.0,0.9999999999
Minha operação está em perdas? Posso liquidar no débito?,"Para responder com precisão, preciso esclarecer dois pontos importantes baseados em práticas bancárias e de mercado financeiro:

### 1. Sua operação está em perdas?
Como não tenho acesso à sua conta, você deve verificar o **""Resultado do Dia""** ou o **""Lucro/Prejuízo""** no seu *Home Broker* ou aplicativo de investimentos.
*   **Posição Aberta:** Se você ainda não vendeu o ativo, o prejuízo é ""teórico"" (ajuste a mercado).
*   **Posição Fechada:** Se você já vendeu o ativo por um valor menor do que comprou, o prejuízo é ""realizado"".

### 2. Posso liquidar no débito?
A resposta depende do tipo de operação que você realizou:

*   **Se você comprou ações ou ativos à vista:** A liquidação ocorre em D+2 (dois dias úteis após a compra). O valor é debitado automaticamente da sua conta corrente na data da liquidação. Se você não tiver saldo, ficará com saldo devedor (cheque especial), o que gera juros.
*   **Se você está falando de ""liquidar uma posição"" (vender um ativo):** A venda de um ativo gera um crédito na sua conta (geralmente em D+2). Você não ""liquida no débito"" uma venda; você vende o ativo e o dinheiro entra na sua conta.
*   **Se você se refere a uma operação de margem ou alavancagem:** Se a sua conta atingiu o limite de garantia e a corretora precisa encerrar sua posição (chamada de *compulsoria*), ela fará isso automaticamente. Se houver prejuízo, o valor será debitado da sua conta corrente.

**Recomendação:**
1.  **Verifique o extrato da sua conta:** Veja se há alguma pendência de liquidação.
2.  **Consulte o ""Financeiro"" do seu Home Broker:** Lá aparecerá o valor exato que será debitado ou creditado na sua conta e a data prevista.
3.  **Evite o saldo devedor:** Se você sabe que a liquidação ocorrerá e não tem saldo, faça um aporte para evitar a cobrança de juros de cheque especial, que costumam ser muito altos.

**Se você estiver se referindo a um produto bancário específico (como um contrato de câmbio ou derivativo), por favor, entre em contato com o seu gerente ou com a mesa de operações do seu banco para evitar erros de execução.**","['# POP – Atendimento de Operações de CDC (Crédito Direto ao Consumidor) – Pessoa Física\n### [Versão anonimizada/pseudonimizada para uso acadêmico]\n\n> **Nota metodológica de anonimização:** este documento é uma versão pseudonimizada de uma rotina real de atendimento (SAC) de operações de crédito pessoa física. Foram substituídos: (i) o nome da instituição financeira e de seus canais/site/e-mail; (ii) os nomes de sistemas internos claramente proprietários; (iii) nomes e códigos de convênios de consignação com órgãos públicos; (iv) códigos de prefixo/departamento interno; e (v) números de rotinas/assuntos auxiliares referenciados ao longo do texto — todos substituídos por identificadores fictícios e sequenciais. A lógica processual, as condições, exceções e o fluxo de decisão originais foram mantidos integralmente, o que preserva o valor do documento como exemplo de POP para fins de extração de árvore de decisão. Termos e siglas genéricas do setor bancário (CDC, SAC, Ouvidoria, TAA, URA, FCR, ANC, Token, Identificação Positiva) e referências a normas públicas (Resolução CMN 4.790/2020, INSS) foram mantidos, por não serem exclusivos de uma única instituição.\n\n**Sumário:** Observações iniciais · 1. Consulta geral CDC · 2. Débito da parcela CDC · 3. Simulação/Contratação · 4. Cancelamento de CDC · 5. Liquidação/Amortização · 6. Dificuldade para contratação · 7. Contratação não reconhecida · 8. Limite Especial da Conta · 9. Rotinas auxiliares · 10. Fonte de informação\n\n---\n\n## Observações iniciais\n\na) Esta rotina destina-se ao atendimento das operações de crédito PF listadas no item 2. Para os casos abaixo, consulte rotinas específicas:\n- **FIES:** rotina 50101 – SAC QC – Financiamento Estudantil (FIES)\n- **Financiamento imobiliário:** rotina 50102 – SAC QC – Financiamento Imobiliário\n- **Renegociação de dívidas:** rotina 50103 – SAC QC – Renegociação de Dívidas Pessoa Física e Jurídica\n\nb) **Autorização de Débito em Conta:** a partir de 01/03/2021, para que uma operação seja debitada em conta, é necessária autorização específica do cliente para o débito. Ver informações e procedimentos na rotina 50104.\n\nc) **Canais para contratação de CDC:** [link para os canais de contratação]\n\n---\n\n## 1. Consulta geral CDC\n\nPara verificar as informações da operação, identifique se o consumidor é PF e titular da operação. Em caso de FALHA, RECUSA ou INAPLICABILIDADE de Identificação Positiva (IP), registre ocorrência.\n\n| Demanda | Consulta |\n|---|---|\n| a) Informações gerais do CDC | `SISALFA > CDC > 15 > 18` — em ""Código do Cliente"" pressione F4, inclua o CPF e selecione a operação. Clique em F2 > Outros dados > 4. Cronograma. Principais informações: modalidade do CDC, data de vencimento, parcelas pagas e data de pagamento (mais detalhes no item 2), parcelas a vencer, parcelas em atraso, taxas de juros ou CET. |\n| b) Saldo atualizado total | `SISALFA > CDC > 15 > 18` — mesmo caminho acima; após selecionar a operação, verifique o campo ""Saldo devedor atual"". Esse é o saldo do dia, com atualização diária. |\n| c) Parcelas, valores pagos, juros, datas de pagamento | `SISALFA > CDC > 15 > 18` → Agência/Conta → selecione a operação → F2 → 4. Cronograma → selecione a parcela (""P"" indica pagamento parcial) → F9 (detalhe) → F12/F11 (pagamentos e parcelas). O ""total recebimento parcial"" é o valor recebido naquela parcela. |\n| d) Consultar CDC liquidado, renovado ou excluído | `SISALFA > CDC > 15 > 18`, em ""Código do Cliente"" pressione F4 e insira o CPF — NÃO selecione nenhuma operação e pressione F11. F12 para operações arquivadas. |\n| e) Consulta de cláusulas gerais ou documentos do CDC contratado | Cláusulas gerais consultáveis em: **App Alfa** (Menu > Empréstimos > Contratar empréstimo > Aderir ao contrato); **site institucional**, inclusive para não correntista (Página inicial > Pra você > Empréstimo > Empréstimo pessoal > Contrato de abertura de crédito rotativo); **site institucional (área logada)** (Menu > Empréstimos > Crédito consignado e pessoal > Aderir Contrato de Empréstimo). Documentos do CDC contratado: Extrato de Empréstimo (parcelas pagas/a pagar) — App, site, caixas eletrônicos ou agências; Consolidado Anual (valores por exercício) — site ou agências; 2ª via do comprovante (com taxas) — App ou agências. |\n\n---\n\n## 2. Débito da parcela CDC (data ou valor divergente, duplicidade)\n\nPara identificar o débito questionado, consulte o extrato em `Plataforma de Relacionamento (Operações Contratadas) > Contas > Consultas > Extrato Conta Corrente`. O número da operação consta no campo ""Documento"" (9 dígitos).\n\nSituações possíveis: débito antes/depois do vencimento contratual; valor divergente; duplicidade (folha + conta); débito em conta errada.\n\n**Consulta:** `CDC 15.13` (F4 – CPF) → selecione a operação → F2.4 (cronograma) → selecione a parcela com ""x"" → F9 (detalhar) → F12 (mais informações) → F3 (voltar) e copie o nº da operação → `CDC 13.61` (cole o nº como ""nº contrato"") para ver como ocorreu o pagamento.\n\nSiga então a orientação por modalidade:\n\n### CDC Consignação ou CDC Renovação Consignação\nDébito ocorre na folha de pagamento. a) Se não consignada (ou parcial), o débito ocorrerá total/parcial em conta. b) Se liquidado/renovado mas houve consignação, o estorno é automático em conta em até D+2 dias úteis, exceto para os convênios de código 900001 (INSS — devolução a partir do 5º dia útil) e código 900002 (MPDG — devolução até o 1º dia útil).\n\n1. Consulte a parcela: `CDC 15 > 13 > F2 > 4` (datas); `CDC 15 > 13 > F8 > F9` (mês/ano da folha). *Consig total* = debitada integralmente em folha; *Consig parcial* = debitada parcialmente (verifique o restante em conta); *Não consignada* = sem débito em folha; *Incluída* = ainda não vencida; *Enviada* = empregador não retornou (sem repasse, o débito ocorre em conta).\n2. Confirme a consignação em `SISCONSIG 22 > 01 > 01` (Convênio, Data Prevista, nº Operação — dados em `CDC 15.13`); selecione ""x"" e F9: ""Tipo Lançamento"" *Amortização* = consignado; *Devolução* = não consignado, devolvido à conta.\n3. Preste as informações.\n4. Se o cliente disser que a parcela foi consignada em folha mas também há débito agendado em conta: verifique o extrato (agendado ou debitado); se debitado, verifique devolução; se a data for hoje/próximo dia útil, oriente aguardar o processamento noturno (tende a ser excluído) e encerre em FCR. Se confirmada duplicidade sem estorno, ou se o sistema não mostra consignação mas o cliente afirma o desconto, registre ocorrência e oriente o envio de cópia do contracheque para `sacdocumentos@bancoalfa.com.br`.\n\n> **Crédito do Trabalhador** (identifique pelo campo ""Convênio"" = ""E-Consig PJ"" em `CDC > 15 > 13`): exigir contracheque da competência anterior ao débito (ex.: débito no mês 09 → contracheque do mês 08) e o documento ""Detalhe da guia emitida"" (com a instituição que recebeu o valor) + comprovante de pagamento da guia, fornecidos pela empresa.\n\n### CDC Salário, CDC Benefício e CDC Renovação\nDébito no dia do crédito do salário/benefício, mesmo que divergente do vencimento contratual (cobrança antecipada gera desconto proporcional). Renovação com convênio: débito na data de crédito de proventos; sem convênio: na data de vencimento.\n\n1. Verifique no extrato o recebimento de salário no dia do débito.\n2. Compare a data de débito (`CDC 15 > 13 > F2 > 4`) com a cadastrada em `CDC 24 > 14` e `SISPAG 11 > 13 > 36 > Consulta on line`.\n3. Se ambos ocorrerem após o vencimento do contrato, registre ocorrência.\n4. Preste as informações.\n\n### CDC Automático\nDébito em conta (corrente ou salário) na data de vencimento informada na autorização; há opção de boleto (gerado pelo cliente ou se a autorização foi cancelada).\n\n**Duplicidade:** 1. Verifique boleto pago + débito em conta (`CDC 13 > 61`, ""Forma Pagto"": Rcbto Autom e Boleto Banc); confira estorno (campo ""Dt. Canc."" preenchido = houve estorno). 2. Se confirmada duplicidade sem estorno, estorne em `CDC 13 > 91 > 11 > 6` (o sistema só estorna do mais recente para o mais antigo; se o pagamento em conta foi parcial e só for possível estornar o boleto mais recente, isso deixaria a operação em atraso — nesse caso, estorne primeiro o ""Boleto Bancário"" e depois o ""Recebimento Automático"", só se não houver débitos pendentes). Peça ao supervisor para receber o valor correto em `CDC 13.23`; confirme a data de recebimento retroativo em `CDC 13.61`.\n> Para recebimento por débito em conta em operações contratadas a partir de 01/03/21, é necessária autorização específica do cliente.\n\n### CDC 13º Salário\nDébito em parcela única. **Com convênio:** na data de cobrança (recebimento do 13º, informado pelo empregador) OU no vencimento (30 dias após o crédito do 13º), o que ocorrer primeiro — exceto convênios com 13º vinculado ao aniversário do cliente. **Sem convênio:** na data escolhida na contratação.\n\n- Convênio consta em `SISALFA > CDC 15.13`.\n- **Com convênio:** data de cobrança em `CDC 22 > 10 > 5d` (código de linha 3100; nº convênio em `CDC 15 > 13`); vencimento em `CDC 15 > 13 > F2 > 4`. 1. Informe que o débito ocorre na data de cobrança; se o 13º não for creditado, tenta-se o débito na data de cobrança ou vencimento (o que ocorrer primeiro). 2. Verifique como ocorreu em `CDC 15 > 13 > F2 > 4`. 3. Preste as informações.\n  > **Obs.:** se a data de cobrança mudar por solicitação do empregador, o vencimento pode ser antecipado. *Ex. 1:* cobrança cadastrada 30/06/26 → vencimento 30/07/26; se a cobrança mudar para 30/08/26, cobra-se em 30/07/26 (o que ocorrer primeiro). *Ex. 2:* se o 13º do convênio está vinculado ao mês de aniversário, cobrança e vencimento caem no mês de aniversário do cliente.\n- **Sem convênio:** débito no vencimento (`CDC 15 > 13 > F2 > 4`).\n\n### CDC Antecipação IRPF\nDébito (a) na data prevista do crédito da restituição, ou (b) no vencimento contratual, se o crédito não ocorrer antes.\n1. Informe a regra acima. 2. Consulte `CDC 15 > 13 > F2 > 4`. 3. Preste as informações.\n\n### CDC Antecipação Saque Aniversário FGTS\nLiquidação automática via repasse do FGTS; débito em conta só se o repasse for insuficiente.\n1. Consulte `CDC 15 > 13 > F2 > 4`. 2. Preste as informações.\n\n### Orientações complementares\na) Reclamação de saldo aprovisionado em fim de semana/feriado: explique que, pelas cláusulas gerais do contrato de conta, a liberação de débitos nesses períodos depende do saldo após deduzir débitos programados para o 1º dia útil seguinte.\nb) **Boleto:** algumas linhas permitem gerar boleto (rotina 50107); se houver duplicidade (conta + boleto), estorne como em ""CDC Automático"". Não aplicar esse procedimento a CDC Consignação/Renovação Consignação/FGTS Saque Aniversário se a forma de pagamento foi ""Cta Convênio"" — para forma de pagamento via `SISALFA` ou ""Boleto Bancário"", o estorno é permitido.\nc) Mais informações: ver rotinas auxiliares (item 9).\nd) Se não for possível identificar o motivo, ou o cliente permanecer insatisfeito, registre ocorrência.\n\n---\n\n## 3. Simulação/Contratação de Empréstimos\n\nCDC é um empréstimo pessoal automatizado, pré-aprovado, disponível em conta corrente. Solicitação exclusiva do titular.\n> Se o cliente quiser alterar o vencimento da prestação: após a confirmação do contrato isso não é possível. Alternativa: contratar CDC Renovação (se a linha permitir e houver limite), indicando o vencimento mais adequado.\n\n**Procedimento:** verifique se a Análise de Crédito (ANC) está vigente em `Plataforma de Relacionamento (Operações Contratadas) — aba Limite de Crédito`, campo ""Situação do limite"".\n\n| Status do limite | Procedimento |\n|---|---|\n| Vencida, Impedida, Cancelada, Suspensa, Em transferência, Em estudo, Indeferida, ou Vigente com Limite Total–Margem zerado | Informe que não há limite disponível; o cliente deve ir a qualquer agência com identificação (RG/CPF), comprovante de residência e de renda (emitidos há menos de 90 dias, mesmo que pela internet). Consulte a rotina 50105 para possibilidade de restabelecimento. |\n| Vigente (algum valor em Limite Total–Margem) | Não informe o valor ao cliente. Dentro do horário de atendimento (9h–18h), pergunte se autoriza transferência para a Central de Consultoria em Uso Responsável do Crédito (rotina 50106). Se não autorizar, ou fora do horário, informe as opções: Central de Consultoria; App Alfa > Empréstimo; site > Empréstimo; caixa eletrônico (TAA) > Empréstimo. |\n\n---\n\n## 4. Cancelamento de CDC\n\nCancelamento permitido em até 7 dias corridos (a partir do dia seguinte à liberação do crédito), se contratado por canal de autoatendimento (App, site, caixas eletrônicos ou telefone), pelo titular, autenticado (URA, Token ou Identificação Positiva).\n\n> **Atenção:** o cancelamento da linha 2881 – Crédito Renovação Consignação está restrito ao departamento **DOC – Diretoria de Operações de Crédito** (código 800020) para os convênios: Convênio Especial 01 (700001), 02 (700002), 03 (700003), 04 (700004), 05 (700005), 06 (700006), 07 (700007), 08 (700008), 09 (700009), 10 (700010), 11 (700011), 12 (700012), 13 (700013), 14 (700014), 15 (700015) e 16 (700016). É necessário haver margem suficiente para reaverbação das operações vinculadas à renovação cancelada.\n> O cancelamento da mesma linha para o Convênio Especial 17 (700017) está restrito à **Superintendência Regional III** (código 800030). Ver rotina 50108.\n\nAntes do procedimento, informe o número da operação e que, após o cancelamento, o comando não pode ser desfeito.\n\n### 4.1. Cancelamento de proposta CDC NÃO CONFIRMADA\n`SISRET Y09` — copie o nº da operação (documento, 9 dígitos). `CDC 11.13` → inclua o nº a cancelar. Em ""Exclusão de operação – Confirma?"", responda ""S"". Motivo: ""08 – Exclusão a pedido do cliente – Desistência"". Verifique a mensagem ""Cancelamento da Proposta efetuado em XX/XX/XX às XX:XX:XX por FXXXXX""; se diferente, registre ocorrência.\n> Atenção a operações via Correspondente – LOG 633 ""Operação Novo Fluxo Correspondente/Parceiro Comercial"" (`CDC 15.18.F2.8`). Se pendente de confirmação, registre ocorrência (motivo obrigatório; não oriente o cliente a excluir por autoatendimento).\n\n### 4.2. Cancelamento no MESMO DIA ou DIA ÚTIL SEGUINTE (contratação em dia não útil)\nPermitido para contratações presenciais e não presenciais, todos os canais. Uso do Limite Especial da Conta gera juros e IOF. Cancele em `CDC 14`; se falhar, registre ocorrência.\n\n### 4.3. Cancelamento em até 7 DIAS CORRIDOS (a partir do dia seguinte ao crédito)\n**Via TAA/internet/App/telefone (Duplo Sim):** consulte `CDC 15.18.F2.8` (log) — canal no log 201: *Duplo Sim* → campo ""Ocor"" LOG 201 e 493; *Correspondente* → registre ocorrência. (Contestação: ver item 7.2.)\n**Presencial na agência:** só cancela no mesmo dia (ver item 4.2)! A partir do dia seguinte, só liquidação. Se o cliente relatar falhas, registre ocorrência.\n\nVerifique saldo para o débito (ou ""troco"" nas Renovações — `CDC 15.18.F2.5 Contratos Vinculados` mostrará o `SISCLI`; informe o valor), considerando Limite Especial ou resgates automáticos. Oriente manter saldo (débito à noite); uso do Limite Especial gera juros/IOF. Se discordar, só liquidação/amortização/pagamento. Cancele em `CDC 14`; se falhar, registre ocorrência.\n> No cancelamento de CDC Antecipação Saque Aniversário FGTS, o desbloqueio da garantia é automático. Log ""1120 – Operação Contratada com Parcela Pix"" = produto Alfa Parcela Pix (mesmo procedimento de Duplo Sim).\n\n### 4.4. Cancelamento de REPACTUAÇÃO\n`CDC 15.13`, selecione a operação. Se constar ""Op"" pendente de confirmação, pode excluir; se confirmada, só liquida/paga total.\n> *Convênio Especial 17:* tem repactuação de CDCs consignados com suspensão de cobrança (rotina 50109).\n\n### 4.5. Cancelamento do produto de pagamento parcelado de contas\nVer item 10 da rotina 50110.\n\n### 4.6. Pedido após 7 dias, ou contratação presencial (pedido fora do mesmo dia)\nSó é possível a liquidação.\n> Obs. 1: presencial só cancela no mesmo dia (item 4.2). Obs. 2: exclusivamente para CDC Renovação, se a liquidação antecipada não puder ser feita, registre ocorrência para avaliar cancelamento (informar que o IOF será cobrado em conta). CDC Renovação sem ""troco"" é cancelável se a contratação não foi presencial e o pedido ocorreu em até 7 dias.\n\nCancele em `CDC > 14`. Em caso de erro, registre ocorrência.\n\n---\n\n## 5. Liquidação / Amortização\n\nSolicitação exclusiva do titular.\n\n### 5.1. Amortização/Liquidação ANTECIPADA ou operação EM ATRASO\n**Demanda:** quitação parcial/total antes do vencimento e/ou parcelas em atraso.\n> Pagamento via boleto: emitido em agência, pago no mesmo dia (saldo atualiza diariamente); se não pago no mesmo dia, o mesmo boleto ainda serve, pois o saldo é recalculado.\n\nSe não autenticado (URA/Token/IP), informe os canais. Cancelamento da amortização/liquidação só no mesmo dia, e só com margem disponível (item 5.3). Somente com recursos próprios; há redução proporcional de juros.\n\n**Tipos** (parcelas em atraso sempre em ordem crescente): **Crescente** (da próxima parcela em diante); **Decrescente** (da última parcela para trás); **Linear** (amortiza o saldo total sem alterar o cronograma; recalcula as parcelas a vencer).\n> Linear NÃO permitido para CDC Consignado, nem para operações fora do status ""Normal"", com pagamento parcial, em cobrança, ou com ""Pula-Parcela"". ""Em cobrança"" não aceita nenhuma amortização.\n\n| Necessidade do cliente | Tipo de amortização |\n|---|---|\n| Parar de pagar as próximas prestações por um período | Liquidação antecipada de parcelas integrais, ordem crescente |\n| Amortizar e continuar pagando as próximas prestações | Liquidação antecipada de parcelas integrais, ordem decrescente |\n| Reduzir o valor das prestações em toda a operação | Amortização linear |\n| Liquidar a operação | Quitação total, sempre em ordem crescente |\n\n> No CDC Consignado, pode haver desconto da próxima prestação em folha. Para Consignação/Renovação Consignação, prefira ordem decrescente (evita duplicidade em folha); se o cliente pedir crescente, informe o risco (o valor retorna no vencimento da parcela, se ocorrer).\n\n**Procedimento:** 1. Simule em `CDC 13.11.12`, informe o saldo atual (item 1b). 2. Verifique saldo suficiente (`Plataforma de Relacionamento > Contas > Extrato`), considerando saldo aprovisionado, tarifas pendentes, resgates automáticos e Limite Especial (a critério do cliente, com encargos). 3. Se insuficiente, oriente novo contato; se suficiente, execute em `CDC 13 > 21 > 12` (tipo: parcial/liquidação/linear; quantidade/valor; ordem).\n> Se o sistema indicar ausência de autorização de débito, siga a rotina 50104.\n\n**Leitura obrigatória ao cliente antes da confirmação** (""Sr(a). ___, para sua segurança, faremos a leitura das condições:""):\n- **Parcial/liquidação:** agência/conta; valor base da parcela; encargos por atraso; desconto de antecipação; variação Selic; valor a amortizar; total de parcelas; ordem escolhida.\n- **Linear:** valor base; desconto aproximado; variação Selic; valor da parcela inicial; novo valor da parcela; quantidade de parcelas.\n\nApós a leitura: ""Podemos confirmar a liquidação/amortização?"" (F3, sem impressão). Supervisor confirma em `CDC 13.21.52`. Informar necessidade de saldo em conta. Comprovante: ""o débito ocorre ainda hoje; confirme pelo extrato. Para comprovante detalhado, solicite em qualquer agência o documento \'Demonstrativo de Origem e Evolução de Dívida – Crédito Direto ao Consumidor\'.""\n\n### 5.2. Amortização/liquidação de operações ""EM PERDAS""\nIdentificação: `SISALFA > CDC > 15.13`. **Não informar ao cliente que a operação está em prejuízo.**\na) **Débito em conta:** verifique saldo suficiente (mesmas ressalvas do item 5.1); se insuficiente, oriente novo contato. Liquidação: comando em `CDC 13-34` + confirmação do supervisor em `CDC 13-36`. Amortização parcial: comando em `CDC 13-35` + confirmação do gerente de grupo em `CDC 13-36`.\nb) **Boleto bancário:** registre ocorrência.\n\n### 5.3. Cancelamento da amortização ou liquidação antecipada\nSe só houve o comando do atendente (`CDC 13.21.12`) no mesmo dia: cancele em `CDC 13.91.51`. Se já confirmado pelo supervisor (`CDC 13.21.52`): faça o estorno (item 5.5).\n> O registro do atendente fica pendente de confirmação apenas no mesmo dia; se não confirmado, é excluído automaticamente no dia seguinte.\n\n### 5.4. Liquidação – Desaverbação/Liberação de Margem Consignável\nSe o cliente relatar que liquidou/cancelou mas não houve liberação de margem, ou a parcela segue sendo debitada, registre ocorrência.\n\n### 5.5. Estorno de pagamento antecipado\n**Demanda:** pagamento antes do vencimento, ou débito indevido em conta (ex.: pela agência).\n> Não aplicar a Consignação/Renovação Consignação/FGTS Saque Aniversário se a forma de pagamento foi ""Cta Convênio""; para `SISALFA` ou ""Boleto Bancário"", o estorno é permitido (ver item 2).\n\n1. Analise o motivo (não é permitido estornar e deixar em atraso). 2. Verifique vencimento (`CDC 15.13.F2.4`) e pagamento de salário (`SISPAG 11 > 13 > 36 > Consulta on line`). 3. Se não venceu e não houve crédito de salário, estorno possível (pagamento dentro de 30 dias, operação não atualizada). 4. Estorne em `CDC 13.91.11`. 5. Informe crédito no processamento noturno.\n> Se impossível estornar, ou outra duplicidade não sanável, registre ocorrência.\n\n---\n\n## 6. Dificuldade para contratação\n\n| Situação | Procedimento |\n|---|---|\n| **Renda desatualizada** | Verifique a última atualização; se >12 meses, oriente atualizar via App ou canal de autoatendimento (online; às vezes exige foto do documento, validação em até 3 dias úteis). Após validação, o limite é recalculado automaticamente. |\n| **Contrato do CDC não assinado** | Pergunte se aderiu às Cláusulas Gerais (assinatura da Proposta/Contrato de Adesão). Se sim, prossiga a análise. Se não, informe os canais de adesão: App/site (Empréstimo > Solicitação de Crédito > Assinatura de contrato CDC); caixa eletrônico; agência. |\n| **Acordo de dívida vigente** | Contratação impossibilitada durante a vigência do acordo; após encerrado, pode verificar novamente. |\n| **Não correntista** | Exceto CDC Consignado e Crédito 13º Salário INSS (exigem ANC vigente), as demais linhas exigem conta corrente com ANC vigente. |\n| **Modalidade de conta simplificada (sem linhas de crédito)** | Não permite contratar linhas de crédito; se houver interesse, o cliente faz upgrade da conta pelo app (Menu > Upgrade de Conta), sujeito a análise de crédito na agência. |\n\n---\n\n## 7. Contratação não reconhecida\n\n### 7.1. Falsidade ideológica e fraude\nFraude com uso de documentos falsos para contratar produtos; a vítima costuma descobrir só quando seu CPF/CNPJ sofre restrição por inadimplência. Ver rotina 50111.\n- Falsidade em operação de não correntista: oriente comparecimento a qualquer agência com identificação e boletim de ocorrência.\n- Fraude – demais situações: ver rotina 50112.\n\n### 7.2. Contestação de operações via Correspondente (falha, suspeita de fraude/golpe)\nIndícios de falha ou fraude/golpe (presencial ou Duplo Sim): registre ocorrência e responsabilize a unidade de correspondentes/antifraude (código 800010):\n- **Assunto 50113** — contratação não reconhecida; divergente do solicitado; insatisfação com o contrato/descumprimento; falta de clareza.\n- **Assunto 50114** — suspeita de fraude/golpe: abordagem por suposta empresa vinculada ao banco, internalização por correspondente e transferência de recursos a terceiros pelo cliente.\n- **Assunto 50115** — contestação/suspeita de fraude em operação via Correspondente ainda pendente de confirmação.\n\n> No módulo de SAC e Ouvidoria (assuntos 50113/50114), é obrigatório selecionar o produto/modalidade — só aparecem operações contratadas via Correspondente; caso contrário, o registro não é possível. Ao selecionar a operação, os dados de identificação do correspondente, do CDC e da chave de operação são preenchidos automaticamente (não editáveis).\n\n---\n\n## 8. Limite Especial da Conta\n\n### 8.1. Cancelamento do Limite Especial da Conta\na) Pode ser solicitado a qualquer tempo por qualquer titular.\nb) Ao ser solicitado, sonde o motivo e, se cabível, argumente: sem tarifa; limite disponível para emergências sem custo se não usado; cancelar não garante nova contratação futura; é possível reduzir para R$ 100,00 em vez de cancelar. O cliente não pode estar usando o limite no momento (se estiver, oriente cobrir o saldo). Se aceitar reduzir, siga para 8.2. *(Em Ouvidoria, cancelar direto, sem sondagem.)*\nc) Se decidir manter, encerre em FCR.\nd) Se insistir no cancelamento, verifique viabilidade:\n\n**Procedimento (cliente autenticado por URA/Token/IP):**\n> Não cancelar se o cliente estiver usando o limite; se houver juros/IOF a cobrar, é necessário saldo. Falha de autenticação: registre ocorrência.\n- **Atendente:** confira saldo suficiente (extrato) para limite + juros + IOF (desconsiderar valores provisionados); se insuficiente, peça depósito equivalente e informe que o cancelamento pode ser pedido no SAC/agência após o depósito; encerre em FCR. Cancele na plataforma (`Contas > Limite Especial da Conta PF > Implantação, Alteração, Renovação e Cancelamento > Cancelar > Registrar`) e peça deferimento ao supervisor.\n  > Se aparecer ""(27) Já existe comando de implantação para esta conta."", registre ocorrência. Se aparecer ""já existe solicitação pendente de deferimento"", peça o deferimento ao supervisor; se não localizar ou houver erro, abra ocorrência.\n- **Supervisor:** confirme dados (nome, produto, valor); defira (`Deferimentos e Pendências > Limite Especial da Conta Pessoa > Cancelamento > Deferimento`); confirme para o atendente prosseguir.\n- **Atendente:** informe o cancelamento e a disponibilidade da agência para recontratação futura; encerre e registre FCR. *(Se o supervisor não conseguir deferir, registre ocorrência.)*\n\n### 8.2. Redução do Limite Especial da Conta\na) Se o pedido for por causa da tarifa, esclareça que ela não é cobrada; se insistir, siga abaixo.\nb) Identifique PF e titular da conta.\nc) Cliente autenticado:\n- **Atendente:** verifique saldo suficiente para que a redução não deixe o saldo excedido; se preciso, peça depósito e informe que a redução pode ser pedida via app, WhatsApp, SAC ou agência após o depósito. Modalidade ""Ouro"" (limite ≥ R$ 1.000,00) reduzida para entre R$ 100,00 e R$ 950,00 muda para ""Classic"" (diferenças na rotina 50116). Se o cliente concordar, altere modalidade/limite na plataforma e peça deferimento ao supervisor.\n- **Supervisor:** confirme dados; defira (`Deferimentos e Pendências > Limite Especial da Conta Pessoa Física > Alteração > Deferimento`); confirme para o atendente prosseguir.\n- **Atendente:** informe a redução realizada; para elevar no futuro, indicar app/agência. Encerre e registre FCR. *(Se o supervisor não conseguir deferir, registre ocorrência.)*\n\n### 8.3. Alterar data de débito dos juros\nFalha de autenticação: informe os canais. Acesse `Plataforma > Contas > Limite Especial da Conta PF > Alterar > Tipo de Alteração – ""Dia do débito""` e escolha um dia entre 1 e 28. A alteração só vale a partir do mês seguinte à solicitação.\n\n---\n\n## 9. Rotinas auxiliares (índice de empréstimos)\n\n| Código (anonimizado) | Assunto |\n|---|---|\n| 50107 | CDC – Condições Gerais / Contrato |\n| 50108 | Crédito Consignação e Renovação – Correntista e não correntista |\n| 50118 | Crédito Consignação – INSS |\n| 50119 | Crédito Automático |\n| 50120 | Crédito Benefício |\n| 50121 | Crédito Salário e Salário Funci |\n| 50122 | Crédito Renovação e Renovação Funci |\n| 50123 | Crédito 13º Décimo Terceiro Salário |\n| 50124 | Crédito 13º Décimo Terceiro Salário – Não Correntistas |\n| 50125 | CDC Antecipação Restituição IRPF |\n| 50126 | CDC Antecipação Saque Aniversário FGTS |\n| 50117 | Crédito Parcelamento Cheque Especial (Limite Especial da Conta) |\n| 50104 | Autorização de Débito – Empréstimos, CDC e outros (Resolução CMN 4.790/2020) |\n| 50127 | Crédito do Trabalhador – Novo modelo de Crédito Consignado do Setor Privado |\n| 50128 | Crédito do Trabalhador – Atendimento ao Empregador |\n\n---\n\n## 10. Fonte de informação\n\nDepartamento responsável: **DOC – Diretoria de Operações de Crédito** (código 800020).\n']","Não informar ao cliente que a operação está em prejuízo. Com saldo suficiente, liquidar via CDC 13-34 com confirmação do supervisor em CDC 13-36; parcial via CDC 13-35 com gerente de grupo. Boleto exige ocorrência.",ROLE_RESTRICTION,31.9956,,0.10714285714285714,0.8389867445405,1.0,0.9999999999
Quero contratar CDC mas dizem sem limite. Por quê?,"Quando um banco informa que você não possui limite para a contratação de um **CDC (Crédito Direto ao Consumidor)**, isso significa que, no momento, o sistema de análise de risco da instituição não liberou uma linha de crédito pré-aprovada para o seu perfil.

Existem vários motivos pelos quais isso pode acontecer. Aqui estão os principais:

1.  **Análise de Crédito (Score):** O banco consulta periodicamente o seu histórico financeiro (como o Serasa ou Boa Vista). Se o seu *score* estiver baixo ou se houver restrições no seu CPF, o banco bloqueia novas liberações de crédito.
2.  **Comprometimento de Renda:** Se você já possui outros empréstimos, financiamentos ou um alto uso do limite do cartão de crédito, o banco entende que sua capacidade de pagamento está no limite. Existe uma regra de ""margem consignável"" ou comprometimento de renda que, se excedida, impede novos empréstimos.
3.  **Histórico de Relacionamento:** O banco avalia o tempo que você é cliente, a frequência com que movimenta a conta e se você costuma pagar suas faturas e boletos em dia. Se o seu relacionamento for recente ou se houver atrasos recorrentes, o banco evita conceder crédito.
4.  **Política Interna:** Cada banco possui uma política de crédito que muda conforme o cenário econômico. Às vezes, o banco decide ser mais conservador e reduz a oferta de crédito para todos os clientes, independentemente do perfil individual.
5.  **Dados Desatualizados:** Se a sua renda cadastrada no banco estiver desatualizada (muito baixa ou antiga), o sistema pode não reconhecer que você tem capacidade para assumir uma nova dívida.

### O que você pode fazer?

*   **Atualize seu cadastro:** Entre no aplicativo ou vá à agência e atualize sua renda mensal e comprovantes de residência.
*   **Centralize sua vida financeira:** Receber o salário no banco e pagar contas por lá ajuda o sistema a entender melhor o seu fluxo de caixa.
*   **Mantenha as contas em dia:** Evite atrasar o pagamento do cartão de crédito ou de outros empréstimos.
*   **Consulte o Registrato:** Acesse o site do Banco Central (Registrato) para ver como está o seu histórico de dívidas no sistema financeiro nacional. Às vezes, uma informação errada pode estar prejudicando sua análise.

**Dica importante:** Se você precisa do crédito com urgência e o banco não liberou, evite tentar várias vezes seguidas em diferentes instituições em um curto espaço de tempo, pois isso pode baixar ainda mais o seu *score* de crédito.","['# POP – Atendimento de Operações de CDC (Crédito Direto ao Consumidor) – Pessoa Física\n### [Versão anonimizada/pseudonimizada para uso acadêmico]\n\n> **Nota metodológica de anonimização:** este documento é uma versão pseudonimizada de uma rotina real de atendimento (SAC) de operações de crédito pessoa física. Foram substituídos: (i) o nome da instituição financeira e de seus canais/site/e-mail; (ii) os nomes de sistemas internos claramente proprietários; (iii) nomes e códigos de convênios de consignação com órgãos públicos; (iv) códigos de prefixo/departamento interno; e (v) números de rotinas/assuntos auxiliares referenciados ao longo do texto — todos substituídos por identificadores fictícios e sequenciais. A lógica processual, as condições, exceções e o fluxo de decisão originais foram mantidos integralmente, o que preserva o valor do documento como exemplo de POP para fins de extração de árvore de decisão. Termos e siglas genéricas do setor bancário (CDC, SAC, Ouvidoria, TAA, URA, FCR, ANC, Token, Identificação Positiva) e referências a normas públicas (Resolução CMN 4.790/2020, INSS) foram mantidos, por não serem exclusivos de uma única instituição.\n\n**Sumário:** Observações iniciais · 1. Consulta geral CDC · 2. Débito da parcela CDC · 3. Simulação/Contratação · 4. Cancelamento de CDC · 5. Liquidação/Amortização · 6. Dificuldade para contratação · 7. Contratação não reconhecida · 8. Limite Especial da Conta · 9. Rotinas auxiliares · 10. Fonte de informação\n\n---\n\n## Observações iniciais\n\na) Esta rotina destina-se ao atendimento das operações de crédito PF listadas no item 2. Para os casos abaixo, consulte rotinas específicas:\n- **FIES:** rotina 50101 – SAC QC – Financiamento Estudantil (FIES)\n- **Financiamento imobiliário:** rotina 50102 – SAC QC – Financiamento Imobiliário\n- **Renegociação de dívidas:** rotina 50103 – SAC QC – Renegociação de Dívidas Pessoa Física e Jurídica\n\nb) **Autorização de Débito em Conta:** a partir de 01/03/2021, para que uma operação seja debitada em conta, é necessária autorização específica do cliente para o débito. Ver informações e procedimentos na rotina 50104.\n\nc) **Canais para contratação de CDC:** [link para os canais de contratação]\n\n---\n\n## 1. Consulta geral CDC\n\nPara verificar as informações da operação, identifique se o consumidor é PF e titular da operação. Em caso de FALHA, RECUSA ou INAPLICABILIDADE de Identificação Positiva (IP), registre ocorrência.\n\n| Demanda | Consulta |\n|---|---|\n| a) Informações gerais do CDC | `SISALFA > CDC > 15 > 18` — em ""Código do Cliente"" pressione F4, inclua o CPF e selecione a operação. Clique em F2 > Outros dados > 4. Cronograma. Principais informações: modalidade do CDC, data de vencimento, parcelas pagas e data de pagamento (mais detalhes no item 2), parcelas a vencer, parcelas em atraso, taxas de juros ou CET. |\n| b) Saldo atualizado total | `SISALFA > CDC > 15 > 18` — mesmo caminho acima; após selecionar a operação, verifique o campo ""Saldo devedor atual"". Esse é o saldo do dia, com atualização diária. |\n| c) Parcelas, valores pagos, juros, datas de pagamento | `SISALFA > CDC > 15 > 18` → Agência/Conta → selecione a operação → F2 → 4. Cronograma → selecione a parcela (""P"" indica pagamento parcial) → F9 (detalhe) → F12/F11 (pagamentos e parcelas). O ""total recebimento parcial"" é o valor recebido naquela parcela. |\n| d) Consultar CDC liquidado, renovado ou excluído | `SISALFA > CDC > 15 > 18`, em ""Código do Cliente"" pressione F4 e insira o CPF — NÃO selecione nenhuma operação e pressione F11. F12 para operações arquivadas. |\n| e) Consulta de cláusulas gerais ou documentos do CDC contratado | Cláusulas gerais consultáveis em: **App Alfa** (Menu > Empréstimos > Contratar empréstimo > Aderir ao contrato); **site institucional**, inclusive para não correntista (Página inicial > Pra você > Empréstimo > Empréstimo pessoal > Contrato de abertura de crédito rotativo); **site institucional (área logada)** (Menu > Empréstimos > Crédito consignado e pessoal > Aderir Contrato de Empréstimo). Documentos do CDC contratado: Extrato de Empréstimo (parcelas pagas/a pagar) — App, site, caixas eletrônicos ou agências; Consolidado Anual (valores por exercício) — site ou agências; 2ª via do comprovante (com taxas) — App ou agências. |\n\n---\n\n## 2. Débito da parcela CDC (data ou valor divergente, duplicidade)\n\nPara identificar o débito questionado, consulte o extrato em `Plataforma de Relacionamento (Operações Contratadas) > Contas > Consultas > Extrato Conta Corrente`. O número da operação consta no campo ""Documento"" (9 dígitos).\n\nSituações possíveis: débito antes/depois do vencimento contratual; valor divergente; duplicidade (folha + conta); débito em conta errada.\n\n**Consulta:** `CDC 15.13` (F4 – CPF) → selecione a operação → F2.4 (cronograma) → selecione a parcela com ""x"" → F9 (detalhar) → F12 (mais informações) → F3 (voltar) e copie o nº da operação → `CDC 13.61` (cole o nº como ""nº contrato"") para ver como ocorreu o pagamento.\n\nSiga então a orientação por modalidade:\n\n### CDC Consignação ou CDC Renovação Consignação\nDébito ocorre na folha de pagamento. a) Se não consignada (ou parcial), o débito ocorrerá total/parcial em conta. b) Se liquidado/renovado mas houve consignação, o estorno é automático em conta em até D+2 dias úteis, exceto para os convênios de código 900001 (INSS — devolução a partir do 5º dia útil) e código 900002 (MPDG — devolução até o 1º dia útil).\n\n1. Consulte a parcela: `CDC 15 > 13 > F2 > 4` (datas); `CDC 15 > 13 > F8 > F9` (mês/ano da folha). *Consig total* = debitada integralmente em folha; *Consig parcial* = debitada parcialmente (verifique o restante em conta); *Não consignada* = sem débito em folha; *Incluída* = ainda não vencida; *Enviada* = empregador não retornou (sem repasse, o débito ocorre em conta).\n2. Confirme a consignação em `SISCONSIG 22 > 01 > 01` (Convênio, Data Prevista, nº Operação — dados em `CDC 15.13`); selecione ""x"" e F9: ""Tipo Lançamento"" *Amortização* = consignado; *Devolução* = não consignado, devolvido à conta.\n3. Preste as informações.\n4. Se o cliente disser que a parcela foi consignada em folha mas também há débito agendado em conta: verifique o extrato (agendado ou debitado); se debitado, verifique devolução; se a data for hoje/próximo dia útil, oriente aguardar o processamento noturno (tende a ser excluído) e encerre em FCR. Se confirmada duplicidade sem estorno, ou se o sistema não mostra consignação mas o cliente afirma o desconto, registre ocorrência e oriente o envio de cópia do contracheque para `sacdocumentos@bancoalfa.com.br`.\n\n> **Crédito do Trabalhador** (identifique pelo campo ""Convênio"" = ""E-Consig PJ"" em `CDC > 15 > 13`): exigir contracheque da competência anterior ao débito (ex.: débito no mês 09 → contracheque do mês 08) e o documento ""Detalhe da guia emitida"" (com a instituição que recebeu o valor) + comprovante de pagamento da guia, fornecidos pela empresa.\n\n### CDC Salário, CDC Benefício e CDC Renovação\nDébito no dia do crédito do salário/benefício, mesmo que divergente do vencimento contratual (cobrança antecipada gera desconto proporcional). Renovação com convênio: débito na data de crédito de proventos; sem convênio: na data de vencimento.\n\n1. Verifique no extrato o recebimento de salário no dia do débito.\n2. Compare a data de débito (`CDC 15 > 13 > F2 > 4`) com a cadastrada em `CDC 24 > 14` e `SISPAG 11 > 13 > 36 > Consulta on line`.\n3. Se ambos ocorrerem após o vencimento do contrato, registre ocorrência.\n4. Preste as informações.\n\n### CDC Automático\nDébito em conta (corrente ou salário) na data de vencimento informada na autorização; há opção de boleto (gerado pelo cliente ou se a autorização foi cancelada).\n\n**Duplicidade:** 1. Verifique boleto pago + débito em conta (`CDC 13 > 61`, ""Forma Pagto"": Rcbto Autom e Boleto Banc); confira estorno (campo ""Dt. Canc."" preenchido = houve estorno). 2. Se confirmada duplicidade sem estorno, estorne em `CDC 13 > 91 > 11 > 6` (o sistema só estorna do mais recente para o mais antigo; se o pagamento em conta foi parcial e só for possível estornar o boleto mais recente, isso deixaria a operação em atraso — nesse caso, estorne primeiro o ""Boleto Bancário"" e depois o ""Recebimento Automático"", só se não houver débitos pendentes). Peça ao supervisor para receber o valor correto em `CDC 13.23`; confirme a data de recebimento retroativo em `CDC 13.61`.\n> Para recebimento por débito em conta em operações contratadas a partir de 01/03/21, é necessária autorização específica do cliente.\n\n### CDC 13º Salário\nDébito em parcela única. **Com convênio:** na data de cobrança (recebimento do 13º, informado pelo empregador) OU no vencimento (30 dias após o crédito do 13º), o que ocorrer primeiro — exceto convênios com 13º vinculado ao aniversário do cliente. **Sem convênio:** na data escolhida na contratação.\n\n- Convênio consta em `SISALFA > CDC 15.13`.\n- **Com convênio:** data de cobrança em `CDC 22 > 10 > 5d` (código de linha 3100; nº convênio em `CDC 15 > 13`); vencimento em `CDC 15 > 13 > F2 > 4`. 1. Informe que o débito ocorre na data de cobrança; se o 13º não for creditado, tenta-se o débito na data de cobrança ou vencimento (o que ocorrer primeiro). 2. Verifique como ocorreu em `CDC 15 > 13 > F2 > 4`. 3. Preste as informações.\n  > **Obs.:** se a data de cobrança mudar por solicitação do empregador, o vencimento pode ser antecipado. *Ex. 1:* cobrança cadastrada 30/06/26 → vencimento 30/07/26; se a cobrança mudar para 30/08/26, cobra-se em 30/07/26 (o que ocorrer primeiro). *Ex. 2:* se o 13º do convênio está vinculado ao mês de aniversário, cobrança e vencimento caem no mês de aniversário do cliente.\n- **Sem convênio:** débito no vencimento (`CDC 15 > 13 > F2 > 4`).\n\n### CDC Antecipação IRPF\nDébito (a) na data prevista do crédito da restituição, ou (b) no vencimento contratual, se o crédito não ocorrer antes.\n1. Informe a regra acima. 2. Consulte `CDC 15 > 13 > F2 > 4`. 3. Preste as informações.\n\n### CDC Antecipação Saque Aniversário FGTS\nLiquidação automática via repasse do FGTS; débito em conta só se o repasse for insuficiente.\n1. Consulte `CDC 15 > 13 > F2 > 4`. 2. Preste as informações.\n\n### Orientações complementares\na) Reclamação de saldo aprovisionado em fim de semana/feriado: explique que, pelas cláusulas gerais do contrato de conta, a liberação de débitos nesses períodos depende do saldo após deduzir débitos programados para o 1º dia útil seguinte.\nb) **Boleto:** algumas linhas permitem gerar boleto (rotina 50107); se houver duplicidade (conta + boleto), estorne como em ""CDC Automático"". Não aplicar esse procedimento a CDC Consignação/Renovação Consignação/FGTS Saque Aniversário se a forma de pagamento foi ""Cta Convênio"" — para forma de pagamento via `SISALFA` ou ""Boleto Bancário"", o estorno é permitido.\nc) Mais informações: ver rotinas auxiliares (item 9).\nd) Se não for possível identificar o motivo, ou o cliente permanecer insatisfeito, registre ocorrência.\n\n---\n\n## 3. Simulação/Contratação de Empréstimos\n\nCDC é um empréstimo pessoal automatizado, pré-aprovado, disponível em conta corrente. Solicitação exclusiva do titular.\n> Se o cliente quiser alterar o vencimento da prestação: após a confirmação do contrato isso não é possível. Alternativa: contratar CDC Renovação (se a linha permitir e houver limite), indicando o vencimento mais adequado.\n\n**Procedimento:** verifique se a Análise de Crédito (ANC) está vigente em `Plataforma de Relacionamento (Operações Contratadas) — aba Limite de Crédito`, campo ""Situação do limite"".\n\n| Status do limite | Procedimento |\n|---|---|\n| Vencida, Impedida, Cancelada, Suspensa, Em transferência, Em estudo, Indeferida, ou Vigente com Limite Total–Margem zerado | Informe que não há limite disponível; o cliente deve ir a qualquer agência com identificação (RG/CPF), comprovante de residência e de renda (emitidos há menos de 90 dias, mesmo que pela internet). Consulte a rotina 50105 para possibilidade de restabelecimento. |\n| Vigente (algum valor em Limite Total–Margem) | Não informe o valor ao cliente. Dentro do horário de atendimento (9h–18h), pergunte se autoriza transferência para a Central de Consultoria em Uso Responsável do Crédito (rotina 50106). Se não autorizar, ou fora do horário, informe as opções: Central de Consultoria; App Alfa > Empréstimo; site > Empréstimo; caixa eletrônico (TAA) > Empréstimo. |\n\n---\n\n## 4. Cancelamento de CDC\n\nCancelamento permitido em até 7 dias corridos (a partir do dia seguinte à liberação do crédito), se contratado por canal de autoatendimento (App, site, caixas eletrônicos ou telefone), pelo titular, autenticado (URA, Token ou Identificação Positiva).\n\n> **Atenção:** o cancelamento da linha 2881 – Crédito Renovação Consignação está restrito ao departamento **DOC – Diretoria de Operações de Crédito** (código 800020) para os convênios: Convênio Especial 01 (700001), 02 (700002), 03 (700003), 04 (700004), 05 (700005), 06 (700006), 07 (700007), 08 (700008), 09 (700009), 10 (700010), 11 (700011), 12 (700012), 13 (700013), 14 (700014), 15 (700015) e 16 (700016). É necessário haver margem suficiente para reaverbação das operações vinculadas à renovação cancelada.\n> O cancelamento da mesma linha para o Convênio Especial 17 (700017) está restrito à **Superintendência Regional III** (código 800030). Ver rotina 50108.\n\nAntes do procedimento, informe o número da operação e que, após o cancelamento, o comando não pode ser desfeito.\n\n### 4.1. Cancelamento de proposta CDC NÃO CONFIRMADA\n`SISRET Y09` — copie o nº da operação (documento, 9 dígitos). `CDC 11.13` → inclua o nº a cancelar. Em ""Exclusão de operação – Confirma?"", responda ""S"". Motivo: ""08 – Exclusão a pedido do cliente – Desistência"". Verifique a mensagem ""Cancelamento da Proposta efetuado em XX/XX/XX às XX:XX:XX por FXXXXX""; se diferente, registre ocorrência.\n> Atenção a operações via Correspondente – LOG 633 ""Operação Novo Fluxo Correspondente/Parceiro Comercial"" (`CDC 15.18.F2.8`). Se pendente de confirmação, registre ocorrência (motivo obrigatório; não oriente o cliente a excluir por autoatendimento).\n\n### 4.2. Cancelamento no MESMO DIA ou DIA ÚTIL SEGUINTE (contratação em dia não útil)\nPermitido para contratações presenciais e não presenciais, todos os canais. Uso do Limite Especial da Conta gera juros e IOF. Cancele em `CDC 14`; se falhar, registre ocorrência.\n\n### 4.3. Cancelamento em até 7 DIAS CORRIDOS (a partir do dia seguinte ao crédito)\n**Via TAA/internet/App/telefone (Duplo Sim):** consulte `CDC 15.18.F2.8` (log) — canal no log 201: *Duplo Sim* → campo ""Ocor"" LOG 201 e 493; *Correspondente* → registre ocorrência. (Contestação: ver item 7.2.)\n**Presencial na agência:** só cancela no mesmo dia (ver item 4.2)! A partir do dia seguinte, só liquidação. Se o cliente relatar falhas, registre ocorrência.\n\nVerifique saldo para o débito (ou ""troco"" nas Renovações — `CDC 15.18.F2.5 Contratos Vinculados` mostrará o `SISCLI`; informe o valor), considerando Limite Especial ou resgates automáticos. Oriente manter saldo (débito à noite); uso do Limite Especial gera juros/IOF. Se discordar, só liquidação/amortização/pagamento. Cancele em `CDC 14`; se falhar, registre ocorrência.\n> No cancelamento de CDC Antecipação Saque Aniversário FGTS, o desbloqueio da garantia é automático. Log ""1120 – Operação Contratada com Parcela Pix"" = produto Alfa Parcela Pix (mesmo procedimento de Duplo Sim).\n\n### 4.4. Cancelamento de REPACTUAÇÃO\n`CDC 15.13`, selecione a operação. Se constar ""Op"" pendente de confirmação, pode excluir; se confirmada, só liquida/paga total.\n> *Convênio Especial 17:* tem repactuação de CDCs consignados com suspensão de cobrança (rotina 50109).\n\n### 4.5. Cancelamento do produto de pagamento parcelado de contas\nVer item 10 da rotina 50110.\n\n### 4.6. Pedido após 7 dias, ou contratação presencial (pedido fora do mesmo dia)\nSó é possível a liquidação.\n> Obs. 1: presencial só cancela no mesmo dia (item 4.2). Obs. 2: exclusivamente para CDC Renovação, se a liquidação antecipada não puder ser feita, registre ocorrência para avaliar cancelamento (informar que o IOF será cobrado em conta). CDC Renovação sem ""troco"" é cancelável se a contratação não foi presencial e o pedido ocorreu em até 7 dias.\n\nCancele em `CDC > 14`. Em caso de erro, registre ocorrência.\n\n---\n\n## 5. Liquidação / Amortização\n\nSolicitação exclusiva do titular.\n\n### 5.1. Amortização/Liquidação ANTECIPADA ou operação EM ATRASO\n**Demanda:** quitação parcial/total antes do vencimento e/ou parcelas em atraso.\n> Pagamento via boleto: emitido em agência, pago no mesmo dia (saldo atualiza diariamente); se não pago no mesmo dia, o mesmo boleto ainda serve, pois o saldo é recalculado.\n\nSe não autenticado (URA/Token/IP), informe os canais. Cancelamento da amortização/liquidação só no mesmo dia, e só com margem disponível (item 5.3). Somente com recursos próprios; há redução proporcional de juros.\n\n**Tipos** (parcelas em atraso sempre em ordem crescente): **Crescente** (da próxima parcela em diante); **Decrescente** (da última parcela para trás); **Linear** (amortiza o saldo total sem alterar o cronograma; recalcula as parcelas a vencer).\n> Linear NÃO permitido para CDC Consignado, nem para operações fora do status ""Normal"", com pagamento parcial, em cobrança, ou com ""Pula-Parcela"". ""Em cobrança"" não aceita nenhuma amortização.\n\n| Necessidade do cliente | Tipo de amortização |\n|---|---|\n| Parar de pagar as próximas prestações por um período | Liquidação antecipada de parcelas integrais, ordem crescente |\n| Amortizar e continuar pagando as próximas prestações | Liquidação antecipada de parcelas integrais, ordem decrescente |\n| Reduzir o valor das prestações em toda a operação | Amortização linear |\n| Liquidar a operação | Quitação total, sempre em ordem crescente |\n\n> No CDC Consignado, pode haver desconto da próxima prestação em folha. Para Consignação/Renovação Consignação, prefira ordem decrescente (evita duplicidade em folha); se o cliente pedir crescente, informe o risco (o valor retorna no vencimento da parcela, se ocorrer).\n\n**Procedimento:** 1. Simule em `CDC 13.11.12`, informe o saldo atual (item 1b). 2. Verifique saldo suficiente (`Plataforma de Relacionamento > Contas > Extrato`), considerando saldo aprovisionado, tarifas pendentes, resgates automáticos e Limite Especial (a critério do cliente, com encargos). 3. Se insuficiente, oriente novo contato; se suficiente, execute em `CDC 13 > 21 > 12` (tipo: parcial/liquidação/linear; quantidade/valor; ordem).\n> Se o sistema indicar ausência de autorização de débito, siga a rotina 50104.\n\n**Leitura obrigatória ao cliente antes da confirmação** (""Sr(a). ___, para sua segurança, faremos a leitura das condições:""):\n- **Parcial/liquidação:** agência/conta; valor base da parcela; encargos por atraso; desconto de antecipação; variação Selic; valor a amortizar; total de parcelas; ordem escolhida.\n- **Linear:** valor base; desconto aproximado; variação Selic; valor da parcela inicial; novo valor da parcela; quantidade de parcelas.\n\nApós a leitura: ""Podemos confirmar a liquidação/amortização?"" (F3, sem impressão). Supervisor confirma em `CDC 13.21.52`. Informar necessidade de saldo em conta. Comprovante: ""o débito ocorre ainda hoje; confirme pelo extrato. Para comprovante detalhado, solicite em qualquer agência o documento \'Demonstrativo de Origem e Evolução de Dívida – Crédito Direto ao Consumidor\'.""\n\n### 5.2. Amortização/liquidação de operações ""EM PERDAS""\nIdentificação: `SISALFA > CDC > 15.13`. **Não informar ao cliente que a operação está em prejuízo.**\na) **Débito em conta:** verifique saldo suficiente (mesmas ressalvas do item 5.1); se insuficiente, oriente novo contato. Liquidação: comando em `CDC 13-34` + confirmação do supervisor em `CDC 13-36`. Amortização parcial: comando em `CDC 13-35` + confirmação do gerente de grupo em `CDC 13-36`.\nb) **Boleto bancário:** registre ocorrência.\n\n### 5.3. Cancelamento da amortização ou liquidação antecipada\nSe só houve o comando do atendente (`CDC 13.21.12`) no mesmo dia: cancele em `CDC 13.91.51`. Se já confirmado pelo supervisor (`CDC 13.21.52`): faça o estorno (item 5.5).\n> O registro do atendente fica pendente de confirmação apenas no mesmo dia; se não confirmado, é excluído automaticamente no dia seguinte.\n\n### 5.4. Liquidação – Desaverbação/Liberação de Margem Consignável\nSe o cliente relatar que liquidou/cancelou mas não houve liberação de margem, ou a parcela segue sendo debitada, registre ocorrência.\n\n### 5.5. Estorno de pagamento antecipado\n**Demanda:** pagamento antes do vencimento, ou débito indevido em conta (ex.: pela agência).\n> Não aplicar a Consignação/Renovação Consignação/FGTS Saque Aniversário se a forma de pagamento foi ""Cta Convênio""; para `SISALFA` ou ""Boleto Bancário"", o estorno é permitido (ver item 2).\n\n1. Analise o motivo (não é permitido estornar e deixar em atraso). 2. Verifique vencimento (`CDC 15.13.F2.4`) e pagamento de salário (`SISPAG 11 > 13 > 36 > Consulta on line`). 3. Se não venceu e não houve crédito de salário, estorno possível (pagamento dentro de 30 dias, operação não atualizada). 4. Estorne em `CDC 13.91.11`. 5. Informe crédito no processamento noturno.\n> Se impossível estornar, ou outra duplicidade não sanável, registre ocorrência.\n\n---\n\n## 6. Dificuldade para contratação\n\n| Situação | Procedimento |\n|---|---|\n| **Renda desatualizada** | Verifique a última atualização; se >12 meses, oriente atualizar via App ou canal de autoatendimento (online; às vezes exige foto do documento, validação em até 3 dias úteis). Após validação, o limite é recalculado automaticamente. |\n| **Contrato do CDC não assinado** | Pergunte se aderiu às Cláusulas Gerais (assinatura da Proposta/Contrato de Adesão). Se sim, prossiga a análise. Se não, informe os canais de adesão: App/site (Empréstimo > Solicitação de Crédito > Assinatura de contrato CDC); caixa eletrônico; agência. |\n| **Acordo de dívida vigente** | Contratação impossibilitada durante a vigência do acordo; após encerrado, pode verificar novamente. |\n| **Não correntista** | Exceto CDC Consignado e Crédito 13º Salário INSS (exigem ANC vigente), as demais linhas exigem conta corrente com ANC vigente. |\n| **Modalidade de conta simplificada (sem linhas de crédito)** | Não permite contratar linhas de crédito; se houver interesse, o cliente faz upgrade da conta pelo app (Menu > Upgrade de Conta), sujeito a análise de crédito na agência. |\n\n---\n\n## 7. Contratação não reconhecida\n\n### 7.1. Falsidade ideológica e fraude\nFraude com uso de documentos falsos para contratar produtos; a vítima costuma descobrir só quando seu CPF/CNPJ sofre restrição por inadimplência. Ver rotina 50111.\n- Falsidade em operação de não correntista: oriente comparecimento a qualquer agência com identificação e boletim de ocorrência.\n- Fraude – demais situações: ver rotina 50112.\n\n### 7.2. Contestação de operações via Correspondente (falha, suspeita de fraude/golpe)\nIndícios de falha ou fraude/golpe (presencial ou Duplo Sim): registre ocorrência e responsabilize a unidade de correspondentes/antifraude (código 800010):\n- **Assunto 50113** — contratação não reconhecida; divergente do solicitado; insatisfação com o contrato/descumprimento; falta de clareza.\n- **Assunto 50114** — suspeita de fraude/golpe: abordagem por suposta empresa vinculada ao banco, internalização por correspondente e transferência de recursos a terceiros pelo cliente.\n- **Assunto 50115** — contestação/suspeita de fraude em operação via Correspondente ainda pendente de confirmação.\n\n> No módulo de SAC e Ouvidoria (assuntos 50113/50114), é obrigatório selecionar o produto/modalidade — só aparecem operações contratadas via Correspondente; caso contrário, o registro não é possível. Ao selecionar a operação, os dados de identificação do correspondente, do CDC e da chave de operação são preenchidos automaticamente (não editáveis).\n\n---\n\n## 8. Limite Especial da Conta\n\n### 8.1. Cancelamento do Limite Especial da Conta\na) Pode ser solicitado a qualquer tempo por qualquer titular.\nb) Ao ser solicitado, sonde o motivo e, se cabível, argumente: sem tarifa; limite disponível para emergências sem custo se não usado; cancelar não garante nova contratação futura; é possível reduzir para R$ 100,00 em vez de cancelar. O cliente não pode estar usando o limite no momento (se estiver, oriente cobrir o saldo). Se aceitar reduzir, siga para 8.2. *(Em Ouvidoria, cancelar direto, sem sondagem.)*\nc) Se decidir manter, encerre em FCR.\nd) Se insistir no cancelamento, verifique viabilidade:\n\n**Procedimento (cliente autenticado por URA/Token/IP):**\n> Não cancelar se o cliente estiver usando o limite; se houver juros/IOF a cobrar, é necessário saldo. Falha de autenticação: registre ocorrência.\n- **Atendente:** confira saldo suficiente (extrato) para limite + juros + IOF (desconsiderar valores provisionados); se insuficiente, peça depósito equivalente e informe que o cancelamento pode ser pedido no SAC/agência após o depósito; encerre em FCR. Cancele na plataforma (`Contas > Limite Especial da Conta PF > Implantação, Alteração, Renovação e Cancelamento > Cancelar > Registrar`) e peça deferimento ao supervisor.\n  > Se aparecer ""(27) Já existe comando de implantação para esta conta."", registre ocorrência. Se aparecer ""já existe solicitação pendente de deferimento"", peça o deferimento ao supervisor; se não localizar ou houver erro, abra ocorrência.\n- **Supervisor:** confirme dados (nome, produto, valor); defira (`Deferimentos e Pendências > Limite Especial da Conta Pessoa > Cancelamento > Deferimento`); confirme para o atendente prosseguir.\n- **Atendente:** informe o cancelamento e a disponibilidade da agência para recontratação futura; encerre e registre FCR. *(Se o supervisor não conseguir deferir, registre ocorrência.)*\n\n### 8.2. Redução do Limite Especial da Conta\na) Se o pedido for por causa da tarifa, esclareça que ela não é cobrada; se insistir, siga abaixo.\nb) Identifique PF e titular da conta.\nc) Cliente autenticado:\n- **Atendente:** verifique saldo suficiente para que a redução não deixe o saldo excedido; se preciso, peça depósito e informe que a redução pode ser pedida via app, WhatsApp, SAC ou agência após o depósito. Modalidade ""Ouro"" (limite ≥ R$ 1.000,00) reduzida para entre R$ 100,00 e R$ 950,00 muda para ""Classic"" (diferenças na rotina 50116). Se o cliente concordar, altere modalidade/limite na plataforma e peça deferimento ao supervisor.\n- **Supervisor:** confirme dados; defira (`Deferimentos e Pendências > Limite Especial da Conta Pessoa Física > Alteração > Deferimento`); confirme para o atendente prosseguir.\n- **Atendente:** informe a redução realizada; para elevar no futuro, indicar app/agência. Encerre e registre FCR. *(Se o supervisor não conseguir deferir, registre ocorrência.)*\n\n### 8.3. Alterar data de débito dos juros\nFalha de autenticação: informe os canais. Acesse `Plataforma > Contas > Limite Especial da Conta PF > Alterar > Tipo de Alteração – ""Dia do débito""` e escolha um dia entre 1 e 28. A alteração só vale a partir do mês seguinte à solicitação.\n\n---\n\n## 9. Rotinas auxiliares (índice de empréstimos)\n\n| Código (anonimizado) | Assunto |\n|---|---|\n| 50107 | CDC – Condições Gerais / Contrato |\n| 50108 | Crédito Consignação e Renovação – Correntista e não correntista |\n| 50118 | Crédito Consignação – INSS |\n| 50119 | Crédito Automático |\n| 50120 | Crédito Benefício |\n| 50121 | Crédito Salário e Salário Funci |\n| 50122 | Crédito Renovação e Renovação Funci |\n| 50123 | Crédito 13º Décimo Terceiro Salário |\n| 50124 | Crédito 13º Décimo Terceiro Salário – Não Correntistas |\n| 50125 | CDC Antecipação Restituição IRPF |\n| 50126 | CDC Antecipação Saque Aniversário FGTS |\n| 50117 | Crédito Parcelamento Cheque Especial (Limite Especial da Conta) |\n| 50104 | Autorização de Débito – Empréstimos, CDC e outros (Resolução CMN 4.790/2020) |\n| 50127 | Crédito do Trabalhador – Novo modelo de Crédito Consignado do Setor Privado |\n| 50128 | Crédito do Trabalhador – Atendimento ao Empregador |\n\n---\n\n## 10. Fonte de informação\n\nDepartamento responsável: **DOC – Diretoria de Operações de Crédito** (código 800020).\n']","Sem limite disponível (ANC vencida/impedida/cancelada ou margem zerada), orientar ida a qualquer agência com RG/CPF e comprovantes de residência e renda de menos de 90 dias; ver rotina 50105 para restabelecimento.",CONDITIONAL_WORKFLOW,4.3729,,0.3,0.8488652915664685,1.0,0.9999999999
Não reconheço esse empréstimo do correspondente. E agora?,"Se você não reconhece um empréstimo em seu nome, é fundamental agir rapidamente para evitar prejuízos financeiros e proteger seus dados. Siga estes passos:

**1. Entre em contato com o banco imediatamente**
Ligue para a Central de Atendimento oficial da instituição financeira onde o empréstimo foi registrado. Solicite o cancelamento da operação e peça o protocolo de atendimento. Informe que você não reconhece a contratação e que deseja contestar a transação.

**2. Registre um Boletim de Ocorrência (B.O.)**
Vá a uma delegacia (ou faça o registro online, se disponível no seu estado) e registre um B.O. por fraude ou estelionato. Isso é essencial para comprovar que você está denunciando um uso indevido do seu nome.

**3. Utilize o portal Consumidor.gov.br**
Registre uma reclamação no site [Consumidor.gov.br](https://www.consumidor.gov.br). Este é um canal oficial monitorado pela Secretaria Nacional do Consumidor e pelos órgãos de defesa do consumidor, e as empresas costumam responder com prioridade.

**4. Registre uma reclamação no Banco Central**
Se o banco não resolver o problema em um prazo razoável, abra uma reclamação no site do [Banco Central do Brasil](https://www.bcb.gov.br/acessoinformacao/registrar_reclamacao). O Banco Central fiscaliza as instituições e a sua reclamação gera um processo administrativo contra o banco.

**5. Monitore seu CPF**
*   **Registrato:** Acesse o sistema [Registrato](https://registrato.bcb.gov.br/) do Banco Central para verificar se existem outros empréstimos ou contas abertas em seu nome que você desconhece.
*   **Serasa/Boa Vista:** Monitore seu CPF nos sites de proteção ao crédito para verificar se há novas consultas ou negativações indevidas.

**Dicas importantes:**
*   **Não pague nenhuma parcela:** Se você pagar, pode ser interpretado como uma aceitação do contrato.
*   **Guarde tudo:** Anote todos os números de protocolo, nomes de atendentes, datas e horários.
*   **Cuidado com golpes:** Não forneça senhas ou códigos de verificação por telefone para ninguém, mesmo que a pessoa diga ser do banco. Se precisar falar com o banco, use sempre os canais oficiais que estão no verso do seu cartão ou no site oficial da instituição.

Se o valor já tiver sido depositado na sua conta, **não utilize o dinheiro**. Mantenha-o lá e informe ao banco que você está aguardando as instruções para a devolução, pois o uso do valor pode dificultar a comprovação da fraude.","['# POP – Atendimento de Operações de CDC (Crédito Direto ao Consumidor) – Pessoa Física\n### [Versão anonimizada/pseudonimizada para uso acadêmico]\n\n> **Nota metodológica de anonimização:** este documento é uma versão pseudonimizada de uma rotina real de atendimento (SAC) de operações de crédito pessoa física. Foram substituídos: (i) o nome da instituição financeira e de seus canais/site/e-mail; (ii) os nomes de sistemas internos claramente proprietários; (iii) nomes e códigos de convênios de consignação com órgãos públicos; (iv) códigos de prefixo/departamento interno; e (v) números de rotinas/assuntos auxiliares referenciados ao longo do texto — todos substituídos por identificadores fictícios e sequenciais. A lógica processual, as condições, exceções e o fluxo de decisão originais foram mantidos integralmente, o que preserva o valor do documento como exemplo de POP para fins de extração de árvore de decisão. Termos e siglas genéricas do setor bancário (CDC, SAC, Ouvidoria, TAA, URA, FCR, ANC, Token, Identificação Positiva) e referências a normas públicas (Resolução CMN 4.790/2020, INSS) foram mantidos, por não serem exclusivos de uma única instituição.\n\n**Sumário:** Observações iniciais · 1. Consulta geral CDC · 2. Débito da parcela CDC · 3. Simulação/Contratação · 4. Cancelamento de CDC · 5. Liquidação/Amortização · 6. Dificuldade para contratação · 7. Contratação não reconhecida · 8. Limite Especial da Conta · 9. Rotinas auxiliares · 10. Fonte de informação\n\n---\n\n## Observações iniciais\n\na) Esta rotina destina-se ao atendimento das operações de crédito PF listadas no item 2. Para os casos abaixo, consulte rotinas específicas:\n- **FIES:** rotina 50101 – SAC QC – Financiamento Estudantil (FIES)\n- **Financiamento imobiliário:** rotina 50102 – SAC QC – Financiamento Imobiliário\n- **Renegociação de dívidas:** rotina 50103 – SAC QC – Renegociação de Dívidas Pessoa Física e Jurídica\n\nb) **Autorização de Débito em Conta:** a partir de 01/03/2021, para que uma operação seja debitada em conta, é necessária autorização específica do cliente para o débito. Ver informações e procedimentos na rotina 50104.\n\nc) **Canais para contratação de CDC:** [link para os canais de contratação]\n\n---\n\n## 1. Consulta geral CDC\n\nPara verificar as informações da operação, identifique se o consumidor é PF e titular da operação. Em caso de FALHA, RECUSA ou INAPLICABILIDADE de Identificação Positiva (IP), registre ocorrência.\n\n| Demanda | Consulta |\n|---|---|\n| a) Informações gerais do CDC | `SISALFA > CDC > 15 > 18` — em ""Código do Cliente"" pressione F4, inclua o CPF e selecione a operação. Clique em F2 > Outros dados > 4. Cronograma. Principais informações: modalidade do CDC, data de vencimento, parcelas pagas e data de pagamento (mais detalhes no item 2), parcelas a vencer, parcelas em atraso, taxas de juros ou CET. |\n| b) Saldo atualizado total | `SISALFA > CDC > 15 > 18` — mesmo caminho acima; após selecionar a operação, verifique o campo ""Saldo devedor atual"". Esse é o saldo do dia, com atualização diária. |\n| c) Parcelas, valores pagos, juros, datas de pagamento | `SISALFA > CDC > 15 > 18` → Agência/Conta → selecione a operação → F2 → 4. Cronograma → selecione a parcela (""P"" indica pagamento parcial) → F9 (detalhe) → F12/F11 (pagamentos e parcelas). O ""total recebimento parcial"" é o valor recebido naquela parcela. |\n| d) Consultar CDC liquidado, renovado ou excluído | `SISALFA > CDC > 15 > 18`, em ""Código do Cliente"" pressione F4 e insira o CPF — NÃO selecione nenhuma operação e pressione F11. F12 para operações arquivadas. |\n| e) Consulta de cláusulas gerais ou documentos do CDC contratado | Cláusulas gerais consultáveis em: **App Alfa** (Menu > Empréstimos > Contratar empréstimo > Aderir ao contrato); **site institucional**, inclusive para não correntista (Página inicial > Pra você > Empréstimo > Empréstimo pessoal > Contrato de abertura de crédito rotativo); **site institucional (área logada)** (Menu > Empréstimos > Crédito consignado e pessoal > Aderir Contrato de Empréstimo). Documentos do CDC contratado: Extrato de Empréstimo (parcelas pagas/a pagar) — App, site, caixas eletrônicos ou agências; Consolidado Anual (valores por exercício) — site ou agências; 2ª via do comprovante (com taxas) — App ou agências. |\n\n---\n\n## 2. Débito da parcela CDC (data ou valor divergente, duplicidade)\n\nPara identificar o débito questionado, consulte o extrato em `Plataforma de Relacionamento (Operações Contratadas) > Contas > Consultas > Extrato Conta Corrente`. O número da operação consta no campo ""Documento"" (9 dígitos).\n\nSituações possíveis: débito antes/depois do vencimento contratual; valor divergente; duplicidade (folha + conta); débito em conta errada.\n\n**Consulta:** `CDC 15.13` (F4 – CPF) → selecione a operação → F2.4 (cronograma) → selecione a parcela com ""x"" → F9 (detalhar) → F12 (mais informações) → F3 (voltar) e copie o nº da operação → `CDC 13.61` (cole o nº como ""nº contrato"") para ver como ocorreu o pagamento.\n\nSiga então a orientação por modalidade:\n\n### CDC Consignação ou CDC Renovação Consignação\nDébito ocorre na folha de pagamento. a) Se não consignada (ou parcial), o débito ocorrerá total/parcial em conta. b) Se liquidado/renovado mas houve consignação, o estorno é automático em conta em até D+2 dias úteis, exceto para os convênios de código 900001 (INSS — devolução a partir do 5º dia útil) e código 900002 (MPDG — devolução até o 1º dia útil).\n\n1. Consulte a parcela: `CDC 15 > 13 > F2 > 4` (datas); `CDC 15 > 13 > F8 > F9` (mês/ano da folha). *Consig total* = debitada integralmente em folha; *Consig parcial* = debitada parcialmente (verifique o restante em conta); *Não consignada* = sem débito em folha; *Incluída* = ainda não vencida; *Enviada* = empregador não retornou (sem repasse, o débito ocorre em conta).\n2. Confirme a consignação em `SISCONSIG 22 > 01 > 01` (Convênio, Data Prevista, nº Operação — dados em `CDC 15.13`); selecione ""x"" e F9: ""Tipo Lançamento"" *Amortização* = consignado; *Devolução* = não consignado, devolvido à conta.\n3. Preste as informações.\n4. Se o cliente disser que a parcela foi consignada em folha mas também há débito agendado em conta: verifique o extrato (agendado ou debitado); se debitado, verifique devolução; se a data for hoje/próximo dia útil, oriente aguardar o processamento noturno (tende a ser excluído) e encerre em FCR. Se confirmada duplicidade sem estorno, ou se o sistema não mostra consignação mas o cliente afirma o desconto, registre ocorrência e oriente o envio de cópia do contracheque para `sacdocumentos@bancoalfa.com.br`.\n\n> **Crédito do Trabalhador** (identifique pelo campo ""Convênio"" = ""E-Consig PJ"" em `CDC > 15 > 13`): exigir contracheque da competência anterior ao débito (ex.: débito no mês 09 → contracheque do mês 08) e o documento ""Detalhe da guia emitida"" (com a instituição que recebeu o valor) + comprovante de pagamento da guia, fornecidos pela empresa.\n\n### CDC Salário, CDC Benefício e CDC Renovação\nDébito no dia do crédito do salário/benefício, mesmo que divergente do vencimento contratual (cobrança antecipada gera desconto proporcional). Renovação com convênio: débito na data de crédito de proventos; sem convênio: na data de vencimento.\n\n1. Verifique no extrato o recebimento de salário no dia do débito.\n2. Compare a data de débito (`CDC 15 > 13 > F2 > 4`) com a cadastrada em `CDC 24 > 14` e `SISPAG 11 > 13 > 36 > Consulta on line`.\n3. Se ambos ocorrerem após o vencimento do contrato, registre ocorrência.\n4. Preste as informações.\n\n### CDC Automático\nDébito em conta (corrente ou salário) na data de vencimento informada na autorização; há opção de boleto (gerado pelo cliente ou se a autorização foi cancelada).\n\n**Duplicidade:** 1. Verifique boleto pago + débito em conta (`CDC 13 > 61`, ""Forma Pagto"": Rcbto Autom e Boleto Banc); confira estorno (campo ""Dt. Canc."" preenchido = houve estorno). 2. Se confirmada duplicidade sem estorno, estorne em `CDC 13 > 91 > 11 > 6` (o sistema só estorna do mais recente para o mais antigo; se o pagamento em conta foi parcial e só for possível estornar o boleto mais recente, isso deixaria a operação em atraso — nesse caso, estorne primeiro o ""Boleto Bancário"" e depois o ""Recebimento Automático"", só se não houver débitos pendentes). Peça ao supervisor para receber o valor correto em `CDC 13.23`; confirme a data de recebimento retroativo em `CDC 13.61`.\n> Para recebimento por débito em conta em operações contratadas a partir de 01/03/21, é necessária autorização específica do cliente.\n\n### CDC 13º Salário\nDébito em parcela única. **Com convênio:** na data de cobrança (recebimento do 13º, informado pelo empregador) OU no vencimento (30 dias após o crédito do 13º), o que ocorrer primeiro — exceto convênios com 13º vinculado ao aniversário do cliente. **Sem convênio:** na data escolhida na contratação.\n\n- Convênio consta em `SISALFA > CDC 15.13`.\n- **Com convênio:** data de cobrança em `CDC 22 > 10 > 5d` (código de linha 3100; nº convênio em `CDC 15 > 13`); vencimento em `CDC 15 > 13 > F2 > 4`. 1. Informe que o débito ocorre na data de cobrança; se o 13º não for creditado, tenta-se o débito na data de cobrança ou vencimento (o que ocorrer primeiro). 2. Verifique como ocorreu em `CDC 15 > 13 > F2 > 4`. 3. Preste as informações.\n  > **Obs.:** se a data de cobrança mudar por solicitação do empregador, o vencimento pode ser antecipado. *Ex. 1:* cobrança cadastrada 30/06/26 → vencimento 30/07/26; se a cobrança mudar para 30/08/26, cobra-se em 30/07/26 (o que ocorrer primeiro). *Ex. 2:* se o 13º do convênio está vinculado ao mês de aniversário, cobrança e vencimento caem no mês de aniversário do cliente.\n- **Sem convênio:** débito no vencimento (`CDC 15 > 13 > F2 > 4`).\n\n### CDC Antecipação IRPF\nDébito (a) na data prevista do crédito da restituição, ou (b) no vencimento contratual, se o crédito não ocorrer antes.\n1. Informe a regra acima. 2. Consulte `CDC 15 > 13 > F2 > 4`. 3. Preste as informações.\n\n### CDC Antecipação Saque Aniversário FGTS\nLiquidação automática via repasse do FGTS; débito em conta só se o repasse for insuficiente.\n1. Consulte `CDC 15 > 13 > F2 > 4`. 2. Preste as informações.\n\n### Orientações complementares\na) Reclamação de saldo aprovisionado em fim de semana/feriado: explique que, pelas cláusulas gerais do contrato de conta, a liberação de débitos nesses períodos depende do saldo após deduzir débitos programados para o 1º dia útil seguinte.\nb) **Boleto:** algumas linhas permitem gerar boleto (rotina 50107); se houver duplicidade (conta + boleto), estorne como em ""CDC Automático"". Não aplicar esse procedimento a CDC Consignação/Renovação Consignação/FGTS Saque Aniversário se a forma de pagamento foi ""Cta Convênio"" — para forma de pagamento via `SISALFA` ou ""Boleto Bancário"", o estorno é permitido.\nc) Mais informações: ver rotinas auxiliares (item 9).\nd) Se não for possível identificar o motivo, ou o cliente permanecer insatisfeito, registre ocorrência.\n\n---\n\n## 3. Simulação/Contratação de Empréstimos\n\nCDC é um empréstimo pessoal automatizado, pré-aprovado, disponível em conta corrente. Solicitação exclusiva do titular.\n> Se o cliente quiser alterar o vencimento da prestação: após a confirmação do contrato isso não é possível. Alternativa: contratar CDC Renovação (se a linha permitir e houver limite), indicando o vencimento mais adequado.\n\n**Procedimento:** verifique se a Análise de Crédito (ANC) está vigente em `Plataforma de Relacionamento (Operações Contratadas) — aba Limite de Crédito`, campo ""Situação do limite"".\n\n| Status do limite | Procedimento |\n|---|---|\n| Vencida, Impedida, Cancelada, Suspensa, Em transferência, Em estudo, Indeferida, ou Vigente com Limite Total–Margem zerado | Informe que não há limite disponível; o cliente deve ir a qualquer agência com identificação (RG/CPF), comprovante de residência e de renda (emitidos há menos de 90 dias, mesmo que pela internet). Consulte a rotina 50105 para possibilidade de restabelecimento. |\n| Vigente (algum valor em Limite Total–Margem) | Não informe o valor ao cliente. Dentro do horário de atendimento (9h–18h), pergunte se autoriza transferência para a Central de Consultoria em Uso Responsável do Crédito (rotina 50106). Se não autorizar, ou fora do horário, informe as opções: Central de Consultoria; App Alfa > Empréstimo; site > Empréstimo; caixa eletrônico (TAA) > Empréstimo. |\n\n---\n\n## 4. Cancelamento de CDC\n\nCancelamento permitido em até 7 dias corridos (a partir do dia seguinte à liberação do crédito), se contratado por canal de autoatendimento (App, site, caixas eletrônicos ou telefone), pelo titular, autenticado (URA, Token ou Identificação Positiva).\n\n> **Atenção:** o cancelamento da linha 2881 – Crédito Renovação Consignação está restrito ao departamento **DOC – Diretoria de Operações de Crédito** (código 800020) para os convênios: Convênio Especial 01 (700001), 02 (700002), 03 (700003), 04 (700004), 05 (700005), 06 (700006), 07 (700007), 08 (700008), 09 (700009), 10 (700010), 11 (700011), 12 (700012), 13 (700013), 14 (700014), 15 (700015) e 16 (700016). É necessário haver margem suficiente para reaverbação das operações vinculadas à renovação cancelada.\n> O cancelamento da mesma linha para o Convênio Especial 17 (700017) está restrito à **Superintendência Regional III** (código 800030). Ver rotina 50108.\n\nAntes do procedimento, informe o número da operação e que, após o cancelamento, o comando não pode ser desfeito.\n\n### 4.1. Cancelamento de proposta CDC NÃO CONFIRMADA\n`SISRET Y09` — copie o nº da operação (documento, 9 dígitos). `CDC 11.13` → inclua o nº a cancelar. Em ""Exclusão de operação – Confirma?"", responda ""S"". Motivo: ""08 – Exclusão a pedido do cliente – Desistência"". Verifique a mensagem ""Cancelamento da Proposta efetuado em XX/XX/XX às XX:XX:XX por FXXXXX""; se diferente, registre ocorrência.\n> Atenção a operações via Correspondente – LOG 633 ""Operação Novo Fluxo Correspondente/Parceiro Comercial"" (`CDC 15.18.F2.8`). Se pendente de confirmação, registre ocorrência (motivo obrigatório; não oriente o cliente a excluir por autoatendimento).\n\n### 4.2. Cancelamento no MESMO DIA ou DIA ÚTIL SEGUINTE (contratação em dia não útil)\nPermitido para contratações presenciais e não presenciais, todos os canais. Uso do Limite Especial da Conta gera juros e IOF. Cancele em `CDC 14`; se falhar, registre ocorrência.\n\n### 4.3. Cancelamento em até 7 DIAS CORRIDOS (a partir do dia seguinte ao crédito)\n**Via TAA/internet/App/telefone (Duplo Sim):** consulte `CDC 15.18.F2.8` (log) — canal no log 201: *Duplo Sim* → campo ""Ocor"" LOG 201 e 493; *Correspondente* → registre ocorrência. (Contestação: ver item 7.2.)\n**Presencial na agência:** só cancela no mesmo dia (ver item 4.2)! A partir do dia seguinte, só liquidação. Se o cliente relatar falhas, registre ocorrência.\n\nVerifique saldo para o débito (ou ""troco"" nas Renovações — `CDC 15.18.F2.5 Contratos Vinculados` mostrará o `SISCLI`; informe o valor), considerando Limite Especial ou resgates automáticos. Oriente manter saldo (débito à noite); uso do Limite Especial gera juros/IOF. Se discordar, só liquidação/amortização/pagamento. Cancele em `CDC 14`; se falhar, registre ocorrência.\n> No cancelamento de CDC Antecipação Saque Aniversário FGTS, o desbloqueio da garantia é automático. Log ""1120 – Operação Contratada com Parcela Pix"" = produto Alfa Parcela Pix (mesmo procedimento de Duplo Sim).\n\n### 4.4. Cancelamento de REPACTUAÇÃO\n`CDC 15.13`, selecione a operação. Se constar ""Op"" pendente de confirmação, pode excluir; se confirmada, só liquida/paga total.\n> *Convênio Especial 17:* tem repactuação de CDCs consignados com suspensão de cobrança (rotina 50109).\n\n### 4.5. Cancelamento do produto de pagamento parcelado de contas\nVer item 10 da rotina 50110.\n\n### 4.6. Pedido após 7 dias, ou contratação presencial (pedido fora do mesmo dia)\nSó é possível a liquidação.\n> Obs. 1: presencial só cancela no mesmo dia (item 4.2). Obs. 2: exclusivamente para CDC Renovação, se a liquidação antecipada não puder ser feita, registre ocorrência para avaliar cancelamento (informar que o IOF será cobrado em conta). CDC Renovação sem ""troco"" é cancelável se a contratação não foi presencial e o pedido ocorreu em até 7 dias.\n\nCancele em `CDC > 14`. Em caso de erro, registre ocorrência.\n\n---\n\n## 5. Liquidação / Amortização\n\nSolicitação exclusiva do titular.\n\n### 5.1. Amortização/Liquidação ANTECIPADA ou operação EM ATRASO\n**Demanda:** quitação parcial/total antes do vencimento e/ou parcelas em atraso.\n> Pagamento via boleto: emitido em agência, pago no mesmo dia (saldo atualiza diariamente); se não pago no mesmo dia, o mesmo boleto ainda serve, pois o saldo é recalculado.\n\nSe não autenticado (URA/Token/IP), informe os canais. Cancelamento da amortização/liquidação só no mesmo dia, e só com margem disponível (item 5.3). Somente com recursos próprios; há redução proporcional de juros.\n\n**Tipos** (parcelas em atraso sempre em ordem crescente): **Crescente** (da próxima parcela em diante); **Decrescente** (da última parcela para trás); **Linear** (amortiza o saldo total sem alterar o cronograma; recalcula as parcelas a vencer).\n> Linear NÃO permitido para CDC Consignado, nem para operações fora do status ""Normal"", com pagamento parcial, em cobrança, ou com ""Pula-Parcela"". ""Em cobrança"" não aceita nenhuma amortização.\n\n| Necessidade do cliente | Tipo de amortização |\n|---|---|\n| Parar de pagar as próximas prestações por um período | Liquidação antecipada de parcelas integrais, ordem crescente |\n| Amortizar e continuar pagando as próximas prestações | Liquidação antecipada de parcelas integrais, ordem decrescente |\n| Reduzir o valor das prestações em toda a operação | Amortização linear |\n| Liquidar a operação | Quitação total, sempre em ordem crescente |\n\n> No CDC Consignado, pode haver desconto da próxima prestação em folha. Para Consignação/Renovação Consignação, prefira ordem decrescente (evita duplicidade em folha); se o cliente pedir crescente, informe o risco (o valor retorna no vencimento da parcela, se ocorrer).\n\n**Procedimento:** 1. Simule em `CDC 13.11.12`, informe o saldo atual (item 1b). 2. Verifique saldo suficiente (`Plataforma de Relacionamento > Contas > Extrato`), considerando saldo aprovisionado, tarifas pendentes, resgates automáticos e Limite Especial (a critério do cliente, com encargos). 3. Se insuficiente, oriente novo contato; se suficiente, execute em `CDC 13 > 21 > 12` (tipo: parcial/liquidação/linear; quantidade/valor; ordem).\n> Se o sistema indicar ausência de autorização de débito, siga a rotina 50104.\n\n**Leitura obrigatória ao cliente antes da confirmação** (""Sr(a). ___, para sua segurança, faremos a leitura das condições:""):\n- **Parcial/liquidação:** agência/conta; valor base da parcela; encargos por atraso; desconto de antecipação; variação Selic; valor a amortizar; total de parcelas; ordem escolhida.\n- **Linear:** valor base; desconto aproximado; variação Selic; valor da parcela inicial; novo valor da parcela; quantidade de parcelas.\n\nApós a leitura: ""Podemos confirmar a liquidação/amortização?"" (F3, sem impressão). Supervisor confirma em `CDC 13.21.52`. Informar necessidade de saldo em conta. Comprovante: ""o débito ocorre ainda hoje; confirme pelo extrato. Para comprovante detalhado, solicite em qualquer agência o documento \'Demonstrativo de Origem e Evolução de Dívida – Crédito Direto ao Consumidor\'.""\n\n### 5.2. Amortização/liquidação de operações ""EM PERDAS""\nIdentificação: `SISALFA > CDC > 15.13`. **Não informar ao cliente que a operação está em prejuízo.**\na) **Débito em conta:** verifique saldo suficiente (mesmas ressalvas do item 5.1); se insuficiente, oriente novo contato. Liquidação: comando em `CDC 13-34` + confirmação do supervisor em `CDC 13-36`. Amortização parcial: comando em `CDC 13-35` + confirmação do gerente de grupo em `CDC 13-36`.\nb) **Boleto bancário:** registre ocorrência.\n\n### 5.3. Cancelamento da amortização ou liquidação antecipada\nSe só houve o comando do atendente (`CDC 13.21.12`) no mesmo dia: cancele em `CDC 13.91.51`. Se já confirmado pelo supervisor (`CDC 13.21.52`): faça o estorno (item 5.5).\n> O registro do atendente fica pendente de confirmação apenas no mesmo dia; se não confirmado, é excluído automaticamente no dia seguinte.\n\n### 5.4. Liquidação – Desaverbação/Liberação de Margem Consignável\nSe o cliente relatar que liquidou/cancelou mas não houve liberação de margem, ou a parcela segue sendo debitada, registre ocorrência.\n\n### 5.5. Estorno de pagamento antecipado\n**Demanda:** pagamento antes do vencimento, ou débito indevido em conta (ex.: pela agência).\n> Não aplicar a Consignação/Renovação Consignação/FGTS Saque Aniversário se a forma de pagamento foi ""Cta Convênio""; para `SISALFA` ou ""Boleto Bancário"", o estorno é permitido (ver item 2).\n\n1. Analise o motivo (não é permitido estornar e deixar em atraso). 2. Verifique vencimento (`CDC 15.13.F2.4`) e pagamento de salário (`SISPAG 11 > 13 > 36 > Consulta on line`). 3. Se não venceu e não houve crédito de salário, estorno possível (pagamento dentro de 30 dias, operação não atualizada). 4. Estorne em `CDC 13.91.11`. 5. Informe crédito no processamento noturno.\n> Se impossível estornar, ou outra duplicidade não sanável, registre ocorrência.\n\n---\n\n## 6. Dificuldade para contratação\n\n| Situação | Procedimento |\n|---|---|\n| **Renda desatualizada** | Verifique a última atualização; se >12 meses, oriente atualizar via App ou canal de autoatendimento (online; às vezes exige foto do documento, validação em até 3 dias úteis). Após validação, o limite é recalculado automaticamente. |\n| **Contrato do CDC não assinado** | Pergunte se aderiu às Cláusulas Gerais (assinatura da Proposta/Contrato de Adesão). Se sim, prossiga a análise. Se não, informe os canais de adesão: App/site (Empréstimo > Solicitação de Crédito > Assinatura de contrato CDC); caixa eletrônico; agência. |\n| **Acordo de dívida vigente** | Contratação impossibilitada durante a vigência do acordo; após encerrado, pode verificar novamente. |\n| **Não correntista** | Exceto CDC Consignado e Crédito 13º Salário INSS (exigem ANC vigente), as demais linhas exigem conta corrente com ANC vigente. |\n| **Modalidade de conta simplificada (sem linhas de crédito)** | Não permite contratar linhas de crédito; se houver interesse, o cliente faz upgrade da conta pelo app (Menu > Upgrade de Conta), sujeito a análise de crédito na agência. |\n\n---\n\n## 7. Contratação não reconhecida\n\n### 7.1. Falsidade ideológica e fraude\nFraude com uso de documentos falsos para contratar produtos; a vítima costuma descobrir só quando seu CPF/CNPJ sofre restrição por inadimplência. Ver rotina 50111.\n- Falsidade em operação de não correntista: oriente comparecimento a qualquer agência com identificação e boletim de ocorrência.\n- Fraude – demais situações: ver rotina 50112.\n\n### 7.2. Contestação de operações via Correspondente (falha, suspeita de fraude/golpe)\nIndícios de falha ou fraude/golpe (presencial ou Duplo Sim): registre ocorrência e responsabilize a unidade de correspondentes/antifraude (código 800010):\n- **Assunto 50113** — contratação não reconhecida; divergente do solicitado; insatisfação com o contrato/descumprimento; falta de clareza.\n- **Assunto 50114** — suspeita de fraude/golpe: abordagem por suposta empresa vinculada ao banco, internalização por correspondente e transferência de recursos a terceiros pelo cliente.\n- **Assunto 50115** — contestação/suspeita de fraude em operação via Correspondente ainda pendente de confirmação.\n\n> No módulo de SAC e Ouvidoria (assuntos 50113/50114), é obrigatório selecionar o produto/modalidade — só aparecem operações contratadas via Correspondente; caso contrário, o registro não é possível. Ao selecionar a operação, os dados de identificação do correspondente, do CDC e da chave de operação são preenchidos automaticamente (não editáveis).\n\n---\n\n## 8. Limite Especial da Conta\n\n### 8.1. Cancelamento do Limite Especial da Conta\na) Pode ser solicitado a qualquer tempo por qualquer titular.\nb) Ao ser solicitado, sonde o motivo e, se cabível, argumente: sem tarifa; limite disponível para emergências sem custo se não usado; cancelar não garante nova contratação futura; é possível reduzir para R$ 100,00 em vez de cancelar. O cliente não pode estar usando o limite no momento (se estiver, oriente cobrir o saldo). Se aceitar reduzir, siga para 8.2. *(Em Ouvidoria, cancelar direto, sem sondagem.)*\nc) Se decidir manter, encerre em FCR.\nd) Se insistir no cancelamento, verifique viabilidade:\n\n**Procedimento (cliente autenticado por URA/Token/IP):**\n> Não cancelar se o cliente estiver usando o limite; se houver juros/IOF a cobrar, é necessário saldo. Falha de autenticação: registre ocorrência.\n- **Atendente:** confira saldo suficiente (extrato) para limite + juros + IOF (desconsiderar valores provisionados); se insuficiente, peça depósito equivalente e informe que o cancelamento pode ser pedido no SAC/agência após o depósito; encerre em FCR. Cancele na plataforma (`Contas > Limite Especial da Conta PF > Implantação, Alteração, Renovação e Cancelamento > Cancelar > Registrar`) e peça deferimento ao supervisor.\n  > Se aparecer ""(27) Já existe comando de implantação para esta conta."", registre ocorrência. Se aparecer ""já existe solicitação pendente de deferimento"", peça o deferimento ao supervisor; se não localizar ou houver erro, abra ocorrência.\n- **Supervisor:** confirme dados (nome, produto, valor); defira (`Deferimentos e Pendências > Limite Especial da Conta Pessoa > Cancelamento > Deferimento`); confirme para o atendente prosseguir.\n- **Atendente:** informe o cancelamento e a disponibilidade da agência para recontratação futura; encerre e registre FCR. *(Se o supervisor não conseguir deferir, registre ocorrência.)*\n\n### 8.2. Redução do Limite Especial da Conta\na) Se o pedido for por causa da tarifa, esclareça que ela não é cobrada; se insistir, siga abaixo.\nb) Identifique PF e titular da conta.\nc) Cliente autenticado:\n- **Atendente:** verifique saldo suficiente para que a redução não deixe o saldo excedido; se preciso, peça depósito e informe que a redução pode ser pedida via app, WhatsApp, SAC ou agência após o depósito. Modalidade ""Ouro"" (limite ≥ R$ 1.000,00) reduzida para entre R$ 100,00 e R$ 950,00 muda para ""Classic"" (diferenças na rotina 50116). Se o cliente concordar, altere modalidade/limite na plataforma e peça deferimento ao supervisor.\n- **Supervisor:** confirme dados; defira (`Deferimentos e Pendências > Limite Especial da Conta Pessoa Física > Alteração > Deferimento`); confirme para o atendente prosseguir.\n- **Atendente:** informe a redução realizada; para elevar no futuro, indicar app/agência. Encerre e registre FCR. *(Se o supervisor não conseguir deferir, registre ocorrência.)*\n\n### 8.3. Alterar data de débito dos juros\nFalha de autenticação: informe os canais. Acesse `Plataforma > Contas > Limite Especial da Conta PF > Alterar > Tipo de Alteração – ""Dia do débito""` e escolha um dia entre 1 e 28. A alteração só vale a partir do mês seguinte à solicitação.\n\n---\n\n## 9. Rotinas auxiliares (índice de empréstimos)\n\n| Código (anonimizado) | Assunto |\n|---|---|\n| 50107 | CDC – Condições Gerais / Contrato |\n| 50108 | Crédito Consignação e Renovação – Correntista e não correntista |\n| 50118 | Crédito Consignação – INSS |\n| 50119 | Crédito Automático |\n| 50120 | Crédito Benefício |\n| 50121 | Crédito Salário e Salário Funci |\n| 50122 | Crédito Renovação e Renovação Funci |\n| 50123 | Crédito 13º Décimo Terceiro Salário |\n| 50124 | Crédito 13º Décimo Terceiro Salário – Não Correntistas |\n| 50125 | CDC Antecipação Restituição IRPF |\n| 50126 | CDC Antecipação Saque Aniversário FGTS |\n| 50117 | Crédito Parcelamento Cheque Especial (Limite Especial da Conta) |\n| 50104 | Autorização de Débito – Empréstimos, CDC e outros (Resolução CMN 4.790/2020) |\n| 50127 | Crédito do Trabalhador – Novo modelo de Crédito Consignado do Setor Privado |\n| 50128 | Crédito do Trabalhador – Atendimento ao Empregador |\n\n---\n\n## 10. Fonte de informação\n\nDepartamento responsável: **DOC – Diretoria de Operações de Crédito** (código 800020).\n']","Registrar ocorrência e responsabilizar correspondentes/antifraude (800010): assunto 50113 para não reconhecida/divergente, 50114 para suspeita de fraude/golpe com transferência a terceiros, 50115 para pendente de confirmação. Produto/modalidade obrigatório no registro.",ROLE_RESTRICTION,3.9382,,0.10714285714285714,0.8308272960282483,1.0,0.9999999999
Quero cancelar meu Limite Especial. Pode?,"Sim, você pode cancelar o seu Limite Especial (também conhecido como cheque especial) a qualquer momento.

Como não tenho acesso aos seus dados bancários, aqui estão as formas mais comuns de realizar esse procedimento:

1.  **Aplicativo do banco:** Na maioria dos bancos, você consegue acessar a seção de ""Limite"", ""Crédito"" ou ""Conta Corrente"" e encontrar a opção de ""Cancelar"" ou ""Reduzir limite para zero"".
2.  **Internet Banking:** Acesse a sua conta pelo computador e procure por configurações de limites ou serviços da conta.
3.  **Central de Atendimento:** Você pode ligar para o número que consta no verso do seu cartão ou no site oficial do seu banco e solicitar o cancelamento diretamente com um atendente.
4.  **Agência:** Se preferir, você pode ir pessoalmente a uma agência do seu banco com um documento de identificação.

**Pontos importantes para considerar:**
*   **Saldo devedor:** Se você estiver utilizando o limite no momento do cancelamento, o banco provavelmente não permitirá o encerramento até que o saldo seja regularizado (ou seja, que você pague o que deve).
*   **Reativação:** Caso se arrependa no futuro, o banco precisará fazer uma nova análise de crédito para liberar o limite novamente.

**Dica:** Se o seu objetivo é apenas evitar o uso acidental, muitos bancos permitem que você **reduza o limite para R$ 0,00** em vez de cancelar o contrato. Isso mantém o serviço ativo, mas impede que você entre no negativo.

Recomendo verificar o menu de ""Ajuda"" ou ""Configurações"" dentro do aplicativo do seu banco para encontrar o caminho exato.","['# POP – Atendimento de Operações de CDC (Crédito Direto ao Consumidor) – Pessoa Física\n### [Versão anonimizada/pseudonimizada para uso acadêmico]\n\n> **Nota metodológica de anonimização:** este documento é uma versão pseudonimizada de uma rotina real de atendimento (SAC) de operações de crédito pessoa física. Foram substituídos: (i) o nome da instituição financeira e de seus canais/site/e-mail; (ii) os nomes de sistemas internos claramente proprietários; (iii) nomes e códigos de convênios de consignação com órgãos públicos; (iv) códigos de prefixo/departamento interno; e (v) números de rotinas/assuntos auxiliares referenciados ao longo do texto — todos substituídos por identificadores fictícios e sequenciais. A lógica processual, as condições, exceções e o fluxo de decisão originais foram mantidos integralmente, o que preserva o valor do documento como exemplo de POP para fins de extração de árvore de decisão. Termos e siglas genéricas do setor bancário (CDC, SAC, Ouvidoria, TAA, URA, FCR, ANC, Token, Identificação Positiva) e referências a normas públicas (Resolução CMN 4.790/2020, INSS) foram mantidos, por não serem exclusivos de uma única instituição.\n\n**Sumário:** Observações iniciais · 1. Consulta geral CDC · 2. Débito da parcela CDC · 3. Simulação/Contratação · 4. Cancelamento de CDC · 5. Liquidação/Amortização · 6. Dificuldade para contratação · 7. Contratação não reconhecida · 8. Limite Especial da Conta · 9. Rotinas auxiliares · 10. Fonte de informação\n\n---\n\n## Observações iniciais\n\na) Esta rotina destina-se ao atendimento das operações de crédito PF listadas no item 2. Para os casos abaixo, consulte rotinas específicas:\n- **FIES:** rotina 50101 – SAC QC – Financiamento Estudantil (FIES)\n- **Financiamento imobiliário:** rotina 50102 – SAC QC – Financiamento Imobiliário\n- **Renegociação de dívidas:** rotina 50103 – SAC QC – Renegociação de Dívidas Pessoa Física e Jurídica\n\nb) **Autorização de Débito em Conta:** a partir de 01/03/2021, para que uma operação seja debitada em conta, é necessária autorização específica do cliente para o débito. Ver informações e procedimentos na rotina 50104.\n\nc) **Canais para contratação de CDC:** [link para os canais de contratação]\n\n---\n\n## 1. Consulta geral CDC\n\nPara verificar as informações da operação, identifique se o consumidor é PF e titular da operação. Em caso de FALHA, RECUSA ou INAPLICABILIDADE de Identificação Positiva (IP), registre ocorrência.\n\n| Demanda | Consulta |\n|---|---|\n| a) Informações gerais do CDC | `SISALFA > CDC > 15 > 18` — em ""Código do Cliente"" pressione F4, inclua o CPF e selecione a operação. Clique em F2 > Outros dados > 4. Cronograma. Principais informações: modalidade do CDC, data de vencimento, parcelas pagas e data de pagamento (mais detalhes no item 2), parcelas a vencer, parcelas em atraso, taxas de juros ou CET. |\n| b) Saldo atualizado total | `SISALFA > CDC > 15 > 18` — mesmo caminho acima; após selecionar a operação, verifique o campo ""Saldo devedor atual"". Esse é o saldo do dia, com atualização diária. |\n| c) Parcelas, valores pagos, juros, datas de pagamento | `SISALFA > CDC > 15 > 18` → Agência/Conta → selecione a operação → F2 → 4. Cronograma → selecione a parcela (""P"" indica pagamento parcial) → F9 (detalhe) → F12/F11 (pagamentos e parcelas). O ""total recebimento parcial"" é o valor recebido naquela parcela. |\n| d) Consultar CDC liquidado, renovado ou excluído | `SISALFA > CDC > 15 > 18`, em ""Código do Cliente"" pressione F4 e insira o CPF — NÃO selecione nenhuma operação e pressione F11. F12 para operações arquivadas. |\n| e) Consulta de cláusulas gerais ou documentos do CDC contratado | Cláusulas gerais consultáveis em: **App Alfa** (Menu > Empréstimos > Contratar empréstimo > Aderir ao contrato); **site institucional**, inclusive para não correntista (Página inicial > Pra você > Empréstimo > Empréstimo pessoal > Contrato de abertura de crédito rotativo); **site institucional (área logada)** (Menu > Empréstimos > Crédito consignado e pessoal > Aderir Contrato de Empréstimo). Documentos do CDC contratado: Extrato de Empréstimo (parcelas pagas/a pagar) — App, site, caixas eletrônicos ou agências; Consolidado Anual (valores por exercício) — site ou agências; 2ª via do comprovante (com taxas) — App ou agências. |\n\n---\n\n## 2. Débito da parcela CDC (data ou valor divergente, duplicidade)\n\nPara identificar o débito questionado, consulte o extrato em `Plataforma de Relacionamento (Operações Contratadas) > Contas > Consultas > Extrato Conta Corrente`. O número da operação consta no campo ""Documento"" (9 dígitos).\n\nSituações possíveis: débito antes/depois do vencimento contratual; valor divergente; duplicidade (folha + conta); débito em conta errada.\n\n**Consulta:** `CDC 15.13` (F4 – CPF) → selecione a operação → F2.4 (cronograma) → selecione a parcela com ""x"" → F9 (detalhar) → F12 (mais informações) → F3 (voltar) e copie o nº da operação → `CDC 13.61` (cole o nº como ""nº contrato"") para ver como ocorreu o pagamento.\n\nSiga então a orientação por modalidade:\n\n### CDC Consignação ou CDC Renovação Consignação\nDébito ocorre na folha de pagamento. a) Se não consignada (ou parcial), o débito ocorrerá total/parcial em conta. b) Se liquidado/renovado mas houve consignação, o estorno é automático em conta em até D+2 dias úteis, exceto para os convênios de código 900001 (INSS — devolução a partir do 5º dia útil) e código 900002 (MPDG — devolução até o 1º dia útil).\n\n1. Consulte a parcela: `CDC 15 > 13 > F2 > 4` (datas); `CDC 15 > 13 > F8 > F9` (mês/ano da folha). *Consig total* = debitada integralmente em folha; *Consig parcial* = debitada parcialmente (verifique o restante em conta); *Não consignada* = sem débito em folha; *Incluída* = ainda não vencida; *Enviada* = empregador não retornou (sem repasse, o débito ocorre em conta).\n2. Confirme a consignação em `SISCONSIG 22 > 01 > 01` (Convênio, Data Prevista, nº Operação — dados em `CDC 15.13`); selecione ""x"" e F9: ""Tipo Lançamento"" *Amortização* = consignado; *Devolução* = não consignado, devolvido à conta.\n3. Preste as informações.\n4. Se o cliente disser que a parcela foi consignada em folha mas também há débito agendado em conta: verifique o extrato (agendado ou debitado); se debitado, verifique devolução; se a data for hoje/próximo dia útil, oriente aguardar o processamento noturno (tende a ser excluído) e encerre em FCR. Se confirmada duplicidade sem estorno, ou se o sistema não mostra consignação mas o cliente afirma o desconto, registre ocorrência e oriente o envio de cópia do contracheque para `sacdocumentos@bancoalfa.com.br`.\n\n> **Crédito do Trabalhador** (identifique pelo campo ""Convênio"" = ""E-Consig PJ"" em `CDC > 15 > 13`): exigir contracheque da competência anterior ao débito (ex.: débito no mês 09 → contracheque do mês 08) e o documento ""Detalhe da guia emitida"" (com a instituição que recebeu o valor) + comprovante de pagamento da guia, fornecidos pela empresa.\n\n### CDC Salário, CDC Benefício e CDC Renovação\nDébito no dia do crédito do salário/benefício, mesmo que divergente do vencimento contratual (cobrança antecipada gera desconto proporcional). Renovação com convênio: débito na data de crédito de proventos; sem convênio: na data de vencimento.\n\n1. Verifique no extrato o recebimento de salário no dia do débito.\n2. Compare a data de débito (`CDC 15 > 13 > F2 > 4`) com a cadastrada em `CDC 24 > 14` e `SISPAG 11 > 13 > 36 > Consulta on line`.\n3. Se ambos ocorrerem após o vencimento do contrato, registre ocorrência.\n4. Preste as informações.\n\n### CDC Automático\nDébito em conta (corrente ou salário) na data de vencimento informada na autorização; há opção de boleto (gerado pelo cliente ou se a autorização foi cancelada).\n\n**Duplicidade:** 1. Verifique boleto pago + débito em conta (`CDC 13 > 61`, ""Forma Pagto"": Rcbto Autom e Boleto Banc); confira estorno (campo ""Dt. Canc."" preenchido = houve estorno). 2. Se confirmada duplicidade sem estorno, estorne em `CDC 13 > 91 > 11 > 6` (o sistema só estorna do mais recente para o mais antigo; se o pagamento em conta foi parcial e só for possível estornar o boleto mais recente, isso deixaria a operação em atraso — nesse caso, estorne primeiro o ""Boleto Bancário"" e depois o ""Recebimento Automático"", só se não houver débitos pendentes). Peça ao supervisor para receber o valor correto em `CDC 13.23`; confirme a data de recebimento retroativo em `CDC 13.61`.\n> Para recebimento por débito em conta em operações contratadas a partir de 01/03/21, é necessária autorização específica do cliente.\n\n### CDC 13º Salário\nDébito em parcela única. **Com convênio:** na data de cobrança (recebimento do 13º, informado pelo empregador) OU no vencimento (30 dias após o crédito do 13º), o que ocorrer primeiro — exceto convênios com 13º vinculado ao aniversário do cliente. **Sem convênio:** na data escolhida na contratação.\n\n- Convênio consta em `SISALFA > CDC 15.13`.\n- **Com convênio:** data de cobrança em `CDC 22 > 10 > 5d` (código de linha 3100; nº convênio em `CDC 15 > 13`); vencimento em `CDC 15 > 13 > F2 > 4`. 1. Informe que o débito ocorre na data de cobrança; se o 13º não for creditado, tenta-se o débito na data de cobrança ou vencimento (o que ocorrer primeiro). 2. Verifique como ocorreu em `CDC 15 > 13 > F2 > 4`. 3. Preste as informações.\n  > **Obs.:** se a data de cobrança mudar por solicitação do empregador, o vencimento pode ser antecipado. *Ex. 1:* cobrança cadastrada 30/06/26 → vencimento 30/07/26; se a cobrança mudar para 30/08/26, cobra-se em 30/07/26 (o que ocorrer primeiro). *Ex. 2:* se o 13º do convênio está vinculado ao mês de aniversário, cobrança e vencimento caem no mês de aniversário do cliente.\n- **Sem convênio:** débito no vencimento (`CDC 15 > 13 > F2 > 4`).\n\n### CDC Antecipação IRPF\nDébito (a) na data prevista do crédito da restituição, ou (b) no vencimento contratual, se o crédito não ocorrer antes.\n1. Informe a regra acima. 2. Consulte `CDC 15 > 13 > F2 > 4`. 3. Preste as informações.\n\n### CDC Antecipação Saque Aniversário FGTS\nLiquidação automática via repasse do FGTS; débito em conta só se o repasse for insuficiente.\n1. Consulte `CDC 15 > 13 > F2 > 4`. 2. Preste as informações.\n\n### Orientações complementares\na) Reclamação de saldo aprovisionado em fim de semana/feriado: explique que, pelas cláusulas gerais do contrato de conta, a liberação de débitos nesses períodos depende do saldo após deduzir débitos programados para o 1º dia útil seguinte.\nb) **Boleto:** algumas linhas permitem gerar boleto (rotina 50107); se houver duplicidade (conta + boleto), estorne como em ""CDC Automático"". Não aplicar esse procedimento a CDC Consignação/Renovação Consignação/FGTS Saque Aniversário se a forma de pagamento foi ""Cta Convênio"" — para forma de pagamento via `SISALFA` ou ""Boleto Bancário"", o estorno é permitido.\nc) Mais informações: ver rotinas auxiliares (item 9).\nd) Se não for possível identificar o motivo, ou o cliente permanecer insatisfeito, registre ocorrência.\n\n---\n\n## 3. Simulação/Contratação de Empréstimos\n\nCDC é um empréstimo pessoal automatizado, pré-aprovado, disponível em conta corrente. Solicitação exclusiva do titular.\n> Se o cliente quiser alterar o vencimento da prestação: após a confirmação do contrato isso não é possível. Alternativa: contratar CDC Renovação (se a linha permitir e houver limite), indicando o vencimento mais adequado.\n\n**Procedimento:** verifique se a Análise de Crédito (ANC) está vigente em `Plataforma de Relacionamento (Operações Contratadas) — aba Limite de Crédito`, campo ""Situação do limite"".\n\n| Status do limite | Procedimento |\n|---|---|\n| Vencida, Impedida, Cancelada, Suspensa, Em transferência, Em estudo, Indeferida, ou Vigente com Limite Total–Margem zerado | Informe que não há limite disponível; o cliente deve ir a qualquer agência com identificação (RG/CPF), comprovante de residência e de renda (emitidos há menos de 90 dias, mesmo que pela internet). Consulte a rotina 50105 para possibilidade de restabelecimento. |\n| Vigente (algum valor em Limite Total–Margem) | Não informe o valor ao cliente. Dentro do horário de atendimento (9h–18h), pergunte se autoriza transferência para a Central de Consultoria em Uso Responsável do Crédito (rotina 50106). Se não autorizar, ou fora do horário, informe as opções: Central de Consultoria; App Alfa > Empréstimo; site > Empréstimo; caixa eletrônico (TAA) > Empréstimo. |\n\n---\n\n## 4. Cancelamento de CDC\n\nCancelamento permitido em até 7 dias corridos (a partir do dia seguinte à liberação do crédito), se contratado por canal de autoatendimento (App, site, caixas eletrônicos ou telefone), pelo titular, autenticado (URA, Token ou Identificação Positiva).\n\n> **Atenção:** o cancelamento da linha 2881 – Crédito Renovação Consignação está restrito ao departamento **DOC – Diretoria de Operações de Crédito** (código 800020) para os convênios: Convênio Especial 01 (700001), 02 (700002), 03 (700003), 04 (700004), 05 (700005), 06 (700006), 07 (700007), 08 (700008), 09 (700009), 10 (700010), 11 (700011), 12 (700012), 13 (700013), 14 (700014), 15 (700015) e 16 (700016). É necessário haver margem suficiente para reaverbação das operações vinculadas à renovação cancelada.\n> O cancelamento da mesma linha para o Convênio Especial 17 (700017) está restrito à **Superintendência Regional III** (código 800030). Ver rotina 50108.\n\nAntes do procedimento, informe o número da operação e que, após o cancelamento, o comando não pode ser desfeito.\n\n### 4.1. Cancelamento de proposta CDC NÃO CONFIRMADA\n`SISRET Y09` — copie o nº da operação (documento, 9 dígitos). `CDC 11.13` → inclua o nº a cancelar. Em ""Exclusão de operação – Confirma?"", responda ""S"". Motivo: ""08 – Exclusão a pedido do cliente – Desistência"". Verifique a mensagem ""Cancelamento da Proposta efetuado em XX/XX/XX às XX:XX:XX por FXXXXX""; se diferente, registre ocorrência.\n> Atenção a operações via Correspondente – LOG 633 ""Operação Novo Fluxo Correspondente/Parceiro Comercial"" (`CDC 15.18.F2.8`). Se pendente de confirmação, registre ocorrência (motivo obrigatório; não oriente o cliente a excluir por autoatendimento).\n\n### 4.2. Cancelamento no MESMO DIA ou DIA ÚTIL SEGUINTE (contratação em dia não útil)\nPermitido para contratações presenciais e não presenciais, todos os canais. Uso do Limite Especial da Conta gera juros e IOF. Cancele em `CDC 14`; se falhar, registre ocorrência.\n\n### 4.3. Cancelamento em até 7 DIAS CORRIDOS (a partir do dia seguinte ao crédito)\n**Via TAA/internet/App/telefone (Duplo Sim):** consulte `CDC 15.18.F2.8` (log) — canal no log 201: *Duplo Sim* → campo ""Ocor"" LOG 201 e 493; *Correspondente* → registre ocorrência. (Contestação: ver item 7.2.)\n**Presencial na agência:** só cancela no mesmo dia (ver item 4.2)! A partir do dia seguinte, só liquidação. Se o cliente relatar falhas, registre ocorrência.\n\nVerifique saldo para o débito (ou ""troco"" nas Renovações — `CDC 15.18.F2.5 Contratos Vinculados` mostrará o `SISCLI`; informe o valor), considerando Limite Especial ou resgates automáticos. Oriente manter saldo (débito à noite); uso do Limite Especial gera juros/IOF. Se discordar, só liquidação/amortização/pagamento. Cancele em `CDC 14`; se falhar, registre ocorrência.\n> No cancelamento de CDC Antecipação Saque Aniversário FGTS, o desbloqueio da garantia é automático. Log ""1120 – Operação Contratada com Parcela Pix"" = produto Alfa Parcela Pix (mesmo procedimento de Duplo Sim).\n\n### 4.4. Cancelamento de REPACTUAÇÃO\n`CDC 15.13`, selecione a operação. Se constar ""Op"" pendente de confirmação, pode excluir; se confirmada, só liquida/paga total.\n> *Convênio Especial 17:* tem repactuação de CDCs consignados com suspensão de cobrança (rotina 50109).\n\n### 4.5. Cancelamento do produto de pagamento parcelado de contas\nVer item 10 da rotina 50110.\n\n### 4.6. Pedido após 7 dias, ou contratação presencial (pedido fora do mesmo dia)\nSó é possível a liquidação.\n> Obs. 1: presencial só cancela no mesmo dia (item 4.2). Obs. 2: exclusivamente para CDC Renovação, se a liquidação antecipada não puder ser feita, registre ocorrência para avaliar cancelamento (informar que o IOF será cobrado em conta). CDC Renovação sem ""troco"" é cancelável se a contratação não foi presencial e o pedido ocorreu em até 7 dias.\n\nCancele em `CDC > 14`. Em caso de erro, registre ocorrência.\n\n---\n\n## 5. Liquidação / Amortização\n\nSolicitação exclusiva do titular.\n\n### 5.1. Amortização/Liquidação ANTECIPADA ou operação EM ATRASO\n**Demanda:** quitação parcial/total antes do vencimento e/ou parcelas em atraso.\n> Pagamento via boleto: emitido em agência, pago no mesmo dia (saldo atualiza diariamente); se não pago no mesmo dia, o mesmo boleto ainda serve, pois o saldo é recalculado.\n\nSe não autenticado (URA/Token/IP), informe os canais. Cancelamento da amortização/liquidação só no mesmo dia, e só com margem disponível (item 5.3). Somente com recursos próprios; há redução proporcional de juros.\n\n**Tipos** (parcelas em atraso sempre em ordem crescente): **Crescente** (da próxima parcela em diante); **Decrescente** (da última parcela para trás); **Linear** (amortiza o saldo total sem alterar o cronograma; recalcula as parcelas a vencer).\n> Linear NÃO permitido para CDC Consignado, nem para operações fora do status ""Normal"", com pagamento parcial, em cobrança, ou com ""Pula-Parcela"". ""Em cobrança"" não aceita nenhuma amortização.\n\n| Necessidade do cliente | Tipo de amortização |\n|---|---|\n| Parar de pagar as próximas prestações por um período | Liquidação antecipada de parcelas integrais, ordem crescente |\n| Amortizar e continuar pagando as próximas prestações | Liquidação antecipada de parcelas integrais, ordem decrescente |\n| Reduzir o valor das prestações em toda a operação | Amortização linear |\n| Liquidar a operação | Quitação total, sempre em ordem crescente |\n\n> No CDC Consignado, pode haver desconto da próxima prestação em folha. Para Consignação/Renovação Consignação, prefira ordem decrescente (evita duplicidade em folha); se o cliente pedir crescente, informe o risco (o valor retorna no vencimento da parcela, se ocorrer).\n\n**Procedimento:** 1. Simule em `CDC 13.11.12`, informe o saldo atual (item 1b). 2. Verifique saldo suficiente (`Plataforma de Relacionamento > Contas > Extrato`), considerando saldo aprovisionado, tarifas pendentes, resgates automáticos e Limite Especial (a critério do cliente, com encargos). 3. Se insuficiente, oriente novo contato; se suficiente, execute em `CDC 13 > 21 > 12` (tipo: parcial/liquidação/linear; quantidade/valor; ordem).\n> Se o sistema indicar ausência de autorização de débito, siga a rotina 50104.\n\n**Leitura obrigatória ao cliente antes da confirmação** (""Sr(a). ___, para sua segurança, faremos a leitura das condições:""):\n- **Parcial/liquidação:** agência/conta; valor base da parcela; encargos por atraso; desconto de antecipação; variação Selic; valor a amortizar; total de parcelas; ordem escolhida.\n- **Linear:** valor base; desconto aproximado; variação Selic; valor da parcela inicial; novo valor da parcela; quantidade de parcelas.\n\nApós a leitura: ""Podemos confirmar a liquidação/amortização?"" (F3, sem impressão). Supervisor confirma em `CDC 13.21.52`. Informar necessidade de saldo em conta. Comprovante: ""o débito ocorre ainda hoje; confirme pelo extrato. Para comprovante detalhado, solicite em qualquer agência o documento \'Demonstrativo de Origem e Evolução de Dívida – Crédito Direto ao Consumidor\'.""\n\n### 5.2. Amortização/liquidação de operações ""EM PERDAS""\nIdentificação: `SISALFA > CDC > 15.13`. **Não informar ao cliente que a operação está em prejuízo.**\na) **Débito em conta:** verifique saldo suficiente (mesmas ressalvas do item 5.1); se insuficiente, oriente novo contato. Liquidação: comando em `CDC 13-34` + confirmação do supervisor em `CDC 13-36`. Amortização parcial: comando em `CDC 13-35` + confirmação do gerente de grupo em `CDC 13-36`.\nb) **Boleto bancário:** registre ocorrência.\n\n### 5.3. Cancelamento da amortização ou liquidação antecipada\nSe só houve o comando do atendente (`CDC 13.21.12`) no mesmo dia: cancele em `CDC 13.91.51`. Se já confirmado pelo supervisor (`CDC 13.21.52`): faça o estorno (item 5.5).\n> O registro do atendente fica pendente de confirmação apenas no mesmo dia; se não confirmado, é excluído automaticamente no dia seguinte.\n\n### 5.4. Liquidação – Desaverbação/Liberação de Margem Consignável\nSe o cliente relatar que liquidou/cancelou mas não houve liberação de margem, ou a parcela segue sendo debitada, registre ocorrência.\n\n### 5.5. Estorno de pagamento antecipado\n**Demanda:** pagamento antes do vencimento, ou débito indevido em conta (ex.: pela agência).\n> Não aplicar a Consignação/Renovação Consignação/FGTS Saque Aniversário se a forma de pagamento foi ""Cta Convênio""; para `SISALFA` ou ""Boleto Bancário"", o estorno é permitido (ver item 2).\n\n1. Analise o motivo (não é permitido estornar e deixar em atraso). 2. Verifique vencimento (`CDC 15.13.F2.4`) e pagamento de salário (`SISPAG 11 > 13 > 36 > Consulta on line`). 3. Se não venceu e não houve crédito de salário, estorno possível (pagamento dentro de 30 dias, operação não atualizada). 4. Estorne em `CDC 13.91.11`. 5. Informe crédito no processamento noturno.\n> Se impossível estornar, ou outra duplicidade não sanável, registre ocorrência.\n\n---\n\n## 6. Dificuldade para contratação\n\n| Situação | Procedimento |\n|---|---|\n| **Renda desatualizada** | Verifique a última atualização; se >12 meses, oriente atualizar via App ou canal de autoatendimento (online; às vezes exige foto do documento, validação em até 3 dias úteis). Após validação, o limite é recalculado automaticamente. |\n| **Contrato do CDC não assinado** | Pergunte se aderiu às Cláusulas Gerais (assinatura da Proposta/Contrato de Adesão). Se sim, prossiga a análise. Se não, informe os canais de adesão: App/site (Empréstimo > Solicitação de Crédito > Assinatura de contrato CDC); caixa eletrônico; agência. |\n| **Acordo de dívida vigente** | Contratação impossibilitada durante a vigência do acordo; após encerrado, pode verificar novamente. |\n| **Não correntista** | Exceto CDC Consignado e Crédito 13º Salário INSS (exigem ANC vigente), as demais linhas exigem conta corrente com ANC vigente. |\n| **Modalidade de conta simplificada (sem linhas de crédito)** | Não permite contratar linhas de crédito; se houver interesse, o cliente faz upgrade da conta pelo app (Menu > Upgrade de Conta), sujeito a análise de crédito na agência. |\n\n---\n\n## 7. Contratação não reconhecida\n\n### 7.1. Falsidade ideológica e fraude\nFraude com uso de documentos falsos para contratar produtos; a vítima costuma descobrir só quando seu CPF/CNPJ sofre restrição por inadimplência. Ver rotina 50111.\n- Falsidade em operação de não correntista: oriente comparecimento a qualquer agência com identificação e boletim de ocorrência.\n- Fraude – demais situações: ver rotina 50112.\n\n### 7.2. Contestação de operações via Correspondente (falha, suspeita de fraude/golpe)\nIndícios de falha ou fraude/golpe (presencial ou Duplo Sim): registre ocorrência e responsabilize a unidade de correspondentes/antifraude (código 800010):\n- **Assunto 50113** — contratação não reconhecida; divergente do solicitado; insatisfação com o contrato/descumprimento; falta de clareza.\n- **Assunto 50114** — suspeita de fraude/golpe: abordagem por suposta empresa vinculada ao banco, internalização por correspondente e transferência de recursos a terceiros pelo cliente.\n- **Assunto 50115** — contestação/suspeita de fraude em operação via Correspondente ainda pendente de confirmação.\n\n> No módulo de SAC e Ouvidoria (assuntos 50113/50114), é obrigatório selecionar o produto/modalidade — só aparecem operações contratadas via Correspondente; caso contrário, o registro não é possível. Ao selecionar a operação, os dados de identificação do correspondente, do CDC e da chave de operação são preenchidos automaticamente (não editáveis).\n\n---\n\n## 8. Limite Especial da Conta\n\n### 8.1. Cancelamento do Limite Especial da Conta\na) Pode ser solicitado a qualquer tempo por qualquer titular.\nb) Ao ser solicitado, sonde o motivo e, se cabível, argumente: sem tarifa; limite disponível para emergências sem custo se não usado; cancelar não garante nova contratação futura; é possível reduzir para R$ 100,00 em vez de cancelar. O cliente não pode estar usando o limite no momento (se estiver, oriente cobrir o saldo). Se aceitar reduzir, siga para 8.2. *(Em Ouvidoria, cancelar direto, sem sondagem.)*\nc) Se decidir manter, encerre em FCR.\nd) Se insistir no cancelamento, verifique viabilidade:\n\n**Procedimento (cliente autenticado por URA/Token/IP):**\n> Não cancelar se o cliente estiver usando o limite; se houver juros/IOF a cobrar, é necessário saldo. Falha de autenticação: registre ocorrência.\n- **Atendente:** confira saldo suficiente (extrato) para limite + juros + IOF (desconsiderar valores provisionados); se insuficiente, peça depósito equivalente e informe que o cancelamento pode ser pedido no SAC/agência após o depósito; encerre em FCR. Cancele na plataforma (`Contas > Limite Especial da Conta PF > Implantação, Alteração, Renovação e Cancelamento > Cancelar > Registrar`) e peça deferimento ao supervisor.\n  > Se aparecer ""(27) Já existe comando de implantação para esta conta."", registre ocorrência. Se aparecer ""já existe solicitação pendente de deferimento"", peça o deferimento ao supervisor; se não localizar ou houver erro, abra ocorrência.\n- **Supervisor:** confirme dados (nome, produto, valor); defira (`Deferimentos e Pendências > Limite Especial da Conta Pessoa > Cancelamento > Deferimento`); confirme para o atendente prosseguir.\n- **Atendente:** informe o cancelamento e a disponibilidade da agência para recontratação futura; encerre e registre FCR. *(Se o supervisor não conseguir deferir, registre ocorrência.)*\n\n### 8.2. Redução do Limite Especial da Conta\na) Se o pedido for por causa da tarifa, esclareça que ela não é cobrada; se insistir, siga abaixo.\nb) Identifique PF e titular da conta.\nc) Cliente autenticado:\n- **Atendente:** verifique saldo suficiente para que a redução não deixe o saldo excedido; se preciso, peça depósito e informe que a redução pode ser pedida via app, WhatsApp, SAC ou agência após o depósito. Modalidade ""Ouro"" (limite ≥ R$ 1.000,00) reduzida para entre R$ 100,00 e R$ 950,00 muda para ""Classic"" (diferenças na rotina 50116). Se o cliente concordar, altere modalidade/limite na plataforma e peça deferimento ao supervisor.\n- **Supervisor:** confirme dados; defira (`Deferimentos e Pendências > Limite Especial da Conta Pessoa Física > Alteração > Deferimento`); confirme para o atendente prosseguir.\n- **Atendente:** informe a redução realizada; para elevar no futuro, indicar app/agência. Encerre e registre FCR. *(Se o supervisor não conseguir deferir, registre ocorrência.)*\n\n### 8.3. Alterar data de débito dos juros\nFalha de autenticação: informe os canais. Acesse `Plataforma > Contas > Limite Especial da Conta PF > Alterar > Tipo de Alteração – ""Dia do débito""` e escolha um dia entre 1 e 28. A alteração só vale a partir do mês seguinte à solicitação.\n\n---\n\n## 9. Rotinas auxiliares (índice de empréstimos)\n\n| Código (anonimizado) | Assunto |\n|---|---|\n| 50107 | CDC – Condições Gerais / Contrato |\n| 50108 | Crédito Consignação e Renovação – Correntista e não correntista |\n| 50118 | Crédito Consignação – INSS |\n| 50119 | Crédito Automático |\n| 50120 | Crédito Benefício |\n| 50121 | Crédito Salário e Salário Funci |\n| 50122 | Crédito Renovação e Renovação Funci |\n| 50123 | Crédito 13º Décimo Terceiro Salário |\n| 50124 | Crédito 13º Décimo Terceiro Salário – Não Correntistas |\n| 50125 | CDC Antecipação Restituição IRPF |\n| 50126 | CDC Antecipação Saque Aniversário FGTS |\n| 50117 | Crédito Parcelamento Cheque Especial (Limite Especial da Conta) |\n| 50104 | Autorização de Débito – Empréstimos, CDC e outros (Resolução CMN 4.790/2020) |\n| 50127 | Crédito do Trabalhador – Novo modelo de Crédito Consignado do Setor Privado |\n| 50128 | Crédito do Trabalhador – Atendimento ao Empregador |\n\n---\n\n## 10. Fonte de informação\n\nDepartamento responsável: **DOC – Diretoria de Operações de Crédito** (código 800020).\n']","Não com o limite em uso: orientar cobrir o saldo primeiro (sondar motivo, oferecer redução a R$ 100, sem tarifa). Com saldo e autenticação, cancelar na plataforma com deferimento do supervisor; em Ouvidoria, cancela direto sem sondagem.",CONDITIONAL_WORKFLOW,3.3153,,0.2,0.9002520906231005,1.0,0.9999999999
Quando descontam meu CDC 13º salário?,"O desconto do **CDC 13º Salário** ocorre, via de regra, em uma **parcela única**, na data em que você recebe o seu 13º salário (ou na data limite estabelecida em contrato).

Aqui estão os pontos principais sobre como esse pagamento funciona:

1.  **Pagamento Automático:** O valor total do empréstimo (principal + juros) é debitado automaticamente da sua conta corrente no momento em que o crédito do 13º salário cai na sua conta.
2.  **Data Limite:** Caso o 13º não seja creditado na conta ou o valor seja insuficiente, o banco geralmente possui uma data limite contratual para realizar o débito do saldo devedor.
3.  **Antecipação:** Se você antecipou o 13º salário, o banco retém o valor diretamente da fonte ou da conta onde o benefício é depositado.
4.  **Saldo Insuficiente:** Se, na data do vencimento, não houver saldo suficiente na conta para cobrir a dívida, o banco pode cobrar encargos por atraso e o valor pode ser debitado assim que houver saldo disponível.

**Recomendação:** Como as condições podem variar conforme o contrato específico que você assinou, recomendo que você verifique o **Resumo do Contrato** ou o **Internet Banking/App** do seu banco. Lá, na seção de ""Empréstimos"" ou ""CDC"", você encontrará a data exata de vencimento programada para o seu contrato.","['# POP – Atendimento de Operações de CDC (Crédito Direto ao Consumidor) – Pessoa Física\n### [Versão anonimizada/pseudonimizada para uso acadêmico]\n\n> **Nota metodológica de anonimização:** este documento é uma versão pseudonimizada de uma rotina real de atendimento (SAC) de operações de crédito pessoa física. Foram substituídos: (i) o nome da instituição financeira e de seus canais/site/e-mail; (ii) os nomes de sistemas internos claramente proprietários; (iii) nomes e códigos de convênios de consignação com órgãos públicos; (iv) códigos de prefixo/departamento interno; e (v) números de rotinas/assuntos auxiliares referenciados ao longo do texto — todos substituídos por identificadores fictícios e sequenciais. A lógica processual, as condições, exceções e o fluxo de decisão originais foram mantidos integralmente, o que preserva o valor do documento como exemplo de POP para fins de extração de árvore de decisão. Termos e siglas genéricas do setor bancário (CDC, SAC, Ouvidoria, TAA, URA, FCR, ANC, Token, Identificação Positiva) e referências a normas públicas (Resolução CMN 4.790/2020, INSS) foram mantidos, por não serem exclusivos de uma única instituição.\n\n**Sumário:** Observações iniciais · 1. Consulta geral CDC · 2. Débito da parcela CDC · 3. Simulação/Contratação · 4. Cancelamento de CDC · 5. Liquidação/Amortização · 6. Dificuldade para contratação · 7. Contratação não reconhecida · 8. Limite Especial da Conta · 9. Rotinas auxiliares · 10. Fonte de informação\n\n---\n\n## Observações iniciais\n\na) Esta rotina destina-se ao atendimento das operações de crédito PF listadas no item 2. Para os casos abaixo, consulte rotinas específicas:\n- **FIES:** rotina 50101 – SAC QC – Financiamento Estudantil (FIES)\n- **Financiamento imobiliário:** rotina 50102 – SAC QC – Financiamento Imobiliário\n- **Renegociação de dívidas:** rotina 50103 – SAC QC – Renegociação de Dívidas Pessoa Física e Jurídica\n\nb) **Autorização de Débito em Conta:** a partir de 01/03/2021, para que uma operação seja debitada em conta, é necessária autorização específica do cliente para o débito. Ver informações e procedimentos na rotina 50104.\n\nc) **Canais para contratação de CDC:** [link para os canais de contratação]\n\n---\n\n## 1. Consulta geral CDC\n\nPara verificar as informações da operação, identifique se o consumidor é PF e titular da operação. Em caso de FALHA, RECUSA ou INAPLICABILIDADE de Identificação Positiva (IP), registre ocorrência.\n\n| Demanda | Consulta |\n|---|---|\n| a) Informações gerais do CDC | `SISALFA > CDC > 15 > 18` — em ""Código do Cliente"" pressione F4, inclua o CPF e selecione a operação. Clique em F2 > Outros dados > 4. Cronograma. Principais informações: modalidade do CDC, data de vencimento, parcelas pagas e data de pagamento (mais detalhes no item 2), parcelas a vencer, parcelas em atraso, taxas de juros ou CET. |\n| b) Saldo atualizado total | `SISALFA > CDC > 15 > 18` — mesmo caminho acima; após selecionar a operação, verifique o campo ""Saldo devedor atual"". Esse é o saldo do dia, com atualização diária. |\n| c) Parcelas, valores pagos, juros, datas de pagamento | `SISALFA > CDC > 15 > 18` → Agência/Conta → selecione a operação → F2 → 4. Cronograma → selecione a parcela (""P"" indica pagamento parcial) → F9 (detalhe) → F12/F11 (pagamentos e parcelas). O ""total recebimento parcial"" é o valor recebido naquela parcela. |\n| d) Consultar CDC liquidado, renovado ou excluído | `SISALFA > CDC > 15 > 18`, em ""Código do Cliente"" pressione F4 e insira o CPF — NÃO selecione nenhuma operação e pressione F11. F12 para operações arquivadas. |\n| e) Consulta de cláusulas gerais ou documentos do CDC contratado | Cláusulas gerais consultáveis em: **App Alfa** (Menu > Empréstimos > Contratar empréstimo > Aderir ao contrato); **site institucional**, inclusive para não correntista (Página inicial > Pra você > Empréstimo > Empréstimo pessoal > Contrato de abertura de crédito rotativo); **site institucional (área logada)** (Menu > Empréstimos > Crédito consignado e pessoal > Aderir Contrato de Empréstimo). Documentos do CDC contratado: Extrato de Empréstimo (parcelas pagas/a pagar) — App, site, caixas eletrônicos ou agências; Consolidado Anual (valores por exercício) — site ou agências; 2ª via do comprovante (com taxas) — App ou agências. |\n\n---\n\n## 2. Débito da parcela CDC (data ou valor divergente, duplicidade)\n\nPara identificar o débito questionado, consulte o extrato em `Plataforma de Relacionamento (Operações Contratadas) > Contas > Consultas > Extrato Conta Corrente`. O número da operação consta no campo ""Documento"" (9 dígitos).\n\nSituações possíveis: débito antes/depois do vencimento contratual; valor divergente; duplicidade (folha + conta); débito em conta errada.\n\n**Consulta:** `CDC 15.13` (F4 – CPF) → selecione a operação → F2.4 (cronograma) → selecione a parcela com ""x"" → F9 (detalhar) → F12 (mais informações) → F3 (voltar) e copie o nº da operação → `CDC 13.61` (cole o nº como ""nº contrato"") para ver como ocorreu o pagamento.\n\nSiga então a orientação por modalidade:\n\n### CDC Consignação ou CDC Renovação Consignação\nDébito ocorre na folha de pagamento. a) Se não consignada (ou parcial), o débito ocorrerá total/parcial em conta. b) Se liquidado/renovado mas houve consignação, o estorno é automático em conta em até D+2 dias úteis, exceto para os convênios de código 900001 (INSS — devolução a partir do 5º dia útil) e código 900002 (MPDG — devolução até o 1º dia útil).\n\n1. Consulte a parcela: `CDC 15 > 13 > F2 > 4` (datas); `CDC 15 > 13 > F8 > F9` (mês/ano da folha). *Consig total* = debitada integralmente em folha; *Consig parcial* = debitada parcialmente (verifique o restante em conta); *Não consignada* = sem débito em folha; *Incluída* = ainda não vencida; *Enviada* = empregador não retornou (sem repasse, o débito ocorre em conta).\n2. Confirme a consignação em `SISCONSIG 22 > 01 > 01` (Convênio, Data Prevista, nº Operação — dados em `CDC 15.13`); selecione ""x"" e F9: ""Tipo Lançamento"" *Amortização* = consignado; *Devolução* = não consignado, devolvido à conta.\n3. Preste as informações.\n4. Se o cliente disser que a parcela foi consignada em folha mas também há débito agendado em conta: verifique o extrato (agendado ou debitado); se debitado, verifique devolução; se a data for hoje/próximo dia útil, oriente aguardar o processamento noturno (tende a ser excluído) e encerre em FCR. Se confirmada duplicidade sem estorno, ou se o sistema não mostra consignação mas o cliente afirma o desconto, registre ocorrência e oriente o envio de cópia do contracheque para `sacdocumentos@bancoalfa.com.br`.\n\n> **Crédito do Trabalhador** (identifique pelo campo ""Convênio"" = ""E-Consig PJ"" em `CDC > 15 > 13`): exigir contracheque da competência anterior ao débito (ex.: débito no mês 09 → contracheque do mês 08) e o documento ""Detalhe da guia emitida"" (com a instituição que recebeu o valor) + comprovante de pagamento da guia, fornecidos pela empresa.\n\n### CDC Salário, CDC Benefício e CDC Renovação\nDébito no dia do crédito do salário/benefício, mesmo que divergente do vencimento contratual (cobrança antecipada gera desconto proporcional). Renovação com convênio: débito na data de crédito de proventos; sem convênio: na data de vencimento.\n\n1. Verifique no extrato o recebimento de salário no dia do débito.\n2. Compare a data de débito (`CDC 15 > 13 > F2 > 4`) com a cadastrada em `CDC 24 > 14` e `SISPAG 11 > 13 > 36 > Consulta on line`.\n3. Se ambos ocorrerem após o vencimento do contrato, registre ocorrência.\n4. Preste as informações.\n\n### CDC Automático\nDébito em conta (corrente ou salário) na data de vencimento informada na autorização; há opção de boleto (gerado pelo cliente ou se a autorização foi cancelada).\n\n**Duplicidade:** 1. Verifique boleto pago + débito em conta (`CDC 13 > 61`, ""Forma Pagto"": Rcbto Autom e Boleto Banc); confira estorno (campo ""Dt. Canc."" preenchido = houve estorno). 2. Se confirmada duplicidade sem estorno, estorne em `CDC 13 > 91 > 11 > 6` (o sistema só estorna do mais recente para o mais antigo; se o pagamento em conta foi parcial e só for possível estornar o boleto mais recente, isso deixaria a operação em atraso — nesse caso, estorne primeiro o ""Boleto Bancário"" e depois o ""Recebimento Automático"", só se não houver débitos pendentes). Peça ao supervisor para receber o valor correto em `CDC 13.23`; confirme a data de recebimento retroativo em `CDC 13.61`.\n> Para recebimento por débito em conta em operações contratadas a partir de 01/03/21, é necessária autorização específica do cliente.\n\n### CDC 13º Salário\nDébito em parcela única. **Com convênio:** na data de cobrança (recebimento do 13º, informado pelo empregador) OU no vencimento (30 dias após o crédito do 13º), o que ocorrer primeiro — exceto convênios com 13º vinculado ao aniversário do cliente. **Sem convênio:** na data escolhida na contratação.\n\n- Convênio consta em `SISALFA > CDC 15.13`.\n- **Com convênio:** data de cobrança em `CDC 22 > 10 > 5d` (código de linha 3100; nº convênio em `CDC 15 > 13`); vencimento em `CDC 15 > 13 > F2 > 4`. 1. Informe que o débito ocorre na data de cobrança; se o 13º não for creditado, tenta-se o débito na data de cobrança ou vencimento (o que ocorrer primeiro). 2. Verifique como ocorreu em `CDC 15 > 13 > F2 > 4`. 3. Preste as informações.\n  > **Obs.:** se a data de cobrança mudar por solicitação do empregador, o vencimento pode ser antecipado. *Ex. 1:* cobrança cadastrada 30/06/26 → vencimento 30/07/26; se a cobrança mudar para 30/08/26, cobra-se em 30/07/26 (o que ocorrer primeiro). *Ex. 2:* se o 13º do convênio está vinculado ao mês de aniversário, cobrança e vencimento caem no mês de aniversário do cliente.\n- **Sem convênio:** débito no vencimento (`CDC 15 > 13 > F2 > 4`).\n\n### CDC Antecipação IRPF\nDébito (a) na data prevista do crédito da restituição, ou (b) no vencimento contratual, se o crédito não ocorrer antes.\n1. Informe a regra acima. 2. Consulte `CDC 15 > 13 > F2 > 4`. 3. Preste as informações.\n\n### CDC Antecipação Saque Aniversário FGTS\nLiquidação automática via repasse do FGTS; débito em conta só se o repasse for insuficiente.\n1. Consulte `CDC 15 > 13 > F2 > 4`. 2. Preste as informações.\n\n### Orientações complementares\na) Reclamação de saldo aprovisionado em fim de semana/feriado: explique que, pelas cláusulas gerais do contrato de conta, a liberação de débitos nesses períodos depende do saldo após deduzir débitos programados para o 1º dia útil seguinte.\nb) **Boleto:** algumas linhas permitem gerar boleto (rotina 50107); se houver duplicidade (conta + boleto), estorne como em ""CDC Automático"". Não aplicar esse procedimento a CDC Consignação/Renovação Consignação/FGTS Saque Aniversário se a forma de pagamento foi ""Cta Convênio"" — para forma de pagamento via `SISALFA` ou ""Boleto Bancário"", o estorno é permitido.\nc) Mais informações: ver rotinas auxiliares (item 9).\nd) Se não for possível identificar o motivo, ou o cliente permanecer insatisfeito, registre ocorrência.\n\n---\n\n## 3. Simulação/Contratação de Empréstimos\n\nCDC é um empréstimo pessoal automatizado, pré-aprovado, disponível em conta corrente. Solicitação exclusiva do titular.\n> Se o cliente quiser alterar o vencimento da prestação: após a confirmação do contrato isso não é possível. Alternativa: contratar CDC Renovação (se a linha permitir e houver limite), indicando o vencimento mais adequado.\n\n**Procedimento:** verifique se a Análise de Crédito (ANC) está vigente em `Plataforma de Relacionamento (Operações Contratadas) — aba Limite de Crédito`, campo ""Situação do limite"".\n\n| Status do limite | Procedimento |\n|---|---|\n| Vencida, Impedida, Cancelada, Suspensa, Em transferência, Em estudo, Indeferida, ou Vigente com Limite Total–Margem zerado | Informe que não há limite disponível; o cliente deve ir a qualquer agência com identificação (RG/CPF), comprovante de residência e de renda (emitidos há menos de 90 dias, mesmo que pela internet). Consulte a rotina 50105 para possibilidade de restabelecimento. |\n| Vigente (algum valor em Limite Total–Margem) | Não informe o valor ao cliente. Dentro do horário de atendimento (9h–18h), pergunte se autoriza transferência para a Central de Consultoria em Uso Responsável do Crédito (rotina 50106). Se não autorizar, ou fora do horário, informe as opções: Central de Consultoria; App Alfa > Empréstimo; site > Empréstimo; caixa eletrônico (TAA) > Empréstimo. |\n\n---\n\n## 4. Cancelamento de CDC\n\nCancelamento permitido em até 7 dias corridos (a partir do dia seguinte à liberação do crédito), se contratado por canal de autoatendimento (App, site, caixas eletrônicos ou telefone), pelo titular, autenticado (URA, Token ou Identificação Positiva).\n\n> **Atenção:** o cancelamento da linha 2881 – Crédito Renovação Consignação está restrito ao departamento **DOC – Diretoria de Operações de Crédito** (código 800020) para os convênios: Convênio Especial 01 (700001), 02 (700002), 03 (700003), 04 (700004), 05 (700005), 06 (700006), 07 (700007), 08 (700008), 09 (700009), 10 (700010), 11 (700011), 12 (700012), 13 (700013), 14 (700014), 15 (700015) e 16 (700016). É necessário haver margem suficiente para reaverbação das operações vinculadas à renovação cancelada.\n> O cancelamento da mesma linha para o Convênio Especial 17 (700017) está restrito à **Superintendência Regional III** (código 800030). Ver rotina 50108.\n\nAntes do procedimento, informe o número da operação e que, após o cancelamento, o comando não pode ser desfeito.\n\n### 4.1. Cancelamento de proposta CDC NÃO CONFIRMADA\n`SISRET Y09` — copie o nº da operação (documento, 9 dígitos). `CDC 11.13` → inclua o nº a cancelar. Em ""Exclusão de operação – Confirma?"", responda ""S"". Motivo: ""08 – Exclusão a pedido do cliente – Desistência"". Verifique a mensagem ""Cancelamento da Proposta efetuado em XX/XX/XX às XX:XX:XX por FXXXXX""; se diferente, registre ocorrência.\n> Atenção a operações via Correspondente – LOG 633 ""Operação Novo Fluxo Correspondente/Parceiro Comercial"" (`CDC 15.18.F2.8`). Se pendente de confirmação, registre ocorrência (motivo obrigatório; não oriente o cliente a excluir por autoatendimento).\n\n### 4.2. Cancelamento no MESMO DIA ou DIA ÚTIL SEGUINTE (contratação em dia não útil)\nPermitido para contratações presenciais e não presenciais, todos os canais. Uso do Limite Especial da Conta gera juros e IOF. Cancele em `CDC 14`; se falhar, registre ocorrência.\n\n### 4.3. Cancelamento em até 7 DIAS CORRIDOS (a partir do dia seguinte ao crédito)\n**Via TAA/internet/App/telefone (Duplo Sim):** consulte `CDC 15.18.F2.8` (log) — canal no log 201: *Duplo Sim* → campo ""Ocor"" LOG 201 e 493; *Correspondente* → registre ocorrência. (Contestação: ver item 7.2.)\n**Presencial na agência:** só cancela no mesmo dia (ver item 4.2)! A partir do dia seguinte, só liquidação. Se o cliente relatar falhas, registre ocorrência.\n\nVerifique saldo para o débito (ou ""troco"" nas Renovações — `CDC 15.18.F2.5 Contratos Vinculados` mostrará o `SISCLI`; informe o valor), considerando Limite Especial ou resgates automáticos. Oriente manter saldo (débito à noite); uso do Limite Especial gera juros/IOF. Se discordar, só liquidação/amortização/pagamento. Cancele em `CDC 14`; se falhar, registre ocorrência.\n> No cancelamento de CDC Antecipação Saque Aniversário FGTS, o desbloqueio da garantia é automático. Log ""1120 – Operação Contratada com Parcela Pix"" = produto Alfa Parcela Pix (mesmo procedimento de Duplo Sim).\n\n### 4.4. Cancelamento de REPACTUAÇÃO\n`CDC 15.13`, selecione a operação. Se constar ""Op"" pendente de confirmação, pode excluir; se confirmada, só liquida/paga total.\n> *Convênio Especial 17:* tem repactuação de CDCs consignados com suspensão de cobrança (rotina 50109).\n\n### 4.5. Cancelamento do produto de pagamento parcelado de contas\nVer item 10 da rotina 50110.\n\n### 4.6. Pedido após 7 dias, ou contratação presencial (pedido fora do mesmo dia)\nSó é possível a liquidação.\n> Obs. 1: presencial só cancela no mesmo dia (item 4.2). Obs. 2: exclusivamente para CDC Renovação, se a liquidação antecipada não puder ser feita, registre ocorrência para avaliar cancelamento (informar que o IOF será cobrado em conta). CDC Renovação sem ""troco"" é cancelável se a contratação não foi presencial e o pedido ocorreu em até 7 dias.\n\nCancele em `CDC > 14`. Em caso de erro, registre ocorrência.\n\n---\n\n## 5. Liquidação / Amortização\n\nSolicitação exclusiva do titular.\n\n### 5.1. Amortização/Liquidação ANTECIPADA ou operação EM ATRASO\n**Demanda:** quitação parcial/total antes do vencimento e/ou parcelas em atraso.\n> Pagamento via boleto: emitido em agência, pago no mesmo dia (saldo atualiza diariamente); se não pago no mesmo dia, o mesmo boleto ainda serve, pois o saldo é recalculado.\n\nSe não autenticado (URA/Token/IP), informe os canais. Cancelamento da amortização/liquidação só no mesmo dia, e só com margem disponível (item 5.3). Somente com recursos próprios; há redução proporcional de juros.\n\n**Tipos** (parcelas em atraso sempre em ordem crescente): **Crescente** (da próxima parcela em diante); **Decrescente** (da última parcela para trás); **Linear** (amortiza o saldo total sem alterar o cronograma; recalcula as parcelas a vencer).\n> Linear NÃO permitido para CDC Consignado, nem para operações fora do status ""Normal"", com pagamento parcial, em cobrança, ou com ""Pula-Parcela"". ""Em cobrança"" não aceita nenhuma amortização.\n\n| Necessidade do cliente | Tipo de amortização |\n|---|---|\n| Parar de pagar as próximas prestações por um período | Liquidação antecipada de parcelas integrais, ordem crescente |\n| Amortizar e continuar pagando as próximas prestações | Liquidação antecipada de parcelas integrais, ordem decrescente |\n| Reduzir o valor das prestações em toda a operação | Amortização linear |\n| Liquidar a operação | Quitação total, sempre em ordem crescente |\n\n> No CDC Consignado, pode haver desconto da próxima prestação em folha. Para Consignação/Renovação Consignação, prefira ordem decrescente (evita duplicidade em folha); se o cliente pedir crescente, informe o risco (o valor retorna no vencimento da parcela, se ocorrer).\n\n**Procedimento:** 1. Simule em `CDC 13.11.12`, informe o saldo atual (item 1b). 2. Verifique saldo suficiente (`Plataforma de Relacionamento > Contas > Extrato`), considerando saldo aprovisionado, tarifas pendentes, resgates automáticos e Limite Especial (a critério do cliente, com encargos). 3. Se insuficiente, oriente novo contato; se suficiente, execute em `CDC 13 > 21 > 12` (tipo: parcial/liquidação/linear; quantidade/valor; ordem).\n> Se o sistema indicar ausência de autorização de débito, siga a rotina 50104.\n\n**Leitura obrigatória ao cliente antes da confirmação** (""Sr(a). ___, para sua segurança, faremos a leitura das condições:""):\n- **Parcial/liquidação:** agência/conta; valor base da parcela; encargos por atraso; desconto de antecipação; variação Selic; valor a amortizar; total de parcelas; ordem escolhida.\n- **Linear:** valor base; desconto aproximado; variação Selic; valor da parcela inicial; novo valor da parcela; quantidade de parcelas.\n\nApós a leitura: ""Podemos confirmar a liquidação/amortização?"" (F3, sem impressão). Supervisor confirma em `CDC 13.21.52`. Informar necessidade de saldo em conta. Comprovante: ""o débito ocorre ainda hoje; confirme pelo extrato. Para comprovante detalhado, solicite em qualquer agência o documento \'Demonstrativo de Origem e Evolução de Dívida – Crédito Direto ao Consumidor\'.""\n\n### 5.2. Amortização/liquidação de operações ""EM PERDAS""\nIdentificação: `SISALFA > CDC > 15.13`. **Não informar ao cliente que a operação está em prejuízo.**\na) **Débito em conta:** verifique saldo suficiente (mesmas ressalvas do item 5.1); se insuficiente, oriente novo contato. Liquidação: comando em `CDC 13-34` + confirmação do supervisor em `CDC 13-36`. Amortização parcial: comando em `CDC 13-35` + confirmação do gerente de grupo em `CDC 13-36`.\nb) **Boleto bancário:** registre ocorrência.\n\n### 5.3. Cancelamento da amortização ou liquidação antecipada\nSe só houve o comando do atendente (`CDC 13.21.12`) no mesmo dia: cancele em `CDC 13.91.51`. Se já confirmado pelo supervisor (`CDC 13.21.52`): faça o estorno (item 5.5).\n> O registro do atendente fica pendente de confirmação apenas no mesmo dia; se não confirmado, é excluído automaticamente no dia seguinte.\n\n### 5.4. Liquidação – Desaverbação/Liberação de Margem Consignável\nSe o cliente relatar que liquidou/cancelou mas não houve liberação de margem, ou a parcela segue sendo debitada, registre ocorrência.\n\n### 5.5. Estorno de pagamento antecipado\n**Demanda:** pagamento antes do vencimento, ou débito indevido em conta (ex.: pela agência).\n> Não aplicar a Consignação/Renovação Consignação/FGTS Saque Aniversário se a forma de pagamento foi ""Cta Convênio""; para `SISALFA` ou ""Boleto Bancário"", o estorno é permitido (ver item 2).\n\n1. Analise o motivo (não é permitido estornar e deixar em atraso). 2. Verifique vencimento (`CDC 15.13.F2.4`) e pagamento de salário (`SISPAG 11 > 13 > 36 > Consulta on line`). 3. Se não venceu e não houve crédito de salário, estorno possível (pagamento dentro de 30 dias, operação não atualizada). 4. Estorne em `CDC 13.91.11`. 5. Informe crédito no processamento noturno.\n> Se impossível estornar, ou outra duplicidade não sanável, registre ocorrência.\n\n---\n\n## 6. Dificuldade para contratação\n\n| Situação | Procedimento |\n|---|---|\n| **Renda desatualizada** | Verifique a última atualização; se >12 meses, oriente atualizar via App ou canal de autoatendimento (online; às vezes exige foto do documento, validação em até 3 dias úteis). Após validação, o limite é recalculado automaticamente. |\n| **Contrato do CDC não assinado** | Pergunte se aderiu às Cláusulas Gerais (assinatura da Proposta/Contrato de Adesão). Se sim, prossiga a análise. Se não, informe os canais de adesão: App/site (Empréstimo > Solicitação de Crédito > Assinatura de contrato CDC); caixa eletrônico; agência. |\n| **Acordo de dívida vigente** | Contratação impossibilitada durante a vigência do acordo; após encerrado, pode verificar novamente. |\n| **Não correntista** | Exceto CDC Consignado e Crédito 13º Salário INSS (exigem ANC vigente), as demais linhas exigem conta corrente com ANC vigente. |\n| **Modalidade de conta simplificada (sem linhas de crédito)** | Não permite contratar linhas de crédito; se houver interesse, o cliente faz upgrade da conta pelo app (Menu > Upgrade de Conta), sujeito a análise de crédito na agência. |\n\n---\n\n## 7. Contratação não reconhecida\n\n### 7.1. Falsidade ideológica e fraude\nFraude com uso de documentos falsos para contratar produtos; a vítima costuma descobrir só quando seu CPF/CNPJ sofre restrição por inadimplência. Ver rotina 50111.\n- Falsidade em operação de não correntista: oriente comparecimento a qualquer agência com identificação e boletim de ocorrência.\n- Fraude – demais situações: ver rotina 50112.\n\n### 7.2. Contestação de operações via Correspondente (falha, suspeita de fraude/golpe)\nIndícios de falha ou fraude/golpe (presencial ou Duplo Sim): registre ocorrência e responsabilize a unidade de correspondentes/antifraude (código 800010):\n- **Assunto 50113** — contratação não reconhecida; divergente do solicitado; insatisfação com o contrato/descumprimento; falta de clareza.\n- **Assunto 50114** — suspeita de fraude/golpe: abordagem por suposta empresa vinculada ao banco, internalização por correspondente e transferência de recursos a terceiros pelo cliente.\n- **Assunto 50115** — contestação/suspeita de fraude em operação via Correspondente ainda pendente de confirmação.\n\n> No módulo de SAC e Ouvidoria (assuntos 50113/50114), é obrigatório selecionar o produto/modalidade — só aparecem operações contratadas via Correspondente; caso contrário, o registro não é possível. Ao selecionar a operação, os dados de identificação do correspondente, do CDC e da chave de operação são preenchidos automaticamente (não editáveis).\n\n---\n\n## 8. Limite Especial da Conta\n\n### 8.1. Cancelamento do Limite Especial da Conta\na) Pode ser solicitado a qualquer tempo por qualquer titular.\nb) Ao ser solicitado, sonde o motivo e, se cabível, argumente: sem tarifa; limite disponível para emergências sem custo se não usado; cancelar não garante nova contratação futura; é possível reduzir para R$ 100,00 em vez de cancelar. O cliente não pode estar usando o limite no momento (se estiver, oriente cobrir o saldo). Se aceitar reduzir, siga para 8.2. *(Em Ouvidoria, cancelar direto, sem sondagem.)*\nc) Se decidir manter, encerre em FCR.\nd) Se insistir no cancelamento, verifique viabilidade:\n\n**Procedimento (cliente autenticado por URA/Token/IP):**\n> Não cancelar se o cliente estiver usando o limite; se houver juros/IOF a cobrar, é necessário saldo. Falha de autenticação: registre ocorrência.\n- **Atendente:** confira saldo suficiente (extrato) para limite + juros + IOF (desconsiderar valores provisionados); se insuficiente, peça depósito equivalente e informe que o cancelamento pode ser pedido no SAC/agência após o depósito; encerre em FCR. Cancele na plataforma (`Contas > Limite Especial da Conta PF > Implantação, Alteração, Renovação e Cancelamento > Cancelar > Registrar`) e peça deferimento ao supervisor.\n  > Se aparecer ""(27) Já existe comando de implantação para esta conta."", registre ocorrência. Se aparecer ""já existe solicitação pendente de deferimento"", peça o deferimento ao supervisor; se não localizar ou houver erro, abra ocorrência.\n- **Supervisor:** confirme dados (nome, produto, valor); defira (`Deferimentos e Pendências > Limite Especial da Conta Pessoa > Cancelamento > Deferimento`); confirme para o atendente prosseguir.\n- **Atendente:** informe o cancelamento e a disponibilidade da agência para recontratação futura; encerre e registre FCR. *(Se o supervisor não conseguir deferir, registre ocorrência.)*\n\n### 8.2. Redução do Limite Especial da Conta\na) Se o pedido for por causa da tarifa, esclareça que ela não é cobrada; se insistir, siga abaixo.\nb) Identifique PF e titular da conta.\nc) Cliente autenticado:\n- **Atendente:** verifique saldo suficiente para que a redução não deixe o saldo excedido; se preciso, peça depósito e informe que a redução pode ser pedida via app, WhatsApp, SAC ou agência após o depósito. Modalidade ""Ouro"" (limite ≥ R$ 1.000,00) reduzida para entre R$ 100,00 e R$ 950,00 muda para ""Classic"" (diferenças na rotina 50116). Se o cliente concordar, altere modalidade/limite na plataforma e peça deferimento ao supervisor.\n- **Supervisor:** confirme dados; defira (`Deferimentos e Pendências > Limite Especial da Conta Pessoa Física > Alteração > Deferimento`); confirme para o atendente prosseguir.\n- **Atendente:** informe a redução realizada; para elevar no futuro, indicar app/agência. Encerre e registre FCR. *(Se o supervisor não conseguir deferir, registre ocorrência.)*\n\n### 8.3. Alterar data de débito dos juros\nFalha de autenticação: informe os canais. Acesse `Plataforma > Contas > Limite Especial da Conta PF > Alterar > Tipo de Alteração – ""Dia do débito""` e escolha um dia entre 1 e 28. A alteração só vale a partir do mês seguinte à solicitação.\n\n---\n\n## 9. Rotinas auxiliares (índice de empréstimos)\n\n| Código (anonimizado) | Assunto |\n|---|---|\n| 50107 | CDC – Condições Gerais / Contrato |\n| 50108 | Crédito Consignação e Renovação – Correntista e não correntista |\n| 50118 | Crédito Consignação – INSS |\n| 50119 | Crédito Automático |\n| 50120 | Crédito Benefício |\n| 50121 | Crédito Salário e Salário Funci |\n| 50122 | Crédito Renovação e Renovação Funci |\n| 50123 | Crédito 13º Décimo Terceiro Salário |\n| 50124 | Crédito 13º Décimo Terceiro Salário – Não Correntistas |\n| 50125 | CDC Antecipação Restituição IRPF |\n| 50126 | CDC Antecipação Saque Aniversário FGTS |\n| 50117 | Crédito Parcelamento Cheque Especial (Limite Especial da Conta) |\n| 50104 | Autorização de Débito – Empréstimos, CDC e outros (Resolução CMN 4.790/2020) |\n| 50127 | Crédito do Trabalhador – Novo modelo de Crédito Consignado do Setor Privado |\n| 50128 | Crédito do Trabalhador – Atendimento ao Empregador |\n\n---\n\n## 10. Fonte de informação\n\nDepartamento responsável: **DOC – Diretoria de Operações de Crédito** (código 800020).\n']","Com convênio, debita na data de cobrança ou no vencimento (30 dias após o crédito), o que ocorrer primeiro; se o 13º é vinculado ao aniversário, cobrança e vencimento caem no mês de aniversário. Sem convênio, debita no vencimento contratado.",REGULATORY_TIMELINE,4.7406,,0.18181818181818182,0.9484779349642354,1.0,0.9999999999
"Antecipei IR e FGTS, quando debitam?","Como assistente bancário, esclareço que o funcionamento da antecipação depende da modalidade contratada, mas aqui estão as regras gerais de mercado:

### 1. Antecipação do FGTS (Saque-Aniversário)
Nesta modalidade, **não há boleto ou débito mensal na sua conta corrente**.
*   **Como funciona:** O banco bloqueia o saldo da sua conta do FGTS. Quando chega o mês do seu aniversário, a própria Caixa Econômica Federal realiza o pagamento direto ao banco onde você fez a antecipação.
*   **Débito:** Ocorre automaticamente uma vez por ano, retirando o valor antecipado (mais juros e taxas) do seu saldo do FGTS. Você não precisa fazer nada.

### 2. Antecipação da Restituição do Imposto de Renda (IR)
Esta modalidade funciona como um empréstimo pessoal com garantia da restituição.
*   **Como funciona:** O banco antecipa o valor que você tem a receber da Receita Federal.
*   **Débito:** O pagamento ocorre em **parcela única**. Assim que a Receita Federal libera o lote da sua restituição e o dinheiro cai na conta indicada, o banco debita automaticamente o valor total (principal + juros).
*   **Atenção:** Se, por algum motivo (como cair na ""malha fina""), a restituição não for liberada na data prevista ou o valor for menor que o esperado, o banco geralmente debita o valor total da sua conta corrente na data de vencimento do contrato.

---

**Recomendações importantes:**
1.  **Verifique o seu contrato:** O vencimento exato e as condições estão detalhados no ""Resumo do Contrato"" ou na ""Cédula de Crédito Bancário"" que você assinou (digitalmente ou fisicamente).
2.  **Consulte o App do seu banco:** Na área de ""Empréstimos"" ou ""Meus Contratos"", você consegue visualizar a data de vencimento prevista e o status da operação.
3.  **Saldo em conta:** No caso do IR, certifique-se de ter saldo na conta na data de vencimento caso a restituição atrase, para evitar a cobrança de encargos por atraso.

Se você não se lembra em qual banco contratou ou não encontra o contrato, verifique o extrato da sua conta corrente para identificar o nome da instituição financeira que realizou o crédito inicial.","['# POP – Atendimento de Operações de CDC (Crédito Direto ao Consumidor) – Pessoa Física\n### [Versão anonimizada/pseudonimizada para uso acadêmico]\n\n> **Nota metodológica de anonimização:** este documento é uma versão pseudonimizada de uma rotina real de atendimento (SAC) de operações de crédito pessoa física. Foram substituídos: (i) o nome da instituição financeira e de seus canais/site/e-mail; (ii) os nomes de sistemas internos claramente proprietários; (iii) nomes e códigos de convênios de consignação com órgãos públicos; (iv) códigos de prefixo/departamento interno; e (v) números de rotinas/assuntos auxiliares referenciados ao longo do texto — todos substituídos por identificadores fictícios e sequenciais. A lógica processual, as condições, exceções e o fluxo de decisão originais foram mantidos integralmente, o que preserva o valor do documento como exemplo de POP para fins de extração de árvore de decisão. Termos e siglas genéricas do setor bancário (CDC, SAC, Ouvidoria, TAA, URA, FCR, ANC, Token, Identificação Positiva) e referências a normas públicas (Resolução CMN 4.790/2020, INSS) foram mantidos, por não serem exclusivos de uma única instituição.\n\n**Sumário:** Observações iniciais · 1. Consulta geral CDC · 2. Débito da parcela CDC · 3. Simulação/Contratação · 4. Cancelamento de CDC · 5. Liquidação/Amortização · 6. Dificuldade para contratação · 7. Contratação não reconhecida · 8. Limite Especial da Conta · 9. Rotinas auxiliares · 10. Fonte de informação\n\n---\n\n## Observações iniciais\n\na) Esta rotina destina-se ao atendimento das operações de crédito PF listadas no item 2. Para os casos abaixo, consulte rotinas específicas:\n- **FIES:** rotina 50101 – SAC QC – Financiamento Estudantil (FIES)\n- **Financiamento imobiliário:** rotina 50102 – SAC QC – Financiamento Imobiliário\n- **Renegociação de dívidas:** rotina 50103 – SAC QC – Renegociação de Dívidas Pessoa Física e Jurídica\n\nb) **Autorização de Débito em Conta:** a partir de 01/03/2021, para que uma operação seja debitada em conta, é necessária autorização específica do cliente para o débito. Ver informações e procedimentos na rotina 50104.\n\nc) **Canais para contratação de CDC:** [link para os canais de contratação]\n\n---\n\n## 1. Consulta geral CDC\n\nPara verificar as informações da operação, identifique se o consumidor é PF e titular da operação. Em caso de FALHA, RECUSA ou INAPLICABILIDADE de Identificação Positiva (IP), registre ocorrência.\n\n| Demanda | Consulta |\n|---|---|\n| a) Informações gerais do CDC | `SISALFA > CDC > 15 > 18` — em ""Código do Cliente"" pressione F4, inclua o CPF e selecione a operação. Clique em F2 > Outros dados > 4. Cronograma. Principais informações: modalidade do CDC, data de vencimento, parcelas pagas e data de pagamento (mais detalhes no item 2), parcelas a vencer, parcelas em atraso, taxas de juros ou CET. |\n| b) Saldo atualizado total | `SISALFA > CDC > 15 > 18` — mesmo caminho acima; após selecionar a operação, verifique o campo ""Saldo devedor atual"". Esse é o saldo do dia, com atualização diária. |\n| c) Parcelas, valores pagos, juros, datas de pagamento | `SISALFA > CDC > 15 > 18` → Agência/Conta → selecione a operação → F2 → 4. Cronograma → selecione a parcela (""P"" indica pagamento parcial) → F9 (detalhe) → F12/F11 (pagamentos e parcelas). O ""total recebimento parcial"" é o valor recebido naquela parcela. |\n| d) Consultar CDC liquidado, renovado ou excluído | `SISALFA > CDC > 15 > 18`, em ""Código do Cliente"" pressione F4 e insira o CPF — NÃO selecione nenhuma operação e pressione F11. F12 para operações arquivadas. |\n| e) Consulta de cláusulas gerais ou documentos do CDC contratado | Cláusulas gerais consultáveis em: **App Alfa** (Menu > Empréstimos > Contratar empréstimo > Aderir ao contrato); **site institucional**, inclusive para não correntista (Página inicial > Pra você > Empréstimo > Empréstimo pessoal > Contrato de abertura de crédito rotativo); **site institucional (área logada)** (Menu > Empréstimos > Crédito consignado e pessoal > Aderir Contrato de Empréstimo). Documentos do CDC contratado: Extrato de Empréstimo (parcelas pagas/a pagar) — App, site, caixas eletrônicos ou agências; Consolidado Anual (valores por exercício) — site ou agências; 2ª via do comprovante (com taxas) — App ou agências. |\n\n---\n\n## 2. Débito da parcela CDC (data ou valor divergente, duplicidade)\n\nPara identificar o débito questionado, consulte o extrato em `Plataforma de Relacionamento (Operações Contratadas) > Contas > Consultas > Extrato Conta Corrente`. O número da operação consta no campo ""Documento"" (9 dígitos).\n\nSituações possíveis: débito antes/depois do vencimento contratual; valor divergente; duplicidade (folha + conta); débito em conta errada.\n\n**Consulta:** `CDC 15.13` (F4 – CPF) → selecione a operação → F2.4 (cronograma) → selecione a parcela com ""x"" → F9 (detalhar) → F12 (mais informações) → F3 (voltar) e copie o nº da operação → `CDC 13.61` (cole o nº como ""nº contrato"") para ver como ocorreu o pagamento.\n\nSiga então a orientação por modalidade:\n\n### CDC Consignação ou CDC Renovação Consignação\nDébito ocorre na folha de pagamento. a) Se não consignada (ou parcial), o débito ocorrerá total/parcial em conta. b) Se liquidado/renovado mas houve consignação, o estorno é automático em conta em até D+2 dias úteis, exceto para os convênios de código 900001 (INSS — devolução a partir do 5º dia útil) e código 900002 (MPDG — devolução até o 1º dia útil).\n\n1. Consulte a parcela: `CDC 15 > 13 > F2 > 4` (datas); `CDC 15 > 13 > F8 > F9` (mês/ano da folha). *Consig total* = debitada integralmente em folha; *Consig parcial* = debitada parcialmente (verifique o restante em conta); *Não consignada* = sem débito em folha; *Incluída* = ainda não vencida; *Enviada* = empregador não retornou (sem repasse, o débito ocorre em conta).\n2. Confirme a consignação em `SISCONSIG 22 > 01 > 01` (Convênio, Data Prevista, nº Operação — dados em `CDC 15.13`); selecione ""x"" e F9: ""Tipo Lançamento"" *Amortização* = consignado; *Devolução* = não consignado, devolvido à conta.\n3. Preste as informações.\n4. Se o cliente disser que a parcela foi consignada em folha mas também há débito agendado em conta: verifique o extrato (agendado ou debitado); se debitado, verifique devolução; se a data for hoje/próximo dia útil, oriente aguardar o processamento noturno (tende a ser excluído) e encerre em FCR. Se confirmada duplicidade sem estorno, ou se o sistema não mostra consignação mas o cliente afirma o desconto, registre ocorrência e oriente o envio de cópia do contracheque para `sacdocumentos@bancoalfa.com.br`.\n\n> **Crédito do Trabalhador** (identifique pelo campo ""Convênio"" = ""E-Consig PJ"" em `CDC > 15 > 13`): exigir contracheque da competência anterior ao débito (ex.: débito no mês 09 → contracheque do mês 08) e o documento ""Detalhe da guia emitida"" (com a instituição que recebeu o valor) + comprovante de pagamento da guia, fornecidos pela empresa.\n\n### CDC Salário, CDC Benefício e CDC Renovação\nDébito no dia do crédito do salário/benefício, mesmo que divergente do vencimento contratual (cobrança antecipada gera desconto proporcional). Renovação com convênio: débito na data de crédito de proventos; sem convênio: na data de vencimento.\n\n1. Verifique no extrato o recebimento de salário no dia do débito.\n2. Compare a data de débito (`CDC 15 > 13 > F2 > 4`) com a cadastrada em `CDC 24 > 14` e `SISPAG 11 > 13 > 36 > Consulta on line`.\n3. Se ambos ocorrerem após o vencimento do contrato, registre ocorrência.\n4. Preste as informações.\n\n### CDC Automático\nDébito em conta (corrente ou salário) na data de vencimento informada na autorização; há opção de boleto (gerado pelo cliente ou se a autorização foi cancelada).\n\n**Duplicidade:** 1. Verifique boleto pago + débito em conta (`CDC 13 > 61`, ""Forma Pagto"": Rcbto Autom e Boleto Banc); confira estorno (campo ""Dt. Canc."" preenchido = houve estorno). 2. Se confirmada duplicidade sem estorno, estorne em `CDC 13 > 91 > 11 > 6` (o sistema só estorna do mais recente para o mais antigo; se o pagamento em conta foi parcial e só for possível estornar o boleto mais recente, isso deixaria a operação em atraso — nesse caso, estorne primeiro o ""Boleto Bancário"" e depois o ""Recebimento Automático"", só se não houver débitos pendentes). Peça ao supervisor para receber o valor correto em `CDC 13.23`; confirme a data de recebimento retroativo em `CDC 13.61`.\n> Para recebimento por débito em conta em operações contratadas a partir de 01/03/21, é necessária autorização específica do cliente.\n\n### CDC 13º Salário\nDébito em parcela única. **Com convênio:** na data de cobrança (recebimento do 13º, informado pelo empregador) OU no vencimento (30 dias após o crédito do 13º), o que ocorrer primeiro — exceto convênios com 13º vinculado ao aniversário do cliente. **Sem convênio:** na data escolhida na contratação.\n\n- Convênio consta em `SISALFA > CDC 15.13`.\n- **Com convênio:** data de cobrança em `CDC 22 > 10 > 5d` (código de linha 3100; nº convênio em `CDC 15 > 13`); vencimento em `CDC 15 > 13 > F2 > 4`. 1. Informe que o débito ocorre na data de cobrança; se o 13º não for creditado, tenta-se o débito na data de cobrança ou vencimento (o que ocorrer primeiro). 2. Verifique como ocorreu em `CDC 15 > 13 > F2 > 4`. 3. Preste as informações.\n  > **Obs.:** se a data de cobrança mudar por solicitação do empregador, o vencimento pode ser antecipado. *Ex. 1:* cobrança cadastrada 30/06/26 → vencimento 30/07/26; se a cobrança mudar para 30/08/26, cobra-se em 30/07/26 (o que ocorrer primeiro). *Ex. 2:* se o 13º do convênio está vinculado ao mês de aniversário, cobrança e vencimento caem no mês de aniversário do cliente.\n- **Sem convênio:** débito no vencimento (`CDC 15 > 13 > F2 > 4`).\n\n### CDC Antecipação IRPF\nDébito (a) na data prevista do crédito da restituição, ou (b) no vencimento contratual, se o crédito não ocorrer antes.\n1. Informe a regra acima. 2. Consulte `CDC 15 > 13 > F2 > 4`. 3. Preste as informações.\n\n### CDC Antecipação Saque Aniversário FGTS\nLiquidação automática via repasse do FGTS; débito em conta só se o repasse for insuficiente.\n1. Consulte `CDC 15 > 13 > F2 > 4`. 2. Preste as informações.\n\n### Orientações complementares\na) Reclamação de saldo aprovisionado em fim de semana/feriado: explique que, pelas cláusulas gerais do contrato de conta, a liberação de débitos nesses períodos depende do saldo após deduzir débitos programados para o 1º dia útil seguinte.\nb) **Boleto:** algumas linhas permitem gerar boleto (rotina 50107); se houver duplicidade (conta + boleto), estorne como em ""CDC Automático"". Não aplicar esse procedimento a CDC Consignação/Renovação Consignação/FGTS Saque Aniversário se a forma de pagamento foi ""Cta Convênio"" — para forma de pagamento via `SISALFA` ou ""Boleto Bancário"", o estorno é permitido.\nc) Mais informações: ver rotinas auxiliares (item 9).\nd) Se não for possível identificar o motivo, ou o cliente permanecer insatisfeito, registre ocorrência.\n\n---\n\n## 3. Simulação/Contratação de Empréstimos\n\nCDC é um empréstimo pessoal automatizado, pré-aprovado, disponível em conta corrente. Solicitação exclusiva do titular.\n> Se o cliente quiser alterar o vencimento da prestação: após a confirmação do contrato isso não é possível. Alternativa: contratar CDC Renovação (se a linha permitir e houver limite), indicando o vencimento mais adequado.\n\n**Procedimento:** verifique se a Análise de Crédito (ANC) está vigente em `Plataforma de Relacionamento (Operações Contratadas) — aba Limite de Crédito`, campo ""Situação do limite"".\n\n| Status do limite | Procedimento |\n|---|---|\n| Vencida, Impedida, Cancelada, Suspensa, Em transferência, Em estudo, Indeferida, ou Vigente com Limite Total–Margem zerado | Informe que não há limite disponível; o cliente deve ir a qualquer agência com identificação (RG/CPF), comprovante de residência e de renda (emitidos há menos de 90 dias, mesmo que pela internet). Consulte a rotina 50105 para possibilidade de restabelecimento. |\n| Vigente (algum valor em Limite Total–Margem) | Não informe o valor ao cliente. Dentro do horário de atendimento (9h–18h), pergunte se autoriza transferência para a Central de Consultoria em Uso Responsável do Crédito (rotina 50106). Se não autorizar, ou fora do horário, informe as opções: Central de Consultoria; App Alfa > Empréstimo; site > Empréstimo; caixa eletrônico (TAA) > Empréstimo. |\n\n---\n\n## 4. Cancelamento de CDC\n\nCancelamento permitido em até 7 dias corridos (a partir do dia seguinte à liberação do crédito), se contratado por canal de autoatendimento (App, site, caixas eletrônicos ou telefone), pelo titular, autenticado (URA, Token ou Identificação Positiva).\n\n> **Atenção:** o cancelamento da linha 2881 – Crédito Renovação Consignação está restrito ao departamento **DOC – Diretoria de Operações de Crédito** (código 800020) para os convênios: Convênio Especial 01 (700001), 02 (700002), 03 (700003), 04 (700004), 05 (700005), 06 (700006), 07 (700007), 08 (700008), 09 (700009), 10 (700010), 11 (700011), 12 (700012), 13 (700013), 14 (700014), 15 (700015) e 16 (700016). É necessário haver margem suficiente para reaverbação das operações vinculadas à renovação cancelada.\n> O cancelamento da mesma linha para o Convênio Especial 17 (700017) está restrito à **Superintendência Regional III** (código 800030). Ver rotina 50108.\n\nAntes do procedimento, informe o número da operação e que, após o cancelamento, o comando não pode ser desfeito.\n\n### 4.1. Cancelamento de proposta CDC NÃO CONFIRMADA\n`SISRET Y09` — copie o nº da operação (documento, 9 dígitos). `CDC 11.13` → inclua o nº a cancelar. Em ""Exclusão de operação – Confirma?"", responda ""S"". Motivo: ""08 – Exclusão a pedido do cliente – Desistência"". Verifique a mensagem ""Cancelamento da Proposta efetuado em XX/XX/XX às XX:XX:XX por FXXXXX""; se diferente, registre ocorrência.\n> Atenção a operações via Correspondente – LOG 633 ""Operação Novo Fluxo Correspondente/Parceiro Comercial"" (`CDC 15.18.F2.8`). Se pendente de confirmação, registre ocorrência (motivo obrigatório; não oriente o cliente a excluir por autoatendimento).\n\n### 4.2. Cancelamento no MESMO DIA ou DIA ÚTIL SEGUINTE (contratação em dia não útil)\nPermitido para contratações presenciais e não presenciais, todos os canais. Uso do Limite Especial da Conta gera juros e IOF. Cancele em `CDC 14`; se falhar, registre ocorrência.\n\n### 4.3. Cancelamento em até 7 DIAS CORRIDOS (a partir do dia seguinte ao crédito)\n**Via TAA/internet/App/telefone (Duplo Sim):** consulte `CDC 15.18.F2.8` (log) — canal no log 201: *Duplo Sim* → campo ""Ocor"" LOG 201 e 493; *Correspondente* → registre ocorrência. (Contestação: ver item 7.2.)\n**Presencial na agência:** só cancela no mesmo dia (ver item 4.2)! A partir do dia seguinte, só liquidação. Se o cliente relatar falhas, registre ocorrência.\n\nVerifique saldo para o débito (ou ""troco"" nas Renovações — `CDC 15.18.F2.5 Contratos Vinculados` mostrará o `SISCLI`; informe o valor), considerando Limite Especial ou resgates automáticos. Oriente manter saldo (débito à noite); uso do Limite Especial gera juros/IOF. Se discordar, só liquidação/amortização/pagamento. Cancele em `CDC 14`; se falhar, registre ocorrência.\n> No cancelamento de CDC Antecipação Saque Aniversário FGTS, o desbloqueio da garantia é automático. Log ""1120 – Operação Contratada com Parcela Pix"" = produto Alfa Parcela Pix (mesmo procedimento de Duplo Sim).\n\n### 4.4. Cancelamento de REPACTUAÇÃO\n`CDC 15.13`, selecione a operação. Se constar ""Op"" pendente de confirmação, pode excluir; se confirmada, só liquida/paga total.\n> *Convênio Especial 17:* tem repactuação de CDCs consignados com suspensão de cobrança (rotina 50109).\n\n### 4.5. Cancelamento do produto de pagamento parcelado de contas\nVer item 10 da rotina 50110.\n\n### 4.6. Pedido após 7 dias, ou contratação presencial (pedido fora do mesmo dia)\nSó é possível a liquidação.\n> Obs. 1: presencial só cancela no mesmo dia (item 4.2). Obs. 2: exclusivamente para CDC Renovação, se a liquidação antecipada não puder ser feita, registre ocorrência para avaliar cancelamento (informar que o IOF será cobrado em conta). CDC Renovação sem ""troco"" é cancelável se a contratação não foi presencial e o pedido ocorreu em até 7 dias.\n\nCancele em `CDC > 14`. Em caso de erro, registre ocorrência.\n\n---\n\n## 5. Liquidação / Amortização\n\nSolicitação exclusiva do titular.\n\n### 5.1. Amortização/Liquidação ANTECIPADA ou operação EM ATRASO\n**Demanda:** quitação parcial/total antes do vencimento e/ou parcelas em atraso.\n> Pagamento via boleto: emitido em agência, pago no mesmo dia (saldo atualiza diariamente); se não pago no mesmo dia, o mesmo boleto ainda serve, pois o saldo é recalculado.\n\nSe não autenticado (URA/Token/IP), informe os canais. Cancelamento da amortização/liquidação só no mesmo dia, e só com margem disponível (item 5.3). Somente com recursos próprios; há redução proporcional de juros.\n\n**Tipos** (parcelas em atraso sempre em ordem crescente): **Crescente** (da próxima parcela em diante); **Decrescente** (da última parcela para trás); **Linear** (amortiza o saldo total sem alterar o cronograma; recalcula as parcelas a vencer).\n> Linear NÃO permitido para CDC Consignado, nem para operações fora do status ""Normal"", com pagamento parcial, em cobrança, ou com ""Pula-Parcela"". ""Em cobrança"" não aceita nenhuma amortização.\n\n| Necessidade do cliente | Tipo de amortização |\n|---|---|\n| Parar de pagar as próximas prestações por um período | Liquidação antecipada de parcelas integrais, ordem crescente |\n| Amortizar e continuar pagando as próximas prestações | Liquidação antecipada de parcelas integrais, ordem decrescente |\n| Reduzir o valor das prestações em toda a operação | Amortização linear |\n| Liquidar a operação | Quitação total, sempre em ordem crescente |\n\n> No CDC Consignado, pode haver desconto da próxima prestação em folha. Para Consignação/Renovação Consignação, prefira ordem decrescente (evita duplicidade em folha); se o cliente pedir crescente, informe o risco (o valor retorna no vencimento da parcela, se ocorrer).\n\n**Procedimento:** 1. Simule em `CDC 13.11.12`, informe o saldo atual (item 1b). 2. Verifique saldo suficiente (`Plataforma de Relacionamento > Contas > Extrato`), considerando saldo aprovisionado, tarifas pendentes, resgates automáticos e Limite Especial (a critério do cliente, com encargos). 3. Se insuficiente, oriente novo contato; se suficiente, execute em `CDC 13 > 21 > 12` (tipo: parcial/liquidação/linear; quantidade/valor; ordem).\n> Se o sistema indicar ausência de autorização de débito, siga a rotina 50104.\n\n**Leitura obrigatória ao cliente antes da confirmação** (""Sr(a). ___, para sua segurança, faremos a leitura das condições:""):\n- **Parcial/liquidação:** agência/conta; valor base da parcela; encargos por atraso; desconto de antecipação; variação Selic; valor a amortizar; total de parcelas; ordem escolhida.\n- **Linear:** valor base; desconto aproximado; variação Selic; valor da parcela inicial; novo valor da parcela; quantidade de parcelas.\n\nApós a leitura: ""Podemos confirmar a liquidação/amortização?"" (F3, sem impressão). Supervisor confirma em `CDC 13.21.52`. Informar necessidade de saldo em conta. Comprovante: ""o débito ocorre ainda hoje; confirme pelo extrato. Para comprovante detalhado, solicite em qualquer agência o documento \'Demonstrativo de Origem e Evolução de Dívida – Crédito Direto ao Consumidor\'.""\n\n### 5.2. Amortização/liquidação de operações ""EM PERDAS""\nIdentificação: `SISALFA > CDC > 15.13`. **Não informar ao cliente que a operação está em prejuízo.**\na) **Débito em conta:** verifique saldo suficiente (mesmas ressalvas do item 5.1); se insuficiente, oriente novo contato. Liquidação: comando em `CDC 13-34` + confirmação do supervisor em `CDC 13-36`. Amortização parcial: comando em `CDC 13-35` + confirmação do gerente de grupo em `CDC 13-36`.\nb) **Boleto bancário:** registre ocorrência.\n\n### 5.3. Cancelamento da amortização ou liquidação antecipada\nSe só houve o comando do atendente (`CDC 13.21.12`) no mesmo dia: cancele em `CDC 13.91.51`. Se já confirmado pelo supervisor (`CDC 13.21.52`): faça o estorno (item 5.5).\n> O registro do atendente fica pendente de confirmação apenas no mesmo dia; se não confirmado, é excluído automaticamente no dia seguinte.\n\n### 5.4. Liquidação – Desaverbação/Liberação de Margem Consignável\nSe o cliente relatar que liquidou/cancelou mas não houve liberação de margem, ou a parcela segue sendo debitada, registre ocorrência.\n\n### 5.5. Estorno de pagamento antecipado\n**Demanda:** pagamento antes do vencimento, ou débito indevido em conta (ex.: pela agência).\n> Não aplicar a Consignação/Renovação Consignação/FGTS Saque Aniversário se a forma de pagamento foi ""Cta Convênio""; para `SISALFA` ou ""Boleto Bancário"", o estorno é permitido (ver item 2).\n\n1. Analise o motivo (não é permitido estornar e deixar em atraso). 2. Verifique vencimento (`CDC 15.13.F2.4`) e pagamento de salário (`SISPAG 11 > 13 > 36 > Consulta on line`). 3. Se não venceu e não houve crédito de salário, estorno possível (pagamento dentro de 30 dias, operação não atualizada). 4. Estorne em `CDC 13.91.11`. 5. Informe crédito no processamento noturno.\n> Se impossível estornar, ou outra duplicidade não sanável, registre ocorrência.\n\n---\n\n## 6. Dificuldade para contratação\n\n| Situação | Procedimento |\n|---|---|\n| **Renda desatualizada** | Verifique a última atualização; se >12 meses, oriente atualizar via App ou canal de autoatendimento (online; às vezes exige foto do documento, validação em até 3 dias úteis). Após validação, o limite é recalculado automaticamente. |\n| **Contrato do CDC não assinado** | Pergunte se aderiu às Cláusulas Gerais (assinatura da Proposta/Contrato de Adesão). Se sim, prossiga a análise. Se não, informe os canais de adesão: App/site (Empréstimo > Solicitação de Crédito > Assinatura de contrato CDC); caixa eletrônico; agência. |\n| **Acordo de dívida vigente** | Contratação impossibilitada durante a vigência do acordo; após encerrado, pode verificar novamente. |\n| **Não correntista** | Exceto CDC Consignado e Crédito 13º Salário INSS (exigem ANC vigente), as demais linhas exigem conta corrente com ANC vigente. |\n| **Modalidade de conta simplificada (sem linhas de crédito)** | Não permite contratar linhas de crédito; se houver interesse, o cliente faz upgrade da conta pelo app (Menu > Upgrade de Conta), sujeito a análise de crédito na agência. |\n\n---\n\n## 7. Contratação não reconhecida\n\n### 7.1. Falsidade ideológica e fraude\nFraude com uso de documentos falsos para contratar produtos; a vítima costuma descobrir só quando seu CPF/CNPJ sofre restrição por inadimplência. Ver rotina 50111.\n- Falsidade em operação de não correntista: oriente comparecimento a qualquer agência com identificação e boletim de ocorrência.\n- Fraude – demais situações: ver rotina 50112.\n\n### 7.2. Contestação de operações via Correspondente (falha, suspeita de fraude/golpe)\nIndícios de falha ou fraude/golpe (presencial ou Duplo Sim): registre ocorrência e responsabilize a unidade de correspondentes/antifraude (código 800010):\n- **Assunto 50113** — contratação não reconhecida; divergente do solicitado; insatisfação com o contrato/descumprimento; falta de clareza.\n- **Assunto 50114** — suspeita de fraude/golpe: abordagem por suposta empresa vinculada ao banco, internalização por correspondente e transferência de recursos a terceiros pelo cliente.\n- **Assunto 50115** — contestação/suspeita de fraude em operação via Correspondente ainda pendente de confirmação.\n\n> No módulo de SAC e Ouvidoria (assuntos 50113/50114), é obrigatório selecionar o produto/modalidade — só aparecem operações contratadas via Correspondente; caso contrário, o registro não é possível. Ao selecionar a operação, os dados de identificação do correspondente, do CDC e da chave de operação são preenchidos automaticamente (não editáveis).\n\n---\n\n## 8. Limite Especial da Conta\n\n### 8.1. Cancelamento do Limite Especial da Conta\na) Pode ser solicitado a qualquer tempo por qualquer titular.\nb) Ao ser solicitado, sonde o motivo e, se cabível, argumente: sem tarifa; limite disponível para emergências sem custo se não usado; cancelar não garante nova contratação futura; é possível reduzir para R$ 100,00 em vez de cancelar. O cliente não pode estar usando o limite no momento (se estiver, oriente cobrir o saldo). Se aceitar reduzir, siga para 8.2. *(Em Ouvidoria, cancelar direto, sem sondagem.)*\nc) Se decidir manter, encerre em FCR.\nd) Se insistir no cancelamento, verifique viabilidade:\n\n**Procedimento (cliente autenticado por URA/Token/IP):**\n> Não cancelar se o cliente estiver usando o limite; se houver juros/IOF a cobrar, é necessário saldo. Falha de autenticação: registre ocorrência.\n- **Atendente:** confira saldo suficiente (extrato) para limite + juros + IOF (desconsiderar valores provisionados); se insuficiente, peça depósito equivalente e informe que o cancelamento pode ser pedido no SAC/agência após o depósito; encerre em FCR. Cancele na plataforma (`Contas > Limite Especial da Conta PF > Implantação, Alteração, Renovação e Cancelamento > Cancelar > Registrar`) e peça deferimento ao supervisor.\n  > Se aparecer ""(27) Já existe comando de implantação para esta conta."", registre ocorrência. Se aparecer ""já existe solicitação pendente de deferimento"", peça o deferimento ao supervisor; se não localizar ou houver erro, abra ocorrência.\n- **Supervisor:** confirme dados (nome, produto, valor); defira (`Deferimentos e Pendências > Limite Especial da Conta Pessoa > Cancelamento > Deferimento`); confirme para o atendente prosseguir.\n- **Atendente:** informe o cancelamento e a disponibilidade da agência para recontratação futura; encerre e registre FCR. *(Se o supervisor não conseguir deferir, registre ocorrência.)*\n\n### 8.2. Redução do Limite Especial da Conta\na) Se o pedido for por causa da tarifa, esclareça que ela não é cobrada; se insistir, siga abaixo.\nb) Identifique PF e titular da conta.\nc) Cliente autenticado:\n- **Atendente:** verifique saldo suficiente para que a redução não deixe o saldo excedido; se preciso, peça depósito e informe que a redução pode ser pedida via app, WhatsApp, SAC ou agência após o depósito. Modalidade ""Ouro"" (limite ≥ R$ 1.000,00) reduzida para entre R$ 100,00 e R$ 950,00 muda para ""Classic"" (diferenças na rotina 50116). Se o cliente concordar, altere modalidade/limite na plataforma e peça deferimento ao supervisor.\n- **Supervisor:** confirme dados; defira (`Deferimentos e Pendências > Limite Especial da Conta Pessoa Física > Alteração > Deferimento`); confirme para o atendente prosseguir.\n- **Atendente:** informe a redução realizada; para elevar no futuro, indicar app/agência. Encerre e registre FCR. *(Se o supervisor não conseguir deferir, registre ocorrência.)*\n\n### 8.3. Alterar data de débito dos juros\nFalha de autenticação: informe os canais. Acesse `Plataforma > Contas > Limite Especial da Conta PF > Alterar > Tipo de Alteração – ""Dia do débito""` e escolha um dia entre 1 e 28. A alteração só vale a partir do mês seguinte à solicitação.\n\n---\n\n## 9. Rotinas auxiliares (índice de empréstimos)\n\n| Código (anonimizado) | Assunto |\n|---|---|\n| 50107 | CDC – Condições Gerais / Contrato |\n| 50108 | Crédito Consignação e Renovação – Correntista e não correntista |\n| 50118 | Crédito Consignação – INSS |\n| 50119 | Crédito Automático |\n| 50120 | Crédito Benefício |\n| 50121 | Crédito Salário e Salário Funci |\n| 50122 | Crédito Renovação e Renovação Funci |\n| 50123 | Crédito 13º Décimo Terceiro Salário |\n| 50124 | Crédito 13º Décimo Terceiro Salário – Não Correntistas |\n| 50125 | CDC Antecipação Restituição IRPF |\n| 50126 | CDC Antecipação Saque Aniversário FGTS |\n| 50117 | Crédito Parcelamento Cheque Especial (Limite Especial da Conta) |\n| 50104 | Autorização de Débito – Empréstimos, CDC e outros (Resolução CMN 4.790/2020) |\n| 50127 | Crédito do Trabalhador – Novo modelo de Crédito Consignado do Setor Privado |\n| 50128 | Crédito do Trabalhador – Atendimento ao Empregador |\n\n---\n\n## 10. Fonte de informação\n\nDepartamento responsável: **DOC – Diretoria de Operações de Crédito** (código 800020).\n']","IRPF debita na data prevista do crédito da restituição ou no vencimento, se o crédito não vier antes. FGTS liquida automaticamente via repasse do FGTS e só debita em conta se o repasse for insuficiente.",EDGE_CASE,8.3287,,0.0,0.7944666342786205,1.0,0.9999999999
Quero cancelar minha repactuação. Consigo?,"Para responder com precisão, preciso esclarecer que, como assistente, não tenho acesso aos seus dados bancários. No entanto, com base nas práticas gerais do mercado financeiro, aqui estão as informações importantes sobre o cancelamento de uma repactuação (renegociação de dívida):

**1. É possível cancelar?**
Geralmente, **não é possível ""cancelar"" uma repactuação após ela ter sido formalizada e assinada**, pois ela é um novo contrato que substitui o anterior. Uma vez que o acordo foi aceito e o novo cronograma de pagamentos começou, o banco entende que houve um novo compromisso legal.

**2. O que você pode fazer?**
*   **Quitação Antecipada:** Se você deseja encerrar o contrato, a alternativa mais comum é solicitar a **quitação antecipada do saldo devedor**. Ao quitar o valor total restante de uma só vez, você tem direito ao abatimento proporcional dos juros e outros encargos previstos no contrato.
*   **Nova Renegociação:** Se o problema é o valor da parcela, você pode entrar em contato com o banco para verificar a possibilidade de uma **nova renegociação** ou portabilidade de crédito para outra instituição que ofereça condições melhores.

**3. Como proceder agora:**
*   **Verifique o contrato:** Leia o documento que você assinou (ou o termo de aceite no app). Lá deve constar a cláusula sobre cancelamento ou desistência.
*   **Entre em contato com o seu banco:** Ligue para a Central de Atendimento ou vá até a sua agência. Peça para falar com o setor de renegociação ou cobrança.
*   **Canais Oficiais:** Se você fez o acordo pelo aplicativo ou internet banking, verifique se há uma opção de ""falar com um especialista"" ou ""atendimento via chat"" dentro da própria área de renegociação.

**Dica importante:** Se você estiver enfrentando dificuldades financeiras graves, não pare de pagar sem antes conversar com o banco, pois isso pode levar ao vencimento antecipado de toda a dívida e à inclusão do seu nome nos órgãos de proteção ao crédito (SPC/Serasa).

Recomendo que você entre em contato com o atendimento oficial do seu banco o quanto antes para expor sua situação específica.","['# POP – Atendimento de Operações de CDC (Crédito Direto ao Consumidor) – Pessoa Física\n### [Versão anonimizada/pseudonimizada para uso acadêmico]\n\n> **Nota metodológica de anonimização:** este documento é uma versão pseudonimizada de uma rotina real de atendimento (SAC) de operações de crédito pessoa física. Foram substituídos: (i) o nome da instituição financeira e de seus canais/site/e-mail; (ii) os nomes de sistemas internos claramente proprietários; (iii) nomes e códigos de convênios de consignação com órgãos públicos; (iv) códigos de prefixo/departamento interno; e (v) números de rotinas/assuntos auxiliares referenciados ao longo do texto — todos substituídos por identificadores fictícios e sequenciais. A lógica processual, as condições, exceções e o fluxo de decisão originais foram mantidos integralmente, o que preserva o valor do documento como exemplo de POP para fins de extração de árvore de decisão. Termos e siglas genéricas do setor bancário (CDC, SAC, Ouvidoria, TAA, URA, FCR, ANC, Token, Identificação Positiva) e referências a normas públicas (Resolução CMN 4.790/2020, INSS) foram mantidos, por não serem exclusivos de uma única instituição.\n\n**Sumário:** Observações iniciais · 1. Consulta geral CDC · 2. Débito da parcela CDC · 3. Simulação/Contratação · 4. Cancelamento de CDC · 5. Liquidação/Amortização · 6. Dificuldade para contratação · 7. Contratação não reconhecida · 8. Limite Especial da Conta · 9. Rotinas auxiliares · 10. Fonte de informação\n\n---\n\n## Observações iniciais\n\na) Esta rotina destina-se ao atendimento das operações de crédito PF listadas no item 2. Para os casos abaixo, consulte rotinas específicas:\n- **FIES:** rotina 50101 – SAC QC – Financiamento Estudantil (FIES)\n- **Financiamento imobiliário:** rotina 50102 – SAC QC – Financiamento Imobiliário\n- **Renegociação de dívidas:** rotina 50103 – SAC QC – Renegociação de Dívidas Pessoa Física e Jurídica\n\nb) **Autorização de Débito em Conta:** a partir de 01/03/2021, para que uma operação seja debitada em conta, é necessária autorização específica do cliente para o débito. Ver informações e procedimentos na rotina 50104.\n\nc) **Canais para contratação de CDC:** [link para os canais de contratação]\n\n---\n\n## 1. Consulta geral CDC\n\nPara verificar as informações da operação, identifique se o consumidor é PF e titular da operação. Em caso de FALHA, RECUSA ou INAPLICABILIDADE de Identificação Positiva (IP), registre ocorrência.\n\n| Demanda | Consulta |\n|---|---|\n| a) Informações gerais do CDC | `SISALFA > CDC > 15 > 18` — em ""Código do Cliente"" pressione F4, inclua o CPF e selecione a operação. Clique em F2 > Outros dados > 4. Cronograma. Principais informações: modalidade do CDC, data de vencimento, parcelas pagas e data de pagamento (mais detalhes no item 2), parcelas a vencer, parcelas em atraso, taxas de juros ou CET. |\n| b) Saldo atualizado total | `SISALFA > CDC > 15 > 18` — mesmo caminho acima; após selecionar a operação, verifique o campo ""Saldo devedor atual"". Esse é o saldo do dia, com atualização diária. |\n| c) Parcelas, valores pagos, juros, datas de pagamento | `SISALFA > CDC > 15 > 18` → Agência/Conta → selecione a operação → F2 → 4. Cronograma → selecione a parcela (""P"" indica pagamento parcial) → F9 (detalhe) → F12/F11 (pagamentos e parcelas). O ""total recebimento parcial"" é o valor recebido naquela parcela. |\n| d) Consultar CDC liquidado, renovado ou excluído | `SISALFA > CDC > 15 > 18`, em ""Código do Cliente"" pressione F4 e insira o CPF — NÃO selecione nenhuma operação e pressione F11. F12 para operações arquivadas. |\n| e) Consulta de cláusulas gerais ou documentos do CDC contratado | Cláusulas gerais consultáveis em: **App Alfa** (Menu > Empréstimos > Contratar empréstimo > Aderir ao contrato); **site institucional**, inclusive para não correntista (Página inicial > Pra você > Empréstimo > Empréstimo pessoal > Contrato de abertura de crédito rotativo); **site institucional (área logada)** (Menu > Empréstimos > Crédito consignado e pessoal > Aderir Contrato de Empréstimo). Documentos do CDC contratado: Extrato de Empréstimo (parcelas pagas/a pagar) — App, site, caixas eletrônicos ou agências; Consolidado Anual (valores por exercício) — site ou agências; 2ª via do comprovante (com taxas) — App ou agências. |\n\n---\n\n## 2. Débito da parcela CDC (data ou valor divergente, duplicidade)\n\nPara identificar o débito questionado, consulte o extrato em `Plataforma de Relacionamento (Operações Contratadas) > Contas > Consultas > Extrato Conta Corrente`. O número da operação consta no campo ""Documento"" (9 dígitos).\n\nSituações possíveis: débito antes/depois do vencimento contratual; valor divergente; duplicidade (folha + conta); débito em conta errada.\n\n**Consulta:** `CDC 15.13` (F4 – CPF) → selecione a operação → F2.4 (cronograma) → selecione a parcela com ""x"" → F9 (detalhar) → F12 (mais informações) → F3 (voltar) e copie o nº da operação → `CDC 13.61` (cole o nº como ""nº contrato"") para ver como ocorreu o pagamento.\n\nSiga então a orientação por modalidade:\n\n### CDC Consignação ou CDC Renovação Consignação\nDébito ocorre na folha de pagamento. a) Se não consignada (ou parcial), o débito ocorrerá total/parcial em conta. b) Se liquidado/renovado mas houve consignação, o estorno é automático em conta em até D+2 dias úteis, exceto para os convênios de código 900001 (INSS — devolução a partir do 5º dia útil) e código 900002 (MPDG — devolução até o 1º dia útil).\n\n1. Consulte a parcela: `CDC 15 > 13 > F2 > 4` (datas); `CDC 15 > 13 > F8 > F9` (mês/ano da folha). *Consig total* = debitada integralmente em folha; *Consig parcial* = debitada parcialmente (verifique o restante em conta); *Não consignada* = sem débito em folha; *Incluída* = ainda não vencida; *Enviada* = empregador não retornou (sem repasse, o débito ocorre em conta).\n2. Confirme a consignação em `SISCONSIG 22 > 01 > 01` (Convênio, Data Prevista, nº Operação — dados em `CDC 15.13`); selecione ""x"" e F9: ""Tipo Lançamento"" *Amortização* = consignado; *Devolução* = não consignado, devolvido à conta.\n3. Preste as informações.\n4. Se o cliente disser que a parcela foi consignada em folha mas também há débito agendado em conta: verifique o extrato (agendado ou debitado); se debitado, verifique devolução; se a data for hoje/próximo dia útil, oriente aguardar o processamento noturno (tende a ser excluído) e encerre em FCR. Se confirmada duplicidade sem estorno, ou se o sistema não mostra consignação mas o cliente afirma o desconto, registre ocorrência e oriente o envio de cópia do contracheque para `sacdocumentos@bancoalfa.com.br`.\n\n> **Crédito do Trabalhador** (identifique pelo campo ""Convênio"" = ""E-Consig PJ"" em `CDC > 15 > 13`): exigir contracheque da competência anterior ao débito (ex.: débito no mês 09 → contracheque do mês 08) e o documento ""Detalhe da guia emitida"" (com a instituição que recebeu o valor) + comprovante de pagamento da guia, fornecidos pela empresa.\n\n### CDC Salário, CDC Benefício e CDC Renovação\nDébito no dia do crédito do salário/benefício, mesmo que divergente do vencimento contratual (cobrança antecipada gera desconto proporcional). Renovação com convênio: débito na data de crédito de proventos; sem convênio: na data de vencimento.\n\n1. Verifique no extrato o recebimento de salário no dia do débito.\n2. Compare a data de débito (`CDC 15 > 13 > F2 > 4`) com a cadastrada em `CDC 24 > 14` e `SISPAG 11 > 13 > 36 > Consulta on line`.\n3. Se ambos ocorrerem após o vencimento do contrato, registre ocorrência.\n4. Preste as informações.\n\n### CDC Automático\nDébito em conta (corrente ou salário) na data de vencimento informada na autorização; há opção de boleto (gerado pelo cliente ou se a autorização foi cancelada).\n\n**Duplicidade:** 1. Verifique boleto pago + débito em conta (`CDC 13 > 61`, ""Forma Pagto"": Rcbto Autom e Boleto Banc); confira estorno (campo ""Dt. Canc."" preenchido = houve estorno). 2. Se confirmada duplicidade sem estorno, estorne em `CDC 13 > 91 > 11 > 6` (o sistema só estorna do mais recente para o mais antigo; se o pagamento em conta foi parcial e só for possível estornar o boleto mais recente, isso deixaria a operação em atraso — nesse caso, estorne primeiro o ""Boleto Bancário"" e depois o ""Recebimento Automático"", só se não houver débitos pendentes). Peça ao supervisor para receber o valor correto em `CDC 13.23`; confirme a data de recebimento retroativo em `CDC 13.61`.\n> Para recebimento por débito em conta em operações contratadas a partir de 01/03/21, é necessária autorização específica do cliente.\n\n### CDC 13º Salário\nDébito em parcela única. **Com convênio:** na data de cobrança (recebimento do 13º, informado pelo empregador) OU no vencimento (30 dias após o crédito do 13º), o que ocorrer primeiro — exceto convênios com 13º vinculado ao aniversário do cliente. **Sem convênio:** na data escolhida na contratação.\n\n- Convênio consta em `SISALFA > CDC 15.13`.\n- **Com convênio:** data de cobrança em `CDC 22 > 10 > 5d` (código de linha 3100; nº convênio em `CDC 15 > 13`); vencimento em `CDC 15 > 13 > F2 > 4`. 1. Informe que o débito ocorre na data de cobrança; se o 13º não for creditado, tenta-se o débito na data de cobrança ou vencimento (o que ocorrer primeiro). 2. Verifique como ocorreu em `CDC 15 > 13 > F2 > 4`. 3. Preste as informações.\n  > **Obs.:** se a data de cobrança mudar por solicitação do empregador, o vencimento pode ser antecipado. *Ex. 1:* cobrança cadastrada 30/06/26 → vencimento 30/07/26; se a cobrança mudar para 30/08/26, cobra-se em 30/07/26 (o que ocorrer primeiro). *Ex. 2:* se o 13º do convênio está vinculado ao mês de aniversário, cobrança e vencimento caem no mês de aniversário do cliente.\n- **Sem convênio:** débito no vencimento (`CDC 15 > 13 > F2 > 4`).\n\n### CDC Antecipação IRPF\nDébito (a) na data prevista do crédito da restituição, ou (b) no vencimento contratual, se o crédito não ocorrer antes.\n1. Informe a regra acima. 2. Consulte `CDC 15 > 13 > F2 > 4`. 3. Preste as informações.\n\n### CDC Antecipação Saque Aniversário FGTS\nLiquidação automática via repasse do FGTS; débito em conta só se o repasse for insuficiente.\n1. Consulte `CDC 15 > 13 > F2 > 4`. 2. Preste as informações.\n\n### Orientações complementares\na) Reclamação de saldo aprovisionado em fim de semana/feriado: explique que, pelas cláusulas gerais do contrato de conta, a liberação de débitos nesses períodos depende do saldo após deduzir débitos programados para o 1º dia útil seguinte.\nb) **Boleto:** algumas linhas permitem gerar boleto (rotina 50107); se houver duplicidade (conta + boleto), estorne como em ""CDC Automático"". Não aplicar esse procedimento a CDC Consignação/Renovação Consignação/FGTS Saque Aniversário se a forma de pagamento foi ""Cta Convênio"" — para forma de pagamento via `SISALFA` ou ""Boleto Bancário"", o estorno é permitido.\nc) Mais informações: ver rotinas auxiliares (item 9).\nd) Se não for possível identificar o motivo, ou o cliente permanecer insatisfeito, registre ocorrência.\n\n---\n\n## 3. Simulação/Contratação de Empréstimos\n\nCDC é um empréstimo pessoal automatizado, pré-aprovado, disponível em conta corrente. Solicitação exclusiva do titular.\n> Se o cliente quiser alterar o vencimento da prestação: após a confirmação do contrato isso não é possível. Alternativa: contratar CDC Renovação (se a linha permitir e houver limite), indicando o vencimento mais adequado.\n\n**Procedimento:** verifique se a Análise de Crédito (ANC) está vigente em `Plataforma de Relacionamento (Operações Contratadas) — aba Limite de Crédito`, campo ""Situação do limite"".\n\n| Status do limite | Procedimento |\n|---|---|\n| Vencida, Impedida, Cancelada, Suspensa, Em transferência, Em estudo, Indeferida, ou Vigente com Limite Total–Margem zerado | Informe que não há limite disponível; o cliente deve ir a qualquer agência com identificação (RG/CPF), comprovante de residência e de renda (emitidos há menos de 90 dias, mesmo que pela internet). Consulte a rotina 50105 para possibilidade de restabelecimento. |\n| Vigente (algum valor em Limite Total–Margem) | Não informe o valor ao cliente. Dentro do horário de atendimento (9h–18h), pergunte se autoriza transferência para a Central de Consultoria em Uso Responsável do Crédito (rotina 50106). Se não autorizar, ou fora do horário, informe as opções: Central de Consultoria; App Alfa > Empréstimo; site > Empréstimo; caixa eletrônico (TAA) > Empréstimo. |\n\n---\n\n## 4. Cancelamento de CDC\n\nCancelamento permitido em até 7 dias corridos (a partir do dia seguinte à liberação do crédito), se contratado por canal de autoatendimento (App, site, caixas eletrônicos ou telefone), pelo titular, autenticado (URA, Token ou Identificação Positiva).\n\n> **Atenção:** o cancelamento da linha 2881 – Crédito Renovação Consignação está restrito ao departamento **DOC – Diretoria de Operações de Crédito** (código 800020) para os convênios: Convênio Especial 01 (700001), 02 (700002), 03 (700003), 04 (700004), 05 (700005), 06 (700006), 07 (700007), 08 (700008), 09 (700009), 10 (700010), 11 (700011), 12 (700012), 13 (700013), 14 (700014), 15 (700015) e 16 (700016). É necessário haver margem suficiente para reaverbação das operações vinculadas à renovação cancelada.\n> O cancelamento da mesma linha para o Convênio Especial 17 (700017) está restrito à **Superintendência Regional III** (código 800030). Ver rotina 50108.\n\nAntes do procedimento, informe o número da operação e que, após o cancelamento, o comando não pode ser desfeito.\n\n### 4.1. Cancelamento de proposta CDC NÃO CONFIRMADA\n`SISRET Y09` — copie o nº da operação (documento, 9 dígitos). `CDC 11.13` → inclua o nº a cancelar. Em ""Exclusão de operação – Confirma?"", responda ""S"". Motivo: ""08 – Exclusão a pedido do cliente – Desistência"". Verifique a mensagem ""Cancelamento da Proposta efetuado em XX/XX/XX às XX:XX:XX por FXXXXX""; se diferente, registre ocorrência.\n> Atenção a operações via Correspondente – LOG 633 ""Operação Novo Fluxo Correspondente/Parceiro Comercial"" (`CDC 15.18.F2.8`). Se pendente de confirmação, registre ocorrência (motivo obrigatório; não oriente o cliente a excluir por autoatendimento).\n\n### 4.2. Cancelamento no MESMO DIA ou DIA ÚTIL SEGUINTE (contratação em dia não útil)\nPermitido para contratações presenciais e não presenciais, todos os canais. Uso do Limite Especial da Conta gera juros e IOF. Cancele em `CDC 14`; se falhar, registre ocorrência.\n\n### 4.3. Cancelamento em até 7 DIAS CORRIDOS (a partir do dia seguinte ao crédito)\n**Via TAA/internet/App/telefone (Duplo Sim):** consulte `CDC 15.18.F2.8` (log) — canal no log 201: *Duplo Sim* → campo ""Ocor"" LOG 201 e 493; *Correspondente* → registre ocorrência. (Contestação: ver item 7.2.)\n**Presencial na agência:** só cancela no mesmo dia (ver item 4.2)! A partir do dia seguinte, só liquidação. Se o cliente relatar falhas, registre ocorrência.\n\nVerifique saldo para o débito (ou ""troco"" nas Renovações — `CDC 15.18.F2.5 Contratos Vinculados` mostrará o `SISCLI`; informe o valor), considerando Limite Especial ou resgates automáticos. Oriente manter saldo (débito à noite); uso do Limite Especial gera juros/IOF. Se discordar, só liquidação/amortização/pagamento. Cancele em `CDC 14`; se falhar, registre ocorrência.\n> No cancelamento de CDC Antecipação Saque Aniversário FGTS, o desbloqueio da garantia é automático. Log ""1120 – Operação Contratada com Parcela Pix"" = produto Alfa Parcela Pix (mesmo procedimento de Duplo Sim).\n\n### 4.4. Cancelamento de REPACTUAÇÃO\n`CDC 15.13`, selecione a operação. Se constar ""Op"" pendente de confirmação, pode excluir; se confirmada, só liquida/paga total.\n> *Convênio Especial 17:* tem repactuação de CDCs consignados com suspensão de cobrança (rotina 50109).\n\n### 4.5. Cancelamento do produto de pagamento parcelado de contas\nVer item 10 da rotina 50110.\n\n### 4.6. Pedido após 7 dias, ou contratação presencial (pedido fora do mesmo dia)\nSó é possível a liquidação.\n> Obs. 1: presencial só cancela no mesmo dia (item 4.2). Obs. 2: exclusivamente para CDC Renovação, se a liquidação antecipada não puder ser feita, registre ocorrência para avaliar cancelamento (informar que o IOF será cobrado em conta). CDC Renovação sem ""troco"" é cancelável se a contratação não foi presencial e o pedido ocorreu em até 7 dias.\n\nCancele em `CDC > 14`. Em caso de erro, registre ocorrência.\n\n---\n\n## 5. Liquidação / Amortização\n\nSolicitação exclusiva do titular.\n\n### 5.1. Amortização/Liquidação ANTECIPADA ou operação EM ATRASO\n**Demanda:** quitação parcial/total antes do vencimento e/ou parcelas em atraso.\n> Pagamento via boleto: emitido em agência, pago no mesmo dia (saldo atualiza diariamente); se não pago no mesmo dia, o mesmo boleto ainda serve, pois o saldo é recalculado.\n\nSe não autenticado (URA/Token/IP), informe os canais. Cancelamento da amortização/liquidação só no mesmo dia, e só com margem disponível (item 5.3). Somente com recursos próprios; há redução proporcional de juros.\n\n**Tipos** (parcelas em atraso sempre em ordem crescente): **Crescente** (da próxima parcela em diante); **Decrescente** (da última parcela para trás); **Linear** (amortiza o saldo total sem alterar o cronograma; recalcula as parcelas a vencer).\n> Linear NÃO permitido para CDC Consignado, nem para operações fora do status ""Normal"", com pagamento parcial, em cobrança, ou com ""Pula-Parcela"". ""Em cobrança"" não aceita nenhuma amortização.\n\n| Necessidade do cliente | Tipo de amortização |\n|---|---|\n| Parar de pagar as próximas prestações por um período | Liquidação antecipada de parcelas integrais, ordem crescente |\n| Amortizar e continuar pagando as próximas prestações | Liquidação antecipada de parcelas integrais, ordem decrescente |\n| Reduzir o valor das prestações em toda a operação | Amortização linear |\n| Liquidar a operação | Quitação total, sempre em ordem crescente |\n\n> No CDC Consignado, pode haver desconto da próxima prestação em folha. Para Consignação/Renovação Consignação, prefira ordem decrescente (evita duplicidade em folha); se o cliente pedir crescente, informe o risco (o valor retorna no vencimento da parcela, se ocorrer).\n\n**Procedimento:** 1. Simule em `CDC 13.11.12`, informe o saldo atual (item 1b). 2. Verifique saldo suficiente (`Plataforma de Relacionamento > Contas > Extrato`), considerando saldo aprovisionado, tarifas pendentes, resgates automáticos e Limite Especial (a critério do cliente, com encargos). 3. Se insuficiente, oriente novo contato; se suficiente, execute em `CDC 13 > 21 > 12` (tipo: parcial/liquidação/linear; quantidade/valor; ordem).\n> Se o sistema indicar ausência de autorização de débito, siga a rotina 50104.\n\n**Leitura obrigatória ao cliente antes da confirmação** (""Sr(a). ___, para sua segurança, faremos a leitura das condições:""):\n- **Parcial/liquidação:** agência/conta; valor base da parcela; encargos por atraso; desconto de antecipação; variação Selic; valor a amortizar; total de parcelas; ordem escolhida.\n- **Linear:** valor base; desconto aproximado; variação Selic; valor da parcela inicial; novo valor da parcela; quantidade de parcelas.\n\nApós a leitura: ""Podemos confirmar a liquidação/amortização?"" (F3, sem impressão). Supervisor confirma em `CDC 13.21.52`. Informar necessidade de saldo em conta. Comprovante: ""o débito ocorre ainda hoje; confirme pelo extrato. Para comprovante detalhado, solicite em qualquer agência o documento \'Demonstrativo de Origem e Evolução de Dívida – Crédito Direto ao Consumidor\'.""\n\n### 5.2. Amortização/liquidação de operações ""EM PERDAS""\nIdentificação: `SISALFA > CDC > 15.13`. **Não informar ao cliente que a operação está em prejuízo.**\na) **Débito em conta:** verifique saldo suficiente (mesmas ressalvas do item 5.1); se insuficiente, oriente novo contato. Liquidação: comando em `CDC 13-34` + confirmação do supervisor em `CDC 13-36`. Amortização parcial: comando em `CDC 13-35` + confirmação do gerente de grupo em `CDC 13-36`.\nb) **Boleto bancário:** registre ocorrência.\n\n### 5.3. Cancelamento da amortização ou liquidação antecipada\nSe só houve o comando do atendente (`CDC 13.21.12`) no mesmo dia: cancele em `CDC 13.91.51`. Se já confirmado pelo supervisor (`CDC 13.21.52`): faça o estorno (item 5.5).\n> O registro do atendente fica pendente de confirmação apenas no mesmo dia; se não confirmado, é excluído automaticamente no dia seguinte.\n\n### 5.4. Liquidação – Desaverbação/Liberação de Margem Consignável\nSe o cliente relatar que liquidou/cancelou mas não houve liberação de margem, ou a parcela segue sendo debitada, registre ocorrência.\n\n### 5.5. Estorno de pagamento antecipado\n**Demanda:** pagamento antes do vencimento, ou débito indevido em conta (ex.: pela agência).\n> Não aplicar a Consignação/Renovação Consignação/FGTS Saque Aniversário se a forma de pagamento foi ""Cta Convênio""; para `SISALFA` ou ""Boleto Bancário"", o estorno é permitido (ver item 2).\n\n1. Analise o motivo (não é permitido estornar e deixar em atraso). 2. Verifique vencimento (`CDC 15.13.F2.4`) e pagamento de salário (`SISPAG 11 > 13 > 36 > Consulta on line`). 3. Se não venceu e não houve crédito de salário, estorno possível (pagamento dentro de 30 dias, operação não atualizada). 4. Estorne em `CDC 13.91.11`. 5. Informe crédito no processamento noturno.\n> Se impossível estornar, ou outra duplicidade não sanável, registre ocorrência.\n\n---\n\n## 6. Dificuldade para contratação\n\n| Situação | Procedimento |\n|---|---|\n| **Renda desatualizada** | Verifique a última atualização; se >12 meses, oriente atualizar via App ou canal de autoatendimento (online; às vezes exige foto do documento, validação em até 3 dias úteis). Após validação, o limite é recalculado automaticamente. |\n| **Contrato do CDC não assinado** | Pergunte se aderiu às Cláusulas Gerais (assinatura da Proposta/Contrato de Adesão). Se sim, prossiga a análise. Se não, informe os canais de adesão: App/site (Empréstimo > Solicitação de Crédito > Assinatura de contrato CDC); caixa eletrônico; agência. |\n| **Acordo de dívida vigente** | Contratação impossibilitada durante a vigência do acordo; após encerrado, pode verificar novamente. |\n| **Não correntista** | Exceto CDC Consignado e Crédito 13º Salário INSS (exigem ANC vigente), as demais linhas exigem conta corrente com ANC vigente. |\n| **Modalidade de conta simplificada (sem linhas de crédito)** | Não permite contratar linhas de crédito; se houver interesse, o cliente faz upgrade da conta pelo app (Menu > Upgrade de Conta), sujeito a análise de crédito na agência. |\n\n---\n\n## 7. Contratação não reconhecida\n\n### 7.1. Falsidade ideológica e fraude\nFraude com uso de documentos falsos para contratar produtos; a vítima costuma descobrir só quando seu CPF/CNPJ sofre restrição por inadimplência. Ver rotina 50111.\n- Falsidade em operação de não correntista: oriente comparecimento a qualquer agência com identificação e boletim de ocorrência.\n- Fraude – demais situações: ver rotina 50112.\n\n### 7.2. Contestação de operações via Correspondente (falha, suspeita de fraude/golpe)\nIndícios de falha ou fraude/golpe (presencial ou Duplo Sim): registre ocorrência e responsabilize a unidade de correspondentes/antifraude (código 800010):\n- **Assunto 50113** — contratação não reconhecida; divergente do solicitado; insatisfação com o contrato/descumprimento; falta de clareza.\n- **Assunto 50114** — suspeita de fraude/golpe: abordagem por suposta empresa vinculada ao banco, internalização por correspondente e transferência de recursos a terceiros pelo cliente.\n- **Assunto 50115** — contestação/suspeita de fraude em operação via Correspondente ainda pendente de confirmação.\n\n> No módulo de SAC e Ouvidoria (assuntos 50113/50114), é obrigatório selecionar o produto/modalidade — só aparecem operações contratadas via Correspondente; caso contrário, o registro não é possível. Ao selecionar a operação, os dados de identificação do correspondente, do CDC e da chave de operação são preenchidos automaticamente (não editáveis).\n\n---\n\n## 8. Limite Especial da Conta\n\n### 8.1. Cancelamento do Limite Especial da Conta\na) Pode ser solicitado a qualquer tempo por qualquer titular.\nb) Ao ser solicitado, sonde o motivo e, se cabível, argumente: sem tarifa; limite disponível para emergências sem custo se não usado; cancelar não garante nova contratação futura; é possível reduzir para R$ 100,00 em vez de cancelar. O cliente não pode estar usando o limite no momento (se estiver, oriente cobrir o saldo). Se aceitar reduzir, siga para 8.2. *(Em Ouvidoria, cancelar direto, sem sondagem.)*\nc) Se decidir manter, encerre em FCR.\nd) Se insistir no cancelamento, verifique viabilidade:\n\n**Procedimento (cliente autenticado por URA/Token/IP):**\n> Não cancelar se o cliente estiver usando o limite; se houver juros/IOF a cobrar, é necessário saldo. Falha de autenticação: registre ocorrência.\n- **Atendente:** confira saldo suficiente (extrato) para limite + juros + IOF (desconsiderar valores provisionados); se insuficiente, peça depósito equivalente e informe que o cancelamento pode ser pedido no SAC/agência após o depósito; encerre em FCR. Cancele na plataforma (`Contas > Limite Especial da Conta PF > Implantação, Alteração, Renovação e Cancelamento > Cancelar > Registrar`) e peça deferimento ao supervisor.\n  > Se aparecer ""(27) Já existe comando de implantação para esta conta."", registre ocorrência. Se aparecer ""já existe solicitação pendente de deferimento"", peça o deferimento ao supervisor; se não localizar ou houver erro, abra ocorrência.\n- **Supervisor:** confirme dados (nome, produto, valor); defira (`Deferimentos e Pendências > Limite Especial da Conta Pessoa > Cancelamento > Deferimento`); confirme para o atendente prosseguir.\n- **Atendente:** informe o cancelamento e a disponibilidade da agência para recontratação futura; encerre e registre FCR. *(Se o supervisor não conseguir deferir, registre ocorrência.)*\n\n### 8.2. Redução do Limite Especial da Conta\na) Se o pedido for por causa da tarifa, esclareça que ela não é cobrada; se insistir, siga abaixo.\nb) Identifique PF e titular da conta.\nc) Cliente autenticado:\n- **Atendente:** verifique saldo suficiente para que a redução não deixe o saldo excedido; se preciso, peça depósito e informe que a redução pode ser pedida via app, WhatsApp, SAC ou agência após o depósito. Modalidade ""Ouro"" (limite ≥ R$ 1.000,00) reduzida para entre R$ 100,00 e R$ 950,00 muda para ""Classic"" (diferenças na rotina 50116). Se o cliente concordar, altere modalidade/limite na plataforma e peça deferimento ao supervisor.\n- **Supervisor:** confirme dados; defira (`Deferimentos e Pendências > Limite Especial da Conta Pessoa Física > Alteração > Deferimento`); confirme para o atendente prosseguir.\n- **Atendente:** informe a redução realizada; para elevar no futuro, indicar app/agência. Encerre e registre FCR. *(Se o supervisor não conseguir deferir, registre ocorrência.)*\n\n### 8.3. Alterar data de débito dos juros\nFalha de autenticação: informe os canais. Acesse `Plataforma > Contas > Limite Especial da Conta PF > Alterar > Tipo de Alteração – ""Dia do débito""` e escolha um dia entre 1 e 28. A alteração só vale a partir do mês seguinte à solicitação.\n\n---\n\n## 9. Rotinas auxiliares (índice de empréstimos)\n\n| Código (anonimizado) | Assunto |\n|---|---|\n| 50107 | CDC – Condições Gerais / Contrato |\n| 50108 | Crédito Consignação e Renovação – Correntista e não correntista |\n| 50118 | Crédito Consignação – INSS |\n| 50119 | Crédito Automático |\n| 50120 | Crédito Benefício |\n| 50121 | Crédito Salário e Salário Funci |\n| 50122 | Crédito Renovação e Renovação Funci |\n| 50123 | Crédito 13º Décimo Terceiro Salário |\n| 50124 | Crédito 13º Décimo Terceiro Salário – Não Correntistas |\n| 50125 | CDC Antecipação Restituição IRPF |\n| 50126 | CDC Antecipação Saque Aniversário FGTS |\n| 50117 | Crédito Parcelamento Cheque Especial (Limite Especial da Conta) |\n| 50104 | Autorização de Débito – Empréstimos, CDC e outros (Resolução CMN 4.790/2020) |\n| 50127 | Crédito do Trabalhador – Novo modelo de Crédito Consignado do Setor Privado |\n| 50128 | Crédito do Trabalhador – Atendimento ao Empregador |\n\n---\n\n## 10. Fonte de informação\n\nDepartamento responsável: **DOC – Diretoria de Operações de Crédito** (código 800020).\n']","Com 'Op' pendente de confirmação, pode excluir a repactuação; se já confirmada, só liquidação/pagamento total. Convênio Especial 17 tem repactuação com suspensão (rotina 50109).",CONDITIONAL_WORKFLOW,9.6798,,0.125,0.8784552618733892,1.0,0.9999999999
Por que pedem autorização para debitar meu CDC?,"A autorização para débito em conta corrente (geralmente via **débito automático**) é uma prática padrão em contratos de Crédito Direto ao Consumidor (CDC) por alguns motivos principais:

1. **Garantia de Pagamento:** Ao autorizar o débito, você garante que o valor da parcela será retirado automaticamente na data de vencimento. Isso evita que você esqueça de pagar o boleto e acabe incorrendo em multas, juros por atraso ou encargos moratórios.
2. **Redução de Risco para o Banco:** Para a instituição financeira, o débito automático reduz o risco de inadimplência. Como o pagamento é automatizado, a chance de o cliente esquecer ou não ter tempo de realizar a transação manualmente é eliminada.
3. **Condição para Taxas Menores:** Em muitos casos, o banco oferece taxas de juros mais competitivas (mais baixas) justamente porque o cliente aceita o débito em conta. Isso ocorre porque o banco tem mais segurança de que receberá o valor na data combinada.
4. **Conveniência:** Para o cliente, o processo evita a necessidade de emitir boletos, acessar o internet banking ou ir a uma agência todos os meses para quitar a parcela.

**Pontos importantes para você observar:**

*   **Saldo em conta:** É fundamental que você mantenha saldo disponível na conta na data do vencimento. Se não houver saldo suficiente, o débito pode falhar, o que pode gerar cobrança de encargos por atraso ou até a suspensão do benefício da taxa reduzida, dependendo do contrato.
*   **Cancelamento:** Você tem o direito de cancelar a autorização de débito automático a qualquer momento, entrando em contato com o seu banco. No entanto, **atenção**: ao cancelar, você precisará se organizar para pagar as parcelas por outros meios (como boleto ou transferência) dentro do prazo, sob pena de inadimplência.
*   **Contrato:** Sempre verifique o seu contrato de CDC. Lá estará especificado se o débito em conta é uma condição obrigatória para a manutenção daquela taxa de juros específica.

Se você tiver dúvidas sobre uma cobrança específica ou sobre como cancelar essa autorização, recomendo que entre em contato diretamente com o seu gerente ou através dos canais de atendimento oficiais do seu banco.","['# POP – Atendimento de Operações de CDC (Crédito Direto ao Consumidor) – Pessoa Física\n### [Versão anonimizada/pseudonimizada para uso acadêmico]\n\n> **Nota metodológica de anonimização:** este documento é uma versão pseudonimizada de uma rotina real de atendimento (SAC) de operações de crédito pessoa física. Foram substituídos: (i) o nome da instituição financeira e de seus canais/site/e-mail; (ii) os nomes de sistemas internos claramente proprietários; (iii) nomes e códigos de convênios de consignação com órgãos públicos; (iv) códigos de prefixo/departamento interno; e (v) números de rotinas/assuntos auxiliares referenciados ao longo do texto — todos substituídos por identificadores fictícios e sequenciais. A lógica processual, as condições, exceções e o fluxo de decisão originais foram mantidos integralmente, o que preserva o valor do documento como exemplo de POP para fins de extração de árvore de decisão. Termos e siglas genéricas do setor bancário (CDC, SAC, Ouvidoria, TAA, URA, FCR, ANC, Token, Identificação Positiva) e referências a normas públicas (Resolução CMN 4.790/2020, INSS) foram mantidos, por não serem exclusivos de uma única instituição.\n\n**Sumário:** Observações iniciais · 1. Consulta geral CDC · 2. Débito da parcela CDC · 3. Simulação/Contratação · 4. Cancelamento de CDC · 5. Liquidação/Amortização · 6. Dificuldade para contratação · 7. Contratação não reconhecida · 8. Limite Especial da Conta · 9. Rotinas auxiliares · 10. Fonte de informação\n\n---\n\n## Observações iniciais\n\na) Esta rotina destina-se ao atendimento das operações de crédito PF listadas no item 2. Para os casos abaixo, consulte rotinas específicas:\n- **FIES:** rotina 50101 – SAC QC – Financiamento Estudantil (FIES)\n- **Financiamento imobiliário:** rotina 50102 – SAC QC – Financiamento Imobiliário\n- **Renegociação de dívidas:** rotina 50103 – SAC QC – Renegociação de Dívidas Pessoa Física e Jurídica\n\nb) **Autorização de Débito em Conta:** a partir de 01/03/2021, para que uma operação seja debitada em conta, é necessária autorização específica do cliente para o débito. Ver informações e procedimentos na rotina 50104.\n\nc) **Canais para contratação de CDC:** [link para os canais de contratação]\n\n---\n\n## 1. Consulta geral CDC\n\nPara verificar as informações da operação, identifique se o consumidor é PF e titular da operação. Em caso de FALHA, RECUSA ou INAPLICABILIDADE de Identificação Positiva (IP), registre ocorrência.\n\n| Demanda | Consulta |\n|---|---|\n| a) Informações gerais do CDC | `SISALFA > CDC > 15 > 18` — em ""Código do Cliente"" pressione F4, inclua o CPF e selecione a operação. Clique em F2 > Outros dados > 4. Cronograma. Principais informações: modalidade do CDC, data de vencimento, parcelas pagas e data de pagamento (mais detalhes no item 2), parcelas a vencer, parcelas em atraso, taxas de juros ou CET. |\n| b) Saldo atualizado total | `SISALFA > CDC > 15 > 18` — mesmo caminho acima; após selecionar a operação, verifique o campo ""Saldo devedor atual"". Esse é o saldo do dia, com atualização diária. |\n| c) Parcelas, valores pagos, juros, datas de pagamento | `SISALFA > CDC > 15 > 18` → Agência/Conta → selecione a operação → F2 → 4. Cronograma → selecione a parcela (""P"" indica pagamento parcial) → F9 (detalhe) → F12/F11 (pagamentos e parcelas). O ""total recebimento parcial"" é o valor recebido naquela parcela. |\n| d) Consultar CDC liquidado, renovado ou excluído | `SISALFA > CDC > 15 > 18`, em ""Código do Cliente"" pressione F4 e insira o CPF — NÃO selecione nenhuma operação e pressione F11. F12 para operações arquivadas. |\n| e) Consulta de cláusulas gerais ou documentos do CDC contratado | Cláusulas gerais consultáveis em: **App Alfa** (Menu > Empréstimos > Contratar empréstimo > Aderir ao contrato); **site institucional**, inclusive para não correntista (Página inicial > Pra você > Empréstimo > Empréstimo pessoal > Contrato de abertura de crédito rotativo); **site institucional (área logada)** (Menu > Empréstimos > Crédito consignado e pessoal > Aderir Contrato de Empréstimo). Documentos do CDC contratado: Extrato de Empréstimo (parcelas pagas/a pagar) — App, site, caixas eletrônicos ou agências; Consolidado Anual (valores por exercício) — site ou agências; 2ª via do comprovante (com taxas) — App ou agências. |\n\n---\n\n## 2. Débito da parcela CDC (data ou valor divergente, duplicidade)\n\nPara identificar o débito questionado, consulte o extrato em `Plataforma de Relacionamento (Operações Contratadas) > Contas > Consultas > Extrato Conta Corrente`. O número da operação consta no campo ""Documento"" (9 dígitos).\n\nSituações possíveis: débito antes/depois do vencimento contratual; valor divergente; duplicidade (folha + conta); débito em conta errada.\n\n**Consulta:** `CDC 15.13` (F4 – CPF) → selecione a operação → F2.4 (cronograma) → selecione a parcela com ""x"" → F9 (detalhar) → F12 (mais informações) → F3 (voltar) e copie o nº da operação → `CDC 13.61` (cole o nº como ""nº contrato"") para ver como ocorreu o pagamento.\n\nSiga então a orientação por modalidade:\n\n### CDC Consignação ou CDC Renovação Consignação\nDébito ocorre na folha de pagamento. a) Se não consignada (ou parcial), o débito ocorrerá total/parcial em conta. b) Se liquidado/renovado mas houve consignação, o estorno é automático em conta em até D+2 dias úteis, exceto para os convênios de código 900001 (INSS — devolução a partir do 5º dia útil) e código 900002 (MPDG — devolução até o 1º dia útil).\n\n1. Consulte a parcela: `CDC 15 > 13 > F2 > 4` (datas); `CDC 15 > 13 > F8 > F9` (mês/ano da folha). *Consig total* = debitada integralmente em folha; *Consig parcial* = debitada parcialmente (verifique o restante em conta); *Não consignada* = sem débito em folha; *Incluída* = ainda não vencida; *Enviada* = empregador não retornou (sem repasse, o débito ocorre em conta).\n2. Confirme a consignação em `SISCONSIG 22 > 01 > 01` (Convênio, Data Prevista, nº Operação — dados em `CDC 15.13`); selecione ""x"" e F9: ""Tipo Lançamento"" *Amortização* = consignado; *Devolução* = não consignado, devolvido à conta.\n3. Preste as informações.\n4. Se o cliente disser que a parcela foi consignada em folha mas também há débito agendado em conta: verifique o extrato (agendado ou debitado); se debitado, verifique devolução; se a data for hoje/próximo dia útil, oriente aguardar o processamento noturno (tende a ser excluído) e encerre em FCR. Se confirmada duplicidade sem estorno, ou se o sistema não mostra consignação mas o cliente afirma o desconto, registre ocorrência e oriente o envio de cópia do contracheque para `sacdocumentos@bancoalfa.com.br`.\n\n> **Crédito do Trabalhador** (identifique pelo campo ""Convênio"" = ""E-Consig PJ"" em `CDC > 15 > 13`): exigir contracheque da competência anterior ao débito (ex.: débito no mês 09 → contracheque do mês 08) e o documento ""Detalhe da guia emitida"" (com a instituição que recebeu o valor) + comprovante de pagamento da guia, fornecidos pela empresa.\n\n### CDC Salário, CDC Benefício e CDC Renovação\nDébito no dia do crédito do salário/benefício, mesmo que divergente do vencimento contratual (cobrança antecipada gera desconto proporcional). Renovação com convênio: débito na data de crédito de proventos; sem convênio: na data de vencimento.\n\n1. Verifique no extrato o recebimento de salário no dia do débito.\n2. Compare a data de débito (`CDC 15 > 13 > F2 > 4`) com a cadastrada em `CDC 24 > 14` e `SISPAG 11 > 13 > 36 > Consulta on line`.\n3. Se ambos ocorrerem após o vencimento do contrato, registre ocorrência.\n4. Preste as informações.\n\n### CDC Automático\nDébito em conta (corrente ou salário) na data de vencimento informada na autorização; há opção de boleto (gerado pelo cliente ou se a autorização foi cancelada).\n\n**Duplicidade:** 1. Verifique boleto pago + débito em conta (`CDC 13 > 61`, ""Forma Pagto"": Rcbto Autom e Boleto Banc); confira estorno (campo ""Dt. Canc."" preenchido = houve estorno). 2. Se confirmada duplicidade sem estorno, estorne em `CDC 13 > 91 > 11 > 6` (o sistema só estorna do mais recente para o mais antigo; se o pagamento em conta foi parcial e só for possível estornar o boleto mais recente, isso deixaria a operação em atraso — nesse caso, estorne primeiro o ""Boleto Bancário"" e depois o ""Recebimento Automático"", só se não houver débitos pendentes). Peça ao supervisor para receber o valor correto em `CDC 13.23`; confirme a data de recebimento retroativo em `CDC 13.61`.\n> Para recebimento por débito em conta em operações contratadas a partir de 01/03/21, é necessária autorização específica do cliente.\n\n### CDC 13º Salário\nDébito em parcela única. **Com convênio:** na data de cobrança (recebimento do 13º, informado pelo empregador) OU no vencimento (30 dias após o crédito do 13º), o que ocorrer primeiro — exceto convênios com 13º vinculado ao aniversário do cliente. **Sem convênio:** na data escolhida na contratação.\n\n- Convênio consta em `SISALFA > CDC 15.13`.\n- **Com convênio:** data de cobrança em `CDC 22 > 10 > 5d` (código de linha 3100; nº convênio em `CDC 15 > 13`); vencimento em `CDC 15 > 13 > F2 > 4`. 1. Informe que o débito ocorre na data de cobrança; se o 13º não for creditado, tenta-se o débito na data de cobrança ou vencimento (o que ocorrer primeiro). 2. Verifique como ocorreu em `CDC 15 > 13 > F2 > 4`. 3. Preste as informações.\n  > **Obs.:** se a data de cobrança mudar por solicitação do empregador, o vencimento pode ser antecipado. *Ex. 1:* cobrança cadastrada 30/06/26 → vencimento 30/07/26; se a cobrança mudar para 30/08/26, cobra-se em 30/07/26 (o que ocorrer primeiro). *Ex. 2:* se o 13º do convênio está vinculado ao mês de aniversário, cobrança e vencimento caem no mês de aniversário do cliente.\n- **Sem convênio:** débito no vencimento (`CDC 15 > 13 > F2 > 4`).\n\n### CDC Antecipação IRPF\nDébito (a) na data prevista do crédito da restituição, ou (b) no vencimento contratual, se o crédito não ocorrer antes.\n1. Informe a regra acima. 2. Consulte `CDC 15 > 13 > F2 > 4`. 3. Preste as informações.\n\n### CDC Antecipação Saque Aniversário FGTS\nLiquidação automática via repasse do FGTS; débito em conta só se o repasse for insuficiente.\n1. Consulte `CDC 15 > 13 > F2 > 4`. 2. Preste as informações.\n\n### Orientações complementares\na) Reclamação de saldo aprovisionado em fim de semana/feriado: explique que, pelas cláusulas gerais do contrato de conta, a liberação de débitos nesses períodos depende do saldo após deduzir débitos programados para o 1º dia útil seguinte.\nb) **Boleto:** algumas linhas permitem gerar boleto (rotina 50107); se houver duplicidade (conta + boleto), estorne como em ""CDC Automático"". Não aplicar esse procedimento a CDC Consignação/Renovação Consignação/FGTS Saque Aniversário se a forma de pagamento foi ""Cta Convênio"" — para forma de pagamento via `SISALFA` ou ""Boleto Bancário"", o estorno é permitido.\nc) Mais informações: ver rotinas auxiliares (item 9).\nd) Se não for possível identificar o motivo, ou o cliente permanecer insatisfeito, registre ocorrência.\n\n---\n\n## 3. Simulação/Contratação de Empréstimos\n\nCDC é um empréstimo pessoal automatizado, pré-aprovado, disponível em conta corrente. Solicitação exclusiva do titular.\n> Se o cliente quiser alterar o vencimento da prestação: após a confirmação do contrato isso não é possível. Alternativa: contratar CDC Renovação (se a linha permitir e houver limite), indicando o vencimento mais adequado.\n\n**Procedimento:** verifique se a Análise de Crédito (ANC) está vigente em `Plataforma de Relacionamento (Operações Contratadas) — aba Limite de Crédito`, campo ""Situação do limite"".\n\n| Status do limite | Procedimento |\n|---|---|\n| Vencida, Impedida, Cancelada, Suspensa, Em transferência, Em estudo, Indeferida, ou Vigente com Limite Total–Margem zerado | Informe que não há limite disponível; o cliente deve ir a qualquer agência com identificação (RG/CPF), comprovante de residência e de renda (emitidos há menos de 90 dias, mesmo que pela internet). Consulte a rotina 50105 para possibilidade de restabelecimento. |\n| Vigente (algum valor em Limite Total–Margem) | Não informe o valor ao cliente. Dentro do horário de atendimento (9h–18h), pergunte se autoriza transferência para a Central de Consultoria em Uso Responsável do Crédito (rotina 50106). Se não autorizar, ou fora do horário, informe as opções: Central de Consultoria; App Alfa > Empréstimo; site > Empréstimo; caixa eletrônico (TAA) > Empréstimo. |\n\n---\n\n## 4. Cancelamento de CDC\n\nCancelamento permitido em até 7 dias corridos (a partir do dia seguinte à liberação do crédito), se contratado por canal de autoatendimento (App, site, caixas eletrônicos ou telefone), pelo titular, autenticado (URA, Token ou Identificação Positiva).\n\n> **Atenção:** o cancelamento da linha 2881 – Crédito Renovação Consignação está restrito ao departamento **DOC – Diretoria de Operações de Crédito** (código 800020) para os convênios: Convênio Especial 01 (700001), 02 (700002), 03 (700003), 04 (700004), 05 (700005), 06 (700006), 07 (700007), 08 (700008), 09 (700009), 10 (700010), 11 (700011), 12 (700012), 13 (700013), 14 (700014), 15 (700015) e 16 (700016). É necessário haver margem suficiente para reaverbação das operações vinculadas à renovação cancelada.\n> O cancelamento da mesma linha para o Convênio Especial 17 (700017) está restrito à **Superintendência Regional III** (código 800030). Ver rotina 50108.\n\nAntes do procedimento, informe o número da operação e que, após o cancelamento, o comando não pode ser desfeito.\n\n### 4.1. Cancelamento de proposta CDC NÃO CONFIRMADA\n`SISRET Y09` — copie o nº da operação (documento, 9 dígitos). `CDC 11.13` → inclua o nº a cancelar. Em ""Exclusão de operação – Confirma?"", responda ""S"". Motivo: ""08 – Exclusão a pedido do cliente – Desistência"". Verifique a mensagem ""Cancelamento da Proposta efetuado em XX/XX/XX às XX:XX:XX por FXXXXX""; se diferente, registre ocorrência.\n> Atenção a operações via Correspondente – LOG 633 ""Operação Novo Fluxo Correspondente/Parceiro Comercial"" (`CDC 15.18.F2.8`). Se pendente de confirmação, registre ocorrência (motivo obrigatório; não oriente o cliente a excluir por autoatendimento).\n\n### 4.2. Cancelamento no MESMO DIA ou DIA ÚTIL SEGUINTE (contratação em dia não útil)\nPermitido para contratações presenciais e não presenciais, todos os canais. Uso do Limite Especial da Conta gera juros e IOF. Cancele em `CDC 14`; se falhar, registre ocorrência.\n\n### 4.3. Cancelamento em até 7 DIAS CORRIDOS (a partir do dia seguinte ao crédito)\n**Via TAA/internet/App/telefone (Duplo Sim):** consulte `CDC 15.18.F2.8` (log) — canal no log 201: *Duplo Sim* → campo ""Ocor"" LOG 201 e 493; *Correspondente* → registre ocorrência. (Contestação: ver item 7.2.)\n**Presencial na agência:** só cancela no mesmo dia (ver item 4.2)! A partir do dia seguinte, só liquidação. Se o cliente relatar falhas, registre ocorrência.\n\nVerifique saldo para o débito (ou ""troco"" nas Renovações — `CDC 15.18.F2.5 Contratos Vinculados` mostrará o `SISCLI`; informe o valor), considerando Limite Especial ou resgates automáticos. Oriente manter saldo (débito à noite); uso do Limite Especial gera juros/IOF. Se discordar, só liquidação/amortização/pagamento. Cancele em `CDC 14`; se falhar, registre ocorrência.\n> No cancelamento de CDC Antecipação Saque Aniversário FGTS, o desbloqueio da garantia é automático. Log ""1120 – Operação Contratada com Parcela Pix"" = produto Alfa Parcela Pix (mesmo procedimento de Duplo Sim).\n\n### 4.4. Cancelamento de REPACTUAÇÃO\n`CDC 15.13`, selecione a operação. Se constar ""Op"" pendente de confirmação, pode excluir; se confirmada, só liquida/paga total.\n> *Convênio Especial 17:* tem repactuação de CDCs consignados com suspensão de cobrança (rotina 50109).\n\n### 4.5. Cancelamento do produto de pagamento parcelado de contas\nVer item 10 da rotina 50110.\n\n### 4.6. Pedido após 7 dias, ou contratação presencial (pedido fora do mesmo dia)\nSó é possível a liquidação.\n> Obs. 1: presencial só cancela no mesmo dia (item 4.2). Obs. 2: exclusivamente para CDC Renovação, se a liquidação antecipada não puder ser feita, registre ocorrência para avaliar cancelamento (informar que o IOF será cobrado em conta). CDC Renovação sem ""troco"" é cancelável se a contratação não foi presencial e o pedido ocorreu em até 7 dias.\n\nCancele em `CDC > 14`. Em caso de erro, registre ocorrência.\n\n---\n\n## 5. Liquidação / Amortização\n\nSolicitação exclusiva do titular.\n\n### 5.1. Amortização/Liquidação ANTECIPADA ou operação EM ATRASO\n**Demanda:** quitação parcial/total antes do vencimento e/ou parcelas em atraso.\n> Pagamento via boleto: emitido em agência, pago no mesmo dia (saldo atualiza diariamente); se não pago no mesmo dia, o mesmo boleto ainda serve, pois o saldo é recalculado.\n\nSe não autenticado (URA/Token/IP), informe os canais. Cancelamento da amortização/liquidação só no mesmo dia, e só com margem disponível (item 5.3). Somente com recursos próprios; há redução proporcional de juros.\n\n**Tipos** (parcelas em atraso sempre em ordem crescente): **Crescente** (da próxima parcela em diante); **Decrescente** (da última parcela para trás); **Linear** (amortiza o saldo total sem alterar o cronograma; recalcula as parcelas a vencer).\n> Linear NÃO permitido para CDC Consignado, nem para operações fora do status ""Normal"", com pagamento parcial, em cobrança, ou com ""Pula-Parcela"". ""Em cobrança"" não aceita nenhuma amortização.\n\n| Necessidade do cliente | Tipo de amortização |\n|---|---|\n| Parar de pagar as próximas prestações por um período | Liquidação antecipada de parcelas integrais, ordem crescente |\n| Amortizar e continuar pagando as próximas prestações | Liquidação antecipada de parcelas integrais, ordem decrescente |\n| Reduzir o valor das prestações em toda a operação | Amortização linear |\n| Liquidar a operação | Quitação total, sempre em ordem crescente |\n\n> No CDC Consignado, pode haver desconto da próxima prestação em folha. Para Consignação/Renovação Consignação, prefira ordem decrescente (evita duplicidade em folha); se o cliente pedir crescente, informe o risco (o valor retorna no vencimento da parcela, se ocorrer).\n\n**Procedimento:** 1. Simule em `CDC 13.11.12`, informe o saldo atual (item 1b). 2. Verifique saldo suficiente (`Plataforma de Relacionamento > Contas > Extrato`), considerando saldo aprovisionado, tarifas pendentes, resgates automáticos e Limite Especial (a critério do cliente, com encargos). 3. Se insuficiente, oriente novo contato; se suficiente, execute em `CDC 13 > 21 > 12` (tipo: parcial/liquidação/linear; quantidade/valor; ordem).\n> Se o sistema indicar ausência de autorização de débito, siga a rotina 50104.\n\n**Leitura obrigatória ao cliente antes da confirmação** (""Sr(a). ___, para sua segurança, faremos a leitura das condições:""):\n- **Parcial/liquidação:** agência/conta; valor base da parcela; encargos por atraso; desconto de antecipação; variação Selic; valor a amortizar; total de parcelas; ordem escolhida.\n- **Linear:** valor base; desconto aproximado; variação Selic; valor da parcela inicial; novo valor da parcela; quantidade de parcelas.\n\nApós a leitura: ""Podemos confirmar a liquidação/amortização?"" (F3, sem impressão). Supervisor confirma em `CDC 13.21.52`. Informar necessidade de saldo em conta. Comprovante: ""o débito ocorre ainda hoje; confirme pelo extrato. Para comprovante detalhado, solicite em qualquer agência o documento \'Demonstrativo de Origem e Evolução de Dívida – Crédito Direto ao Consumidor\'.""\n\n### 5.2. Amortização/liquidação de operações ""EM PERDAS""\nIdentificação: `SISALFA > CDC > 15.13`. **Não informar ao cliente que a operação está em prejuízo.**\na) **Débito em conta:** verifique saldo suficiente (mesmas ressalvas do item 5.1); se insuficiente, oriente novo contato. Liquidação: comando em `CDC 13-34` + confirmação do supervisor em `CDC 13-36`. Amortização parcial: comando em `CDC 13-35` + confirmação do gerente de grupo em `CDC 13-36`.\nb) **Boleto bancário:** registre ocorrência.\n\n### 5.3. Cancelamento da amortização ou liquidação antecipada\nSe só houve o comando do atendente (`CDC 13.21.12`) no mesmo dia: cancele em `CDC 13.91.51`. Se já confirmado pelo supervisor (`CDC 13.21.52`): faça o estorno (item 5.5).\n> O registro do atendente fica pendente de confirmação apenas no mesmo dia; se não confirmado, é excluído automaticamente no dia seguinte.\n\n### 5.4. Liquidação – Desaverbação/Liberação de Margem Consignável\nSe o cliente relatar que liquidou/cancelou mas não houve liberação de margem, ou a parcela segue sendo debitada, registre ocorrência.\n\n### 5.5. Estorno de pagamento antecipado\n**Demanda:** pagamento antes do vencimento, ou débito indevido em conta (ex.: pela agência).\n> Não aplicar a Consignação/Renovação Consignação/FGTS Saque Aniversário se a forma de pagamento foi ""Cta Convênio""; para `SISALFA` ou ""Boleto Bancário"", o estorno é permitido (ver item 2).\n\n1. Analise o motivo (não é permitido estornar e deixar em atraso). 2. Verifique vencimento (`CDC 15.13.F2.4`) e pagamento de salário (`SISPAG 11 > 13 > 36 > Consulta on line`). 3. Se não venceu e não houve crédito de salário, estorno possível (pagamento dentro de 30 dias, operação não atualizada). 4. Estorne em `CDC 13.91.11`. 5. Informe crédito no processamento noturno.\n> Se impossível estornar, ou outra duplicidade não sanável, registre ocorrência.\n\n---\n\n## 6. Dificuldade para contratação\n\n| Situação | Procedimento |\n|---|---|\n| **Renda desatualizada** | Verifique a última atualização; se >12 meses, oriente atualizar via App ou canal de autoatendimento (online; às vezes exige foto do documento, validação em até 3 dias úteis). Após validação, o limite é recalculado automaticamente. |\n| **Contrato do CDC não assinado** | Pergunte se aderiu às Cláusulas Gerais (assinatura da Proposta/Contrato de Adesão). Se sim, prossiga a análise. Se não, informe os canais de adesão: App/site (Empréstimo > Solicitação de Crédito > Assinatura de contrato CDC); caixa eletrônico; agência. |\n| **Acordo de dívida vigente** | Contratação impossibilitada durante a vigência do acordo; após encerrado, pode verificar novamente. |\n| **Não correntista** | Exceto CDC Consignado e Crédito 13º Salário INSS (exigem ANC vigente), as demais linhas exigem conta corrente com ANC vigente. |\n| **Modalidade de conta simplificada (sem linhas de crédito)** | Não permite contratar linhas de crédito; se houver interesse, o cliente faz upgrade da conta pelo app (Menu > Upgrade de Conta), sujeito a análise de crédito na agência. |\n\n---\n\n## 7. Contratação não reconhecida\n\n### 7.1. Falsidade ideológica e fraude\nFraude com uso de documentos falsos para contratar produtos; a vítima costuma descobrir só quando seu CPF/CNPJ sofre restrição por inadimplência. Ver rotina 50111.\n- Falsidade em operação de não correntista: oriente comparecimento a qualquer agência com identificação e boletim de ocorrência.\n- Fraude – demais situações: ver rotina 50112.\n\n### 7.2. Contestação de operações via Correspondente (falha, suspeita de fraude/golpe)\nIndícios de falha ou fraude/golpe (presencial ou Duplo Sim): registre ocorrência e responsabilize a unidade de correspondentes/antifraude (código 800010):\n- **Assunto 50113** — contratação não reconhecida; divergente do solicitado; insatisfação com o contrato/descumprimento; falta de clareza.\n- **Assunto 50114** — suspeita de fraude/golpe: abordagem por suposta empresa vinculada ao banco, internalização por correspondente e transferência de recursos a terceiros pelo cliente.\n- **Assunto 50115** — contestação/suspeita de fraude em operação via Correspondente ainda pendente de confirmação.\n\n> No módulo de SAC e Ouvidoria (assuntos 50113/50114), é obrigatório selecionar o produto/modalidade — só aparecem operações contratadas via Correspondente; caso contrário, o registro não é possível. Ao selecionar a operação, os dados de identificação do correspondente, do CDC e da chave de operação são preenchidos automaticamente (não editáveis).\n\n---\n\n## 8. Limite Especial da Conta\n\n### 8.1. Cancelamento do Limite Especial da Conta\na) Pode ser solicitado a qualquer tempo por qualquer titular.\nb) Ao ser solicitado, sonde o motivo e, se cabível, argumente: sem tarifa; limite disponível para emergências sem custo se não usado; cancelar não garante nova contratação futura; é possível reduzir para R$ 100,00 em vez de cancelar. O cliente não pode estar usando o limite no momento (se estiver, oriente cobrir o saldo). Se aceitar reduzir, siga para 8.2. *(Em Ouvidoria, cancelar direto, sem sondagem.)*\nc) Se decidir manter, encerre em FCR.\nd) Se insistir no cancelamento, verifique viabilidade:\n\n**Procedimento (cliente autenticado por URA/Token/IP):**\n> Não cancelar se o cliente estiver usando o limite; se houver juros/IOF a cobrar, é necessário saldo. Falha de autenticação: registre ocorrência.\n- **Atendente:** confira saldo suficiente (extrato) para limite + juros + IOF (desconsiderar valores provisionados); se insuficiente, peça depósito equivalente e informe que o cancelamento pode ser pedido no SAC/agência após o depósito; encerre em FCR. Cancele na plataforma (`Contas > Limite Especial da Conta PF > Implantação, Alteração, Renovação e Cancelamento > Cancelar > Registrar`) e peça deferimento ao supervisor.\n  > Se aparecer ""(27) Já existe comando de implantação para esta conta."", registre ocorrência. Se aparecer ""já existe solicitação pendente de deferimento"", peça o deferimento ao supervisor; se não localizar ou houver erro, abra ocorrência.\n- **Supervisor:** confirme dados (nome, produto, valor); defira (`Deferimentos e Pendências > Limite Especial da Conta Pessoa > Cancelamento > Deferimento`); confirme para o atendente prosseguir.\n- **Atendente:** informe o cancelamento e a disponibilidade da agência para recontratação futura; encerre e registre FCR. *(Se o supervisor não conseguir deferir, registre ocorrência.)*\n\n### 8.2. Redução do Limite Especial da Conta\na) Se o pedido for por causa da tarifa, esclareça que ela não é cobrada; se insistir, siga abaixo.\nb) Identifique PF e titular da conta.\nc) Cliente autenticado:\n- **Atendente:** verifique saldo suficiente para que a redução não deixe o saldo excedido; se preciso, peça depósito e informe que a redução pode ser pedida via app, WhatsApp, SAC ou agência após o depósito. Modalidade ""Ouro"" (limite ≥ R$ 1.000,00) reduzida para entre R$ 100,00 e R$ 950,00 muda para ""Classic"" (diferenças na rotina 50116). Se o cliente concordar, altere modalidade/limite na plataforma e peça deferimento ao supervisor.\n- **Supervisor:** confirme dados; defira (`Deferimentos e Pendências > Limite Especial da Conta Pessoa Física > Alteração > Deferimento`); confirme para o atendente prosseguir.\n- **Atendente:** informe a redução realizada; para elevar no futuro, indicar app/agência. Encerre e registre FCR. *(Se o supervisor não conseguir deferir, registre ocorrência.)*\n\n### 8.3. Alterar data de débito dos juros\nFalha de autenticação: informe os canais. Acesse `Plataforma > Contas > Limite Especial da Conta PF > Alterar > Tipo de Alteração – ""Dia do débito""` e escolha um dia entre 1 e 28. A alteração só vale a partir do mês seguinte à solicitação.\n\n---\n\n## 9. Rotinas auxiliares (índice de empréstimos)\n\n| Código (anonimizado) | Assunto |\n|---|---|\n| 50107 | CDC – Condições Gerais / Contrato |\n| 50108 | Crédito Consignação e Renovação – Correntista e não correntista |\n| 50118 | Crédito Consignação – INSS |\n| 50119 | Crédito Automático |\n| 50120 | Crédito Benefício |\n| 50121 | Crédito Salário e Salário Funci |\n| 50122 | Crédito Renovação e Renovação Funci |\n| 50123 | Crédito 13º Décimo Terceiro Salário |\n| 50124 | Crédito 13º Décimo Terceiro Salário – Não Correntistas |\n| 50125 | CDC Antecipação Restituição IRPF |\n| 50126 | CDC Antecipação Saque Aniversário FGTS |\n| 50117 | Crédito Parcelamento Cheque Especial (Limite Especial da Conta) |\n| 50104 | Autorização de Débito – Empréstimos, CDC e outros (Resolução CMN 4.790/2020) |\n| 50127 | Crédito do Trabalhador – Novo modelo de Crédito Consignado do Setor Privado |\n| 50128 | Crédito do Trabalhador – Atendimento ao Empregador |\n\n---\n\n## 10. Fonte de informação\n\nDepartamento responsável: **DOC – Diretoria de Operações de Crédito** (código 800020).\n']","Desde 01/03/2021, o débito em conta exige autorização específica do cliente (Resolução CMN 4.790/2020). Sem autorização indicada pelo sistema, seguir a rotina 50104 de Autorização de Débito.",REGULATORY_TIMELINE,8.4076,,0.2916666666666667,0.8326158107873075,1.0,0.9999999999
