question,answer,contexts,ground_truth,question_type,latencia_total_s,ttft_s,faithfulness,answer_relevancy,context_recall,context_precision
"Sou correntista com biometria há 5 dias, senha 6 dígitos bloqueio 'U' e 8 dígitos bloqueio '8', sem Alfa Code, tentando pelo site. Como regularizar?","Para regularizar o acesso à sua conta, siga estas orientações baseadas nos procedimentos padrão de segurança bancária:

**1. Sobre os bloqueios (U e 8):**
*   **Bloqueio 'U' (Usuário):** Geralmente indica que a senha de 6 dígitos foi digitada incorretamente várias vezes ou que há uma pendência de confirmação de dispositivo.
*   **Bloqueio '8':** Geralmente refere-se à senha de 8 dígitos (senha de transações/internet banking) que também excedeu o número de tentativas ou está expirada.

**2. Como regularizar:**
Como você é um cliente recente (5 dias) e está tentando pelo site, o sistema de segurança pode estar restringindo o acesso por falta de reconhecimento do dispositivo ou pendência de validação presencial.

*   **Caixa Eletrônico (Autoatendimento):** Esta é a forma mais rápida. Vá a um terminal do seu banco, insira o cartão e procure a opção **""Segurança""** ou **""Senhas""**. Muitas vezes, o desbloqueio de senhas de internet pode ser feito diretamente no caixa eletrônico com a biometria.
*   **Aplicativo no Celular:** Tente realizar o acesso pelo aplicativo oficial do banco no seu smartphone. Como você já cadastrou a biometria, o app pode oferecer um fluxo de ""Esqueci minha senha"" ou ""Desbloqueio de acesso"" que utiliza o reconhecimento facial para validar sua identidade, o que é mais eficaz do que o site.
*   **Central de Atendimento:** Ligue para o número oficial do banco (atrás do seu cartão). Informe ao atendente que você é um cliente novo e que suas senhas estão bloqueadas. Eles podem realizar um ""reset"" de segurança ou verificar se há alguma pendência cadastral que impede o uso do site.
*   **Agência:** Se as opções acima não funcionarem, será necessário comparecer a uma agência com seu documento de identidade original e o cartão. Como você é cliente há apenas 5 dias, pode haver uma trava de segurança padrão para novos usuários que exige uma validação presencial.

**Dica importante:**
*   **Não utilize links enviados por e-mail ou SMS** para desbloquear senhas. Acesse sempre o site oficial digitando o endereço no navegador ou use o aplicativo oficial baixado na loja de aplicativos (App Store ou Google Play).
*   O **Alfa Code** (ou chaves de segurança) é um dispositivo de segurança adicional. Se o banco exigir e você não tiver, o atendente na agência ou na central poderá orientar como habilitar o ""iToken"" ou a chave digital no seu celular.

**Resumo:** Tente primeiro o **caixa eletrônico** ou o **aplicativo**. Se não conseguir, a ida à **agência** é o caminho mais seguro para resolver bloqueios de senhas em contas recém-abertas.","['# POP – Gestão de Senhas e Código de Acesso – Pessoa Física\n### [Versão anonimizada/pseudonimizada — documento complementar ao POP de CDC]\n\n> **Nota metodológica:** este documento usa a mesma metodologia e os mesmos pseudônimos institucionais do POP de CDC anonimizado anteriormente (Banco Alfa, SISALFA, App Alfa etc.). Termos novos e específicos deste documento (produtos de cartão, plataformas, rotinas) foram adicionados à mesma chave de correspondência (arquivo único, cumulativo). A lógica processual e as condições originais foram mantidas integralmente.\n\n**Sumário:** Notas iniciais · 1. Resumo das senhas · 2. Situação das senhas · 3. Correntistas e poupadores · 4. Não correntista · 5. Código de acesso · 6. Geração de senha PF · 7. Cliente no exterior · 8. Senha do portador adicional · 9. Acesso ao gov.br · 10. Central de Senhas PF · 11. Fontes de informação · 12. Rotinas absorvidas\n\n---\n\n## Notas iniciais\n\na) **Transferência de saldo/produtos entre agências:** a senha da agência de origem não é alterada; o cliente acessa normalmente a conta na agência de destino.\n\nb) Os procedimentos desta rotina não se aplicam a clientes PJ ou Setor Público. Para chave J e senhas (Alfa Digital PJ), ver rotina 50129.\n\nc) **Titulares solidários:** as senhas (6 e 8 dígitos) e o código de acesso são os mesmos para todos os titulares. Se um titular bloquear a senha, os demais ficam impossibilitados de realizar transações.\n\nd) **Push:** notificação recebida diretamente no App Alfa. Para ativar: 1) autorizar o App Alfa no sistema do celular (Android: Configurações > Receber Notificações; iOS: Ajustes > Receber Notificações); 2) ativar pelo App Alfa (área logada) em Perfil > Geral > Receber notificações.\n\ne) **Bloqueio de Canal:** consulte na plataforma em Segurança > Bloqueio de segurança > Histórico. Havendo bloqueio, o desbloqueio ocorre após a alteração das senhas de 6 e 8 dígitos — é obrigatório alterar primeiro a de 8 dígitos, depois a de 6. Use os itens 3 e/ou 4 para orientar os canais.\n\n---\n\n## 1. Resumo da utilização das senhas\n\n| Tipo de senha | Canais de utilização |\n|---|---|\n| Senha de 4 dígitos | Descontinuada |\n| Senha de 6 dígitos | Confirma transações de cartão débito e crédito. Plataforma de Relacionamento/URA: acesso, consulta e confirmação de transações da mesma titularidade. Site institucional (sem Alfa Code): confirmação de transações financeiras. App Alfa: confirmação de transações financeiras. WhatsApp Alfa: pode ser solicitada para confirmação de algumas transações. TCX, TAD, POS, correspondente bancário: confirmação de transações. TAA: confirmação de transações de beneficiários do INSS e de portadores de deficiência visual sem código de acesso. Banco 24 Horas e rede compartilhada (Banco Parceiro Beta): confirmação de transações de portadores de deficiência visual sem código de acesso. |\n| Senha de 8 dígitos | Site institucional, App Alfa, App Cartão Alfa e WhatsApp: acesso, consultas, transações financeiras e aquisição de produtos/serviços. |\n| Código de Acesso (letras, sílabas ou alfanumérico) | TAA, Banco 24 Horas e rede compartilhada: confirma transações, inclusive saques na função crédito do cartão. |\n| Conta de Acesso (senha alfanumérica) | Utilizada por não correntistas no App Alfa (versão não correntista). |\n\n---\n\n## 2. Situação das Senhas\n\n### 2.1. Consultas\n- Senhas de 6/8 dígitos e código de acesso — Quadro Próprio e Quadro Contratado: `SISALFA > SISRET > X69 > 2` (correntistas: agência e conta; não correntistas: número do cartão), campo STATUS (pode ser informado ao cliente).\n- Conta de Acesso (Quadro Próprio): `SISALFA > ACESSO > 32 > 01 > CPF`.\n\n### 2.2. Códigos aplicáveis a TODOS os tipos de senha\n| Código | Significado | Situação |\n|---|---|---|\n| 0 | Sem ocorrência de erro de digitação | Ativa |\n| 1 | Cliente errou a digitação uma vez | — |\n| 2 | Cliente errou a digitação duas vezes | — |\n| 3 | Cliente errou a digitação três vezes (se ocorrer na senha de 6 dígitos via APF, Mobile ou WhatsApp, o bloqueio ""3"" é aplicado também à senha de 8 dígitos) | Bloqueada |\n| 6 | Senha (PJ e Governo) cadastrada no Alfa Digital PJ, aguardando confirmação de um funcionário da agência | — |\n| 7 | Senha (PJ e Governo) cadastrada no Alfa Digital PJ, aguardando confirmação de dois funcionários da agência | — |\n| Q | Senha alterada no APF Internet sem Alfa Code, ou no APF Celular sem fotografar cartão válido (aguardando confirmação na TAA com biometria cadastrada há mais de 7 dias) | — |\n| U | Senha bloqueada pelo monitoramento de segurança dos canais de autoatendimento | — |\n\n### 2.3. Códigos exclusivos da senha de 6 dígitos\n| Código | Significado | Situação |\n|---|---|---|\n| A | Senha digitada errada 3 vezes | Bloqueada |\n| D | Erro na tentativa de desbloqueio na TAA, ou bloqueio feito pelo próprio cliente via APF Celular/Internet | — |\n\n### 2.4. Códigos exclusivos da senha de 8 dígitos\n| Código | Significado | Situação |\n|---|---|---|\n| T | Senha registrada antes de 2012 e bloqueada por não uso nos últimos 90 dias | Bloqueada |\n| D | Alteração iniciada via APF Celular, com falha na confirmação via TAA sem biometria | — |\n| P | Senha cadastrada via APF Internet/Celular, aguardando confirmação na TAA | — |\n| 4 | Erro na tentativa de desbloqueio via Mobile | — |\n| 8 | Senha bloqueada pela agência ou pelo próprio cliente nos canais de autoatendimento | — |\n\n### 2.5. Situações do código de acesso\nCódigo ""4"" = tentativa de desbloqueio na TAA; CAA = letras; CAS = sílabas; CAN = alfanumérico.\n\n### 2.6. Situações da senha alfanumérica (Conta de Acesso)\n*Solicitado* = cadastramento/alteração pedidos; *Ativa* = cadastrada e ativa; *Bloqueado* = bloqueada por erro de digitação ou por segurança.\n> Essa confirmação ocorre por oferta ativa, sem necessidade de navegar pelo menu da TAA.\n\n---\n\n## 3. Correntistas e Poupadores\n\n### 3.1. Senha de 6 dígitos (conta e cartão)\n\nUsada para autorizar transações em: terminais de caixa das agências, TAA, site institucional (sem Alfa Code), App Alfa, correspondente bancário, transações de cartão (débito e crédito) e acesso à Central de Relacionamento/SAC. Vinculada à agência/conta (correntista) ou ao CPF (não correntista).\n\n**3.1.1. Cadastramento**\n\n| Canal | Procedimento |\n|---|---|\n| Agência | Correntistas e poupadores: no fluxo de abertura de conta, em qualquer agência. Beneficiários do INSS: em qualquer agência. Clientes de conta digital: no fluxo de abertura pelo App Alfa. |\n\n> **Atenção:** se o cliente quiser encerrar a conta corrente e ficar só com o cartão de crédito, cadastre nova senha como não correntista — obrigatório para não deixar pendente a emissão dos cartões.\n\n**3.1.2. Alteração**\n\n> Para cartões com chip, após a alteração, oriente o cliente a atualizar o chip de todos os plásticos em qualquer TAA (sob risco da senha não funcionar). Verifique a possibilidade de enviar senha provisória por SMS (item 6).\n\n| Canal | Requisitos/Condição | Procedimento |\n|---|---|---|\n| App Alfa | Celular autorizado há mais de 30 dias; Alfa Code ou Push habilitado; geolocalização ativa e autorizada; cartão ativo; senha de 8 dígitos ativa (códigos 0, 1 e/ou 2). Não disponível se bloqueada por ""8"". | **Com a senha anterior:** área logada > Perfil > Segurança > Central de senhas > Senha de 6 dígitos > Alterar. **Sem a senha anterior:** área logada > Perfil > Segurança > Central de senhas > Senha de 6 dígitos > Esqueci a senha > ""Agora utilizando o cartão"" (dados do cartão) — confirmação por: (i) biometria na TAA (cadastrada há mais de 7 dias): App Alfa > Menu > Perfil > Central de senhas > Senha de 6 dígitos > Esqueci a senha > No caixa eletrônico, depois na TAA em Segurança e Senhas > Senhas > Liberação de Senha Provisória > Senha da conta e cartão (6 dígitos); ou (ii) WhatsApp (telefone cadastrado no ATO): área logada > Perfil > Central de senhas > Senha de 6 dígitos > Esqueci a senha > Por WhatsApp. |\n| Site institucional | Senha de 8 dígitos ativa (códigos 0, 1 e/ou 2). Não disponível para quem não usa Alfa Code e não tem biometria cadastrada há mais de 7 dias (ou de forma assistida), nem para bloqueio ""U"" ou ""8"" da senha de 6 dígitos. | Em computador autorizado, com ou sem a senha anterior: **com adesão ao Alfa Code:** área logada > Segurança > Senhas > Alterar > Senha do cartão (6 dígitos) (exige código de autorização do Alfa Code). **Sem adesão ao Alfa Code, com biometria cadastrada:** mesmo caminho, confirmando em uma TAA com biometria cadastrada há mais de 7 dias. |\n| Agências (inclusive bloqueio ""U"") | — | Mediante identificação; recomendar que o cliente leve o cartão. |\n| SAC | Bloqueio ""U"": SAC Receptivo QP/QC (Célula de Segurança) → rotina 50130; SAC Soluções QP → rotina 50131; SAC Quadro Contratado → rotina 50112. Outros bloqueios: SAC Quadro Próprio → procedimento de Geração de Senha (item 6); SAC Quadro Contratado → rotina 50112. | — |\n| Plataforma de Relacionamento / ATA | Exceto bloqueio ""U"": Quadro Próprio → Geração de Senha; Quadro Contratado (não correntista portador de cartão) → Geração de Senha; correntistas/poupadores → demais canais. | — |\n\n**3.1.3. Bloqueio**\n\nCanais por iniciativa do cliente: TAA; SAC QC/QP; Plataforma de Relacionamento; site institucional (com Alfa Code); App Alfa (dispositivo autorizado, com Alfa Code ou push); agências.\n> Se o cliente detectar lançamentos indevidos na conta (inclusive por invasão do site), utilize também a rotina 50136, item 5.1. Bloqueio por um titular solidário impede os demais de transacionar. O bloqueio do código de acesso implica bloqueio da senha de 6 dígitos.\n\n**3.1.4. Desbloqueio**\n\nFeito COM conhecimento da senha anterior (sem isso, é preciso fazer a Alteração). Bloqueio ""U"" não admite desbloqueio, só Alteração.\n\n| Canal | Requisitos | Procedimento |\n|---|---|---|\n| App Alfa | Celular autorizado >30 dias; Alfa Code/Push habilitado; geolocalização ativa; cartão ativo; senha de 8 dígitos ativa (0,1,2). | Área logada > Perfil > Segurança > Central de senhas > Senha de 6 dígitos > Desbloquear. |\n| Site institucional | Senha de 8 dígitos ativa (0,1,2). | Em computador autorizado — com Alfa Code: Segurança > Senhas > Desbloquear (código de autorização); sem Alfa Code: mesmo caminho, confirmando em TAA com biometria (>7 dias). |\n| TAA | Biometria, ou cartão + código de acesso. | Menu > Segurança e Senhas > Senhas > Desbloqueio > Senha da conta e cartão (6 dígitos). |\n| Agência | Identificação (recomendar levar o cartão). | — |\n\n> Erro de digitação na tentativa de desbloqueio na TAA: só pode ser desbloqueada em agência. Bloqueio por iniciativa da agência/cliente: desbloqueio em qualquer agência. Bloqueio por erro de identificação positiva na TAA: só desbloqueia em agência (se o cliente souber a senha); usar a TAA para essa operação não é possível. Desbloqueio exige código de acesso ou biometria; sem nenhum dos dois, é necessário comparecer a uma agência.\n\n### 3.2. Senha de 8 dígitos\n\nAcessa o site institucional e o App Alfa; pode ser provisória¹ ou definitiva. Confirmação de transações financeiras via Alfa Code; sem Alfa Code, usa-se a senha de 6 dígitos (oriente o cadastramento do Alfa Code). Senha única — não precisa ser cadastrada por cada titular.\n\n> ¹ Provisória: só senhas antigas; acesso restrito a consultas. Para movimentações financeiras, deve ser liberada em uma TAA.\n\n**3.2.1. Cadastramento**\n\n| Canal | Procedimento |\n|---|---|\n| App Alfa | Correntistas/poupadores: ""Esqueci ou não tenho a senha"" na tela de login (clientes sem histórico de equipamento autorizado no ATO); o equipamento fica em carência (há um link de liberação). Clientes de conta digital: cadastram no fluxo de abertura via Mobile. |\n| TAA | Com biometria cadastrada há mais de 7 dias: Menu > Segurança e Senhas > Senhas > Cadastramento. |\n| Agência | Qualquer agência, informando a senha de 6 dígitos. |\n\n**3.2.2. Alteração**\n\n| Canal | Condição | Procedimento |\n|---|---|---|\n| App Alfa | Celular autorizado >30 dias; Alfa Code/Push; geolocalização; cartão ativo. | **Com a senha atual:** área logada > Perfil > Segurança > Central de senhas > Senha de 8 dígitos > Alterar (digitar a senha atual). **Sem a senha atual (inclusive bloqueio ≠ ""U""), ou bloqueio ""U"":** ""Esqueci minha senha"" (tela de login ou tela inicial não logada) > Recuperar senha > Senha de 8 dígitos > Esqueci a senha, com 3 opções: (i) ""Agora utilizando o cartão"" (dados do cartão, dispositivo autorizado, Alfa Code ou Push); (ii) ""No caixa eletrônico"" (confirmação por biometria na TAA, cadastrada há mais de 7 dias); (iii) por WhatsApp (telefone cadastrado no ATO + versão mínima do app + reconhecimento facial). *A opção ""recuperar senha"" só aparece em celular autorizado onde o cliente já acessou a conta ao menos uma vez.* |\n| Site institucional (computador autorizado) | Com a senha atual: exigida a senha de 8 dígitos atual. | **Com Alfa Code:** Segurança > Senhas > Alterar > Senha da internet (8 dígitos) (código de autorização). **Sem Alfa Code:** mesmo caminho, confirmando em TAA com biometria (>7 dias). Sem a senha atual (inclusive bloqueio ≠ ""U""), ou bloqueio ""U"": não disponível neste canal. |\n| TAA | Com ou sem a senha atual (inclusive bloqueios). | Menu > Segurança e Senhas > Senhas > Alteração > Senha de acesso à internet e ao celular (8 dígitos). Com biometria: qualquer horário (cadastrada há mais de 7 dias, ou de forma assistida). Sem biometria, com cartão com chip + código de acesso: das 10h às 16h em dias úteis. |\n| Agência | Com ou sem a senha atual (inclusive bloqueios). | Atendimento presencial, exigindo a senha de 6 dígitos; recomendar levar o cartão. |\n| SAC | Com a senha atual, ou sem ela (exceto ""U""): Quadro Próprio → Geração de Senha; Quadro Contratado → rotina 50112. Bloqueio ""U"": SAC Receptivo (Célula de Segurança) → rotina 50130; SAC Soluções QP → rotina 50131; SAC QC → rotina 50112. | — |\n| Plataforma de Relacionamento / ATA | Com a senha atual, ou sem ela (exceto ""U""): Quadro Próprio → Geração de Senha; Quadro Contratado (não correntista com cartão) → Geração de Senha; correntistas/poupadores → demais canais. Bloqueio ""U"": não disponível neste canal. | — |\n\n**3.2.3. Bloqueio**\n\nCanais por iniciativa do cliente: TAA; SAC; agências; site institucional (com Alfa Code); App Alfa (dispositivo autorizado, com Alfa Code ou push). Bloqueio de segurança ocorre quando há indício de violação da senha. Bloqueio ""T"": não é mais aplicado — restam apenas registros até 2012.\n\n**3.2.4. Desbloqueio**\n\n> Sem conhecimento da senha anterior, bloqueio ""U"" (segurança) ou bloqueio ""4"": seguir os procedimentos de Alteração.\n\nConsulte em `SISRET X69 > 02` (correntistas: agência/conta; não correntistas: número do cartão), campo STATUS, ou pela Plataforma (Segurança > Senhas > Gerenciamento de Senhas). Não pergunte data de validade nem CVV ao cliente — preencha o número do cartão, use o mês/ano do contato como validade e ""000"" no CVV2.\n\n| Tipo de bloqueio | Canal | Procedimento |\n|---|---|---|\n| Por iniciativa da agência ou do cliente | Agência | Com a senha de 6 dígitos (recomendar levar o cartão). |\n| | TAA | Com código de acesso ou biometria. |\n| Por motivo ""T"" | Agência | Idem acima. |\n| | TAA | Idem acima. |\n| Por digitação incorreta 3 vezes | App Alfa (dispositivo autorizado >30 dias, Alfa Code/Push, geolocalização, cartão ativo) | Recuperar Senhas > Senha de 8 dígitos > Desbloquear (digitar a senha atual). |\n| | Agência | Com a senha de 6 dígitos. |\n| | TAA | Com código de acesso ou biometria. |\n| Por erro na tentativa de desbloqueio na TAA | Agência | Com a senha de 6 dígitos. |\n\n---\n\n## 4. Não Correntista\n\n### 4.1. Senha de 6 dígitos\n\n**4.1.1. Cadastramento:** clientes não correntistas que solicitam Cartão Alfa via App ou web cadastram no próprio fluxo de solicitação. Private Label → rotina 50133. Cartões de programa de fidelidade parceiro → rotina 50134.\n\n**4.1.2. Alteração:** Agência (qualquer uma, com cartão válido e identificação); SAC e Plataforma de Relacionamento → item 6 desta rotina.\n\n**4.1.3. Bloqueio:** por iniciativa do cliente — TAA; SAC QC/QP; Plataforma de Relacionamento; agências.\n\n**4.1.4. Desbloqueio:** Agência (qualquer uma, com a senha de 6 dígitos); TAA (com o código de acesso).\n\n### 4.2. Conta de Acesso e Senha de 8 dígitos\n\n**Demanda:** dificuldade para acessar o App Alfa ou o App Cartão Alfa com a senha de 8 dígitos.\n\n> **Atenção:** há 2 tipos de senha de 8 dígitos para não correntista — **Conta de Acesso** (acessa o App Alfa) e **Senha-8** (acessa o App Cartão Alfa). O cliente normalmente não sabe dessa distinção. Para identificar o tipo, siga o item 4.2.1.\n\n**4.2.1. Identificação do tipo de senha**\n\n*4.2.1.1. Sistema Alfa:*\n- a) Senha Conta de Acesso: `SISRET X69 > 02 > nº do cartão`. Se ""não localizado"" ou se o cliente tiver os dois tipos, siga para (b). Se possuir só Conta de Acesso: Quadro Contratado → siga para 4.2.2; Quadro Próprio → confira a situação (se ""Ativo"", tecle F9 para mais detalhes) e siga para 4.2.2.\n- b) Senha-8: `SISALFA > SISRET X69 > 02 > nº do cartão`. Cliente com só Senha-8, ou com as duas → oriente conforme 4.2.2 (Quadro Próprio e Contratado).\n\n*4.2.1.2. Plataforma:* não pergunte data de validade nem CVV. `Plataforma de Negócios > Segurança > Senhas > Gerenciamento de Senhas 3.0` — preencha o número do cartão, use o mês/ano do contato como validade e ""000"" no CVV2.\n\n**4.2.2. Procedimentos** (se o cliente tiver os dois tipos, pergunte qual app ele quer acessar):\n\n| Senha | Cadastramento | Alteração | Bloqueio | Desbloqueio |\n|---|---|---|---|---|\n| **Conta de Acesso** (App Alfa) | No momento da contratação do cartão (App Alfa/onboarding digital) | App Alfa (Central de Senhas) ou link de recuperação; Agência (cartão válido e previamente liberado) | Agência | Agência (cartão válido e previamente liberado) |\n| **Senha-8** (App Cartão Alfa) | No momento da contratação do cartão (lojas parceiras, correspondentes, agências) | TAA; SAC e Plataforma de Relacionamento (Geração de Senha, ou outros canais); App Cartão Alfa ""Esqueci minha senha"" (sem bloqueio vigente); Agência | TAA; APF; Mobile; agências; **se o cliente foi vítima de assalto, roubo ou sequestro:** SAC QP/QC e Plataforma de Relacionamento → `SISRET X98`, código de rota 800050, conta = nº da conta do cartão | TAA; Agência |\n\n> Não correntistas com Conta de Acesso também podem acessar o App Cartão Alfa, mas precisam cadastrar uma senha de 8 dígitos separada via ""Esqueci senha"" — explique que serão duas senhas diferentes, uma para cada app. Quem possui só a Senha-8 NÃO consegue acessar o App Alfa.\n\n---\n\n## 5. Código de Acesso (Alfanumérico)\n\na) **Deficientes visuais:** o cliente com deficiência visual total pode ser dispensado da exigência do código de acesso, mediante registro da característica no cadastro pela agência. Em conta conjunta, a dispensa vale só para o titular com a deficiência.\n\nb) **Tipos:** CAA (letras), CAS (sílabas), CAN (alfanumérico). Emitido quando o cliente usa a TAA com cartão pela primeira vez, tentando uma transação/consulta — o cliente é avisado do novo código, que substitui o anterior.\n\nc) Se o cliente disser que não tem/não anotou o código: oriente conforme a tabela abaixo, ou informe que TAAs com biometria dispensam o código de acesso (rotina 50132, itens 1 e 9).\n\n**5.1. O que é:** código aleatório (letras, sílabas e/ou números), não escolhido pelo cliente; para PF e PJ, correntistas, não correntistas e poupadores portadores de cartão; necessário em: TAA, Banco 24 Horas e rede compartilhada (Banco Parceiro Beta).\n\n**5.2. Cadastramento:** gerado e impresso automaticamente no primeiro uso do cartão na TAA; regenerado em migração de conta (mesmo cartão) ou quando o código antigo é cancelado. Se a impressora estiver inoperante, é mostrado só em tela. Código único para todos os titulares solidários.\n\n**5.3. Alteração:** não existe alteração direta — o código deve ser cancelado (canais abaixo); a nova combinação é gerada automaticamente no próximo acesso à TAA. *(O código não muda se a senha da conta corrente for alterada.)*\n\n| Canal | Procedimento |\n|---|---|\n| App Alfa | Área logada > Perfil > Segurança > Central de senhas > Código de Acesso > Solicitar novo código. |\n| Site institucional | Área logada — confirmação via Alfa Code; sem Alfa Code, confirma na TAA com biometria cadastrada há mais de 7 dias. |\n| Agência | Com a senha de 6 dígitos (recomendar levar o cartão). |\n\n**5.4. Bloqueio:** após 3 tentativas seguidas incorretas. Bloqueio da senha de 6 dígitos ou do código de acesso mantém o uso da TAA com biometria. Bloqueio da senha de 6 dígitos mantém o uso do código de acesso, exceto nos bloqueios ""U"" ou ""8"".\n\n**5.5. Desbloqueio:** pelo próprio cliente na TAA, usando o próprio código de acesso. Se houver novo erro, o código deve ser cancelado (site institucional com Alfa Code, App Alfa, ou qualquer agência) para gerar um novo.\n\n---\n\n## 6. Geração de Senha PF – Procedimentos\n\nEnvio de senha (6 e 8 dígitos) por SMS para PF — só para ALTERAÇÃO (não para cadastro de primeira senha, que segue outros canais). Não disponível para senhas ""não cadastradas""/""a cadastrar"" ou bloqueio ""U"". Faça as consultas do item 6.2 antes.\n\n### 6.1. Atendimento\n\n| Frente | Quem atende | Identificação |\n|---|---|---|\n| SAC QP | Correntistas e não correntistas | Cliente autenticado (URA, Token ou Identificação Positiva) |\n| SAC QC | Não correntistas portadores de cartão (correntistas/poupadores: transferir para a Célula de Segurança via rotina 50106) | — |\n| Plataforma de Relacionamento QP | Correntistas e não correntistas | Autenticado por CPF+senha, agência/conta+senha ou Token: IP dispensada. Atendimentos ATA, Consultoria e Texto: exigem IP. Bancada Cartão: Checklist Maior Risco. |\n| Plataforma de Relacionamento QC | Não correntistas portadores de cartão (correntistas/poupadores: demais canais, itens 3 e 4) | — |\n\n### 6.2. Consultas\n\n1. Verifique o cadastro da senha em `SISRET X69 > 02` ou pela Plataforma (Segurança > Senhas > Gerenciamento de Senhas) — correntistas: agência/conta; não correntistas: número do cartão (não pedir validade/CVV; usar mês/ano do contato e ""000"" no CVV2).\n2. Resultado ""Não cadastrada""/""A cadastrar"" → cliente não correntista com entrada via onboarding digital; não é possível enviar senha; oriente: 8 dígitos via App Alfa (se dispositivo autorizado com Alfa Code/push); 6 dígitos, comparecer a uma agência.\n3. Resultado ""U Bloqueado"" → SAC Receptivo (Célula de Segurança) → rotina 50130; SAC Soluções QP → rotina 50131; SAC Receptivo QC → rotina 50112; Plataforma de Relacionamento → orientar contato com o SAC.\n4. Demais situações → prossiga: pergunte o celular atual do cliente (não informe outros números cadastrados) e confira no cadastro (agência/conta ou MCI) se é o mesmo já registrado. Se divergente, ou se houver mais de um número/duplicidade cadastrada → oriente comparecimento a uma agência. Se for o mesmo e único número → siga para 6.3.\n\n### 6.3. Geração de Senha\n\na) Acesse Plataforma > Segurança > Senhas > Envio de Senha por SMS.\nb) Consulte por tipo de cliente: correntista (CPF, agência e conta, ou MCI); não correntista (CPF); na aba Cartão, informe o número (via `Cartão > 11 > 1` ou `17 > 01 > 01`) — se houver mais de um cartão, peça modalidade e os 4 últimos dígitos.\nc) Selecione a conta/cartão do cliente.\nd) Selecione o envio de senha de 8 e/ou 6 dígitos — o sistema gera uma senha aleatória e envia por SMS.\ne) Informe que a senha chega por SMS ao celular cadastrado, sem prazo de expiração, e que deve ser alterada assim que possível por segurança.\nf) Se for senha de 6 dígitos, informe que, após a alteração, é preciso validar o chip do cartão em qualquer TAA — caso contrário, a nova senha não funcionará com o cartão com chip.\n\n---\n\n## 7. Cliente no Exterior\n\na) **Central de Senhas** (no App Alfa; exige cartão ativo, dispositivo liberado e Alfa Code/Push): permite alterar/bloquear/desbloquear/criar senha de 8 dígitos; alterar/bloquear/desbloquear senha de 6 dígitos; solicitar novo código de acesso. Acesso com a senha atual: área logada > Perfil > Central de senhas. Sem a senha: tela inicial não logada > Recuperar senha.\n\nb) **Agências no exterior:** procedimento de senhas disponível somente na agência de Tóquio.\n\nc) Solicitar a um representante legal (com procuração com firma reconhecida) que realize a operação na agência de relacionamento do cliente no Brasil.\n\nd) A agência de relacionamento envia ao e-mail cadastrado no MCI uma declaração para o cliente assinar e digitalizar — válido apenas para senhas bloqueadas por erro, não para bloqueio ""U"" (suspeita de fraude). O pedido pode começar por qualquer canal de contato, mas a declaração assinada só pode retornar pelo e-mail cadastrado no MCI. A agência de relacionamento pode ser confirmada com o cliente durante a ligação, na aba lateral da Plataforma de Relacionamento.\n\ne) **Cartões com chip:** após a alteração da senha de 6 dígitos, oriente o cliente a atualizar o chip de todos os plásticos ao voltar ao Brasil (em uma TAA), sob risco de impacto em transações presenciais; carteiras digitais funcionam normalmente após a troca.\n\nf) **Uso da senha no exterior:** alguns terminais usam PIN de 4 e/ou 6 dígitos. Nos de 4 dígitos, o cliente informa os 4 primeiros dígitos da sua senha de 6. No exterior, o cliente tem as mesmas opções dos demais clientes, pelo site institucional ou pelo App Alfa.\n\n---\n\n## 8. Senha do Portador Adicional\n\n| Portador | Solicitação | Alteração/reposição |\n|---|---|---|\n| **Adicional não correntista** | Presencial: senha de 6 dígitos cadastrada na hora. Demais canais: senha enviada por correio ao endereço do portador titular. | Se perder, esquecer ou não receber, cadastrar nova em qualquer agência. |\n| **Adicional correntista** | Usa a mesma senha pessoal de 6 dígitos de sua própria conta. Sem senha gravada: modalidades Doméstico/Internacional → sistema não gera o cartão; modalidades Gold e superiores → senha enviada por correio, cartão gerado após o recebimento. | Se perder, esquecer ou não receber, seguir as orientações do item 3. |\n\n---\n\n## 9. Acesso ao gov.br com credenciais do Banco Alfa\n\nVer rotina 50135.\n\n---\n\n## 10. Central de Senhas PF\n\nSolução de segurança no App Alfa para o cliente gerenciar suas senhas.\n- **Área logada:** Perfil > Segurança > Central de Segurança > Central de senhas; Perfil > Segurança > Central de senhas; Menu > Segurança > Central de Segurança > Central de Senhas.\n- **Área não logada:** Tela inicial > Recuperar Senha; ou role a tela para cima > Recuperar Senha.\n\n**Requisitos:** celular autorizado há mais de 30 dias; telefone cadastrado no ATO; Alfa Code ou Push habilitado; geolocalização ativa e autorizada; permissão de câmera concedida ao app; cartão ativo.\n\n> **Atenção:** não correntistas usam a Central de Senhas apenas para alterar a senha ""Conta de Acesso"" (ver item 4.2.2).\n\n---\n\n## 11. Fontes de informação\n\nUGS – Unidade de Gestão de Segurança (código 800040) · Normativo interno 5001 · Normativo interno 5002\n\n---\n\n## 12. Rotinas absorvidas\n\nO conteúdo das seguintes rotinas foi absorvido por este documento:\n\n| Código (anonimizado) | Assunto |\n|---|---|\n| 50137 | Senhas – Orientações (Código de Acesso) |\n| 50138 | Senhas – Orientações (Não correntista) |\n| 50139 | Senhas – Correntistas (Internet e Celular) |\n| 50140 | Arquivada – Senhas – Orientações (Conta-corrente) |\n| 50141 | POP UP – Senhas – Tipos de bloqueio |\n| 50142 | Modalidade de conta simplificada – Senhas |\n| 50143 | Senhas – Orientações – Poupador não correntista |\n| 50144 | Acesso do cliente à plataforma digital gov.br (parceria Banco Alfa e Governo Federal) |\n| 50145 | Senhas – Alfa Digital PJ |\n| 50146 | Atendimento para clientes não participantes do modelo ATA |\n| 50147 | Geração de senha PF – Procedimentos |\n']","Não consegue pelo site: bloqueio 'U' da senha de 6 dígitos não admite desbloqueio, só alteração; site exige Alfa Code ou biometria há mais de 7 dias; biometria com 5 dias é insuficiente. Regularizar presencial na agência, alterando primeiro a de 8 dígitos e depois a de 6.",CONDITIONAL_WORKFLOW,47.7806,,0.4,0.6950251414393198,1.0,0.9999999999
"Sou não correntista, vítima de sequestro relâmpago, sem acesso ao App, preciso bloquear a Senha-8 do App Cartão Alfa. Qual rotina e o que ocorre com minha Conta de Acesso?","Sinto muito pelo que aconteceu. Como você não é correntista e está em uma situação de emergência, o procedimento padrão para bloqueio de acesso e proteção de dados é o seguinte:

### 1. Como bloquear o acesso (Rotina)
Como você não tem acesso ao aplicativo, você deve realizar o bloqueio através da **Central de Atendimento Telefônico** do banco.

*   **Ligue imediatamente para a Central de Atendimento:** Procure o número oficial no verso do seu cartão ou no site oficial do banco (evite buscar números em sites de terceiros).
*   **Solicite o bloqueio total:** Informe ao atendente que você foi vítima de um sequestro relâmpago e que precisa bloquear o acesso ao aplicativo e o uso do cartão por motivos de segurança.
*   **Protocolo:** Anote o número do protocolo de atendimento. Ele é a sua prova de que você solicitou o bloqueio caso haja movimentações indevidas posteriores.

### 2. O que ocorre com sua Conta de Acesso?
Ao solicitar o bloqueio por motivo de segurança (fraude/sequestro), as seguintes ações são tomadas pelo banco:

*   **Suspensão do Acesso:** O seu login no aplicativo será desativado. Ninguém conseguirá acessar sua conta ou realizar transações, mesmo que possuam a senha, pois o perfil estará bloqueado preventivamente.
*   **Bloqueio do Cartão:** O cartão físico e virtual associado à conta serão bloqueados para novas transações.
*   **Análise de Segurança:** O banco iniciará um procedimento interno de análise. Em casos de sequestro, é comum que o banco solicite um **Boletim de Ocorrência (B.O.)** para formalizar o sinistro e dar continuidade à proteção da sua conta.
*   **Desbloqueio:** O acesso não é liberado automaticamente. Para voltar a usar o aplicativo, você provavelmente precisará passar por um processo de validação de identidade (que pode envolver o envio de documentos ou ida a uma agência, dependendo da política do banco) após a resolução do incidente.

### Recomendações urgentes:
1.  **Faça um Boletim de Ocorrência (B.O.):** Registre o crime na delegacia mais próxima ou pela Delegacia Eletrônica do seu estado. Isso é fundamental para contestar eventuais transações feitas sob coação.
2.  **Avise outros bancos:** Se você possui contas em outras instituições, entre em contato com elas também para bloquear acessos, caso os criminosos tenham tido acesso a outros dados.
3.  **Não tente acessar o App:** Evite tentar logar novamente até que o banco confirme que a situação de segurança foi normalizada, para não gerar bloqueios por erro de senha que dificultem a recuperação da conta.

**Importante:** Se você estiver em perigo imediato, ligue para o **190 (Polícia Militar)**.","['# POP – Gestão de Senhas e Código de Acesso – Pessoa Física\n### [Versão anonimizada/pseudonimizada — documento complementar ao POP de CDC]\n\n> **Nota metodológica:** este documento usa a mesma metodologia e os mesmos pseudônimos institucionais do POP de CDC anonimizado anteriormente (Banco Alfa, SISALFA, App Alfa etc.). Termos novos e específicos deste documento (produtos de cartão, plataformas, rotinas) foram adicionados à mesma chave de correspondência (arquivo único, cumulativo). A lógica processual e as condições originais foram mantidas integralmente.\n\n**Sumário:** Notas iniciais · 1. Resumo das senhas · 2. Situação das senhas · 3. Correntistas e poupadores · 4. Não correntista · 5. Código de acesso · 6. Geração de senha PF · 7. Cliente no exterior · 8. Senha do portador adicional · 9. Acesso ao gov.br · 10. Central de Senhas PF · 11. Fontes de informação · 12. Rotinas absorvidas\n\n---\n\n## Notas iniciais\n\na) **Transferência de saldo/produtos entre agências:** a senha da agência de origem não é alterada; o cliente acessa normalmente a conta na agência de destino.\n\nb) Os procedimentos desta rotina não se aplicam a clientes PJ ou Setor Público. Para chave J e senhas (Alfa Digital PJ), ver rotina 50129.\n\nc) **Titulares solidários:** as senhas (6 e 8 dígitos) e o código de acesso são os mesmos para todos os titulares. Se um titular bloquear a senha, os demais ficam impossibilitados de realizar transações.\n\nd) **Push:** notificação recebida diretamente no App Alfa. Para ativar: 1) autorizar o App Alfa no sistema do celular (Android: Configurações > Receber Notificações; iOS: Ajustes > Receber Notificações); 2) ativar pelo App Alfa (área logada) em Perfil > Geral > Receber notificações.\n\ne) **Bloqueio de Canal:** consulte na plataforma em Segurança > Bloqueio de segurança > Histórico. Havendo bloqueio, o desbloqueio ocorre após a alteração das senhas de 6 e 8 dígitos — é obrigatório alterar primeiro a de 8 dígitos, depois a de 6. Use os itens 3 e/ou 4 para orientar os canais.\n\n---\n\n## 1. Resumo da utilização das senhas\n\n| Tipo de senha | Canais de utilização |\n|---|---|\n| Senha de 4 dígitos | Descontinuada |\n| Senha de 6 dígitos | Confirma transações de cartão débito e crédito. Plataforma de Relacionamento/URA: acesso, consulta e confirmação de transações da mesma titularidade. Site institucional (sem Alfa Code): confirmação de transações financeiras. App Alfa: confirmação de transações financeiras. WhatsApp Alfa: pode ser solicitada para confirmação de algumas transações. TCX, TAD, POS, correspondente bancário: confirmação de transações. TAA: confirmação de transações de beneficiários do INSS e de portadores de deficiência visual sem código de acesso. Banco 24 Horas e rede compartilhada (Banco Parceiro Beta): confirmação de transações de portadores de deficiência visual sem código de acesso. |\n| Senha de 8 dígitos | Site institucional, App Alfa, App Cartão Alfa e WhatsApp: acesso, consultas, transações financeiras e aquisição de produtos/serviços. |\n| Código de Acesso (letras, sílabas ou alfanumérico) | TAA, Banco 24 Horas e rede compartilhada: confirma transações, inclusive saques na função crédito do cartão. |\n| Conta de Acesso (senha alfanumérica) | Utilizada por não correntistas no App Alfa (versão não correntista). |\n\n---\n\n## 2. Situação das Senhas\n\n### 2.1. Consultas\n- Senhas de 6/8 dígitos e código de acesso — Quadro Próprio e Quadro Contratado: `SISALFA > SISRET > X69 > 2` (correntistas: agência e conta; não correntistas: número do cartão), campo STATUS (pode ser informado ao cliente).\n- Conta de Acesso (Quadro Próprio): `SISALFA > ACESSO > 32 > 01 > CPF`.\n\n### 2.2. Códigos aplicáveis a TODOS os tipos de senha\n| Código | Significado | Situação |\n|---|---|---|\n| 0 | Sem ocorrência de erro de digitação | Ativa |\n| 1 | Cliente errou a digitação uma vez | — |\n| 2 | Cliente errou a digitação duas vezes | — |\n| 3 | Cliente errou a digitação três vezes (se ocorrer na senha de 6 dígitos via APF, Mobile ou WhatsApp, o bloqueio ""3"" é aplicado também à senha de 8 dígitos) | Bloqueada |\n| 6 | Senha (PJ e Governo) cadastrada no Alfa Digital PJ, aguardando confirmação de um funcionário da agência | — |\n| 7 | Senha (PJ e Governo) cadastrada no Alfa Digital PJ, aguardando confirmação de dois funcionários da agência | — |\n| Q | Senha alterada no APF Internet sem Alfa Code, ou no APF Celular sem fotografar cartão válido (aguardando confirmação na TAA com biometria cadastrada há mais de 7 dias) | — |\n| U | Senha bloqueada pelo monitoramento de segurança dos canais de autoatendimento | — |\n\n### 2.3. Códigos exclusivos da senha de 6 dígitos\n| Código | Significado | Situação |\n|---|---|---|\n| A | Senha digitada errada 3 vezes | Bloqueada |\n| D | Erro na tentativa de desbloqueio na TAA, ou bloqueio feito pelo próprio cliente via APF Celular/Internet | — |\n\n### 2.4. Códigos exclusivos da senha de 8 dígitos\n| Código | Significado | Situação |\n|---|---|---|\n| T | Senha registrada antes de 2012 e bloqueada por não uso nos últimos 90 dias | Bloqueada |\n| D | Alteração iniciada via APF Celular, com falha na confirmação via TAA sem biometria | — |\n| P | Senha cadastrada via APF Internet/Celular, aguardando confirmação na TAA | — |\n| 4 | Erro na tentativa de desbloqueio via Mobile | — |\n| 8 | Senha bloqueada pela agência ou pelo próprio cliente nos canais de autoatendimento | — |\n\n### 2.5. Situações do código de acesso\nCódigo ""4"" = tentativa de desbloqueio na TAA; CAA = letras; CAS = sílabas; CAN = alfanumérico.\n\n### 2.6. Situações da senha alfanumérica (Conta de Acesso)\n*Solicitado* = cadastramento/alteração pedidos; *Ativa* = cadastrada e ativa; *Bloqueado* = bloqueada por erro de digitação ou por segurança.\n> Essa confirmação ocorre por oferta ativa, sem necessidade de navegar pelo menu da TAA.\n\n---\n\n## 3. Correntistas e Poupadores\n\n### 3.1. Senha de 6 dígitos (conta e cartão)\n\nUsada para autorizar transações em: terminais de caixa das agências, TAA, site institucional (sem Alfa Code), App Alfa, correspondente bancário, transações de cartão (débito e crédito) e acesso à Central de Relacionamento/SAC. Vinculada à agência/conta (correntista) ou ao CPF (não correntista).\n\n**3.1.1. Cadastramento**\n\n| Canal | Procedimento |\n|---|---|\n| Agência | Correntistas e poupadores: no fluxo de abertura de conta, em qualquer agência. Beneficiários do INSS: em qualquer agência. Clientes de conta digital: no fluxo de abertura pelo App Alfa. |\n\n> **Atenção:** se o cliente quiser encerrar a conta corrente e ficar só com o cartão de crédito, cadastre nova senha como não correntista — obrigatório para não deixar pendente a emissão dos cartões.\n\n**3.1.2. Alteração**\n\n> Para cartões com chip, após a alteração, oriente o cliente a atualizar o chip de todos os plásticos em qualquer TAA (sob risco da senha não funcionar). Verifique a possibilidade de enviar senha provisória por SMS (item 6).\n\n| Canal | Requisitos/Condição | Procedimento |\n|---|---|---|\n| App Alfa | Celular autorizado há mais de 30 dias; Alfa Code ou Push habilitado; geolocalização ativa e autorizada; cartão ativo; senha de 8 dígitos ativa (códigos 0, 1 e/ou 2). Não disponível se bloqueada por ""8"". | **Com a senha anterior:** área logada > Perfil > Segurança > Central de senhas > Senha de 6 dígitos > Alterar. **Sem a senha anterior:** área logada > Perfil > Segurança > Central de senhas > Senha de 6 dígitos > Esqueci a senha > ""Agora utilizando o cartão"" (dados do cartão) — confirmação por: (i) biometria na TAA (cadastrada há mais de 7 dias): App Alfa > Menu > Perfil > Central de senhas > Senha de 6 dígitos > Esqueci a senha > No caixa eletrônico, depois na TAA em Segurança e Senhas > Senhas > Liberação de Senha Provisória > Senha da conta e cartão (6 dígitos); ou (ii) WhatsApp (telefone cadastrado no ATO): área logada > Perfil > Central de senhas > Senha de 6 dígitos > Esqueci a senha > Por WhatsApp. |\n| Site institucional | Senha de 8 dígitos ativa (códigos 0, 1 e/ou 2). Não disponível para quem não usa Alfa Code e não tem biometria cadastrada há mais de 7 dias (ou de forma assistida), nem para bloqueio ""U"" ou ""8"" da senha de 6 dígitos. | Em computador autorizado, com ou sem a senha anterior: **com adesão ao Alfa Code:** área logada > Segurança > Senhas > Alterar > Senha do cartão (6 dígitos) (exige código de autorização do Alfa Code). **Sem adesão ao Alfa Code, com biometria cadastrada:** mesmo caminho, confirmando em uma TAA com biometria cadastrada há mais de 7 dias. |\n| Agências (inclusive bloqueio ""U"") | — | Mediante identificação; recomendar que o cliente leve o cartão. |\n| SAC | Bloqueio ""U"": SAC Receptivo QP/QC (Célula de Segurança) → rotina 50130; SAC Soluções QP → rotina 50131; SAC Quadro Contratado → rotina 50112. Outros bloqueios: SAC Quadro Próprio → procedimento de Geração de Senha (item 6); SAC Quadro Contratado → rotina 50112. | — |\n| Plataforma de Relacionamento / ATA | Exceto bloqueio ""U"": Quadro Próprio → Geração de Senha; Quadro Contratado (não correntista portador de cartão) → Geração de Senha; correntistas/poupadores → demais canais. | — |\n\n**3.1.3. Bloqueio**\n\nCanais por iniciativa do cliente: TAA; SAC QC/QP; Plataforma de Relacionamento; site institucional (com Alfa Code); App Alfa (dispositivo autorizado, com Alfa Code ou push); agências.\n> Se o cliente detectar lançamentos indevidos na conta (inclusive por invasão do site), utilize também a rotina 50136, item 5.1. Bloqueio por um titular solidário impede os demais de transacionar. O bloqueio do código de acesso implica bloqueio da senha de 6 dígitos.\n\n**3.1.4. Desbloqueio**\n\nFeito COM conhecimento da senha anterior (sem isso, é preciso fazer a Alteração). Bloqueio ""U"" não admite desbloqueio, só Alteração.\n\n| Canal | Requisitos | Procedimento |\n|---|---|---|\n| App Alfa | Celular autorizado >30 dias; Alfa Code/Push habilitado; geolocalização ativa; cartão ativo; senha de 8 dígitos ativa (0,1,2). | Área logada > Perfil > Segurança > Central de senhas > Senha de 6 dígitos > Desbloquear. |\n| Site institucional | Senha de 8 dígitos ativa (0,1,2). | Em computador autorizado — com Alfa Code: Segurança > Senhas > Desbloquear (código de autorização); sem Alfa Code: mesmo caminho, confirmando em TAA com biometria (>7 dias). |\n| TAA | Biometria, ou cartão + código de acesso. | Menu > Segurança e Senhas > Senhas > Desbloqueio > Senha da conta e cartão (6 dígitos). |\n| Agência | Identificação (recomendar levar o cartão). | — |\n\n> Erro de digitação na tentativa de desbloqueio na TAA: só pode ser desbloqueada em agência. Bloqueio por iniciativa da agência/cliente: desbloqueio em qualquer agência. Bloqueio por erro de identificação positiva na TAA: só desbloqueia em agência (se o cliente souber a senha); usar a TAA para essa operação não é possível. Desbloqueio exige código de acesso ou biometria; sem nenhum dos dois, é necessário comparecer a uma agência.\n\n### 3.2. Senha de 8 dígitos\n\nAcessa o site institucional e o App Alfa; pode ser provisória¹ ou definitiva. Confirmação de transações financeiras via Alfa Code; sem Alfa Code, usa-se a senha de 6 dígitos (oriente o cadastramento do Alfa Code). Senha única — não precisa ser cadastrada por cada titular.\n\n> ¹ Provisória: só senhas antigas; acesso restrito a consultas. Para movimentações financeiras, deve ser liberada em uma TAA.\n\n**3.2.1. Cadastramento**\n\n| Canal | Procedimento |\n|---|---|\n| App Alfa | Correntistas/poupadores: ""Esqueci ou não tenho a senha"" na tela de login (clientes sem histórico de equipamento autorizado no ATO); o equipamento fica em carência (há um link de liberação). Clientes de conta digital: cadastram no fluxo de abertura via Mobile. |\n| TAA | Com biometria cadastrada há mais de 7 dias: Menu > Segurança e Senhas > Senhas > Cadastramento. |\n| Agência | Qualquer agência, informando a senha de 6 dígitos. |\n\n**3.2.2. Alteração**\n\n| Canal | Condição | Procedimento |\n|---|---|---|\n| App Alfa | Celular autorizado >30 dias; Alfa Code/Push; geolocalização; cartão ativo. | **Com a senha atual:** área logada > Perfil > Segurança > Central de senhas > Senha de 8 dígitos > Alterar (digitar a senha atual). **Sem a senha atual (inclusive bloqueio ≠ ""U""), ou bloqueio ""U"":** ""Esqueci minha senha"" (tela de login ou tela inicial não logada) > Recuperar senha > Senha de 8 dígitos > Esqueci a senha, com 3 opções: (i) ""Agora utilizando o cartão"" (dados do cartão, dispositivo autorizado, Alfa Code ou Push); (ii) ""No caixa eletrônico"" (confirmação por biometria na TAA, cadastrada há mais de 7 dias); (iii) por WhatsApp (telefone cadastrado no ATO + versão mínima do app + reconhecimento facial). *A opção ""recuperar senha"" só aparece em celular autorizado onde o cliente já acessou a conta ao menos uma vez.* |\n| Site institucional (computador autorizado) | Com a senha atual: exigida a senha de 8 dígitos atual. | **Com Alfa Code:** Segurança > Senhas > Alterar > Senha da internet (8 dígitos) (código de autorização). **Sem Alfa Code:** mesmo caminho, confirmando em TAA com biometria (>7 dias). Sem a senha atual (inclusive bloqueio ≠ ""U""), ou bloqueio ""U"": não disponível neste canal. |\n| TAA | Com ou sem a senha atual (inclusive bloqueios). | Menu > Segurança e Senhas > Senhas > Alteração > Senha de acesso à internet e ao celular (8 dígitos). Com biometria: qualquer horário (cadastrada há mais de 7 dias, ou de forma assistida). Sem biometria, com cartão com chip + código de acesso: das 10h às 16h em dias úteis. |\n| Agência | Com ou sem a senha atual (inclusive bloqueios). | Atendimento presencial, exigindo a senha de 6 dígitos; recomendar levar o cartão. |\n| SAC | Com a senha atual, ou sem ela (exceto ""U""): Quadro Próprio → Geração de Senha; Quadro Contratado → rotina 50112. Bloqueio ""U"": SAC Receptivo (Célula de Segurança) → rotina 50130; SAC Soluções QP → rotina 50131; SAC QC → rotina 50112. | — |\n| Plataforma de Relacionamento / ATA | Com a senha atual, ou sem ela (exceto ""U""): Quadro Próprio → Geração de Senha; Quadro Contratado (não correntista com cartão) → Geração de Senha; correntistas/poupadores → demais canais. Bloqueio ""U"": não disponível neste canal. | — |\n\n**3.2.3. Bloqueio**\n\nCanais por iniciativa do cliente: TAA; SAC; agências; site institucional (com Alfa Code); App Alfa (dispositivo autorizado, com Alfa Code ou push). Bloqueio de segurança ocorre quando há indício de violação da senha. Bloqueio ""T"": não é mais aplicado — restam apenas registros até 2012.\n\n**3.2.4. Desbloqueio**\n\n> Sem conhecimento da senha anterior, bloqueio ""U"" (segurança) ou bloqueio ""4"": seguir os procedimentos de Alteração.\n\nConsulte em `SISRET X69 > 02` (correntistas: agência/conta; não correntistas: número do cartão), campo STATUS, ou pela Plataforma (Segurança > Senhas > Gerenciamento de Senhas). Não pergunte data de validade nem CVV ao cliente — preencha o número do cartão, use o mês/ano do contato como validade e ""000"" no CVV2.\n\n| Tipo de bloqueio | Canal | Procedimento |\n|---|---|---|\n| Por iniciativa da agência ou do cliente | Agência | Com a senha de 6 dígitos (recomendar levar o cartão). |\n| | TAA | Com código de acesso ou biometria. |\n| Por motivo ""T"" | Agência | Idem acima. |\n| | TAA | Idem acima. |\n| Por digitação incorreta 3 vezes | App Alfa (dispositivo autorizado >30 dias, Alfa Code/Push, geolocalização, cartão ativo) | Recuperar Senhas > Senha de 8 dígitos > Desbloquear (digitar a senha atual). |\n| | Agência | Com a senha de 6 dígitos. |\n| | TAA | Com código de acesso ou biometria. |\n| Por erro na tentativa de desbloqueio na TAA | Agência | Com a senha de 6 dígitos. |\n\n---\n\n## 4. Não Correntista\n\n### 4.1. Senha de 6 dígitos\n\n**4.1.1. Cadastramento:** clientes não correntistas que solicitam Cartão Alfa via App ou web cadastram no próprio fluxo de solicitação. Private Label → rotina 50133. Cartões de programa de fidelidade parceiro → rotina 50134.\n\n**4.1.2. Alteração:** Agência (qualquer uma, com cartão válido e identificação); SAC e Plataforma de Relacionamento → item 6 desta rotina.\n\n**4.1.3. Bloqueio:** por iniciativa do cliente — TAA; SAC QC/QP; Plataforma de Relacionamento; agências.\n\n**4.1.4. Desbloqueio:** Agência (qualquer uma, com a senha de 6 dígitos); TAA (com o código de acesso).\n\n### 4.2. Conta de Acesso e Senha de 8 dígitos\n\n**Demanda:** dificuldade para acessar o App Alfa ou o App Cartão Alfa com a senha de 8 dígitos.\n\n> **Atenção:** há 2 tipos de senha de 8 dígitos para não correntista — **Conta de Acesso** (acessa o App Alfa) e **Senha-8** (acessa o App Cartão Alfa). O cliente normalmente não sabe dessa distinção. Para identificar o tipo, siga o item 4.2.1.\n\n**4.2.1. Identificação do tipo de senha**\n\n*4.2.1.1. Sistema Alfa:*\n- a) Senha Conta de Acesso: `SISRET X69 > 02 > nº do cartão`. Se ""não localizado"" ou se o cliente tiver os dois tipos, siga para (b). Se possuir só Conta de Acesso: Quadro Contratado → siga para 4.2.2; Quadro Próprio → confira a situação (se ""Ativo"", tecle F9 para mais detalhes) e siga para 4.2.2.\n- b) Senha-8: `SISALFA > SISRET X69 > 02 > nº do cartão`. Cliente com só Senha-8, ou com as duas → oriente conforme 4.2.2 (Quadro Próprio e Contratado).\n\n*4.2.1.2. Plataforma:* não pergunte data de validade nem CVV. `Plataforma de Negócios > Segurança > Senhas > Gerenciamento de Senhas 3.0` — preencha o número do cartão, use o mês/ano do contato como validade e ""000"" no CVV2.\n\n**4.2.2. Procedimentos** (se o cliente tiver os dois tipos, pergunte qual app ele quer acessar):\n\n| Senha | Cadastramento | Alteração | Bloqueio | Desbloqueio |\n|---|---|---|---|---|\n| **Conta de Acesso** (App Alfa) | No momento da contratação do cartão (App Alfa/onboarding digital) | App Alfa (Central de Senhas) ou link de recuperação; Agência (cartão válido e previamente liberado) | Agência | Agência (cartão válido e previamente liberado) |\n| **Senha-8** (App Cartão Alfa) | No momento da contratação do cartão (lojas parceiras, correspondentes, agências) | TAA; SAC e Plataforma de Relacionamento (Geração de Senha, ou outros canais); App Cartão Alfa ""Esqueci minha senha"" (sem bloqueio vigente); Agência | TAA; APF; Mobile; agências; **se o cliente foi vítima de assalto, roubo ou sequestro:** SAC QP/QC e Plataforma de Relacionamento → `SISRET X98`, código de rota 800050, conta = nº da conta do cartão | TAA; Agência |\n\n> Não correntistas com Conta de Acesso também podem acessar o App Cartão Alfa, mas precisam cadastrar uma senha de 8 dígitos separada via ""Esqueci senha"" — explique que serão duas senhas diferentes, uma para cada app. Quem possui só a Senha-8 NÃO consegue acessar o App Alfa.\n\n---\n\n## 5. Código de Acesso (Alfanumérico)\n\na) **Deficientes visuais:** o cliente com deficiência visual total pode ser dispensado da exigência do código de acesso, mediante registro da característica no cadastro pela agência. Em conta conjunta, a dispensa vale só para o titular com a deficiência.\n\nb) **Tipos:** CAA (letras), CAS (sílabas), CAN (alfanumérico). Emitido quando o cliente usa a TAA com cartão pela primeira vez, tentando uma transação/consulta — o cliente é avisado do novo código, que substitui o anterior.\n\nc) Se o cliente disser que não tem/não anotou o código: oriente conforme a tabela abaixo, ou informe que TAAs com biometria dispensam o código de acesso (rotina 50132, itens 1 e 9).\n\n**5.1. O que é:** código aleatório (letras, sílabas e/ou números), não escolhido pelo cliente; para PF e PJ, correntistas, não correntistas e poupadores portadores de cartão; necessário em: TAA, Banco 24 Horas e rede compartilhada (Banco Parceiro Beta).\n\n**5.2. Cadastramento:** gerado e impresso automaticamente no primeiro uso do cartão na TAA; regenerado em migração de conta (mesmo cartão) ou quando o código antigo é cancelado. Se a impressora estiver inoperante, é mostrado só em tela. Código único para todos os titulares solidários.\n\n**5.3. Alteração:** não existe alteração direta — o código deve ser cancelado (canais abaixo); a nova combinação é gerada automaticamente no próximo acesso à TAA. *(O código não muda se a senha da conta corrente for alterada.)*\n\n| Canal | Procedimento |\n|---|---|\n| App Alfa | Área logada > Perfil > Segurança > Central de senhas > Código de Acesso > Solicitar novo código. |\n| Site institucional | Área logada — confirmação via Alfa Code; sem Alfa Code, confirma na TAA com biometria cadastrada há mais de 7 dias. |\n| Agência | Com a senha de 6 dígitos (recomendar levar o cartão). |\n\n**5.4. Bloqueio:** após 3 tentativas seguidas incorretas. Bloqueio da senha de 6 dígitos ou do código de acesso mantém o uso da TAA com biometria. Bloqueio da senha de 6 dígitos mantém o uso do código de acesso, exceto nos bloqueios ""U"" ou ""8"".\n\n**5.5. Desbloqueio:** pelo próprio cliente na TAA, usando o próprio código de acesso. Se houver novo erro, o código deve ser cancelado (site institucional com Alfa Code, App Alfa, ou qualquer agência) para gerar um novo.\n\n---\n\n## 6. Geração de Senha PF – Procedimentos\n\nEnvio de senha (6 e 8 dígitos) por SMS para PF — só para ALTERAÇÃO (não para cadastro de primeira senha, que segue outros canais). Não disponível para senhas ""não cadastradas""/""a cadastrar"" ou bloqueio ""U"". Faça as consultas do item 6.2 antes.\n\n### 6.1. Atendimento\n\n| Frente | Quem atende | Identificação |\n|---|---|---|\n| SAC QP | Correntistas e não correntistas | Cliente autenticado (URA, Token ou Identificação Positiva) |\n| SAC QC | Não correntistas portadores de cartão (correntistas/poupadores: transferir para a Célula de Segurança via rotina 50106) | — |\n| Plataforma de Relacionamento QP | Correntistas e não correntistas | Autenticado por CPF+senha, agência/conta+senha ou Token: IP dispensada. Atendimentos ATA, Consultoria e Texto: exigem IP. Bancada Cartão: Checklist Maior Risco. |\n| Plataforma de Relacionamento QC | Não correntistas portadores de cartão (correntistas/poupadores: demais canais, itens 3 e 4) | — |\n\n### 6.2. Consultas\n\n1. Verifique o cadastro da senha em `SISRET X69 > 02` ou pela Plataforma (Segurança > Senhas > Gerenciamento de Senhas) — correntistas: agência/conta; não correntistas: número do cartão (não pedir validade/CVV; usar mês/ano do contato e ""000"" no CVV2).\n2. Resultado ""Não cadastrada""/""A cadastrar"" → cliente não correntista com entrada via onboarding digital; não é possível enviar senha; oriente: 8 dígitos via App Alfa (se dispositivo autorizado com Alfa Code/push); 6 dígitos, comparecer a uma agência.\n3. Resultado ""U Bloqueado"" → SAC Receptivo (Célula de Segurança) → rotina 50130; SAC Soluções QP → rotina 50131; SAC Receptivo QC → rotina 50112; Plataforma de Relacionamento → orientar contato com o SAC.\n4. Demais situações → prossiga: pergunte o celular atual do cliente (não informe outros números cadastrados) e confira no cadastro (agência/conta ou MCI) se é o mesmo já registrado. Se divergente, ou se houver mais de um número/duplicidade cadastrada → oriente comparecimento a uma agência. Se for o mesmo e único número → siga para 6.3.\n\n### 6.3. Geração de Senha\n\na) Acesse Plataforma > Segurança > Senhas > Envio de Senha por SMS.\nb) Consulte por tipo de cliente: correntista (CPF, agência e conta, ou MCI); não correntista (CPF); na aba Cartão, informe o número (via `Cartão > 11 > 1` ou `17 > 01 > 01`) — se houver mais de um cartão, peça modalidade e os 4 últimos dígitos.\nc) Selecione a conta/cartão do cliente.\nd) Selecione o envio de senha de 8 e/ou 6 dígitos — o sistema gera uma senha aleatória e envia por SMS.\ne) Informe que a senha chega por SMS ao celular cadastrado, sem prazo de expiração, e que deve ser alterada assim que possível por segurança.\nf) Se for senha de 6 dígitos, informe que, após a alteração, é preciso validar o chip do cartão em qualquer TAA — caso contrário, a nova senha não funcionará com o cartão com chip.\n\n---\n\n## 7. Cliente no Exterior\n\na) **Central de Senhas** (no App Alfa; exige cartão ativo, dispositivo liberado e Alfa Code/Push): permite alterar/bloquear/desbloquear/criar senha de 8 dígitos; alterar/bloquear/desbloquear senha de 6 dígitos; solicitar novo código de acesso. Acesso com a senha atual: área logada > Perfil > Central de senhas. Sem a senha: tela inicial não logada > Recuperar senha.\n\nb) **Agências no exterior:** procedimento de senhas disponível somente na agência de Tóquio.\n\nc) Solicitar a um representante legal (com procuração com firma reconhecida) que realize a operação na agência de relacionamento do cliente no Brasil.\n\nd) A agência de relacionamento envia ao e-mail cadastrado no MCI uma declaração para o cliente assinar e digitalizar — válido apenas para senhas bloqueadas por erro, não para bloqueio ""U"" (suspeita de fraude). O pedido pode começar por qualquer canal de contato, mas a declaração assinada só pode retornar pelo e-mail cadastrado no MCI. A agência de relacionamento pode ser confirmada com o cliente durante a ligação, na aba lateral da Plataforma de Relacionamento.\n\ne) **Cartões com chip:** após a alteração da senha de 6 dígitos, oriente o cliente a atualizar o chip de todos os plásticos ao voltar ao Brasil (em uma TAA), sob risco de impacto em transações presenciais; carteiras digitais funcionam normalmente após a troca.\n\nf) **Uso da senha no exterior:** alguns terminais usam PIN de 4 e/ou 6 dígitos. Nos de 4 dígitos, o cliente informa os 4 primeiros dígitos da sua senha de 6. No exterior, o cliente tem as mesmas opções dos demais clientes, pelo site institucional ou pelo App Alfa.\n\n---\n\n## 8. Senha do Portador Adicional\n\n| Portador | Solicitação | Alteração/reposição |\n|---|---|---|\n| **Adicional não correntista** | Presencial: senha de 6 dígitos cadastrada na hora. Demais canais: senha enviada por correio ao endereço do portador titular. | Se perder, esquecer ou não receber, cadastrar nova em qualquer agência. |\n| **Adicional correntista** | Usa a mesma senha pessoal de 6 dígitos de sua própria conta. Sem senha gravada: modalidades Doméstico/Internacional → sistema não gera o cartão; modalidades Gold e superiores → senha enviada por correio, cartão gerado após o recebimento. | Se perder, esquecer ou não receber, seguir as orientações do item 3. |\n\n---\n\n## 9. Acesso ao gov.br com credenciais do Banco Alfa\n\nVer rotina 50135.\n\n---\n\n## 10. Central de Senhas PF\n\nSolução de segurança no App Alfa para o cliente gerenciar suas senhas.\n- **Área logada:** Perfil > Segurança > Central de Segurança > Central de senhas; Perfil > Segurança > Central de senhas; Menu > Segurança > Central de Segurança > Central de Senhas.\n- **Área não logada:** Tela inicial > Recuperar Senha; ou role a tela para cima > Recuperar Senha.\n\n**Requisitos:** celular autorizado há mais de 30 dias; telefone cadastrado no ATO; Alfa Code ou Push habilitado; geolocalização ativa e autorizada; permissão de câmera concedida ao app; cartão ativo.\n\n> **Atenção:** não correntistas usam a Central de Senhas apenas para alterar a senha ""Conta de Acesso"" (ver item 4.2.2).\n\n---\n\n## 11. Fontes de informação\n\nUGS – Unidade de Gestão de Segurança (código 800040) · Normativo interno 5001 · Normativo interno 5002\n\n---\n\n## 12. Rotinas absorvidas\n\nO conteúdo das seguintes rotinas foi absorvido por este documento:\n\n| Código (anonimizado) | Assunto |\n|---|---|\n| 50137 | Senhas – Orientações (Código de Acesso) |\n| 50138 | Senhas – Orientações (Não correntista) |\n| 50139 | Senhas – Correntistas (Internet e Celular) |\n| 50140 | Arquivada – Senhas – Orientações (Conta-corrente) |\n| 50141 | POP UP – Senhas – Tipos de bloqueio |\n| 50142 | Modalidade de conta simplificada – Senhas |\n| 50143 | Senhas – Orientações – Poupador não correntista |\n| 50144 | Acesso do cliente à plataforma digital gov.br (parceria Banco Alfa e Governo Federal) |\n| 50145 | Senhas – Alfa Digital PJ |\n| 50146 | Atendimento para clientes não participantes do modelo ATA |\n| 50147 | Geração de senha PF – Procedimentos |\n']","Em assalto/roubo/sequestro, contatar SAC QP/QC ou Plataforma de Relacionamento para rotina de segurança no SISRET X98, rota 800050, informando a conta do cartão. O bloqueio da Senha-8 não bloqueia automaticamente a Conta de Acesso, pois são credenciais de apps distintos.",ROLE_RESTRICTION,8.1102,,0.0,0.7469143936190076,1.0,0.9999999999
Somos titulares solidários da mesma conta e um titular bloqueou a senha de 6 dígitos. Por que o outro ficou impedido e como resolver?,"Em contas conjuntas (solidárias), o sistema bancário geralmente vincula a segurança do acesso digital ao CPF de cada titular, mas existem regras de governança que podem afetar ambos.

Aqui está o porquê de isso acontecer e como resolver:

### Por que o outro titular foi impedido?
1. **Bloqueio de Segurança Preventivo:** Muitos bancos, por medida de segurança, bloqueiam o acesso ao aplicativo ou ao Internet Banking de todos os titulares quando detectam uma tentativa de acesso suspeita ou erro excessivo de senha em um dos perfis, para evitar que a conta seja comprometida.
2. **Vinculação de Dispositivo:** Se o banco entende que a conta está sob risco, ele pode suspender as credenciais de acesso de todos os usuários vinculados àquela conta até que a situação seja regularizada.
3. **Erro de Sistema:** Em alguns casos, o bloqueio de um dos titulares pode gerar uma inconsistência no banco de dados que impede o login do outro, mesmo que o segundo não tenha errado a senha.

### Como resolver?

Como você não tem acesso aos documentos internos, o procedimento padrão é:

1. **Verificação Individual:** O titular que não errou a senha deve tentar acessar o aplicativo. Se ele também estiver bloqueado, é sinal de que o banco suspendeu o acesso à conta por segurança.
2. **Desbloqueio via Autoatendimento:**
   * Tente realizar o procedimento de ""Esqueci minha senha"" no aplicativo. Muitas vezes, o banco permite o desbloqueio através de reconhecimento facial ou confirmação de dados via SMS/E-mail.
3. **Caixa Eletrônico:** Se o acesso digital estiver totalmente bloqueado, o titular que está com o cartão físico deve ir a um caixa eletrônico do próprio banco. Lá, é possível realizar o desbloqueio da senha de 6 dígitos (senha do cartão) e, em muitos casos, redefinir o acesso ao aplicativo.
4. **Atendimento Presencial ou Central de Relacionamento:**
   * Se as opções acima não funcionarem, **ambos os titulares** (ou pelo menos o titular que teve o problema) devem entrar em contato com a Central de Atendimento do banco ou comparecer a uma agência com documento de identidade original.
   * **Importante:** Como a conta é solidária, o banco pode exigir a presença de ambos ou a validação de ambos para reativar o acesso total, dependendo da política interna da instituição.

**Dica:** Evite tentar adivinhar a senha várias vezes, pois isso pode levar ao bloqueio definitivo do cartão, exigindo a emissão de uma nova via. Se o erro persistir após duas tentativas, pare e procure os canais oficiais de atendimento.","['# POP – Gestão de Senhas e Código de Acesso – Pessoa Física\n### [Versão anonimizada/pseudonimizada — documento complementar ao POP de CDC]\n\n> **Nota metodológica:** este documento usa a mesma metodologia e os mesmos pseudônimos institucionais do POP de CDC anonimizado anteriormente (Banco Alfa, SISALFA, App Alfa etc.). Termos novos e específicos deste documento (produtos de cartão, plataformas, rotinas) foram adicionados à mesma chave de correspondência (arquivo único, cumulativo). A lógica processual e as condições originais foram mantidas integralmente.\n\n**Sumário:** Notas iniciais · 1. Resumo das senhas · 2. Situação das senhas · 3. Correntistas e poupadores · 4. Não correntista · 5. Código de acesso · 6. Geração de senha PF · 7. Cliente no exterior · 8. Senha do portador adicional · 9. Acesso ao gov.br · 10. Central de Senhas PF · 11. Fontes de informação · 12. Rotinas absorvidas\n\n---\n\n## Notas iniciais\n\na) **Transferência de saldo/produtos entre agências:** a senha da agência de origem não é alterada; o cliente acessa normalmente a conta na agência de destino.\n\nb) Os procedimentos desta rotina não se aplicam a clientes PJ ou Setor Público. Para chave J e senhas (Alfa Digital PJ), ver rotina 50129.\n\nc) **Titulares solidários:** as senhas (6 e 8 dígitos) e o código de acesso são os mesmos para todos os titulares. Se um titular bloquear a senha, os demais ficam impossibilitados de realizar transações.\n\nd) **Push:** notificação recebida diretamente no App Alfa. Para ativar: 1) autorizar o App Alfa no sistema do celular (Android: Configurações > Receber Notificações; iOS: Ajustes > Receber Notificações); 2) ativar pelo App Alfa (área logada) em Perfil > Geral > Receber notificações.\n\ne) **Bloqueio de Canal:** consulte na plataforma em Segurança > Bloqueio de segurança > Histórico. Havendo bloqueio, o desbloqueio ocorre após a alteração das senhas de 6 e 8 dígitos — é obrigatório alterar primeiro a de 8 dígitos, depois a de 6. Use os itens 3 e/ou 4 para orientar os canais.\n\n---\n\n## 1. Resumo da utilização das senhas\n\n| Tipo de senha | Canais de utilização |\n|---|---|\n| Senha de 4 dígitos | Descontinuada |\n| Senha de 6 dígitos | Confirma transações de cartão débito e crédito. Plataforma de Relacionamento/URA: acesso, consulta e confirmação de transações da mesma titularidade. Site institucional (sem Alfa Code): confirmação de transações financeiras. App Alfa: confirmação de transações financeiras. WhatsApp Alfa: pode ser solicitada para confirmação de algumas transações. TCX, TAD, POS, correspondente bancário: confirmação de transações. TAA: confirmação de transações de beneficiários do INSS e de portadores de deficiência visual sem código de acesso. Banco 24 Horas e rede compartilhada (Banco Parceiro Beta): confirmação de transações de portadores de deficiência visual sem código de acesso. |\n| Senha de 8 dígitos | Site institucional, App Alfa, App Cartão Alfa e WhatsApp: acesso, consultas, transações financeiras e aquisição de produtos/serviços. |\n| Código de Acesso (letras, sílabas ou alfanumérico) | TAA, Banco 24 Horas e rede compartilhada: confirma transações, inclusive saques na função crédito do cartão. |\n| Conta de Acesso (senha alfanumérica) | Utilizada por não correntistas no App Alfa (versão não correntista). |\n\n---\n\n## 2. Situação das Senhas\n\n### 2.1. Consultas\n- Senhas de 6/8 dígitos e código de acesso — Quadro Próprio e Quadro Contratado: `SISALFA > SISRET > X69 > 2` (correntistas: agência e conta; não correntistas: número do cartão), campo STATUS (pode ser informado ao cliente).\n- Conta de Acesso (Quadro Próprio): `SISALFA > ACESSO > 32 > 01 > CPF`.\n\n### 2.2. Códigos aplicáveis a TODOS os tipos de senha\n| Código | Significado | Situação |\n|---|---|---|\n| 0 | Sem ocorrência de erro de digitação | Ativa |\n| 1 | Cliente errou a digitação uma vez | — |\n| 2 | Cliente errou a digitação duas vezes | — |\n| 3 | Cliente errou a digitação três vezes (se ocorrer na senha de 6 dígitos via APF, Mobile ou WhatsApp, o bloqueio ""3"" é aplicado também à senha de 8 dígitos) | Bloqueada |\n| 6 | Senha (PJ e Governo) cadastrada no Alfa Digital PJ, aguardando confirmação de um funcionário da agência | — |\n| 7 | Senha (PJ e Governo) cadastrada no Alfa Digital PJ, aguardando confirmação de dois funcionários da agência | — |\n| Q | Senha alterada no APF Internet sem Alfa Code, ou no APF Celular sem fotografar cartão válido (aguardando confirmação na TAA com biometria cadastrada há mais de 7 dias) | — |\n| U | Senha bloqueada pelo monitoramento de segurança dos canais de autoatendimento | — |\n\n### 2.3. Códigos exclusivos da senha de 6 dígitos\n| Código | Significado | Situação |\n|---|---|---|\n| A | Senha digitada errada 3 vezes | Bloqueada |\n| D | Erro na tentativa de desbloqueio na TAA, ou bloqueio feito pelo próprio cliente via APF Celular/Internet | — |\n\n### 2.4. Códigos exclusivos da senha de 8 dígitos\n| Código | Significado | Situação |\n|---|---|---|\n| T | Senha registrada antes de 2012 e bloqueada por não uso nos últimos 90 dias | Bloqueada |\n| D | Alteração iniciada via APF Celular, com falha na confirmação via TAA sem biometria | — |\n| P | Senha cadastrada via APF Internet/Celular, aguardando confirmação na TAA | — |\n| 4 | Erro na tentativa de desbloqueio via Mobile | — |\n| 8 | Senha bloqueada pela agência ou pelo próprio cliente nos canais de autoatendimento | — |\n\n### 2.5. Situações do código de acesso\nCódigo ""4"" = tentativa de desbloqueio na TAA; CAA = letras; CAS = sílabas; CAN = alfanumérico.\n\n### 2.6. Situações da senha alfanumérica (Conta de Acesso)\n*Solicitado* = cadastramento/alteração pedidos; *Ativa* = cadastrada e ativa; *Bloqueado* = bloqueada por erro de digitação ou por segurança.\n> Essa confirmação ocorre por oferta ativa, sem necessidade de navegar pelo menu da TAA.\n\n---\n\n## 3. Correntistas e Poupadores\n\n### 3.1. Senha de 6 dígitos (conta e cartão)\n\nUsada para autorizar transações em: terminais de caixa das agências, TAA, site institucional (sem Alfa Code), App Alfa, correspondente bancário, transações de cartão (débito e crédito) e acesso à Central de Relacionamento/SAC. Vinculada à agência/conta (correntista) ou ao CPF (não correntista).\n\n**3.1.1. Cadastramento**\n\n| Canal | Procedimento |\n|---|---|\n| Agência | Correntistas e poupadores: no fluxo de abertura de conta, em qualquer agência. Beneficiários do INSS: em qualquer agência. Clientes de conta digital: no fluxo de abertura pelo App Alfa. |\n\n> **Atenção:** se o cliente quiser encerrar a conta corrente e ficar só com o cartão de crédito, cadastre nova senha como não correntista — obrigatório para não deixar pendente a emissão dos cartões.\n\n**3.1.2. Alteração**\n\n> Para cartões com chip, após a alteração, oriente o cliente a atualizar o chip de todos os plásticos em qualquer TAA (sob risco da senha não funcionar). Verifique a possibilidade de enviar senha provisória por SMS (item 6).\n\n| Canal | Requisitos/Condição | Procedimento |\n|---|---|---|\n| App Alfa | Celular autorizado há mais de 30 dias; Alfa Code ou Push habilitado; geolocalização ativa e autorizada; cartão ativo; senha de 8 dígitos ativa (códigos 0, 1 e/ou 2). Não disponível se bloqueada por ""8"". | **Com a senha anterior:** área logada > Perfil > Segurança > Central de senhas > Senha de 6 dígitos > Alterar. **Sem a senha anterior:** área logada > Perfil > Segurança > Central de senhas > Senha de 6 dígitos > Esqueci a senha > ""Agora utilizando o cartão"" (dados do cartão) — confirmação por: (i) biometria na TAA (cadastrada há mais de 7 dias): App Alfa > Menu > Perfil > Central de senhas > Senha de 6 dígitos > Esqueci a senha > No caixa eletrônico, depois na TAA em Segurança e Senhas > Senhas > Liberação de Senha Provisória > Senha da conta e cartão (6 dígitos); ou (ii) WhatsApp (telefone cadastrado no ATO): área logada > Perfil > Central de senhas > Senha de 6 dígitos > Esqueci a senha > Por WhatsApp. |\n| Site institucional | Senha de 8 dígitos ativa (códigos 0, 1 e/ou 2). Não disponível para quem não usa Alfa Code e não tem biometria cadastrada há mais de 7 dias (ou de forma assistida), nem para bloqueio ""U"" ou ""8"" da senha de 6 dígitos. | Em computador autorizado, com ou sem a senha anterior: **com adesão ao Alfa Code:** área logada > Segurança > Senhas > Alterar > Senha do cartão (6 dígitos) (exige código de autorização do Alfa Code). **Sem adesão ao Alfa Code, com biometria cadastrada:** mesmo caminho, confirmando em uma TAA com biometria cadastrada há mais de 7 dias. |\n| Agências (inclusive bloqueio ""U"") | — | Mediante identificação; recomendar que o cliente leve o cartão. |\n| SAC | Bloqueio ""U"": SAC Receptivo QP/QC (Célula de Segurança) → rotina 50130; SAC Soluções QP → rotina 50131; SAC Quadro Contratado → rotina 50112. Outros bloqueios: SAC Quadro Próprio → procedimento de Geração de Senha (item 6); SAC Quadro Contratado → rotina 50112. | — |\n| Plataforma de Relacionamento / ATA | Exceto bloqueio ""U"": Quadro Próprio → Geração de Senha; Quadro Contratado (não correntista portador de cartão) → Geração de Senha; correntistas/poupadores → demais canais. | — |\n\n**3.1.3. Bloqueio**\n\nCanais por iniciativa do cliente: TAA; SAC QC/QP; Plataforma de Relacionamento; site institucional (com Alfa Code); App Alfa (dispositivo autorizado, com Alfa Code ou push); agências.\n> Se o cliente detectar lançamentos indevidos na conta (inclusive por invasão do site), utilize também a rotina 50136, item 5.1. Bloqueio por um titular solidário impede os demais de transacionar. O bloqueio do código de acesso implica bloqueio da senha de 6 dígitos.\n\n**3.1.4. Desbloqueio**\n\nFeito COM conhecimento da senha anterior (sem isso, é preciso fazer a Alteração). Bloqueio ""U"" não admite desbloqueio, só Alteração.\n\n| Canal | Requisitos | Procedimento |\n|---|---|---|\n| App Alfa | Celular autorizado >30 dias; Alfa Code/Push habilitado; geolocalização ativa; cartão ativo; senha de 8 dígitos ativa (0,1,2). | Área logada > Perfil > Segurança > Central de senhas > Senha de 6 dígitos > Desbloquear. |\n| Site institucional | Senha de 8 dígitos ativa (0,1,2). | Em computador autorizado — com Alfa Code: Segurança > Senhas > Desbloquear (código de autorização); sem Alfa Code: mesmo caminho, confirmando em TAA com biometria (>7 dias). |\n| TAA | Biometria, ou cartão + código de acesso. | Menu > Segurança e Senhas > Senhas > Desbloqueio > Senha da conta e cartão (6 dígitos). |\n| Agência | Identificação (recomendar levar o cartão). | — |\n\n> Erro de digitação na tentativa de desbloqueio na TAA: só pode ser desbloqueada em agência. Bloqueio por iniciativa da agência/cliente: desbloqueio em qualquer agência. Bloqueio por erro de identificação positiva na TAA: só desbloqueia em agência (se o cliente souber a senha); usar a TAA para essa operação não é possível. Desbloqueio exige código de acesso ou biometria; sem nenhum dos dois, é necessário comparecer a uma agência.\n\n### 3.2. Senha de 8 dígitos\n\nAcessa o site institucional e o App Alfa; pode ser provisória¹ ou definitiva. Confirmação de transações financeiras via Alfa Code; sem Alfa Code, usa-se a senha de 6 dígitos (oriente o cadastramento do Alfa Code). Senha única — não precisa ser cadastrada por cada titular.\n\n> ¹ Provisória: só senhas antigas; acesso restrito a consultas. Para movimentações financeiras, deve ser liberada em uma TAA.\n\n**3.2.1. Cadastramento**\n\n| Canal | Procedimento |\n|---|---|\n| App Alfa | Correntistas/poupadores: ""Esqueci ou não tenho a senha"" na tela de login (clientes sem histórico de equipamento autorizado no ATO); o equipamento fica em carência (há um link de liberação). Clientes de conta digital: cadastram no fluxo de abertura via Mobile. |\n| TAA | Com biometria cadastrada há mais de 7 dias: Menu > Segurança e Senhas > Senhas > Cadastramento. |\n| Agência | Qualquer agência, informando a senha de 6 dígitos. |\n\n**3.2.2. Alteração**\n\n| Canal | Condição | Procedimento |\n|---|---|---|\n| App Alfa | Celular autorizado >30 dias; Alfa Code/Push; geolocalização; cartão ativo. | **Com a senha atual:** área logada > Perfil > Segurança > Central de senhas > Senha de 8 dígitos > Alterar (digitar a senha atual). **Sem a senha atual (inclusive bloqueio ≠ ""U""), ou bloqueio ""U"":** ""Esqueci minha senha"" (tela de login ou tela inicial não logada) > Recuperar senha > Senha de 8 dígitos > Esqueci a senha, com 3 opções: (i) ""Agora utilizando o cartão"" (dados do cartão, dispositivo autorizado, Alfa Code ou Push); (ii) ""No caixa eletrônico"" (confirmação por biometria na TAA, cadastrada há mais de 7 dias); (iii) por WhatsApp (telefone cadastrado no ATO + versão mínima do app + reconhecimento facial). *A opção ""recuperar senha"" só aparece em celular autorizado onde o cliente já acessou a conta ao menos uma vez.* |\n| Site institucional (computador autorizado) | Com a senha atual: exigida a senha de 8 dígitos atual. | **Com Alfa Code:** Segurança > Senhas > Alterar > Senha da internet (8 dígitos) (código de autorização). **Sem Alfa Code:** mesmo caminho, confirmando em TAA com biometria (>7 dias). Sem a senha atual (inclusive bloqueio ≠ ""U""), ou bloqueio ""U"": não disponível neste canal. |\n| TAA | Com ou sem a senha atual (inclusive bloqueios). | Menu > Segurança e Senhas > Senhas > Alteração > Senha de acesso à internet e ao celular (8 dígitos). Com biometria: qualquer horário (cadastrada há mais de 7 dias, ou de forma assistida). Sem biometria, com cartão com chip + código de acesso: das 10h às 16h em dias úteis. |\n| Agência | Com ou sem a senha atual (inclusive bloqueios). | Atendimento presencial, exigindo a senha de 6 dígitos; recomendar levar o cartão. |\n| SAC | Com a senha atual, ou sem ela (exceto ""U""): Quadro Próprio → Geração de Senha; Quadro Contratado → rotina 50112. Bloqueio ""U"": SAC Receptivo (Célula de Segurança) → rotina 50130; SAC Soluções QP → rotina 50131; SAC QC → rotina 50112. | — |\n| Plataforma de Relacionamento / ATA | Com a senha atual, ou sem ela (exceto ""U""): Quadro Próprio → Geração de Senha; Quadro Contratado (não correntista com cartão) → Geração de Senha; correntistas/poupadores → demais canais. Bloqueio ""U"": não disponível neste canal. | — |\n\n**3.2.3. Bloqueio**\n\nCanais por iniciativa do cliente: TAA; SAC; agências; site institucional (com Alfa Code); App Alfa (dispositivo autorizado, com Alfa Code ou push). Bloqueio de segurança ocorre quando há indício de violação da senha. Bloqueio ""T"": não é mais aplicado — restam apenas registros até 2012.\n\n**3.2.4. Desbloqueio**\n\n> Sem conhecimento da senha anterior, bloqueio ""U"" (segurança) ou bloqueio ""4"": seguir os procedimentos de Alteração.\n\nConsulte em `SISRET X69 > 02` (correntistas: agência/conta; não correntistas: número do cartão), campo STATUS, ou pela Plataforma (Segurança > Senhas > Gerenciamento de Senhas). Não pergunte data de validade nem CVV ao cliente — preencha o número do cartão, use o mês/ano do contato como validade e ""000"" no CVV2.\n\n| Tipo de bloqueio | Canal | Procedimento |\n|---|---|---|\n| Por iniciativa da agência ou do cliente | Agência | Com a senha de 6 dígitos (recomendar levar o cartão). |\n| | TAA | Com código de acesso ou biometria. |\n| Por motivo ""T"" | Agência | Idem acima. |\n| | TAA | Idem acima. |\n| Por digitação incorreta 3 vezes | App Alfa (dispositivo autorizado >30 dias, Alfa Code/Push, geolocalização, cartão ativo) | Recuperar Senhas > Senha de 8 dígitos > Desbloquear (digitar a senha atual). |\n| | Agência | Com a senha de 6 dígitos. |\n| | TAA | Com código de acesso ou biometria. |\n| Por erro na tentativa de desbloqueio na TAA | Agência | Com a senha de 6 dígitos. |\n\n---\n\n## 4. Não Correntista\n\n### 4.1. Senha de 6 dígitos\n\n**4.1.1. Cadastramento:** clientes não correntistas que solicitam Cartão Alfa via App ou web cadastram no próprio fluxo de solicitação. Private Label → rotina 50133. Cartões de programa de fidelidade parceiro → rotina 50134.\n\n**4.1.2. Alteração:** Agência (qualquer uma, com cartão válido e identificação); SAC e Plataforma de Relacionamento → item 6 desta rotina.\n\n**4.1.3. Bloqueio:** por iniciativa do cliente — TAA; SAC QC/QP; Plataforma de Relacionamento; agências.\n\n**4.1.4. Desbloqueio:** Agência (qualquer uma, com a senha de 6 dígitos); TAA (com o código de acesso).\n\n### 4.2. Conta de Acesso e Senha de 8 dígitos\n\n**Demanda:** dificuldade para acessar o App Alfa ou o App Cartão Alfa com a senha de 8 dígitos.\n\n> **Atenção:** há 2 tipos de senha de 8 dígitos para não correntista — **Conta de Acesso** (acessa o App Alfa) e **Senha-8** (acessa o App Cartão Alfa). O cliente normalmente não sabe dessa distinção. Para identificar o tipo, siga o item 4.2.1.\n\n**4.2.1. Identificação do tipo de senha**\n\n*4.2.1.1. Sistema Alfa:*\n- a) Senha Conta de Acesso: `SISRET X69 > 02 > nº do cartão`. Se ""não localizado"" ou se o cliente tiver os dois tipos, siga para (b). Se possuir só Conta de Acesso: Quadro Contratado → siga para 4.2.2; Quadro Próprio → confira a situação (se ""Ativo"", tecle F9 para mais detalhes) e siga para 4.2.2.\n- b) Senha-8: `SISALFA > SISRET X69 > 02 > nº do cartão`. Cliente com só Senha-8, ou com as duas → oriente conforme 4.2.2 (Quadro Próprio e Contratado).\n\n*4.2.1.2. Plataforma:* não pergunte data de validade nem CVV. `Plataforma de Negócios > Segurança > Senhas > Gerenciamento de Senhas 3.0` — preencha o número do cartão, use o mês/ano do contato como validade e ""000"" no CVV2.\n\n**4.2.2. Procedimentos** (se o cliente tiver os dois tipos, pergunte qual app ele quer acessar):\n\n| Senha | Cadastramento | Alteração | Bloqueio | Desbloqueio |\n|---|---|---|---|---|\n| **Conta de Acesso** (App Alfa) | No momento da contratação do cartão (App Alfa/onboarding digital) | App Alfa (Central de Senhas) ou link de recuperação; Agência (cartão válido e previamente liberado) | Agência | Agência (cartão válido e previamente liberado) |\n| **Senha-8** (App Cartão Alfa) | No momento da contratação do cartão (lojas parceiras, correspondentes, agências) | TAA; SAC e Plataforma de Relacionamento (Geração de Senha, ou outros canais); App Cartão Alfa ""Esqueci minha senha"" (sem bloqueio vigente); Agência | TAA; APF; Mobile; agências; **se o cliente foi vítima de assalto, roubo ou sequestro:** SAC QP/QC e Plataforma de Relacionamento → `SISRET X98`, código de rota 800050, conta = nº da conta do cartão | TAA; Agência |\n\n> Não correntistas com Conta de Acesso também podem acessar o App Cartão Alfa, mas precisam cadastrar uma senha de 8 dígitos separada via ""Esqueci senha"" — explique que serão duas senhas diferentes, uma para cada app. Quem possui só a Senha-8 NÃO consegue acessar o App Alfa.\n\n---\n\n## 5. Código de Acesso (Alfanumérico)\n\na) **Deficientes visuais:** o cliente com deficiência visual total pode ser dispensado da exigência do código de acesso, mediante registro da característica no cadastro pela agência. Em conta conjunta, a dispensa vale só para o titular com a deficiência.\n\nb) **Tipos:** CAA (letras), CAS (sílabas), CAN (alfanumérico). Emitido quando o cliente usa a TAA com cartão pela primeira vez, tentando uma transação/consulta — o cliente é avisado do novo código, que substitui o anterior.\n\nc) Se o cliente disser que não tem/não anotou o código: oriente conforme a tabela abaixo, ou informe que TAAs com biometria dispensam o código de acesso (rotina 50132, itens 1 e 9).\n\n**5.1. O que é:** código aleatório (letras, sílabas e/ou números), não escolhido pelo cliente; para PF e PJ, correntistas, não correntistas e poupadores portadores de cartão; necessário em: TAA, Banco 24 Horas e rede compartilhada (Banco Parceiro Beta).\n\n**5.2. Cadastramento:** gerado e impresso automaticamente no primeiro uso do cartão na TAA; regenerado em migração de conta (mesmo cartão) ou quando o código antigo é cancelado. Se a impressora estiver inoperante, é mostrado só em tela. Código único para todos os titulares solidários.\n\n**5.3. Alteração:** não existe alteração direta — o código deve ser cancelado (canais abaixo); a nova combinação é gerada automaticamente no próximo acesso à TAA. *(O código não muda se a senha da conta corrente for alterada.)*\n\n| Canal | Procedimento |\n|---|---|\n| App Alfa | Área logada > Perfil > Segurança > Central de senhas > Código de Acesso > Solicitar novo código. |\n| Site institucional | Área logada — confirmação via Alfa Code; sem Alfa Code, confirma na TAA com biometria cadastrada há mais de 7 dias. |\n| Agência | Com a senha de 6 dígitos (recomendar levar o cartão). |\n\n**5.4. Bloqueio:** após 3 tentativas seguidas incorretas. Bloqueio da senha de 6 dígitos ou do código de acesso mantém o uso da TAA com biometria. Bloqueio da senha de 6 dígitos mantém o uso do código de acesso, exceto nos bloqueios ""U"" ou ""8"".\n\n**5.5. Desbloqueio:** pelo próprio cliente na TAA, usando o próprio código de acesso. Se houver novo erro, o código deve ser cancelado (site institucional com Alfa Code, App Alfa, ou qualquer agência) para gerar um novo.\n\n---\n\n## 6. Geração de Senha PF – Procedimentos\n\nEnvio de senha (6 e 8 dígitos) por SMS para PF — só para ALTERAÇÃO (não para cadastro de primeira senha, que segue outros canais). Não disponível para senhas ""não cadastradas""/""a cadastrar"" ou bloqueio ""U"". Faça as consultas do item 6.2 antes.\n\n### 6.1. Atendimento\n\n| Frente | Quem atende | Identificação |\n|---|---|---|\n| SAC QP | Correntistas e não correntistas | Cliente autenticado (URA, Token ou Identificação Positiva) |\n| SAC QC | Não correntistas portadores de cartão (correntistas/poupadores: transferir para a Célula de Segurança via rotina 50106) | — |\n| Plataforma de Relacionamento QP | Correntistas e não correntistas | Autenticado por CPF+senha, agência/conta+senha ou Token: IP dispensada. Atendimentos ATA, Consultoria e Texto: exigem IP. Bancada Cartão: Checklist Maior Risco. |\n| Plataforma de Relacionamento QC | Não correntistas portadores de cartão (correntistas/poupadores: demais canais, itens 3 e 4) | — |\n\n### 6.2. Consultas\n\n1. Verifique o cadastro da senha em `SISRET X69 > 02` ou pela Plataforma (Segurança > Senhas > Gerenciamento de Senhas) — correntistas: agência/conta; não correntistas: número do cartão (não pedir validade/CVV; usar mês/ano do contato e ""000"" no CVV2).\n2. Resultado ""Não cadastrada""/""A cadastrar"" → cliente não correntista com entrada via onboarding digital; não é possível enviar senha; oriente: 8 dígitos via App Alfa (se dispositivo autorizado com Alfa Code/push); 6 dígitos, comparecer a uma agência.\n3. Resultado ""U Bloqueado"" → SAC Receptivo (Célula de Segurança) → rotina 50130; SAC Soluções QP → rotina 50131; SAC Receptivo QC → rotina 50112; Plataforma de Relacionamento → orientar contato com o SAC.\n4. Demais situações → prossiga: pergunte o celular atual do cliente (não informe outros números cadastrados) e confira no cadastro (agência/conta ou MCI) se é o mesmo já registrado. Se divergente, ou se houver mais de um número/duplicidade cadastrada → oriente comparecimento a uma agência. Se for o mesmo e único número → siga para 6.3.\n\n### 6.3. Geração de Senha\n\na) Acesse Plataforma > Segurança > Senhas > Envio de Senha por SMS.\nb) Consulte por tipo de cliente: correntista (CPF, agência e conta, ou MCI); não correntista (CPF); na aba Cartão, informe o número (via `Cartão > 11 > 1` ou `17 > 01 > 01`) — se houver mais de um cartão, peça modalidade e os 4 últimos dígitos.\nc) Selecione a conta/cartão do cliente.\nd) Selecione o envio de senha de 8 e/ou 6 dígitos — o sistema gera uma senha aleatória e envia por SMS.\ne) Informe que a senha chega por SMS ao celular cadastrado, sem prazo de expiração, e que deve ser alterada assim que possível por segurança.\nf) Se for senha de 6 dígitos, informe que, após a alteração, é preciso validar o chip do cartão em qualquer TAA — caso contrário, a nova senha não funcionará com o cartão com chip.\n\n---\n\n## 7. Cliente no Exterior\n\na) **Central de Senhas** (no App Alfa; exige cartão ativo, dispositivo liberado e Alfa Code/Push): permite alterar/bloquear/desbloquear/criar senha de 8 dígitos; alterar/bloquear/desbloquear senha de 6 dígitos; solicitar novo código de acesso. Acesso com a senha atual: área logada > Perfil > Central de senhas. Sem a senha: tela inicial não logada > Recuperar senha.\n\nb) **Agências no exterior:** procedimento de senhas disponível somente na agência de Tóquio.\n\nc) Solicitar a um representante legal (com procuração com firma reconhecida) que realize a operação na agência de relacionamento do cliente no Brasil.\n\nd) A agência de relacionamento envia ao e-mail cadastrado no MCI uma declaração para o cliente assinar e digitalizar — válido apenas para senhas bloqueadas por erro, não para bloqueio ""U"" (suspeita de fraude). O pedido pode começar por qualquer canal de contato, mas a declaração assinada só pode retornar pelo e-mail cadastrado no MCI. A agência de relacionamento pode ser confirmada com o cliente durante a ligação, na aba lateral da Plataforma de Relacionamento.\n\ne) **Cartões com chip:** após a alteração da senha de 6 dígitos, oriente o cliente a atualizar o chip de todos os plásticos ao voltar ao Brasil (em uma TAA), sob risco de impacto em transações presenciais; carteiras digitais funcionam normalmente após a troca.\n\nf) **Uso da senha no exterior:** alguns terminais usam PIN de 4 e/ou 6 dígitos. Nos de 4 dígitos, o cliente informa os 4 primeiros dígitos da sua senha de 6. No exterior, o cliente tem as mesmas opções dos demais clientes, pelo site institucional ou pelo App Alfa.\n\n---\n\n## 8. Senha do Portador Adicional\n\n| Portador | Solicitação | Alteração/reposição |\n|---|---|---|\n| **Adicional não correntista** | Presencial: senha de 6 dígitos cadastrada na hora. Demais canais: senha enviada por correio ao endereço do portador titular. | Se perder, esquecer ou não receber, cadastrar nova em qualquer agência. |\n| **Adicional correntista** | Usa a mesma senha pessoal de 6 dígitos de sua própria conta. Sem senha gravada: modalidades Doméstico/Internacional → sistema não gera o cartão; modalidades Gold e superiores → senha enviada por correio, cartão gerado após o recebimento. | Se perder, esquecer ou não receber, seguir as orientações do item 3. |\n\n---\n\n## 9. Acesso ao gov.br com credenciais do Banco Alfa\n\nVer rotina 50135.\n\n---\n\n## 10. Central de Senhas PF\n\nSolução de segurança no App Alfa para o cliente gerenciar suas senhas.\n- **Área logada:** Perfil > Segurança > Central de Segurança > Central de senhas; Perfil > Segurança > Central de senhas; Menu > Segurança > Central de Segurança > Central de Senhas.\n- **Área não logada:** Tela inicial > Recuperar Senha; ou role a tela para cima > Recuperar Senha.\n\n**Requisitos:** celular autorizado há mais de 30 dias; telefone cadastrado no ATO; Alfa Code ou Push habilitado; geolocalização ativa e autorizada; permissão de câmera concedida ao app; cartão ativo.\n\n> **Atenção:** não correntistas usam a Central de Senhas apenas para alterar a senha ""Conta de Acesso"" (ver item 4.2.2).\n\n---\n\n## 11. Fontes de informação\n\nUGS – Unidade de Gestão de Segurança (código 800040) · Normativo interno 5001 · Normativo interno 5002\n\n---\n\n## 12. Rotinas absorvidas\n\nO conteúdo das seguintes rotinas foi absorvido por este documento:\n\n| Código (anonimizado) | Assunto |\n|---|---|\n| 50137 | Senhas – Orientações (Código de Acesso) |\n| 50138 | Senhas – Orientações (Não correntista) |\n| 50139 | Senhas – Correntistas (Internet e Celular) |\n| 50140 | Arquivada – Senhas – Orientações (Conta-corrente) |\n| 50141 | POP UP – Senhas – Tipos de bloqueio |\n| 50142 | Modalidade de conta simplificada – Senhas |\n| 50143 | Senhas – Orientações – Poupador não correntista |\n| 50144 | Acesso do cliente à plataforma digital gov.br (parceria Banco Alfa e Governo Federal) |\n| 50145 | Senhas – Alfa Digital PJ |\n| 50146 | Atendimento para clientes não participantes do modelo ATA |\n| 50147 | Geração de senha PF – Procedimentos |\n']",Titulares solidários compartilham as mesmas senhas de 6 e 8 dígitos e código de acesso; o bloqueio por um titular impede os demais de transacionar. Resolver por alteração das senhas nos canais competentes (agência resolve inclusive bloqueio 'U').,EDGE_CASE,7.1433,,0.35,0.8773791330745123,1.0,0.9999999999
Cliente correntista com deficiência visual total pergunta se pode ser dispensado do código de acesso e como fica a conta conjunta.,"Como assistente bancário, esclareço que as normas de acessibilidade e segurança bancária funcionam da seguinte forma:

### 1. Dispensa do código de acesso (senha)
Por questões de segurança cibernética e regulamentação do Banco Central, **não é possível dispensar totalmente a necessidade de autenticação** (senha ou biometria) para acessar a conta. O código de acesso é a garantia de que apenas o titular está movimentando os valores.

No entanto, os bancos oferecem alternativas para tornar esse processo acessível:
*   **Leitores de tela:** Os aplicativos bancários são desenvolvidos para serem compatíveis com leitores de tela (como *TalkBack* no Android ou *VoiceOver* no iOS).
*   **Biometria:** A autenticação por reconhecimento facial ou digital é a forma mais acessível e segura para clientes com deficiência visual, eliminando a necessidade de digitar senhas numéricas a cada acesso.
*   **Atendimento Assistido:** O cliente pode solicitar ao banco o cadastro de um ""procurador"" ou representante legal, caso precise de auxílio constante para movimentações, ou utilizar os canais de atendimento telefônico (SAC/Central de Relacionamento), que possuem protocolos específicos para atendimento a pessoas com deficiência.

### 2. Conta Conjunta
A conta conjunta funciona da mesma forma para todos os clientes, independentemente de deficiência visual:
*   **Titularidade:** Ambos os titulares possuem direitos e deveres iguais sobre a conta.
*   **Acesso individual:** Cada titular deve ter seu próprio login e senha (ou biometria). Um titular não deve compartilhar sua senha com o outro.
*   **Movimentação:** Se a conta for do tipo ""solidária"" (a mais comum), qualquer um dos titulares pode movimentar o saldo total da conta de forma independente.
*   **Acessibilidade na conta conjunta:** Se um dos titulares possui deficiência visual, ele deve configurar o seu próprio dispositivo (celular) com as ferramentas de acessibilidade mencionadas acima para acessar a conta de forma autônoma.

**Recomendação:**
Sugiro que o cliente entre em contato com o gerente da sua agência ou com o suporte técnico do banco para solicitar o **""Atendimento Especializado""**. Muitos bancos possuem protocolos internos para auxiliar clientes com deficiência na configuração de biometria e no uso de ferramentas de acessibilidade, garantindo que ele consiga movimentar a conta com autonomia e segurança.","['# POP – Gestão de Senhas e Código de Acesso – Pessoa Física\n### [Versão anonimizada/pseudonimizada — documento complementar ao POP de CDC]\n\n> **Nota metodológica:** este documento usa a mesma metodologia e os mesmos pseudônimos institucionais do POP de CDC anonimizado anteriormente (Banco Alfa, SISALFA, App Alfa etc.). Termos novos e específicos deste documento (produtos de cartão, plataformas, rotinas) foram adicionados à mesma chave de correspondência (arquivo único, cumulativo). A lógica processual e as condições originais foram mantidas integralmente.\n\n**Sumário:** Notas iniciais · 1. Resumo das senhas · 2. Situação das senhas · 3. Correntistas e poupadores · 4. Não correntista · 5. Código de acesso · 6. Geração de senha PF · 7. Cliente no exterior · 8. Senha do portador adicional · 9. Acesso ao gov.br · 10. Central de Senhas PF · 11. Fontes de informação · 12. Rotinas absorvidas\n\n---\n\n## Notas iniciais\n\na) **Transferência de saldo/produtos entre agências:** a senha da agência de origem não é alterada; o cliente acessa normalmente a conta na agência de destino.\n\nb) Os procedimentos desta rotina não se aplicam a clientes PJ ou Setor Público. Para chave J e senhas (Alfa Digital PJ), ver rotina 50129.\n\nc) **Titulares solidários:** as senhas (6 e 8 dígitos) e o código de acesso são os mesmos para todos os titulares. Se um titular bloquear a senha, os demais ficam impossibilitados de realizar transações.\n\nd) **Push:** notificação recebida diretamente no App Alfa. Para ativar: 1) autorizar o App Alfa no sistema do celular (Android: Configurações > Receber Notificações; iOS: Ajustes > Receber Notificações); 2) ativar pelo App Alfa (área logada) em Perfil > Geral > Receber notificações.\n\ne) **Bloqueio de Canal:** consulte na plataforma em Segurança > Bloqueio de segurança > Histórico. Havendo bloqueio, o desbloqueio ocorre após a alteração das senhas de 6 e 8 dígitos — é obrigatório alterar primeiro a de 8 dígitos, depois a de 6. Use os itens 3 e/ou 4 para orientar os canais.\n\n---\n\n## 1. Resumo da utilização das senhas\n\n| Tipo de senha | Canais de utilização |\n|---|---|\n| Senha de 4 dígitos | Descontinuada |\n| Senha de 6 dígitos | Confirma transações de cartão débito e crédito. Plataforma de Relacionamento/URA: acesso, consulta e confirmação de transações da mesma titularidade. Site institucional (sem Alfa Code): confirmação de transações financeiras. App Alfa: confirmação de transações financeiras. WhatsApp Alfa: pode ser solicitada para confirmação de algumas transações. TCX, TAD, POS, correspondente bancário: confirmação de transações. TAA: confirmação de transações de beneficiários do INSS e de portadores de deficiência visual sem código de acesso. Banco 24 Horas e rede compartilhada (Banco Parceiro Beta): confirmação de transações de portadores de deficiência visual sem código de acesso. |\n| Senha de 8 dígitos | Site institucional, App Alfa, App Cartão Alfa e WhatsApp: acesso, consultas, transações financeiras e aquisição de produtos/serviços. |\n| Código de Acesso (letras, sílabas ou alfanumérico) | TAA, Banco 24 Horas e rede compartilhada: confirma transações, inclusive saques na função crédito do cartão. |\n| Conta de Acesso (senha alfanumérica) | Utilizada por não correntistas no App Alfa (versão não correntista). |\n\n---\n\n## 2. Situação das Senhas\n\n### 2.1. Consultas\n- Senhas de 6/8 dígitos e código de acesso — Quadro Próprio e Quadro Contratado: `SISALFA > SISRET > X69 > 2` (correntistas: agência e conta; não correntistas: número do cartão), campo STATUS (pode ser informado ao cliente).\n- Conta de Acesso (Quadro Próprio): `SISALFA > ACESSO > 32 > 01 > CPF`.\n\n### 2.2. Códigos aplicáveis a TODOS os tipos de senha\n| Código | Significado | Situação |\n|---|---|---|\n| 0 | Sem ocorrência de erro de digitação | Ativa |\n| 1 | Cliente errou a digitação uma vez | — |\n| 2 | Cliente errou a digitação duas vezes | — |\n| 3 | Cliente errou a digitação três vezes (se ocorrer na senha de 6 dígitos via APF, Mobile ou WhatsApp, o bloqueio ""3"" é aplicado também à senha de 8 dígitos) | Bloqueada |\n| 6 | Senha (PJ e Governo) cadastrada no Alfa Digital PJ, aguardando confirmação de um funcionário da agência | — |\n| 7 | Senha (PJ e Governo) cadastrada no Alfa Digital PJ, aguardando confirmação de dois funcionários da agência | — |\n| Q | Senha alterada no APF Internet sem Alfa Code, ou no APF Celular sem fotografar cartão válido (aguardando confirmação na TAA com biometria cadastrada há mais de 7 dias) | — |\n| U | Senha bloqueada pelo monitoramento de segurança dos canais de autoatendimento | — |\n\n### 2.3. Códigos exclusivos da senha de 6 dígitos\n| Código | Significado | Situação |\n|---|---|---|\n| A | Senha digitada errada 3 vezes | Bloqueada |\n| D | Erro na tentativa de desbloqueio na TAA, ou bloqueio feito pelo próprio cliente via APF Celular/Internet | — |\n\n### 2.4. Códigos exclusivos da senha de 8 dígitos\n| Código | Significado | Situação |\n|---|---|---|\n| T | Senha registrada antes de 2012 e bloqueada por não uso nos últimos 90 dias | Bloqueada |\n| D | Alteração iniciada via APF Celular, com falha na confirmação via TAA sem biometria | — |\n| P | Senha cadastrada via APF Internet/Celular, aguardando confirmação na TAA | — |\n| 4 | Erro na tentativa de desbloqueio via Mobile | — |\n| 8 | Senha bloqueada pela agência ou pelo próprio cliente nos canais de autoatendimento | — |\n\n### 2.5. Situações do código de acesso\nCódigo ""4"" = tentativa de desbloqueio na TAA; CAA = letras; CAS = sílabas; CAN = alfanumérico.\n\n### 2.6. Situações da senha alfanumérica (Conta de Acesso)\n*Solicitado* = cadastramento/alteração pedidos; *Ativa* = cadastrada e ativa; *Bloqueado* = bloqueada por erro de digitação ou por segurança.\n> Essa confirmação ocorre por oferta ativa, sem necessidade de navegar pelo menu da TAA.\n\n---\n\n## 3. Correntistas e Poupadores\n\n### 3.1. Senha de 6 dígitos (conta e cartão)\n\nUsada para autorizar transações em: terminais de caixa das agências, TAA, site institucional (sem Alfa Code), App Alfa, correspondente bancário, transações de cartão (débito e crédito) e acesso à Central de Relacionamento/SAC. Vinculada à agência/conta (correntista) ou ao CPF (não correntista).\n\n**3.1.1. Cadastramento**\n\n| Canal | Procedimento |\n|---|---|\n| Agência | Correntistas e poupadores: no fluxo de abertura de conta, em qualquer agência. Beneficiários do INSS: em qualquer agência. Clientes de conta digital: no fluxo de abertura pelo App Alfa. |\n\n> **Atenção:** se o cliente quiser encerrar a conta corrente e ficar só com o cartão de crédito, cadastre nova senha como não correntista — obrigatório para não deixar pendente a emissão dos cartões.\n\n**3.1.2. Alteração**\n\n> Para cartões com chip, após a alteração, oriente o cliente a atualizar o chip de todos os plásticos em qualquer TAA (sob risco da senha não funcionar). Verifique a possibilidade de enviar senha provisória por SMS (item 6).\n\n| Canal | Requisitos/Condição | Procedimento |\n|---|---|---|\n| App Alfa | Celular autorizado há mais de 30 dias; Alfa Code ou Push habilitado; geolocalização ativa e autorizada; cartão ativo; senha de 8 dígitos ativa (códigos 0, 1 e/ou 2). Não disponível se bloqueada por ""8"". | **Com a senha anterior:** área logada > Perfil > Segurança > Central de senhas > Senha de 6 dígitos > Alterar. **Sem a senha anterior:** área logada > Perfil > Segurança > Central de senhas > Senha de 6 dígitos > Esqueci a senha > ""Agora utilizando o cartão"" (dados do cartão) — confirmação por: (i) biometria na TAA (cadastrada há mais de 7 dias): App Alfa > Menu > Perfil > Central de senhas > Senha de 6 dígitos > Esqueci a senha > No caixa eletrônico, depois na TAA em Segurança e Senhas > Senhas > Liberação de Senha Provisória > Senha da conta e cartão (6 dígitos); ou (ii) WhatsApp (telefone cadastrado no ATO): área logada > Perfil > Central de senhas > Senha de 6 dígitos > Esqueci a senha > Por WhatsApp. |\n| Site institucional | Senha de 8 dígitos ativa (códigos 0, 1 e/ou 2). Não disponível para quem não usa Alfa Code e não tem biometria cadastrada há mais de 7 dias (ou de forma assistida), nem para bloqueio ""U"" ou ""8"" da senha de 6 dígitos. | Em computador autorizado, com ou sem a senha anterior: **com adesão ao Alfa Code:** área logada > Segurança > Senhas > Alterar > Senha do cartão (6 dígitos) (exige código de autorização do Alfa Code). **Sem adesão ao Alfa Code, com biometria cadastrada:** mesmo caminho, confirmando em uma TAA com biometria cadastrada há mais de 7 dias. |\n| Agências (inclusive bloqueio ""U"") | — | Mediante identificação; recomendar que o cliente leve o cartão. |\n| SAC | Bloqueio ""U"": SAC Receptivo QP/QC (Célula de Segurança) → rotina 50130; SAC Soluções QP → rotina 50131; SAC Quadro Contratado → rotina 50112. Outros bloqueios: SAC Quadro Próprio → procedimento de Geração de Senha (item 6); SAC Quadro Contratado → rotina 50112. | — |\n| Plataforma de Relacionamento / ATA | Exceto bloqueio ""U"": Quadro Próprio → Geração de Senha; Quadro Contratado (não correntista portador de cartão) → Geração de Senha; correntistas/poupadores → demais canais. | — |\n\n**3.1.3. Bloqueio**\n\nCanais por iniciativa do cliente: TAA; SAC QC/QP; Plataforma de Relacionamento; site institucional (com Alfa Code); App Alfa (dispositivo autorizado, com Alfa Code ou push); agências.\n> Se o cliente detectar lançamentos indevidos na conta (inclusive por invasão do site), utilize também a rotina 50136, item 5.1. Bloqueio por um titular solidário impede os demais de transacionar. O bloqueio do código de acesso implica bloqueio da senha de 6 dígitos.\n\n**3.1.4. Desbloqueio**\n\nFeito COM conhecimento da senha anterior (sem isso, é preciso fazer a Alteração). Bloqueio ""U"" não admite desbloqueio, só Alteração.\n\n| Canal | Requisitos | Procedimento |\n|---|---|---|\n| App Alfa | Celular autorizado >30 dias; Alfa Code/Push habilitado; geolocalização ativa; cartão ativo; senha de 8 dígitos ativa (0,1,2). | Área logada > Perfil > Segurança > Central de senhas > Senha de 6 dígitos > Desbloquear. |\n| Site institucional | Senha de 8 dígitos ativa (0,1,2). | Em computador autorizado — com Alfa Code: Segurança > Senhas > Desbloquear (código de autorização); sem Alfa Code: mesmo caminho, confirmando em TAA com biometria (>7 dias). |\n| TAA | Biometria, ou cartão + código de acesso. | Menu > Segurança e Senhas > Senhas > Desbloqueio > Senha da conta e cartão (6 dígitos). |\n| Agência | Identificação (recomendar levar o cartão). | — |\n\n> Erro de digitação na tentativa de desbloqueio na TAA: só pode ser desbloqueada em agência. Bloqueio por iniciativa da agência/cliente: desbloqueio em qualquer agência. Bloqueio por erro de identificação positiva na TAA: só desbloqueia em agência (se o cliente souber a senha); usar a TAA para essa operação não é possível. Desbloqueio exige código de acesso ou biometria; sem nenhum dos dois, é necessário comparecer a uma agência.\n\n### 3.2. Senha de 8 dígitos\n\nAcessa o site institucional e o App Alfa; pode ser provisória¹ ou definitiva. Confirmação de transações financeiras via Alfa Code; sem Alfa Code, usa-se a senha de 6 dígitos (oriente o cadastramento do Alfa Code). Senha única — não precisa ser cadastrada por cada titular.\n\n> ¹ Provisória: só senhas antigas; acesso restrito a consultas. Para movimentações financeiras, deve ser liberada em uma TAA.\n\n**3.2.1. Cadastramento**\n\n| Canal | Procedimento |\n|---|---|\n| App Alfa | Correntistas/poupadores: ""Esqueci ou não tenho a senha"" na tela de login (clientes sem histórico de equipamento autorizado no ATO); o equipamento fica em carência (há um link de liberação). Clientes de conta digital: cadastram no fluxo de abertura via Mobile. |\n| TAA | Com biometria cadastrada há mais de 7 dias: Menu > Segurança e Senhas > Senhas > Cadastramento. |\n| Agência | Qualquer agência, informando a senha de 6 dígitos. |\n\n**3.2.2. Alteração**\n\n| Canal | Condição | Procedimento |\n|---|---|---|\n| App Alfa | Celular autorizado >30 dias; Alfa Code/Push; geolocalização; cartão ativo. | **Com a senha atual:** área logada > Perfil > Segurança > Central de senhas > Senha de 8 dígitos > Alterar (digitar a senha atual). **Sem a senha atual (inclusive bloqueio ≠ ""U""), ou bloqueio ""U"":** ""Esqueci minha senha"" (tela de login ou tela inicial não logada) > Recuperar senha > Senha de 8 dígitos > Esqueci a senha, com 3 opções: (i) ""Agora utilizando o cartão"" (dados do cartão, dispositivo autorizado, Alfa Code ou Push); (ii) ""No caixa eletrônico"" (confirmação por biometria na TAA, cadastrada há mais de 7 dias); (iii) por WhatsApp (telefone cadastrado no ATO + versão mínima do app + reconhecimento facial). *A opção ""recuperar senha"" só aparece em celular autorizado onde o cliente já acessou a conta ao menos uma vez.* |\n| Site institucional (computador autorizado) | Com a senha atual: exigida a senha de 8 dígitos atual. | **Com Alfa Code:** Segurança > Senhas > Alterar > Senha da internet (8 dígitos) (código de autorização). **Sem Alfa Code:** mesmo caminho, confirmando em TAA com biometria (>7 dias). Sem a senha atual (inclusive bloqueio ≠ ""U""), ou bloqueio ""U"": não disponível neste canal. |\n| TAA | Com ou sem a senha atual (inclusive bloqueios). | Menu > Segurança e Senhas > Senhas > Alteração > Senha de acesso à internet e ao celular (8 dígitos). Com biometria: qualquer horário (cadastrada há mais de 7 dias, ou de forma assistida). Sem biometria, com cartão com chip + código de acesso: das 10h às 16h em dias úteis. |\n| Agência | Com ou sem a senha atual (inclusive bloqueios). | Atendimento presencial, exigindo a senha de 6 dígitos; recomendar levar o cartão. |\n| SAC | Com a senha atual, ou sem ela (exceto ""U""): Quadro Próprio → Geração de Senha; Quadro Contratado → rotina 50112. Bloqueio ""U"": SAC Receptivo (Célula de Segurança) → rotina 50130; SAC Soluções QP → rotina 50131; SAC QC → rotina 50112. | — |\n| Plataforma de Relacionamento / ATA | Com a senha atual, ou sem ela (exceto ""U""): Quadro Próprio → Geração de Senha; Quadro Contratado (não correntista com cartão) → Geração de Senha; correntistas/poupadores → demais canais. Bloqueio ""U"": não disponível neste canal. | — |\n\n**3.2.3. Bloqueio**\n\nCanais por iniciativa do cliente: TAA; SAC; agências; site institucional (com Alfa Code); App Alfa (dispositivo autorizado, com Alfa Code ou push). Bloqueio de segurança ocorre quando há indício de violação da senha. Bloqueio ""T"": não é mais aplicado — restam apenas registros até 2012.\n\n**3.2.4. Desbloqueio**\n\n> Sem conhecimento da senha anterior, bloqueio ""U"" (segurança) ou bloqueio ""4"": seguir os procedimentos de Alteração.\n\nConsulte em `SISRET X69 > 02` (correntistas: agência/conta; não correntistas: número do cartão), campo STATUS, ou pela Plataforma (Segurança > Senhas > Gerenciamento de Senhas). Não pergunte data de validade nem CVV ao cliente — preencha o número do cartão, use o mês/ano do contato como validade e ""000"" no CVV2.\n\n| Tipo de bloqueio | Canal | Procedimento |\n|---|---|---|\n| Por iniciativa da agência ou do cliente | Agência | Com a senha de 6 dígitos (recomendar levar o cartão). |\n| | TAA | Com código de acesso ou biometria. |\n| Por motivo ""T"" | Agência | Idem acima. |\n| | TAA | Idem acima. |\n| Por digitação incorreta 3 vezes | App Alfa (dispositivo autorizado >30 dias, Alfa Code/Push, geolocalização, cartão ativo) | Recuperar Senhas > Senha de 8 dígitos > Desbloquear (digitar a senha atual). |\n| | Agência | Com a senha de 6 dígitos. |\n| | TAA | Com código de acesso ou biometria. |\n| Por erro na tentativa de desbloqueio na TAA | Agência | Com a senha de 6 dígitos. |\n\n---\n\n## 4. Não Correntista\n\n### 4.1. Senha de 6 dígitos\n\n**4.1.1. Cadastramento:** clientes não correntistas que solicitam Cartão Alfa via App ou web cadastram no próprio fluxo de solicitação. Private Label → rotina 50133. Cartões de programa de fidelidade parceiro → rotina 50134.\n\n**4.1.2. Alteração:** Agência (qualquer uma, com cartão válido e identificação); SAC e Plataforma de Relacionamento → item 6 desta rotina.\n\n**4.1.3. Bloqueio:** por iniciativa do cliente — TAA; SAC QC/QP; Plataforma de Relacionamento; agências.\n\n**4.1.4. Desbloqueio:** Agência (qualquer uma, com a senha de 6 dígitos); TAA (com o código de acesso).\n\n### 4.2. Conta de Acesso e Senha de 8 dígitos\n\n**Demanda:** dificuldade para acessar o App Alfa ou o App Cartão Alfa com a senha de 8 dígitos.\n\n> **Atenção:** há 2 tipos de senha de 8 dígitos para não correntista — **Conta de Acesso** (acessa o App Alfa) e **Senha-8** (acessa o App Cartão Alfa). O cliente normalmente não sabe dessa distinção. Para identificar o tipo, siga o item 4.2.1.\n\n**4.2.1. Identificação do tipo de senha**\n\n*4.2.1.1. Sistema Alfa:*\n- a) Senha Conta de Acesso: `SISRET X69 > 02 > nº do cartão`. Se ""não localizado"" ou se o cliente tiver os dois tipos, siga para (b). Se possuir só Conta de Acesso: Quadro Contratado → siga para 4.2.2; Quadro Próprio → confira a situação (se ""Ativo"", tecle F9 para mais detalhes) e siga para 4.2.2.\n- b) Senha-8: `SISALFA > SISRET X69 > 02 > nº do cartão`. Cliente com só Senha-8, ou com as duas → oriente conforme 4.2.2 (Quadro Próprio e Contratado).\n\n*4.2.1.2. Plataforma:* não pergunte data de validade nem CVV. `Plataforma de Negócios > Segurança > Senhas > Gerenciamento de Senhas 3.0` — preencha o número do cartão, use o mês/ano do contato como validade e ""000"" no CVV2.\n\n**4.2.2. Procedimentos** (se o cliente tiver os dois tipos, pergunte qual app ele quer acessar):\n\n| Senha | Cadastramento | Alteração | Bloqueio | Desbloqueio |\n|---|---|---|---|---|\n| **Conta de Acesso** (App Alfa) | No momento da contratação do cartão (App Alfa/onboarding digital) | App Alfa (Central de Senhas) ou link de recuperação; Agência (cartão válido e previamente liberado) | Agência | Agência (cartão válido e previamente liberado) |\n| **Senha-8** (App Cartão Alfa) | No momento da contratação do cartão (lojas parceiras, correspondentes, agências) | TAA; SAC e Plataforma de Relacionamento (Geração de Senha, ou outros canais); App Cartão Alfa ""Esqueci minha senha"" (sem bloqueio vigente); Agência | TAA; APF; Mobile; agências; **se o cliente foi vítima de assalto, roubo ou sequestro:** SAC QP/QC e Plataforma de Relacionamento → `SISRET X98`, código de rota 800050, conta = nº da conta do cartão | TAA; Agência |\n\n> Não correntistas com Conta de Acesso também podem acessar o App Cartão Alfa, mas precisam cadastrar uma senha de 8 dígitos separada via ""Esqueci senha"" — explique que serão duas senhas diferentes, uma para cada app. Quem possui só a Senha-8 NÃO consegue acessar o App Alfa.\n\n---\n\n## 5. Código de Acesso (Alfanumérico)\n\na) **Deficientes visuais:** o cliente com deficiência visual total pode ser dispensado da exigência do código de acesso, mediante registro da característica no cadastro pela agência. Em conta conjunta, a dispensa vale só para o titular com a deficiência.\n\nb) **Tipos:** CAA (letras), CAS (sílabas), CAN (alfanumérico). Emitido quando o cliente usa a TAA com cartão pela primeira vez, tentando uma transação/consulta — o cliente é avisado do novo código, que substitui o anterior.\n\nc) Se o cliente disser que não tem/não anotou o código: oriente conforme a tabela abaixo, ou informe que TAAs com biometria dispensam o código de acesso (rotina 50132, itens 1 e 9).\n\n**5.1. O que é:** código aleatório (letras, sílabas e/ou números), não escolhido pelo cliente; para PF e PJ, correntistas, não correntistas e poupadores portadores de cartão; necessário em: TAA, Banco 24 Horas e rede compartilhada (Banco Parceiro Beta).\n\n**5.2. Cadastramento:** gerado e impresso automaticamente no primeiro uso do cartão na TAA; regenerado em migração de conta (mesmo cartão) ou quando o código antigo é cancelado. Se a impressora estiver inoperante, é mostrado só em tela. Código único para todos os titulares solidários.\n\n**5.3. Alteração:** não existe alteração direta — o código deve ser cancelado (canais abaixo); a nova combinação é gerada automaticamente no próximo acesso à TAA. *(O código não muda se a senha da conta corrente for alterada.)*\n\n| Canal | Procedimento |\n|---|---|\n| App Alfa | Área logada > Perfil > Segurança > Central de senhas > Código de Acesso > Solicitar novo código. |\n| Site institucional | Área logada — confirmação via Alfa Code; sem Alfa Code, confirma na TAA com biometria cadastrada há mais de 7 dias. |\n| Agência | Com a senha de 6 dígitos (recomendar levar o cartão). |\n\n**5.4. Bloqueio:** após 3 tentativas seguidas incorretas. Bloqueio da senha de 6 dígitos ou do código de acesso mantém o uso da TAA com biometria. Bloqueio da senha de 6 dígitos mantém o uso do código de acesso, exceto nos bloqueios ""U"" ou ""8"".\n\n**5.5. Desbloqueio:** pelo próprio cliente na TAA, usando o próprio código de acesso. Se houver novo erro, o código deve ser cancelado (site institucional com Alfa Code, App Alfa, ou qualquer agência) para gerar um novo.\n\n---\n\n## 6. Geração de Senha PF – Procedimentos\n\nEnvio de senha (6 e 8 dígitos) por SMS para PF — só para ALTERAÇÃO (não para cadastro de primeira senha, que segue outros canais). Não disponível para senhas ""não cadastradas""/""a cadastrar"" ou bloqueio ""U"". Faça as consultas do item 6.2 antes.\n\n### 6.1. Atendimento\n\n| Frente | Quem atende | Identificação |\n|---|---|---|\n| SAC QP | Correntistas e não correntistas | Cliente autenticado (URA, Token ou Identificação Positiva) |\n| SAC QC | Não correntistas portadores de cartão (correntistas/poupadores: transferir para a Célula de Segurança via rotina 50106) | — |\n| Plataforma de Relacionamento QP | Correntistas e não correntistas | Autenticado por CPF+senha, agência/conta+senha ou Token: IP dispensada. Atendimentos ATA, Consultoria e Texto: exigem IP. Bancada Cartão: Checklist Maior Risco. |\n| Plataforma de Relacionamento QC | Não correntistas portadores de cartão (correntistas/poupadores: demais canais, itens 3 e 4) | — |\n\n### 6.2. Consultas\n\n1. Verifique o cadastro da senha em `SISRET X69 > 02` ou pela Plataforma (Segurança > Senhas > Gerenciamento de Senhas) — correntistas: agência/conta; não correntistas: número do cartão (não pedir validade/CVV; usar mês/ano do contato e ""000"" no CVV2).\n2. Resultado ""Não cadastrada""/""A cadastrar"" → cliente não correntista com entrada via onboarding digital; não é possível enviar senha; oriente: 8 dígitos via App Alfa (se dispositivo autorizado com Alfa Code/push); 6 dígitos, comparecer a uma agência.\n3. Resultado ""U Bloqueado"" → SAC Receptivo (Célula de Segurança) → rotina 50130; SAC Soluções QP → rotina 50131; SAC Receptivo QC → rotina 50112; Plataforma de Relacionamento → orientar contato com o SAC.\n4. Demais situações → prossiga: pergunte o celular atual do cliente (não informe outros números cadastrados) e confira no cadastro (agência/conta ou MCI) se é o mesmo já registrado. Se divergente, ou se houver mais de um número/duplicidade cadastrada → oriente comparecimento a uma agência. Se for o mesmo e único número → siga para 6.3.\n\n### 6.3. Geração de Senha\n\na) Acesse Plataforma > Segurança > Senhas > Envio de Senha por SMS.\nb) Consulte por tipo de cliente: correntista (CPF, agência e conta, ou MCI); não correntista (CPF); na aba Cartão, informe o número (via `Cartão > 11 > 1` ou `17 > 01 > 01`) — se houver mais de um cartão, peça modalidade e os 4 últimos dígitos.\nc) Selecione a conta/cartão do cliente.\nd) Selecione o envio de senha de 8 e/ou 6 dígitos — o sistema gera uma senha aleatória e envia por SMS.\ne) Informe que a senha chega por SMS ao celular cadastrado, sem prazo de expiração, e que deve ser alterada assim que possível por segurança.\nf) Se for senha de 6 dígitos, informe que, após a alteração, é preciso validar o chip do cartão em qualquer TAA — caso contrário, a nova senha não funcionará com o cartão com chip.\n\n---\n\n## 7. Cliente no Exterior\n\na) **Central de Senhas** (no App Alfa; exige cartão ativo, dispositivo liberado e Alfa Code/Push): permite alterar/bloquear/desbloquear/criar senha de 8 dígitos; alterar/bloquear/desbloquear senha de 6 dígitos; solicitar novo código de acesso. Acesso com a senha atual: área logada > Perfil > Central de senhas. Sem a senha: tela inicial não logada > Recuperar senha.\n\nb) **Agências no exterior:** procedimento de senhas disponível somente na agência de Tóquio.\n\nc) Solicitar a um representante legal (com procuração com firma reconhecida) que realize a operação na agência de relacionamento do cliente no Brasil.\n\nd) A agência de relacionamento envia ao e-mail cadastrado no MCI uma declaração para o cliente assinar e digitalizar — válido apenas para senhas bloqueadas por erro, não para bloqueio ""U"" (suspeita de fraude). O pedido pode começar por qualquer canal de contato, mas a declaração assinada só pode retornar pelo e-mail cadastrado no MCI. A agência de relacionamento pode ser confirmada com o cliente durante a ligação, na aba lateral da Plataforma de Relacionamento.\n\ne) **Cartões com chip:** após a alteração da senha de 6 dígitos, oriente o cliente a atualizar o chip de todos os plásticos ao voltar ao Brasil (em uma TAA), sob risco de impacto em transações presenciais; carteiras digitais funcionam normalmente após a troca.\n\nf) **Uso da senha no exterior:** alguns terminais usam PIN de 4 e/ou 6 dígitos. Nos de 4 dígitos, o cliente informa os 4 primeiros dígitos da sua senha de 6. No exterior, o cliente tem as mesmas opções dos demais clientes, pelo site institucional ou pelo App Alfa.\n\n---\n\n## 8. Senha do Portador Adicional\n\n| Portador | Solicitação | Alteração/reposição |\n|---|---|---|\n| **Adicional não correntista** | Presencial: senha de 6 dígitos cadastrada na hora. Demais canais: senha enviada por correio ao endereço do portador titular. | Se perder, esquecer ou não receber, cadastrar nova em qualquer agência. |\n| **Adicional correntista** | Usa a mesma senha pessoal de 6 dígitos de sua própria conta. Sem senha gravada: modalidades Doméstico/Internacional → sistema não gera o cartão; modalidades Gold e superiores → senha enviada por correio, cartão gerado após o recebimento. | Se perder, esquecer ou não receber, seguir as orientações do item 3. |\n\n---\n\n## 9. Acesso ao gov.br com credenciais do Banco Alfa\n\nVer rotina 50135.\n\n---\n\n## 10. Central de Senhas PF\n\nSolução de segurança no App Alfa para o cliente gerenciar suas senhas.\n- **Área logada:** Perfil > Segurança > Central de Segurança > Central de senhas; Perfil > Segurança > Central de senhas; Menu > Segurança > Central de Segurança > Central de Senhas.\n- **Área não logada:** Tela inicial > Recuperar Senha; ou role a tela para cima > Recuperar Senha.\n\n**Requisitos:** celular autorizado há mais de 30 dias; telefone cadastrado no ATO; Alfa Code ou Push habilitado; geolocalização ativa e autorizada; permissão de câmera concedida ao app; cartão ativo.\n\n> **Atenção:** não correntistas usam a Central de Senhas apenas para alterar a senha ""Conta de Acesso"" (ver item 4.2.2).\n\n---\n\n## 11. Fontes de informação\n\nUGS – Unidade de Gestão de Segurança (código 800040) · Normativo interno 5001 · Normativo interno 5002\n\n---\n\n## 12. Rotinas absorvidas\n\nO conteúdo das seguintes rotinas foi absorvido por este documento:\n\n| Código (anonimizado) | Assunto |\n|---|---|\n| 50137 | Senhas – Orientações (Código de Acesso) |\n| 50138 | Senhas – Orientações (Não correntista) |\n| 50139 | Senhas – Correntistas (Internet e Celular) |\n| 50140 | Arquivada – Senhas – Orientações (Conta-corrente) |\n| 50141 | POP UP – Senhas – Tipos de bloqueio |\n| 50142 | Modalidade de conta simplificada – Senhas |\n| 50143 | Senhas – Orientações – Poupador não correntista |\n| 50144 | Acesso do cliente à plataforma digital gov.br (parceria Banco Alfa e Governo Federal) |\n| 50145 | Senhas – Alfa Digital PJ |\n| 50146 | Atendimento para clientes não participantes do modelo ATA |\n| 50147 | Geração de senha PF – Procedimentos |\n']","Cliente com deficiência visual total pode ser dispensado do código de acesso mediante registro da característica no cadastro pela agência. Em conta conjunta, a dispensa vale somente para o titular com a deficiência.",ROLE_RESTRICTION,12.0861,,0.125,0.8742839436913826,1.0,0.9999999999
Correntista no exterior com senha em bloqueio 'U' por suspeita de fraude. Pode resolver por e-mail com declaração assinada?,"Como assistente bancário, informo que, por questões de segurança e normas de prevenção à lavagem de dinheiro e fraude, **a maioria das instituições financeiras não permite o desbloqueio de senhas ou contas apenas por e-mail**, mesmo com declaração assinada.

O bloqueio ""U"" (geralmente associado a suspeita de uso indevido ou fraude) é uma medida de proteção rigorosa. Para resolver essa situação estando no exterior, o procedimento padrão costuma seguir estas diretrizes:

1.  **Canais Oficiais de Atendimento:** Entre em contato com a Central de Atendimento do seu banco através dos números internacionais (geralmente disponíveis no verso do cartão ou no site oficial). Eles confirmarão se há uma alternativa remota específica para o seu caso.
2.  **Aplicativo ou Internet Banking:** Verifique se o seu banco oferece a opção de desbloqueio via reconhecimento facial ou validação por token no próprio aplicativo.
3.  **Procuração:** Caso não consiga resolver remotamente, o banco pode exigir que um procurador legalmente constituído (com poderes específicos para movimentação bancária) compareça a uma agência no Brasil.
4.  **Embaixada/Consulado:** Em casos extremos, alguns bancos aceitam documentos autenticados em consulados brasileiros, mas isso depende da política interna da instituição.

**Recomendação importante:**
*   **Não envie documentos sensíveis por e-mail comum**, pois não é um canal seguro para o envio de dados bancários e documentos de identificação.
*   **Cuidado com golpes:** Certifique-se de que está falando com o canal oficial do banco. Nunca forneça senhas completas por telefone ou e-mail.

**O próximo passo ideal:** Ligue para o número de atendimento ao cliente do seu banco (preferencialmente o canal de ""Prevenção a Fraudes"") e pergunte especificamente: *""Estou no exterior, minha conta está com bloqueio 'U'. Qual é o protocolo oficial para comprovação de identidade à distância?""* Eles informarão se existe um portal seguro ou um procedimento de vídeo-chamada disponível.","['# POP – Gestão de Senhas e Código de Acesso – Pessoa Física\n### [Versão anonimizada/pseudonimizada — documento complementar ao POP de CDC]\n\n> **Nota metodológica:** este documento usa a mesma metodologia e os mesmos pseudônimos institucionais do POP de CDC anonimizado anteriormente (Banco Alfa, SISALFA, App Alfa etc.). Termos novos e específicos deste documento (produtos de cartão, plataformas, rotinas) foram adicionados à mesma chave de correspondência (arquivo único, cumulativo). A lógica processual e as condições originais foram mantidas integralmente.\n\n**Sumário:** Notas iniciais · 1. Resumo das senhas · 2. Situação das senhas · 3. Correntistas e poupadores · 4. Não correntista · 5. Código de acesso · 6. Geração de senha PF · 7. Cliente no exterior · 8. Senha do portador adicional · 9. Acesso ao gov.br · 10. Central de Senhas PF · 11. Fontes de informação · 12. Rotinas absorvidas\n\n---\n\n## Notas iniciais\n\na) **Transferência de saldo/produtos entre agências:** a senha da agência de origem não é alterada; o cliente acessa normalmente a conta na agência de destino.\n\nb) Os procedimentos desta rotina não se aplicam a clientes PJ ou Setor Público. Para chave J e senhas (Alfa Digital PJ), ver rotina 50129.\n\nc) **Titulares solidários:** as senhas (6 e 8 dígitos) e o código de acesso são os mesmos para todos os titulares. Se um titular bloquear a senha, os demais ficam impossibilitados de realizar transações.\n\nd) **Push:** notificação recebida diretamente no App Alfa. Para ativar: 1) autorizar o App Alfa no sistema do celular (Android: Configurações > Receber Notificações; iOS: Ajustes > Receber Notificações); 2) ativar pelo App Alfa (área logada) em Perfil > Geral > Receber notificações.\n\ne) **Bloqueio de Canal:** consulte na plataforma em Segurança > Bloqueio de segurança > Histórico. Havendo bloqueio, o desbloqueio ocorre após a alteração das senhas de 6 e 8 dígitos — é obrigatório alterar primeiro a de 8 dígitos, depois a de 6. Use os itens 3 e/ou 4 para orientar os canais.\n\n---\n\n## 1. Resumo da utilização das senhas\n\n| Tipo de senha | Canais de utilização |\n|---|---|\n| Senha de 4 dígitos | Descontinuada |\n| Senha de 6 dígitos | Confirma transações de cartão débito e crédito. Plataforma de Relacionamento/URA: acesso, consulta e confirmação de transações da mesma titularidade. Site institucional (sem Alfa Code): confirmação de transações financeiras. App Alfa: confirmação de transações financeiras. WhatsApp Alfa: pode ser solicitada para confirmação de algumas transações. TCX, TAD, POS, correspondente bancário: confirmação de transações. TAA: confirmação de transações de beneficiários do INSS e de portadores de deficiência visual sem código de acesso. Banco 24 Horas e rede compartilhada (Banco Parceiro Beta): confirmação de transações de portadores de deficiência visual sem código de acesso. |\n| Senha de 8 dígitos | Site institucional, App Alfa, App Cartão Alfa e WhatsApp: acesso, consultas, transações financeiras e aquisição de produtos/serviços. |\n| Código de Acesso (letras, sílabas ou alfanumérico) | TAA, Banco 24 Horas e rede compartilhada: confirma transações, inclusive saques na função crédito do cartão. |\n| Conta de Acesso (senha alfanumérica) | Utilizada por não correntistas no App Alfa (versão não correntista). |\n\n---\n\n## 2. Situação das Senhas\n\n### 2.1. Consultas\n- Senhas de 6/8 dígitos e código de acesso — Quadro Próprio e Quadro Contratado: `SISALFA > SISRET > X69 > 2` (correntistas: agência e conta; não correntistas: número do cartão), campo STATUS (pode ser informado ao cliente).\n- Conta de Acesso (Quadro Próprio): `SISALFA > ACESSO > 32 > 01 > CPF`.\n\n### 2.2. Códigos aplicáveis a TODOS os tipos de senha\n| Código | Significado | Situação |\n|---|---|---|\n| 0 | Sem ocorrência de erro de digitação | Ativa |\n| 1 | Cliente errou a digitação uma vez | — |\n| 2 | Cliente errou a digitação duas vezes | — |\n| 3 | Cliente errou a digitação três vezes (se ocorrer na senha de 6 dígitos via APF, Mobile ou WhatsApp, o bloqueio ""3"" é aplicado também à senha de 8 dígitos) | Bloqueada |\n| 6 | Senha (PJ e Governo) cadastrada no Alfa Digital PJ, aguardando confirmação de um funcionário da agência | — |\n| 7 | Senha (PJ e Governo) cadastrada no Alfa Digital PJ, aguardando confirmação de dois funcionários da agência | — |\n| Q | Senha alterada no APF Internet sem Alfa Code, ou no APF Celular sem fotografar cartão válido (aguardando confirmação na TAA com biometria cadastrada há mais de 7 dias) | — |\n| U | Senha bloqueada pelo monitoramento de segurança dos canais de autoatendimento | — |\n\n### 2.3. Códigos exclusivos da senha de 6 dígitos\n| Código | Significado | Situação |\n|---|---|---|\n| A | Senha digitada errada 3 vezes | Bloqueada |\n| D | Erro na tentativa de desbloqueio na TAA, ou bloqueio feito pelo próprio cliente via APF Celular/Internet | — |\n\n### 2.4. Códigos exclusivos da senha de 8 dígitos\n| Código | Significado | Situação |\n|---|---|---|\n| T | Senha registrada antes de 2012 e bloqueada por não uso nos últimos 90 dias | Bloqueada |\n| D | Alteração iniciada via APF Celular, com falha na confirmação via TAA sem biometria | — |\n| P | Senha cadastrada via APF Internet/Celular, aguardando confirmação na TAA | — |\n| 4 | Erro na tentativa de desbloqueio via Mobile | — |\n| 8 | Senha bloqueada pela agência ou pelo próprio cliente nos canais de autoatendimento | — |\n\n### 2.5. Situações do código de acesso\nCódigo ""4"" = tentativa de desbloqueio na TAA; CAA = letras; CAS = sílabas; CAN = alfanumérico.\n\n### 2.6. Situações da senha alfanumérica (Conta de Acesso)\n*Solicitado* = cadastramento/alteração pedidos; *Ativa* = cadastrada e ativa; *Bloqueado* = bloqueada por erro de digitação ou por segurança.\n> Essa confirmação ocorre por oferta ativa, sem necessidade de navegar pelo menu da TAA.\n\n---\n\n## 3. Correntistas e Poupadores\n\n### 3.1. Senha de 6 dígitos (conta e cartão)\n\nUsada para autorizar transações em: terminais de caixa das agências, TAA, site institucional (sem Alfa Code), App Alfa, correspondente bancário, transações de cartão (débito e crédito) e acesso à Central de Relacionamento/SAC. Vinculada à agência/conta (correntista) ou ao CPF (não correntista).\n\n**3.1.1. Cadastramento**\n\n| Canal | Procedimento |\n|---|---|\n| Agência | Correntistas e poupadores: no fluxo de abertura de conta, em qualquer agência. Beneficiários do INSS: em qualquer agência. Clientes de conta digital: no fluxo de abertura pelo App Alfa. |\n\n> **Atenção:** se o cliente quiser encerrar a conta corrente e ficar só com o cartão de crédito, cadastre nova senha como não correntista — obrigatório para não deixar pendente a emissão dos cartões.\n\n**3.1.2. Alteração**\n\n> Para cartões com chip, após a alteração, oriente o cliente a atualizar o chip de todos os plásticos em qualquer TAA (sob risco da senha não funcionar). Verifique a possibilidade de enviar senha provisória por SMS (item 6).\n\n| Canal | Requisitos/Condição | Procedimento |\n|---|---|---|\n| App Alfa | Celular autorizado há mais de 30 dias; Alfa Code ou Push habilitado; geolocalização ativa e autorizada; cartão ativo; senha de 8 dígitos ativa (códigos 0, 1 e/ou 2). Não disponível se bloqueada por ""8"". | **Com a senha anterior:** área logada > Perfil > Segurança > Central de senhas > Senha de 6 dígitos > Alterar. **Sem a senha anterior:** área logada > Perfil > Segurança > Central de senhas > Senha de 6 dígitos > Esqueci a senha > ""Agora utilizando o cartão"" (dados do cartão) — confirmação por: (i) biometria na TAA (cadastrada há mais de 7 dias): App Alfa > Menu > Perfil > Central de senhas > Senha de 6 dígitos > Esqueci a senha > No caixa eletrônico, depois na TAA em Segurança e Senhas > Senhas > Liberação de Senha Provisória > Senha da conta e cartão (6 dígitos); ou (ii) WhatsApp (telefone cadastrado no ATO): área logada > Perfil > Central de senhas > Senha de 6 dígitos > Esqueci a senha > Por WhatsApp. |\n| Site institucional | Senha de 8 dígitos ativa (códigos 0, 1 e/ou 2). Não disponível para quem não usa Alfa Code e não tem biometria cadastrada há mais de 7 dias (ou de forma assistida), nem para bloqueio ""U"" ou ""8"" da senha de 6 dígitos. | Em computador autorizado, com ou sem a senha anterior: **com adesão ao Alfa Code:** área logada > Segurança > Senhas > Alterar > Senha do cartão (6 dígitos) (exige código de autorização do Alfa Code). **Sem adesão ao Alfa Code, com biometria cadastrada:** mesmo caminho, confirmando em uma TAA com biometria cadastrada há mais de 7 dias. |\n| Agências (inclusive bloqueio ""U"") | — | Mediante identificação; recomendar que o cliente leve o cartão. |\n| SAC | Bloqueio ""U"": SAC Receptivo QP/QC (Célula de Segurança) → rotina 50130; SAC Soluções QP → rotina 50131; SAC Quadro Contratado → rotina 50112. Outros bloqueios: SAC Quadro Próprio → procedimento de Geração de Senha (item 6); SAC Quadro Contratado → rotina 50112. | — |\n| Plataforma de Relacionamento / ATA | Exceto bloqueio ""U"": Quadro Próprio → Geração de Senha; Quadro Contratado (não correntista portador de cartão) → Geração de Senha; correntistas/poupadores → demais canais. | — |\n\n**3.1.3. Bloqueio**\n\nCanais por iniciativa do cliente: TAA; SAC QC/QP; Plataforma de Relacionamento; site institucional (com Alfa Code); App Alfa (dispositivo autorizado, com Alfa Code ou push); agências.\n> Se o cliente detectar lançamentos indevidos na conta (inclusive por invasão do site), utilize também a rotina 50136, item 5.1. Bloqueio por um titular solidário impede os demais de transacionar. O bloqueio do código de acesso implica bloqueio da senha de 6 dígitos.\n\n**3.1.4. Desbloqueio**\n\nFeito COM conhecimento da senha anterior (sem isso, é preciso fazer a Alteração). Bloqueio ""U"" não admite desbloqueio, só Alteração.\n\n| Canal | Requisitos | Procedimento |\n|---|---|---|\n| App Alfa | Celular autorizado >30 dias; Alfa Code/Push habilitado; geolocalização ativa; cartão ativo; senha de 8 dígitos ativa (0,1,2). | Área logada > Perfil > Segurança > Central de senhas > Senha de 6 dígitos > Desbloquear. |\n| Site institucional | Senha de 8 dígitos ativa (0,1,2). | Em computador autorizado — com Alfa Code: Segurança > Senhas > Desbloquear (código de autorização); sem Alfa Code: mesmo caminho, confirmando em TAA com biometria (>7 dias). |\n| TAA | Biometria, ou cartão + código de acesso. | Menu > Segurança e Senhas > Senhas > Desbloqueio > Senha da conta e cartão (6 dígitos). |\n| Agência | Identificação (recomendar levar o cartão). | — |\n\n> Erro de digitação na tentativa de desbloqueio na TAA: só pode ser desbloqueada em agência. Bloqueio por iniciativa da agência/cliente: desbloqueio em qualquer agência. Bloqueio por erro de identificação positiva na TAA: só desbloqueia em agência (se o cliente souber a senha); usar a TAA para essa operação não é possível. Desbloqueio exige código de acesso ou biometria; sem nenhum dos dois, é necessário comparecer a uma agência.\n\n### 3.2. Senha de 8 dígitos\n\nAcessa o site institucional e o App Alfa; pode ser provisória¹ ou definitiva. Confirmação de transações financeiras via Alfa Code; sem Alfa Code, usa-se a senha de 6 dígitos (oriente o cadastramento do Alfa Code). Senha única — não precisa ser cadastrada por cada titular.\n\n> ¹ Provisória: só senhas antigas; acesso restrito a consultas. Para movimentações financeiras, deve ser liberada em uma TAA.\n\n**3.2.1. Cadastramento**\n\n| Canal | Procedimento |\n|---|---|\n| App Alfa | Correntistas/poupadores: ""Esqueci ou não tenho a senha"" na tela de login (clientes sem histórico de equipamento autorizado no ATO); o equipamento fica em carência (há um link de liberação). Clientes de conta digital: cadastram no fluxo de abertura via Mobile. |\n| TAA | Com biometria cadastrada há mais de 7 dias: Menu > Segurança e Senhas > Senhas > Cadastramento. |\n| Agência | Qualquer agência, informando a senha de 6 dígitos. |\n\n**3.2.2. Alteração**\n\n| Canal | Condição | Procedimento |\n|---|---|---|\n| App Alfa | Celular autorizado >30 dias; Alfa Code/Push; geolocalização; cartão ativo. | **Com a senha atual:** área logada > Perfil > Segurança > Central de senhas > Senha de 8 dígitos > Alterar (digitar a senha atual). **Sem a senha atual (inclusive bloqueio ≠ ""U""), ou bloqueio ""U"":** ""Esqueci minha senha"" (tela de login ou tela inicial não logada) > Recuperar senha > Senha de 8 dígitos > Esqueci a senha, com 3 opções: (i) ""Agora utilizando o cartão"" (dados do cartão, dispositivo autorizado, Alfa Code ou Push); (ii) ""No caixa eletrônico"" (confirmação por biometria na TAA, cadastrada há mais de 7 dias); (iii) por WhatsApp (telefone cadastrado no ATO + versão mínima do app + reconhecimento facial). *A opção ""recuperar senha"" só aparece em celular autorizado onde o cliente já acessou a conta ao menos uma vez.* |\n| Site institucional (computador autorizado) | Com a senha atual: exigida a senha de 8 dígitos atual. | **Com Alfa Code:** Segurança > Senhas > Alterar > Senha da internet (8 dígitos) (código de autorização). **Sem Alfa Code:** mesmo caminho, confirmando em TAA com biometria (>7 dias). Sem a senha atual (inclusive bloqueio ≠ ""U""), ou bloqueio ""U"": não disponível neste canal. |\n| TAA | Com ou sem a senha atual (inclusive bloqueios). | Menu > Segurança e Senhas > Senhas > Alteração > Senha de acesso à internet e ao celular (8 dígitos). Com biometria: qualquer horário (cadastrada há mais de 7 dias, ou de forma assistida). Sem biometria, com cartão com chip + código de acesso: das 10h às 16h em dias úteis. |\n| Agência | Com ou sem a senha atual (inclusive bloqueios). | Atendimento presencial, exigindo a senha de 6 dígitos; recomendar levar o cartão. |\n| SAC | Com a senha atual, ou sem ela (exceto ""U""): Quadro Próprio → Geração de Senha; Quadro Contratado → rotina 50112. Bloqueio ""U"": SAC Receptivo (Célula de Segurança) → rotina 50130; SAC Soluções QP → rotina 50131; SAC QC → rotina 50112. | — |\n| Plataforma de Relacionamento / ATA | Com a senha atual, ou sem ela (exceto ""U""): Quadro Próprio → Geração de Senha; Quadro Contratado (não correntista com cartão) → Geração de Senha; correntistas/poupadores → demais canais. Bloqueio ""U"": não disponível neste canal. | — |\n\n**3.2.3. Bloqueio**\n\nCanais por iniciativa do cliente: TAA; SAC; agências; site institucional (com Alfa Code); App Alfa (dispositivo autorizado, com Alfa Code ou push). Bloqueio de segurança ocorre quando há indício de violação da senha. Bloqueio ""T"": não é mais aplicado — restam apenas registros até 2012.\n\n**3.2.4. Desbloqueio**\n\n> Sem conhecimento da senha anterior, bloqueio ""U"" (segurança) ou bloqueio ""4"": seguir os procedimentos de Alteração.\n\nConsulte em `SISRET X69 > 02` (correntistas: agência/conta; não correntistas: número do cartão), campo STATUS, ou pela Plataforma (Segurança > Senhas > Gerenciamento de Senhas). Não pergunte data de validade nem CVV ao cliente — preencha o número do cartão, use o mês/ano do contato como validade e ""000"" no CVV2.\n\n| Tipo de bloqueio | Canal | Procedimento |\n|---|---|---|\n| Por iniciativa da agência ou do cliente | Agência | Com a senha de 6 dígitos (recomendar levar o cartão). |\n| | TAA | Com código de acesso ou biometria. |\n| Por motivo ""T"" | Agência | Idem acima. |\n| | TAA | Idem acima. |\n| Por digitação incorreta 3 vezes | App Alfa (dispositivo autorizado >30 dias, Alfa Code/Push, geolocalização, cartão ativo) | Recuperar Senhas > Senha de 8 dígitos > Desbloquear (digitar a senha atual). |\n| | Agência | Com a senha de 6 dígitos. |\n| | TAA | Com código de acesso ou biometria. |\n| Por erro na tentativa de desbloqueio na TAA | Agência | Com a senha de 6 dígitos. |\n\n---\n\n## 4. Não Correntista\n\n### 4.1. Senha de 6 dígitos\n\n**4.1.1. Cadastramento:** clientes não correntistas que solicitam Cartão Alfa via App ou web cadastram no próprio fluxo de solicitação. Private Label → rotina 50133. Cartões de programa de fidelidade parceiro → rotina 50134.\n\n**4.1.2. Alteração:** Agência (qualquer uma, com cartão válido e identificação); SAC e Plataforma de Relacionamento → item 6 desta rotina.\n\n**4.1.3. Bloqueio:** por iniciativa do cliente — TAA; SAC QC/QP; Plataforma de Relacionamento; agências.\n\n**4.1.4. Desbloqueio:** Agência (qualquer uma, com a senha de 6 dígitos); TAA (com o código de acesso).\n\n### 4.2. Conta de Acesso e Senha de 8 dígitos\n\n**Demanda:** dificuldade para acessar o App Alfa ou o App Cartão Alfa com a senha de 8 dígitos.\n\n> **Atenção:** há 2 tipos de senha de 8 dígitos para não correntista — **Conta de Acesso** (acessa o App Alfa) e **Senha-8** (acessa o App Cartão Alfa). O cliente normalmente não sabe dessa distinção. Para identificar o tipo, siga o item 4.2.1.\n\n**4.2.1. Identificação do tipo de senha**\n\n*4.2.1.1. Sistema Alfa:*\n- a) Senha Conta de Acesso: `SISRET X69 > 02 > nº do cartão`. Se ""não localizado"" ou se o cliente tiver os dois tipos, siga para (b). Se possuir só Conta de Acesso: Quadro Contratado → siga para 4.2.2; Quadro Próprio → confira a situação (se ""Ativo"", tecle F9 para mais detalhes) e siga para 4.2.2.\n- b) Senha-8: `SISALFA > SISRET X69 > 02 > nº do cartão`. Cliente com só Senha-8, ou com as duas → oriente conforme 4.2.2 (Quadro Próprio e Contratado).\n\n*4.2.1.2. Plataforma:* não pergunte data de validade nem CVV. `Plataforma de Negócios > Segurança > Senhas > Gerenciamento de Senhas 3.0` — preencha o número do cartão, use o mês/ano do contato como validade e ""000"" no CVV2.\n\n**4.2.2. Procedimentos** (se o cliente tiver os dois tipos, pergunte qual app ele quer acessar):\n\n| Senha | Cadastramento | Alteração | Bloqueio | Desbloqueio |\n|---|---|---|---|---|\n| **Conta de Acesso** (App Alfa) | No momento da contratação do cartão (App Alfa/onboarding digital) | App Alfa (Central de Senhas) ou link de recuperação; Agência (cartão válido e previamente liberado) | Agência | Agência (cartão válido e previamente liberado) |\n| **Senha-8** (App Cartão Alfa) | No momento da contratação do cartão (lojas parceiras, correspondentes, agências) | TAA; SAC e Plataforma de Relacionamento (Geração de Senha, ou outros canais); App Cartão Alfa ""Esqueci minha senha"" (sem bloqueio vigente); Agência | TAA; APF; Mobile; agências; **se o cliente foi vítima de assalto, roubo ou sequestro:** SAC QP/QC e Plataforma de Relacionamento → `SISRET X98`, código de rota 800050, conta = nº da conta do cartão | TAA; Agência |\n\n> Não correntistas com Conta de Acesso também podem acessar o App Cartão Alfa, mas precisam cadastrar uma senha de 8 dígitos separada via ""Esqueci senha"" — explique que serão duas senhas diferentes, uma para cada app. Quem possui só a Senha-8 NÃO consegue acessar o App Alfa.\n\n---\n\n## 5. Código de Acesso (Alfanumérico)\n\na) **Deficientes visuais:** o cliente com deficiência visual total pode ser dispensado da exigência do código de acesso, mediante registro da característica no cadastro pela agência. Em conta conjunta, a dispensa vale só para o titular com a deficiência.\n\nb) **Tipos:** CAA (letras), CAS (sílabas), CAN (alfanumérico). Emitido quando o cliente usa a TAA com cartão pela primeira vez, tentando uma transação/consulta — o cliente é avisado do novo código, que substitui o anterior.\n\nc) Se o cliente disser que não tem/não anotou o código: oriente conforme a tabela abaixo, ou informe que TAAs com biometria dispensam o código de acesso (rotina 50132, itens 1 e 9).\n\n**5.1. O que é:** código aleatório (letras, sílabas e/ou números), não escolhido pelo cliente; para PF e PJ, correntistas, não correntistas e poupadores portadores de cartão; necessário em: TAA, Banco 24 Horas e rede compartilhada (Banco Parceiro Beta).\n\n**5.2. Cadastramento:** gerado e impresso automaticamente no primeiro uso do cartão na TAA; regenerado em migração de conta (mesmo cartão) ou quando o código antigo é cancelado. Se a impressora estiver inoperante, é mostrado só em tela. Código único para todos os titulares solidários.\n\n**5.3. Alteração:** não existe alteração direta — o código deve ser cancelado (canais abaixo); a nova combinação é gerada automaticamente no próximo acesso à TAA. *(O código não muda se a senha da conta corrente for alterada.)*\n\n| Canal | Procedimento |\n|---|---|\n| App Alfa | Área logada > Perfil > Segurança > Central de senhas > Código de Acesso > Solicitar novo código. |\n| Site institucional | Área logada — confirmação via Alfa Code; sem Alfa Code, confirma na TAA com biometria cadastrada há mais de 7 dias. |\n| Agência | Com a senha de 6 dígitos (recomendar levar o cartão). |\n\n**5.4. Bloqueio:** após 3 tentativas seguidas incorretas. Bloqueio da senha de 6 dígitos ou do código de acesso mantém o uso da TAA com biometria. Bloqueio da senha de 6 dígitos mantém o uso do código de acesso, exceto nos bloqueios ""U"" ou ""8"".\n\n**5.5. Desbloqueio:** pelo próprio cliente na TAA, usando o próprio código de acesso. Se houver novo erro, o código deve ser cancelado (site institucional com Alfa Code, App Alfa, ou qualquer agência) para gerar um novo.\n\n---\n\n## 6. Geração de Senha PF – Procedimentos\n\nEnvio de senha (6 e 8 dígitos) por SMS para PF — só para ALTERAÇÃO (não para cadastro de primeira senha, que segue outros canais). Não disponível para senhas ""não cadastradas""/""a cadastrar"" ou bloqueio ""U"". Faça as consultas do item 6.2 antes.\n\n### 6.1. Atendimento\n\n| Frente | Quem atende | Identificação |\n|---|---|---|\n| SAC QP | Correntistas e não correntistas | Cliente autenticado (URA, Token ou Identificação Positiva) |\n| SAC QC | Não correntistas portadores de cartão (correntistas/poupadores: transferir para a Célula de Segurança via rotina 50106) | — |\n| Plataforma de Relacionamento QP | Correntistas e não correntistas | Autenticado por CPF+senha, agência/conta+senha ou Token: IP dispensada. Atendimentos ATA, Consultoria e Texto: exigem IP. Bancada Cartão: Checklist Maior Risco. |\n| Plataforma de Relacionamento QC | Não correntistas portadores de cartão (correntistas/poupadores: demais canais, itens 3 e 4) | — |\n\n### 6.2. Consultas\n\n1. Verifique o cadastro da senha em `SISRET X69 > 02` ou pela Plataforma (Segurança > Senhas > Gerenciamento de Senhas) — correntistas: agência/conta; não correntistas: número do cartão (não pedir validade/CVV; usar mês/ano do contato e ""000"" no CVV2).\n2. Resultado ""Não cadastrada""/""A cadastrar"" → cliente não correntista com entrada via onboarding digital; não é possível enviar senha; oriente: 8 dígitos via App Alfa (se dispositivo autorizado com Alfa Code/push); 6 dígitos, comparecer a uma agência.\n3. Resultado ""U Bloqueado"" → SAC Receptivo (Célula de Segurança) → rotina 50130; SAC Soluções QP → rotina 50131; SAC Receptivo QC → rotina 50112; Plataforma de Relacionamento → orientar contato com o SAC.\n4. Demais situações → prossiga: pergunte o celular atual do cliente (não informe outros números cadastrados) e confira no cadastro (agência/conta ou MCI) se é o mesmo já registrado. Se divergente, ou se houver mais de um número/duplicidade cadastrada → oriente comparecimento a uma agência. Se for o mesmo e único número → siga para 6.3.\n\n### 6.3. Geração de Senha\n\na) Acesse Plataforma > Segurança > Senhas > Envio de Senha por SMS.\nb) Consulte por tipo de cliente: correntista (CPF, agência e conta, ou MCI); não correntista (CPF); na aba Cartão, informe o número (via `Cartão > 11 > 1` ou `17 > 01 > 01`) — se houver mais de um cartão, peça modalidade e os 4 últimos dígitos.\nc) Selecione a conta/cartão do cliente.\nd) Selecione o envio de senha de 8 e/ou 6 dígitos — o sistema gera uma senha aleatória e envia por SMS.\ne) Informe que a senha chega por SMS ao celular cadastrado, sem prazo de expiração, e que deve ser alterada assim que possível por segurança.\nf) Se for senha de 6 dígitos, informe que, após a alteração, é preciso validar o chip do cartão em qualquer TAA — caso contrário, a nova senha não funcionará com o cartão com chip.\n\n---\n\n## 7. Cliente no Exterior\n\na) **Central de Senhas** (no App Alfa; exige cartão ativo, dispositivo liberado e Alfa Code/Push): permite alterar/bloquear/desbloquear/criar senha de 8 dígitos; alterar/bloquear/desbloquear senha de 6 dígitos; solicitar novo código de acesso. Acesso com a senha atual: área logada > Perfil > Central de senhas. Sem a senha: tela inicial não logada > Recuperar senha.\n\nb) **Agências no exterior:** procedimento de senhas disponível somente na agência de Tóquio.\n\nc) Solicitar a um representante legal (com procuração com firma reconhecida) que realize a operação na agência de relacionamento do cliente no Brasil.\n\nd) A agência de relacionamento envia ao e-mail cadastrado no MCI uma declaração para o cliente assinar e digitalizar — válido apenas para senhas bloqueadas por erro, não para bloqueio ""U"" (suspeita de fraude). O pedido pode começar por qualquer canal de contato, mas a declaração assinada só pode retornar pelo e-mail cadastrado no MCI. A agência de relacionamento pode ser confirmada com o cliente durante a ligação, na aba lateral da Plataforma de Relacionamento.\n\ne) **Cartões com chip:** após a alteração da senha de 6 dígitos, oriente o cliente a atualizar o chip de todos os plásticos ao voltar ao Brasil (em uma TAA), sob risco de impacto em transações presenciais; carteiras digitais funcionam normalmente após a troca.\n\nf) **Uso da senha no exterior:** alguns terminais usam PIN de 4 e/ou 6 dígitos. Nos de 4 dígitos, o cliente informa os 4 primeiros dígitos da sua senha de 6. No exterior, o cliente tem as mesmas opções dos demais clientes, pelo site institucional ou pelo App Alfa.\n\n---\n\n## 8. Senha do Portador Adicional\n\n| Portador | Solicitação | Alteração/reposição |\n|---|---|---|\n| **Adicional não correntista** | Presencial: senha de 6 dígitos cadastrada na hora. Demais canais: senha enviada por correio ao endereço do portador titular. | Se perder, esquecer ou não receber, cadastrar nova em qualquer agência. |\n| **Adicional correntista** | Usa a mesma senha pessoal de 6 dígitos de sua própria conta. Sem senha gravada: modalidades Doméstico/Internacional → sistema não gera o cartão; modalidades Gold e superiores → senha enviada por correio, cartão gerado após o recebimento. | Se perder, esquecer ou não receber, seguir as orientações do item 3. |\n\n---\n\n## 9. Acesso ao gov.br com credenciais do Banco Alfa\n\nVer rotina 50135.\n\n---\n\n## 10. Central de Senhas PF\n\nSolução de segurança no App Alfa para o cliente gerenciar suas senhas.\n- **Área logada:** Perfil > Segurança > Central de Segurança > Central de senhas; Perfil > Segurança > Central de senhas; Menu > Segurança > Central de Segurança > Central de Senhas.\n- **Área não logada:** Tela inicial > Recuperar Senha; ou role a tela para cima > Recuperar Senha.\n\n**Requisitos:** celular autorizado há mais de 30 dias; telefone cadastrado no ATO; Alfa Code ou Push habilitado; geolocalização ativa e autorizada; permissão de câmera concedida ao app; cartão ativo.\n\n> **Atenção:** não correntistas usam a Central de Senhas apenas para alterar a senha ""Conta de Acesso"" (ver item 4.2.2).\n\n---\n\n## 11. Fontes de informação\n\nUGS – Unidade de Gestão de Segurança (código 800040) · Normativo interno 5001 · Normativo interno 5002\n\n---\n\n## 12. Rotinas absorvidas\n\nO conteúdo das seguintes rotinas foi absorvido por este documento:\n\n| Código (anonimizado) | Assunto |\n|---|---|\n| 50137 | Senhas – Orientações (Código de Acesso) |\n| 50138 | Senhas – Orientações (Não correntista) |\n| 50139 | Senhas – Correntistas (Internet e Celular) |\n| 50140 | Arquivada – Senhas – Orientações (Conta-corrente) |\n| 50141 | POP UP – Senhas – Tipos de bloqueio |\n| 50142 | Modalidade de conta simplificada – Senhas |\n| 50143 | Senhas – Orientações – Poupador não correntista |\n| 50144 | Acesso do cliente à plataforma digital gov.br (parceria Banco Alfa e Governo Federal) |\n| 50145 | Senhas – Alfa Digital PJ |\n| 50146 | Atendimento para clientes não participantes do modelo ATA |\n| 50147 | Geração de senha PF – Procedimentos |\n']","Não: agências no exterior só operam senhas em Tóquio; representante legal com procuração pode atuar no Brasil; a declaração por e-mail do MCI vale só para bloqueio por erro, nunca para bloqueio 'U' por suspeita de fraude. Usar Central de Senhas no App Alfa quando elegível.",CONDITIONAL_WORKFLOW,12.3827,,0.13043478260869565,0.8341831233747441,1.0,0.9999999999
Portador adicional não correntista perdeu a senha de 6 dígitos enviada por correio. Onde cadastrar nova?,"Para cadastrar uma nova senha de 6 dígitos para um cartão adicional, o procedimento varia conforme a instituição, mas geralmente segue um destes caminhos:

1.  **Caixa Eletrônico do Banco:** O portador adicional pode ir a um caixa eletrônico do banco emissor do cartão. Com o cartão em mãos, ele deve procurar a opção de ""Segurança"" ou ""Senhas"" para realizar o cadastramento ou alteração.
2.  **Aplicativo do Banco:** Verifique se o portador adicional possui acesso ao aplicativo do banco (mesmo que não seja correntista, muitos bancos permitem que o adicional tenha um acesso limitado para gestão do próprio cartão). Lá, costuma haver a opção ""Gerenciar Cartão"" ou ""Alterar Senha"".
3.  **Central de Atendimento:** O titular do cartão (ou, em alguns casos, o próprio adicional) pode ligar para o número que consta no verso do cartão. O atendente poderá orientar sobre como proceder para o envio de uma nova senha ou, se o sistema permitir, realizar o desbloqueio/redefinição por meio de validação de segurança.
4.  **Agência Bancária:** Caso as opções digitais não funcionem, o portador adicional pode comparecer a uma agência física do banco portando o cartão e um documento de identidade original com foto para solicitar a redefinição da senha no terminal de autoatendimento com o auxílio de um funcionário.

**Dica importante:** Como o portador não é correntista, ele deve ter em mãos o cartão físico e um documento de identificação oficial. Se o banco exigir que o procedimento seja feito pelo titular, o titular deve entrar em contato com a central de atendimento para solicitar a segunda via da senha ou a liberação para o adicional.

Recomendo verificar no **site oficial do seu banco** qual é o procedimento específico para ""cartão adicional"" para garantir que você siga o fluxo correto da instituição.","['# POP – Gestão de Senhas e Código de Acesso – Pessoa Física\n### [Versão anonimizada/pseudonimizada — documento complementar ao POP de CDC]\n\n> **Nota metodológica:** este documento usa a mesma metodologia e os mesmos pseudônimos institucionais do POP de CDC anonimizado anteriormente (Banco Alfa, SISALFA, App Alfa etc.). Termos novos e específicos deste documento (produtos de cartão, plataformas, rotinas) foram adicionados à mesma chave de correspondência (arquivo único, cumulativo). A lógica processual e as condições originais foram mantidas integralmente.\n\n**Sumário:** Notas iniciais · 1. Resumo das senhas · 2. Situação das senhas · 3. Correntistas e poupadores · 4. Não correntista · 5. Código de acesso · 6. Geração de senha PF · 7. Cliente no exterior · 8. Senha do portador adicional · 9. Acesso ao gov.br · 10. Central de Senhas PF · 11. Fontes de informação · 12. Rotinas absorvidas\n\n---\n\n## Notas iniciais\n\na) **Transferência de saldo/produtos entre agências:** a senha da agência de origem não é alterada; o cliente acessa normalmente a conta na agência de destino.\n\nb) Os procedimentos desta rotina não se aplicam a clientes PJ ou Setor Público. Para chave J e senhas (Alfa Digital PJ), ver rotina 50129.\n\nc) **Titulares solidários:** as senhas (6 e 8 dígitos) e o código de acesso são os mesmos para todos os titulares. Se um titular bloquear a senha, os demais ficam impossibilitados de realizar transações.\n\nd) **Push:** notificação recebida diretamente no App Alfa. Para ativar: 1) autorizar o App Alfa no sistema do celular (Android: Configurações > Receber Notificações; iOS: Ajustes > Receber Notificações); 2) ativar pelo App Alfa (área logada) em Perfil > Geral > Receber notificações.\n\ne) **Bloqueio de Canal:** consulte na plataforma em Segurança > Bloqueio de segurança > Histórico. Havendo bloqueio, o desbloqueio ocorre após a alteração das senhas de 6 e 8 dígitos — é obrigatório alterar primeiro a de 8 dígitos, depois a de 6. Use os itens 3 e/ou 4 para orientar os canais.\n\n---\n\n## 1. Resumo da utilização das senhas\n\n| Tipo de senha | Canais de utilização |\n|---|---|\n| Senha de 4 dígitos | Descontinuada |\n| Senha de 6 dígitos | Confirma transações de cartão débito e crédito. Plataforma de Relacionamento/URA: acesso, consulta e confirmação de transações da mesma titularidade. Site institucional (sem Alfa Code): confirmação de transações financeiras. App Alfa: confirmação de transações financeiras. WhatsApp Alfa: pode ser solicitada para confirmação de algumas transações. TCX, TAD, POS, correspondente bancário: confirmação de transações. TAA: confirmação de transações de beneficiários do INSS e de portadores de deficiência visual sem código de acesso. Banco 24 Horas e rede compartilhada (Banco Parceiro Beta): confirmação de transações de portadores de deficiência visual sem código de acesso. |\n| Senha de 8 dígitos | Site institucional, App Alfa, App Cartão Alfa e WhatsApp: acesso, consultas, transações financeiras e aquisição de produtos/serviços. |\n| Código de Acesso (letras, sílabas ou alfanumérico) | TAA, Banco 24 Horas e rede compartilhada: confirma transações, inclusive saques na função crédito do cartão. |\n| Conta de Acesso (senha alfanumérica) | Utilizada por não correntistas no App Alfa (versão não correntista). |\n\n---\n\n## 2. Situação das Senhas\n\n### 2.1. Consultas\n- Senhas de 6/8 dígitos e código de acesso — Quadro Próprio e Quadro Contratado: `SISALFA > SISRET > X69 > 2` (correntistas: agência e conta; não correntistas: número do cartão), campo STATUS (pode ser informado ao cliente).\n- Conta de Acesso (Quadro Próprio): `SISALFA > ACESSO > 32 > 01 > CPF`.\n\n### 2.2. Códigos aplicáveis a TODOS os tipos de senha\n| Código | Significado | Situação |\n|---|---|---|\n| 0 | Sem ocorrência de erro de digitação | Ativa |\n| 1 | Cliente errou a digitação uma vez | — |\n| 2 | Cliente errou a digitação duas vezes | — |\n| 3 | Cliente errou a digitação três vezes (se ocorrer na senha de 6 dígitos via APF, Mobile ou WhatsApp, o bloqueio ""3"" é aplicado também à senha de 8 dígitos) | Bloqueada |\n| 6 | Senha (PJ e Governo) cadastrada no Alfa Digital PJ, aguardando confirmação de um funcionário da agência | — |\n| 7 | Senha (PJ e Governo) cadastrada no Alfa Digital PJ, aguardando confirmação de dois funcionários da agência | — |\n| Q | Senha alterada no APF Internet sem Alfa Code, ou no APF Celular sem fotografar cartão válido (aguardando confirmação na TAA com biometria cadastrada há mais de 7 dias) | — |\n| U | Senha bloqueada pelo monitoramento de segurança dos canais de autoatendimento | — |\n\n### 2.3. Códigos exclusivos da senha de 6 dígitos\n| Código | Significado | Situação |\n|---|---|---|\n| A | Senha digitada errada 3 vezes | Bloqueada |\n| D | Erro na tentativa de desbloqueio na TAA, ou bloqueio feito pelo próprio cliente via APF Celular/Internet | — |\n\n### 2.4. Códigos exclusivos da senha de 8 dígitos\n| Código | Significado | Situação |\n|---|---|---|\n| T | Senha registrada antes de 2012 e bloqueada por não uso nos últimos 90 dias | Bloqueada |\n| D | Alteração iniciada via APF Celular, com falha na confirmação via TAA sem biometria | — |\n| P | Senha cadastrada via APF Internet/Celular, aguardando confirmação na TAA | — |\n| 4 | Erro na tentativa de desbloqueio via Mobile | — |\n| 8 | Senha bloqueada pela agência ou pelo próprio cliente nos canais de autoatendimento | — |\n\n### 2.5. Situações do código de acesso\nCódigo ""4"" = tentativa de desbloqueio na TAA; CAA = letras; CAS = sílabas; CAN = alfanumérico.\n\n### 2.6. Situações da senha alfanumérica (Conta de Acesso)\n*Solicitado* = cadastramento/alteração pedidos; *Ativa* = cadastrada e ativa; *Bloqueado* = bloqueada por erro de digitação ou por segurança.\n> Essa confirmação ocorre por oferta ativa, sem necessidade de navegar pelo menu da TAA.\n\n---\n\n## 3. Correntistas e Poupadores\n\n### 3.1. Senha de 6 dígitos (conta e cartão)\n\nUsada para autorizar transações em: terminais de caixa das agências, TAA, site institucional (sem Alfa Code), App Alfa, correspondente bancário, transações de cartão (débito e crédito) e acesso à Central de Relacionamento/SAC. Vinculada à agência/conta (correntista) ou ao CPF (não correntista).\n\n**3.1.1. Cadastramento**\n\n| Canal | Procedimento |\n|---|---|\n| Agência | Correntistas e poupadores: no fluxo de abertura de conta, em qualquer agência. Beneficiários do INSS: em qualquer agência. Clientes de conta digital: no fluxo de abertura pelo App Alfa. |\n\n> **Atenção:** se o cliente quiser encerrar a conta corrente e ficar só com o cartão de crédito, cadastre nova senha como não correntista — obrigatório para não deixar pendente a emissão dos cartões.\n\n**3.1.2. Alteração**\n\n> Para cartões com chip, após a alteração, oriente o cliente a atualizar o chip de todos os plásticos em qualquer TAA (sob risco da senha não funcionar). Verifique a possibilidade de enviar senha provisória por SMS (item 6).\n\n| Canal | Requisitos/Condição | Procedimento |\n|---|---|---|\n| App Alfa | Celular autorizado há mais de 30 dias; Alfa Code ou Push habilitado; geolocalização ativa e autorizada; cartão ativo; senha de 8 dígitos ativa (códigos 0, 1 e/ou 2). Não disponível se bloqueada por ""8"". | **Com a senha anterior:** área logada > Perfil > Segurança > Central de senhas > Senha de 6 dígitos > Alterar. **Sem a senha anterior:** área logada > Perfil > Segurança > Central de senhas > Senha de 6 dígitos > Esqueci a senha > ""Agora utilizando o cartão"" (dados do cartão) — confirmação por: (i) biometria na TAA (cadastrada há mais de 7 dias): App Alfa > Menu > Perfil > Central de senhas > Senha de 6 dígitos > Esqueci a senha > No caixa eletrônico, depois na TAA em Segurança e Senhas > Senhas > Liberação de Senha Provisória > Senha da conta e cartão (6 dígitos); ou (ii) WhatsApp (telefone cadastrado no ATO): área logada > Perfil > Central de senhas > Senha de 6 dígitos > Esqueci a senha > Por WhatsApp. |\n| Site institucional | Senha de 8 dígitos ativa (códigos 0, 1 e/ou 2). Não disponível para quem não usa Alfa Code e não tem biometria cadastrada há mais de 7 dias (ou de forma assistida), nem para bloqueio ""U"" ou ""8"" da senha de 6 dígitos. | Em computador autorizado, com ou sem a senha anterior: **com adesão ao Alfa Code:** área logada > Segurança > Senhas > Alterar > Senha do cartão (6 dígitos) (exige código de autorização do Alfa Code). **Sem adesão ao Alfa Code, com biometria cadastrada:** mesmo caminho, confirmando em uma TAA com biometria cadastrada há mais de 7 dias. |\n| Agências (inclusive bloqueio ""U"") | — | Mediante identificação; recomendar que o cliente leve o cartão. |\n| SAC | Bloqueio ""U"": SAC Receptivo QP/QC (Célula de Segurança) → rotina 50130; SAC Soluções QP → rotina 50131; SAC Quadro Contratado → rotina 50112. Outros bloqueios: SAC Quadro Próprio → procedimento de Geração de Senha (item 6); SAC Quadro Contratado → rotina 50112. | — |\n| Plataforma de Relacionamento / ATA | Exceto bloqueio ""U"": Quadro Próprio → Geração de Senha; Quadro Contratado (não correntista portador de cartão) → Geração de Senha; correntistas/poupadores → demais canais. | — |\n\n**3.1.3. Bloqueio**\n\nCanais por iniciativa do cliente: TAA; SAC QC/QP; Plataforma de Relacionamento; site institucional (com Alfa Code); App Alfa (dispositivo autorizado, com Alfa Code ou push); agências.\n> Se o cliente detectar lançamentos indevidos na conta (inclusive por invasão do site), utilize também a rotina 50136, item 5.1. Bloqueio por um titular solidário impede os demais de transacionar. O bloqueio do código de acesso implica bloqueio da senha de 6 dígitos.\n\n**3.1.4. Desbloqueio**\n\nFeito COM conhecimento da senha anterior (sem isso, é preciso fazer a Alteração). Bloqueio ""U"" não admite desbloqueio, só Alteração.\n\n| Canal | Requisitos | Procedimento |\n|---|---|---|\n| App Alfa | Celular autorizado >30 dias; Alfa Code/Push habilitado; geolocalização ativa; cartão ativo; senha de 8 dígitos ativa (0,1,2). | Área logada > Perfil > Segurança > Central de senhas > Senha de 6 dígitos > Desbloquear. |\n| Site institucional | Senha de 8 dígitos ativa (0,1,2). | Em computador autorizado — com Alfa Code: Segurança > Senhas > Desbloquear (código de autorização); sem Alfa Code: mesmo caminho, confirmando em TAA com biometria (>7 dias). |\n| TAA | Biometria, ou cartão + código de acesso. | Menu > Segurança e Senhas > Senhas > Desbloqueio > Senha da conta e cartão (6 dígitos). |\n| Agência | Identificação (recomendar levar o cartão). | — |\n\n> Erro de digitação na tentativa de desbloqueio na TAA: só pode ser desbloqueada em agência. Bloqueio por iniciativa da agência/cliente: desbloqueio em qualquer agência. Bloqueio por erro de identificação positiva na TAA: só desbloqueia em agência (se o cliente souber a senha); usar a TAA para essa operação não é possível. Desbloqueio exige código de acesso ou biometria; sem nenhum dos dois, é necessário comparecer a uma agência.\n\n### 3.2. Senha de 8 dígitos\n\nAcessa o site institucional e o App Alfa; pode ser provisória¹ ou definitiva. Confirmação de transações financeiras via Alfa Code; sem Alfa Code, usa-se a senha de 6 dígitos (oriente o cadastramento do Alfa Code). Senha única — não precisa ser cadastrada por cada titular.\n\n> ¹ Provisória: só senhas antigas; acesso restrito a consultas. Para movimentações financeiras, deve ser liberada em uma TAA.\n\n**3.2.1. Cadastramento**\n\n| Canal | Procedimento |\n|---|---|\n| App Alfa | Correntistas/poupadores: ""Esqueci ou não tenho a senha"" na tela de login (clientes sem histórico de equipamento autorizado no ATO); o equipamento fica em carência (há um link de liberação). Clientes de conta digital: cadastram no fluxo de abertura via Mobile. |\n| TAA | Com biometria cadastrada há mais de 7 dias: Menu > Segurança e Senhas > Senhas > Cadastramento. |\n| Agência | Qualquer agência, informando a senha de 6 dígitos. |\n\n**3.2.2. Alteração**\n\n| Canal | Condição | Procedimento |\n|---|---|---|\n| App Alfa | Celular autorizado >30 dias; Alfa Code/Push; geolocalização; cartão ativo. | **Com a senha atual:** área logada > Perfil > Segurança > Central de senhas > Senha de 8 dígitos > Alterar (digitar a senha atual). **Sem a senha atual (inclusive bloqueio ≠ ""U""), ou bloqueio ""U"":** ""Esqueci minha senha"" (tela de login ou tela inicial não logada) > Recuperar senha > Senha de 8 dígitos > Esqueci a senha, com 3 opções: (i) ""Agora utilizando o cartão"" (dados do cartão, dispositivo autorizado, Alfa Code ou Push); (ii) ""No caixa eletrônico"" (confirmação por biometria na TAA, cadastrada há mais de 7 dias); (iii) por WhatsApp (telefone cadastrado no ATO + versão mínima do app + reconhecimento facial). *A opção ""recuperar senha"" só aparece em celular autorizado onde o cliente já acessou a conta ao menos uma vez.* |\n| Site institucional (computador autorizado) | Com a senha atual: exigida a senha de 8 dígitos atual. | **Com Alfa Code:** Segurança > Senhas > Alterar > Senha da internet (8 dígitos) (código de autorização). **Sem Alfa Code:** mesmo caminho, confirmando em TAA com biometria (>7 dias). Sem a senha atual (inclusive bloqueio ≠ ""U""), ou bloqueio ""U"": não disponível neste canal. |\n| TAA | Com ou sem a senha atual (inclusive bloqueios). | Menu > Segurança e Senhas > Senhas > Alteração > Senha de acesso à internet e ao celular (8 dígitos). Com biometria: qualquer horário (cadastrada há mais de 7 dias, ou de forma assistida). Sem biometria, com cartão com chip + código de acesso: das 10h às 16h em dias úteis. |\n| Agência | Com ou sem a senha atual (inclusive bloqueios). | Atendimento presencial, exigindo a senha de 6 dígitos; recomendar levar o cartão. |\n| SAC | Com a senha atual, ou sem ela (exceto ""U""): Quadro Próprio → Geração de Senha; Quadro Contratado → rotina 50112. Bloqueio ""U"": SAC Receptivo (Célula de Segurança) → rotina 50130; SAC Soluções QP → rotina 50131; SAC QC → rotina 50112. | — |\n| Plataforma de Relacionamento / ATA | Com a senha atual, ou sem ela (exceto ""U""): Quadro Próprio → Geração de Senha; Quadro Contratado (não correntista com cartão) → Geração de Senha; correntistas/poupadores → demais canais. Bloqueio ""U"": não disponível neste canal. | — |\n\n**3.2.3. Bloqueio**\n\nCanais por iniciativa do cliente: TAA; SAC; agências; site institucional (com Alfa Code); App Alfa (dispositivo autorizado, com Alfa Code ou push). Bloqueio de segurança ocorre quando há indício de violação da senha. Bloqueio ""T"": não é mais aplicado — restam apenas registros até 2012.\n\n**3.2.4. Desbloqueio**\n\n> Sem conhecimento da senha anterior, bloqueio ""U"" (segurança) ou bloqueio ""4"": seguir os procedimentos de Alteração.\n\nConsulte em `SISRET X69 > 02` (correntistas: agência/conta; não correntistas: número do cartão), campo STATUS, ou pela Plataforma (Segurança > Senhas > Gerenciamento de Senhas). Não pergunte data de validade nem CVV ao cliente — preencha o número do cartão, use o mês/ano do contato como validade e ""000"" no CVV2.\n\n| Tipo de bloqueio | Canal | Procedimento |\n|---|---|---|\n| Por iniciativa da agência ou do cliente | Agência | Com a senha de 6 dígitos (recomendar levar o cartão). |\n| | TAA | Com código de acesso ou biometria. |\n| Por motivo ""T"" | Agência | Idem acima. |\n| | TAA | Idem acima. |\n| Por digitação incorreta 3 vezes | App Alfa (dispositivo autorizado >30 dias, Alfa Code/Push, geolocalização, cartão ativo) | Recuperar Senhas > Senha de 8 dígitos > Desbloquear (digitar a senha atual). |\n| | Agência | Com a senha de 6 dígitos. |\n| | TAA | Com código de acesso ou biometria. |\n| Por erro na tentativa de desbloqueio na TAA | Agência | Com a senha de 6 dígitos. |\n\n---\n\n## 4. Não Correntista\n\n### 4.1. Senha de 6 dígitos\n\n**4.1.1. Cadastramento:** clientes não correntistas que solicitam Cartão Alfa via App ou web cadastram no próprio fluxo de solicitação. Private Label → rotina 50133. Cartões de programa de fidelidade parceiro → rotina 50134.\n\n**4.1.2. Alteração:** Agência (qualquer uma, com cartão válido e identificação); SAC e Plataforma de Relacionamento → item 6 desta rotina.\n\n**4.1.3. Bloqueio:** por iniciativa do cliente — TAA; SAC QC/QP; Plataforma de Relacionamento; agências.\n\n**4.1.4. Desbloqueio:** Agência (qualquer uma, com a senha de 6 dígitos); TAA (com o código de acesso).\n\n### 4.2. Conta de Acesso e Senha de 8 dígitos\n\n**Demanda:** dificuldade para acessar o App Alfa ou o App Cartão Alfa com a senha de 8 dígitos.\n\n> **Atenção:** há 2 tipos de senha de 8 dígitos para não correntista — **Conta de Acesso** (acessa o App Alfa) e **Senha-8** (acessa o App Cartão Alfa). O cliente normalmente não sabe dessa distinção. Para identificar o tipo, siga o item 4.2.1.\n\n**4.2.1. Identificação do tipo de senha**\n\n*4.2.1.1. Sistema Alfa:*\n- a) Senha Conta de Acesso: `SISRET X69 > 02 > nº do cartão`. Se ""não localizado"" ou se o cliente tiver os dois tipos, siga para (b). Se possuir só Conta de Acesso: Quadro Contratado → siga para 4.2.2; Quadro Próprio → confira a situação (se ""Ativo"", tecle F9 para mais detalhes) e siga para 4.2.2.\n- b) Senha-8: `SISALFA > SISRET X69 > 02 > nº do cartão`. Cliente com só Senha-8, ou com as duas → oriente conforme 4.2.2 (Quadro Próprio e Contratado).\n\n*4.2.1.2. Plataforma:* não pergunte data de validade nem CVV. `Plataforma de Negócios > Segurança > Senhas > Gerenciamento de Senhas 3.0` — preencha o número do cartão, use o mês/ano do contato como validade e ""000"" no CVV2.\n\n**4.2.2. Procedimentos** (se o cliente tiver os dois tipos, pergunte qual app ele quer acessar):\n\n| Senha | Cadastramento | Alteração | Bloqueio | Desbloqueio |\n|---|---|---|---|---|\n| **Conta de Acesso** (App Alfa) | No momento da contratação do cartão (App Alfa/onboarding digital) | App Alfa (Central de Senhas) ou link de recuperação; Agência (cartão válido e previamente liberado) | Agência | Agência (cartão válido e previamente liberado) |\n| **Senha-8** (App Cartão Alfa) | No momento da contratação do cartão (lojas parceiras, correspondentes, agências) | TAA; SAC e Plataforma de Relacionamento (Geração de Senha, ou outros canais); App Cartão Alfa ""Esqueci minha senha"" (sem bloqueio vigente); Agência | TAA; APF; Mobile; agências; **se o cliente foi vítima de assalto, roubo ou sequestro:** SAC QP/QC e Plataforma de Relacionamento → `SISRET X98`, código de rota 800050, conta = nº da conta do cartão | TAA; Agência |\n\n> Não correntistas com Conta de Acesso também podem acessar o App Cartão Alfa, mas precisam cadastrar uma senha de 8 dígitos separada via ""Esqueci senha"" — explique que serão duas senhas diferentes, uma para cada app. Quem possui só a Senha-8 NÃO consegue acessar o App Alfa.\n\n---\n\n## 5. Código de Acesso (Alfanumérico)\n\na) **Deficientes visuais:** o cliente com deficiência visual total pode ser dispensado da exigência do código de acesso, mediante registro da característica no cadastro pela agência. Em conta conjunta, a dispensa vale só para o titular com a deficiência.\n\nb) **Tipos:** CAA (letras), CAS (sílabas), CAN (alfanumérico). Emitido quando o cliente usa a TAA com cartão pela primeira vez, tentando uma transação/consulta — o cliente é avisado do novo código, que substitui o anterior.\n\nc) Se o cliente disser que não tem/não anotou o código: oriente conforme a tabela abaixo, ou informe que TAAs com biometria dispensam o código de acesso (rotina 50132, itens 1 e 9).\n\n**5.1. O que é:** código aleatório (letras, sílabas e/ou números), não escolhido pelo cliente; para PF e PJ, correntistas, não correntistas e poupadores portadores de cartão; necessário em: TAA, Banco 24 Horas e rede compartilhada (Banco Parceiro Beta).\n\n**5.2. Cadastramento:** gerado e impresso automaticamente no primeiro uso do cartão na TAA; regenerado em migração de conta (mesmo cartão) ou quando o código antigo é cancelado. Se a impressora estiver inoperante, é mostrado só em tela. Código único para todos os titulares solidários.\n\n**5.3. Alteração:** não existe alteração direta — o código deve ser cancelado (canais abaixo); a nova combinação é gerada automaticamente no próximo acesso à TAA. *(O código não muda se a senha da conta corrente for alterada.)*\n\n| Canal | Procedimento |\n|---|---|\n| App Alfa | Área logada > Perfil > Segurança > Central de senhas > Código de Acesso > Solicitar novo código. |\n| Site institucional | Área logada — confirmação via Alfa Code; sem Alfa Code, confirma na TAA com biometria cadastrada há mais de 7 dias. |\n| Agência | Com a senha de 6 dígitos (recomendar levar o cartão). |\n\n**5.4. Bloqueio:** após 3 tentativas seguidas incorretas. Bloqueio da senha de 6 dígitos ou do código de acesso mantém o uso da TAA com biometria. Bloqueio da senha de 6 dígitos mantém o uso do código de acesso, exceto nos bloqueios ""U"" ou ""8"".\n\n**5.5. Desbloqueio:** pelo próprio cliente na TAA, usando o próprio código de acesso. Se houver novo erro, o código deve ser cancelado (site institucional com Alfa Code, App Alfa, ou qualquer agência) para gerar um novo.\n\n---\n\n## 6. Geração de Senha PF – Procedimentos\n\nEnvio de senha (6 e 8 dígitos) por SMS para PF — só para ALTERAÇÃO (não para cadastro de primeira senha, que segue outros canais). Não disponível para senhas ""não cadastradas""/""a cadastrar"" ou bloqueio ""U"". Faça as consultas do item 6.2 antes.\n\n### 6.1. Atendimento\n\n| Frente | Quem atende | Identificação |\n|---|---|---|\n| SAC QP | Correntistas e não correntistas | Cliente autenticado (URA, Token ou Identificação Positiva) |\n| SAC QC | Não correntistas portadores de cartão (correntistas/poupadores: transferir para a Célula de Segurança via rotina 50106) | — |\n| Plataforma de Relacionamento QP | Correntistas e não correntistas | Autenticado por CPF+senha, agência/conta+senha ou Token: IP dispensada. Atendimentos ATA, Consultoria e Texto: exigem IP. Bancada Cartão: Checklist Maior Risco. |\n| Plataforma de Relacionamento QC | Não correntistas portadores de cartão (correntistas/poupadores: demais canais, itens 3 e 4) | — |\n\n### 6.2. Consultas\n\n1. Verifique o cadastro da senha em `SISRET X69 > 02` ou pela Plataforma (Segurança > Senhas > Gerenciamento de Senhas) — correntistas: agência/conta; não correntistas: número do cartão (não pedir validade/CVV; usar mês/ano do contato e ""000"" no CVV2).\n2. Resultado ""Não cadastrada""/""A cadastrar"" → cliente não correntista com entrada via onboarding digital; não é possível enviar senha; oriente: 8 dígitos via App Alfa (se dispositivo autorizado com Alfa Code/push); 6 dígitos, comparecer a uma agência.\n3. Resultado ""U Bloqueado"" → SAC Receptivo (Célula de Segurança) → rotina 50130; SAC Soluções QP → rotina 50131; SAC Receptivo QC → rotina 50112; Plataforma de Relacionamento → orientar contato com o SAC.\n4. Demais situações → prossiga: pergunte o celular atual do cliente (não informe outros números cadastrados) e confira no cadastro (agência/conta ou MCI) se é o mesmo já registrado. Se divergente, ou se houver mais de um número/duplicidade cadastrada → oriente comparecimento a uma agência. Se for o mesmo e único número → siga para 6.3.\n\n### 6.3. Geração de Senha\n\na) Acesse Plataforma > Segurança > Senhas > Envio de Senha por SMS.\nb) Consulte por tipo de cliente: correntista (CPF, agência e conta, ou MCI); não correntista (CPF); na aba Cartão, informe o número (via `Cartão > 11 > 1` ou `17 > 01 > 01`) — se houver mais de um cartão, peça modalidade e os 4 últimos dígitos.\nc) Selecione a conta/cartão do cliente.\nd) Selecione o envio de senha de 8 e/ou 6 dígitos — o sistema gera uma senha aleatória e envia por SMS.\ne) Informe que a senha chega por SMS ao celular cadastrado, sem prazo de expiração, e que deve ser alterada assim que possível por segurança.\nf) Se for senha de 6 dígitos, informe que, após a alteração, é preciso validar o chip do cartão em qualquer TAA — caso contrário, a nova senha não funcionará com o cartão com chip.\n\n---\n\n## 7. Cliente no Exterior\n\na) **Central de Senhas** (no App Alfa; exige cartão ativo, dispositivo liberado e Alfa Code/Push): permite alterar/bloquear/desbloquear/criar senha de 8 dígitos; alterar/bloquear/desbloquear senha de 6 dígitos; solicitar novo código de acesso. Acesso com a senha atual: área logada > Perfil > Central de senhas. Sem a senha: tela inicial não logada > Recuperar senha.\n\nb) **Agências no exterior:** procedimento de senhas disponível somente na agência de Tóquio.\n\nc) Solicitar a um representante legal (com procuração com firma reconhecida) que realize a operação na agência de relacionamento do cliente no Brasil.\n\nd) A agência de relacionamento envia ao e-mail cadastrado no MCI uma declaração para o cliente assinar e digitalizar — válido apenas para senhas bloqueadas por erro, não para bloqueio ""U"" (suspeita de fraude). O pedido pode começar por qualquer canal de contato, mas a declaração assinada só pode retornar pelo e-mail cadastrado no MCI. A agência de relacionamento pode ser confirmada com o cliente durante a ligação, na aba lateral da Plataforma de Relacionamento.\n\ne) **Cartões com chip:** após a alteração da senha de 6 dígitos, oriente o cliente a atualizar o chip de todos os plásticos ao voltar ao Brasil (em uma TAA), sob risco de impacto em transações presenciais; carteiras digitais funcionam normalmente após a troca.\n\nf) **Uso da senha no exterior:** alguns terminais usam PIN de 4 e/ou 6 dígitos. Nos de 4 dígitos, o cliente informa os 4 primeiros dígitos da sua senha de 6. No exterior, o cliente tem as mesmas opções dos demais clientes, pelo site institucional ou pelo App Alfa.\n\n---\n\n## 8. Senha do Portador Adicional\n\n| Portador | Solicitação | Alteração/reposição |\n|---|---|---|\n| **Adicional não correntista** | Presencial: senha de 6 dígitos cadastrada na hora. Demais canais: senha enviada por correio ao endereço do portador titular. | Se perder, esquecer ou não receber, cadastrar nova em qualquer agência. |\n| **Adicional correntista** | Usa a mesma senha pessoal de 6 dígitos de sua própria conta. Sem senha gravada: modalidades Doméstico/Internacional → sistema não gera o cartão; modalidades Gold e superiores → senha enviada por correio, cartão gerado após o recebimento. | Se perder, esquecer ou não receber, seguir as orientações do item 3. |\n\n---\n\n## 9. Acesso ao gov.br com credenciais do Banco Alfa\n\nVer rotina 50135.\n\n---\n\n## 10. Central de Senhas PF\n\nSolução de segurança no App Alfa para o cliente gerenciar suas senhas.\n- **Área logada:** Perfil > Segurança > Central de Segurança > Central de senhas; Perfil > Segurança > Central de senhas; Menu > Segurança > Central de Segurança > Central de Senhas.\n- **Área não logada:** Tela inicial > Recuperar Senha; ou role a tela para cima > Recuperar Senha.\n\n**Requisitos:** celular autorizado há mais de 30 dias; telefone cadastrado no ATO; Alfa Code ou Push habilitado; geolocalização ativa e autorizada; permissão de câmera concedida ao app; cartão ativo.\n\n> **Atenção:** não correntistas usam a Central de Senhas apenas para alterar a senha ""Conta de Acesso"" (ver item 4.2.2).\n\n---\n\n## 11. Fontes de informação\n\nUGS – Unidade de Gestão de Segurança (código 800040) · Normativo interno 5001 · Normativo interno 5002\n\n---\n\n## 12. Rotinas absorvidas\n\nO conteúdo das seguintes rotinas foi absorvido por este documento:\n\n| Código (anonimizado) | Assunto |\n|---|---|\n| 50137 | Senhas – Orientações (Código de Acesso) |\n| 50138 | Senhas – Orientações (Não correntista) |\n| 50139 | Senhas – Correntistas (Internet e Celular) |\n| 50140 | Arquivada – Senhas – Orientações (Conta-corrente) |\n| 50141 | POP UP – Senhas – Tipos de bloqueio |\n| 50142 | Modalidade de conta simplificada – Senhas |\n| 50143 | Senhas – Orientações – Poupador não correntista |\n| 50144 | Acesso do cliente à plataforma digital gov.br (parceria Banco Alfa e Governo Federal) |\n| 50145 | Senhas – Alfa Digital PJ |\n| 50146 | Atendimento para clientes não participantes do modelo ATA |\n| 50147 | Geração de senha PF – Procedimentos |\n']",Adicional não correntista cadastra nova senha de 6 dígitos presencialmente em qualquer agência. Adicional correntista usa a própria senha da sua conta (ou item 3 se Gold/enviada por correio).,EDGE_CASE,11.4454,,0.0,0.8672766290707733,1.0,0.9999999999
Não correntista com senha 'não cadastrada' no SISRET X69 pede envio de senha por SMS. É possível?,"Como assistente bancário, informo que, por questões de segurança e normas de prevenção à fraude, **não é possível realizar o envio de senhas bancárias por SMS** para clientes ou não correntistas.

O envio de senhas por canais digitais como SMS, e-mail ou WhatsApp é uma prática evitada pelas instituições financeiras, pois esses meios são vulneráveis a interceptações.

Para o caso de um ""não correntista"" com status de ""senha não cadastrada"" no sistema (como o SISRET), o procedimento padrão geralmente exige:

1.  **Comparecimento presencial:** O indivíduo deve se dirigir a uma agência física portando documento de identidade original com foto.
2.  **Validação de identidade:** O atendente realizará a conferência dos dados e a coleta de biometria ou assinatura para o cadastro ou regularização da senha.
3.  **Segurança:** A senha é um dado sensível e pessoal; portanto, o cadastro deve ser feito de forma presencial para garantir que apenas o titular tenha acesso à conta ou ao serviço.

**Recomendação:** Oriente o solicitante a procurar a agência mais próxima. Caso ele tenha recebido alguma mensagem solicitando que ele clique em links para ""ativar"" ou ""receber"" a senha, **alerte-o de que se trata de uma tentativa de golpe (phishing)**. Bancos não solicitam senhas por links enviados via SMS.","['# POP – Gestão de Senhas e Código de Acesso – Pessoa Física\n### [Versão anonimizada/pseudonimizada — documento complementar ao POP de CDC]\n\n> **Nota metodológica:** este documento usa a mesma metodologia e os mesmos pseudônimos institucionais do POP de CDC anonimizado anteriormente (Banco Alfa, SISALFA, App Alfa etc.). Termos novos e específicos deste documento (produtos de cartão, plataformas, rotinas) foram adicionados à mesma chave de correspondência (arquivo único, cumulativo). A lógica processual e as condições originais foram mantidas integralmente.\n\n**Sumário:** Notas iniciais · 1. Resumo das senhas · 2. Situação das senhas · 3. Correntistas e poupadores · 4. Não correntista · 5. Código de acesso · 6. Geração de senha PF · 7. Cliente no exterior · 8. Senha do portador adicional · 9. Acesso ao gov.br · 10. Central de Senhas PF · 11. Fontes de informação · 12. Rotinas absorvidas\n\n---\n\n## Notas iniciais\n\na) **Transferência de saldo/produtos entre agências:** a senha da agência de origem não é alterada; o cliente acessa normalmente a conta na agência de destino.\n\nb) Os procedimentos desta rotina não se aplicam a clientes PJ ou Setor Público. Para chave J e senhas (Alfa Digital PJ), ver rotina 50129.\n\nc) **Titulares solidários:** as senhas (6 e 8 dígitos) e o código de acesso são os mesmos para todos os titulares. Se um titular bloquear a senha, os demais ficam impossibilitados de realizar transações.\n\nd) **Push:** notificação recebida diretamente no App Alfa. Para ativar: 1) autorizar o App Alfa no sistema do celular (Android: Configurações > Receber Notificações; iOS: Ajustes > Receber Notificações); 2) ativar pelo App Alfa (área logada) em Perfil > Geral > Receber notificações.\n\ne) **Bloqueio de Canal:** consulte na plataforma em Segurança > Bloqueio de segurança > Histórico. Havendo bloqueio, o desbloqueio ocorre após a alteração das senhas de 6 e 8 dígitos — é obrigatório alterar primeiro a de 8 dígitos, depois a de 6. Use os itens 3 e/ou 4 para orientar os canais.\n\n---\n\n## 1. Resumo da utilização das senhas\n\n| Tipo de senha | Canais de utilização |\n|---|---|\n| Senha de 4 dígitos | Descontinuada |\n| Senha de 6 dígitos | Confirma transações de cartão débito e crédito. Plataforma de Relacionamento/URA: acesso, consulta e confirmação de transações da mesma titularidade. Site institucional (sem Alfa Code): confirmação de transações financeiras. App Alfa: confirmação de transações financeiras. WhatsApp Alfa: pode ser solicitada para confirmação de algumas transações. TCX, TAD, POS, correspondente bancário: confirmação de transações. TAA: confirmação de transações de beneficiários do INSS e de portadores de deficiência visual sem código de acesso. Banco 24 Horas e rede compartilhada (Banco Parceiro Beta): confirmação de transações de portadores de deficiência visual sem código de acesso. |\n| Senha de 8 dígitos | Site institucional, App Alfa, App Cartão Alfa e WhatsApp: acesso, consultas, transações financeiras e aquisição de produtos/serviços. |\n| Código de Acesso (letras, sílabas ou alfanumérico) | TAA, Banco 24 Horas e rede compartilhada: confirma transações, inclusive saques na função crédito do cartão. |\n| Conta de Acesso (senha alfanumérica) | Utilizada por não correntistas no App Alfa (versão não correntista). |\n\n---\n\n## 2. Situação das Senhas\n\n### 2.1. Consultas\n- Senhas de 6/8 dígitos e código de acesso — Quadro Próprio e Quadro Contratado: `SISALFA > SISRET > X69 > 2` (correntistas: agência e conta; não correntistas: número do cartão), campo STATUS (pode ser informado ao cliente).\n- Conta de Acesso (Quadro Próprio): `SISALFA > ACESSO > 32 > 01 > CPF`.\n\n### 2.2. Códigos aplicáveis a TODOS os tipos de senha\n| Código | Significado | Situação |\n|---|---|---|\n| 0 | Sem ocorrência de erro de digitação | Ativa |\n| 1 | Cliente errou a digitação uma vez | — |\n| 2 | Cliente errou a digitação duas vezes | — |\n| 3 | Cliente errou a digitação três vezes (se ocorrer na senha de 6 dígitos via APF, Mobile ou WhatsApp, o bloqueio ""3"" é aplicado também à senha de 8 dígitos) | Bloqueada |\n| 6 | Senha (PJ e Governo) cadastrada no Alfa Digital PJ, aguardando confirmação de um funcionário da agência | — |\n| 7 | Senha (PJ e Governo) cadastrada no Alfa Digital PJ, aguardando confirmação de dois funcionários da agência | — |\n| Q | Senha alterada no APF Internet sem Alfa Code, ou no APF Celular sem fotografar cartão válido (aguardando confirmação na TAA com biometria cadastrada há mais de 7 dias) | — |\n| U | Senha bloqueada pelo monitoramento de segurança dos canais de autoatendimento | — |\n\n### 2.3. Códigos exclusivos da senha de 6 dígitos\n| Código | Significado | Situação |\n|---|---|---|\n| A | Senha digitada errada 3 vezes | Bloqueada |\n| D | Erro na tentativa de desbloqueio na TAA, ou bloqueio feito pelo próprio cliente via APF Celular/Internet | — |\n\n### 2.4. Códigos exclusivos da senha de 8 dígitos\n| Código | Significado | Situação |\n|---|---|---|\n| T | Senha registrada antes de 2012 e bloqueada por não uso nos últimos 90 dias | Bloqueada |\n| D | Alteração iniciada via APF Celular, com falha na confirmação via TAA sem biometria | — |\n| P | Senha cadastrada via APF Internet/Celular, aguardando confirmação na TAA | — |\n| 4 | Erro na tentativa de desbloqueio via Mobile | — |\n| 8 | Senha bloqueada pela agência ou pelo próprio cliente nos canais de autoatendimento | — |\n\n### 2.5. Situações do código de acesso\nCódigo ""4"" = tentativa de desbloqueio na TAA; CAA = letras; CAS = sílabas; CAN = alfanumérico.\n\n### 2.6. Situações da senha alfanumérica (Conta de Acesso)\n*Solicitado* = cadastramento/alteração pedidos; *Ativa* = cadastrada e ativa; *Bloqueado* = bloqueada por erro de digitação ou por segurança.\n> Essa confirmação ocorre por oferta ativa, sem necessidade de navegar pelo menu da TAA.\n\n---\n\n## 3. Correntistas e Poupadores\n\n### 3.1. Senha de 6 dígitos (conta e cartão)\n\nUsada para autorizar transações em: terminais de caixa das agências, TAA, site institucional (sem Alfa Code), App Alfa, correspondente bancário, transações de cartão (débito e crédito) e acesso à Central de Relacionamento/SAC. Vinculada à agência/conta (correntista) ou ao CPF (não correntista).\n\n**3.1.1. Cadastramento**\n\n| Canal | Procedimento |\n|---|---|\n| Agência | Correntistas e poupadores: no fluxo de abertura de conta, em qualquer agência. Beneficiários do INSS: em qualquer agência. Clientes de conta digital: no fluxo de abertura pelo App Alfa. |\n\n> **Atenção:** se o cliente quiser encerrar a conta corrente e ficar só com o cartão de crédito, cadastre nova senha como não correntista — obrigatório para não deixar pendente a emissão dos cartões.\n\n**3.1.2. Alteração**\n\n> Para cartões com chip, após a alteração, oriente o cliente a atualizar o chip de todos os plásticos em qualquer TAA (sob risco da senha não funcionar). Verifique a possibilidade de enviar senha provisória por SMS (item 6).\n\n| Canal | Requisitos/Condição | Procedimento |\n|---|---|---|\n| App Alfa | Celular autorizado há mais de 30 dias; Alfa Code ou Push habilitado; geolocalização ativa e autorizada; cartão ativo; senha de 8 dígitos ativa (códigos 0, 1 e/ou 2). Não disponível se bloqueada por ""8"". | **Com a senha anterior:** área logada > Perfil > Segurança > Central de senhas > Senha de 6 dígitos > Alterar. **Sem a senha anterior:** área logada > Perfil > Segurança > Central de senhas > Senha de 6 dígitos > Esqueci a senha > ""Agora utilizando o cartão"" (dados do cartão) — confirmação por: (i) biometria na TAA (cadastrada há mais de 7 dias): App Alfa > Menu > Perfil > Central de senhas > Senha de 6 dígitos > Esqueci a senha > No caixa eletrônico, depois na TAA em Segurança e Senhas > Senhas > Liberação de Senha Provisória > Senha da conta e cartão (6 dígitos); ou (ii) WhatsApp (telefone cadastrado no ATO): área logada > Perfil > Central de senhas > Senha de 6 dígitos > Esqueci a senha > Por WhatsApp. |\n| Site institucional | Senha de 8 dígitos ativa (códigos 0, 1 e/ou 2). Não disponível para quem não usa Alfa Code e não tem biometria cadastrada há mais de 7 dias (ou de forma assistida), nem para bloqueio ""U"" ou ""8"" da senha de 6 dígitos. | Em computador autorizado, com ou sem a senha anterior: **com adesão ao Alfa Code:** área logada > Segurança > Senhas > Alterar > Senha do cartão (6 dígitos) (exige código de autorização do Alfa Code). **Sem adesão ao Alfa Code, com biometria cadastrada:** mesmo caminho, confirmando em uma TAA com biometria cadastrada há mais de 7 dias. |\n| Agências (inclusive bloqueio ""U"") | — | Mediante identificação; recomendar que o cliente leve o cartão. |\n| SAC | Bloqueio ""U"": SAC Receptivo QP/QC (Célula de Segurança) → rotina 50130; SAC Soluções QP → rotina 50131; SAC Quadro Contratado → rotina 50112. Outros bloqueios: SAC Quadro Próprio → procedimento de Geração de Senha (item 6); SAC Quadro Contratado → rotina 50112. | — |\n| Plataforma de Relacionamento / ATA | Exceto bloqueio ""U"": Quadro Próprio → Geração de Senha; Quadro Contratado (não correntista portador de cartão) → Geração de Senha; correntistas/poupadores → demais canais. | — |\n\n**3.1.3. Bloqueio**\n\nCanais por iniciativa do cliente: TAA; SAC QC/QP; Plataforma de Relacionamento; site institucional (com Alfa Code); App Alfa (dispositivo autorizado, com Alfa Code ou push); agências.\n> Se o cliente detectar lançamentos indevidos na conta (inclusive por invasão do site), utilize também a rotina 50136, item 5.1. Bloqueio por um titular solidário impede os demais de transacionar. O bloqueio do código de acesso implica bloqueio da senha de 6 dígitos.\n\n**3.1.4. Desbloqueio**\n\nFeito COM conhecimento da senha anterior (sem isso, é preciso fazer a Alteração). Bloqueio ""U"" não admite desbloqueio, só Alteração.\n\n| Canal | Requisitos | Procedimento |\n|---|---|---|\n| App Alfa | Celular autorizado >30 dias; Alfa Code/Push habilitado; geolocalização ativa; cartão ativo; senha de 8 dígitos ativa (0,1,2). | Área logada > Perfil > Segurança > Central de senhas > Senha de 6 dígitos > Desbloquear. |\n| Site institucional | Senha de 8 dígitos ativa (0,1,2). | Em computador autorizado — com Alfa Code: Segurança > Senhas > Desbloquear (código de autorização); sem Alfa Code: mesmo caminho, confirmando em TAA com biometria (>7 dias). |\n| TAA | Biometria, ou cartão + código de acesso. | Menu > Segurança e Senhas > Senhas > Desbloqueio > Senha da conta e cartão (6 dígitos). |\n| Agência | Identificação (recomendar levar o cartão). | — |\n\n> Erro de digitação na tentativa de desbloqueio na TAA: só pode ser desbloqueada em agência. Bloqueio por iniciativa da agência/cliente: desbloqueio em qualquer agência. Bloqueio por erro de identificação positiva na TAA: só desbloqueia em agência (se o cliente souber a senha); usar a TAA para essa operação não é possível. Desbloqueio exige código de acesso ou biometria; sem nenhum dos dois, é necessário comparecer a uma agência.\n\n### 3.2. Senha de 8 dígitos\n\nAcessa o site institucional e o App Alfa; pode ser provisória¹ ou definitiva. Confirmação de transações financeiras via Alfa Code; sem Alfa Code, usa-se a senha de 6 dígitos (oriente o cadastramento do Alfa Code). Senha única — não precisa ser cadastrada por cada titular.\n\n> ¹ Provisória: só senhas antigas; acesso restrito a consultas. Para movimentações financeiras, deve ser liberada em uma TAA.\n\n**3.2.1. Cadastramento**\n\n| Canal | Procedimento |\n|---|---|\n| App Alfa | Correntistas/poupadores: ""Esqueci ou não tenho a senha"" na tela de login (clientes sem histórico de equipamento autorizado no ATO); o equipamento fica em carência (há um link de liberação). Clientes de conta digital: cadastram no fluxo de abertura via Mobile. |\n| TAA | Com biometria cadastrada há mais de 7 dias: Menu > Segurança e Senhas > Senhas > Cadastramento. |\n| Agência | Qualquer agência, informando a senha de 6 dígitos. |\n\n**3.2.2. Alteração**\n\n| Canal | Condição | Procedimento |\n|---|---|---|\n| App Alfa | Celular autorizado >30 dias; Alfa Code/Push; geolocalização; cartão ativo. | **Com a senha atual:** área logada > Perfil > Segurança > Central de senhas > Senha de 8 dígitos > Alterar (digitar a senha atual). **Sem a senha atual (inclusive bloqueio ≠ ""U""), ou bloqueio ""U"":** ""Esqueci minha senha"" (tela de login ou tela inicial não logada) > Recuperar senha > Senha de 8 dígitos > Esqueci a senha, com 3 opções: (i) ""Agora utilizando o cartão"" (dados do cartão, dispositivo autorizado, Alfa Code ou Push); (ii) ""No caixa eletrônico"" (confirmação por biometria na TAA, cadastrada há mais de 7 dias); (iii) por WhatsApp (telefone cadastrado no ATO + versão mínima do app + reconhecimento facial). *A opção ""recuperar senha"" só aparece em celular autorizado onde o cliente já acessou a conta ao menos uma vez.* |\n| Site institucional (computador autorizado) | Com a senha atual: exigida a senha de 8 dígitos atual. | **Com Alfa Code:** Segurança > Senhas > Alterar > Senha da internet (8 dígitos) (código de autorização). **Sem Alfa Code:** mesmo caminho, confirmando em TAA com biometria (>7 dias). Sem a senha atual (inclusive bloqueio ≠ ""U""), ou bloqueio ""U"": não disponível neste canal. |\n| TAA | Com ou sem a senha atual (inclusive bloqueios). | Menu > Segurança e Senhas > Senhas > Alteração > Senha de acesso à internet e ao celular (8 dígitos). Com biometria: qualquer horário (cadastrada há mais de 7 dias, ou de forma assistida). Sem biometria, com cartão com chip + código de acesso: das 10h às 16h em dias úteis. |\n| Agência | Com ou sem a senha atual (inclusive bloqueios). | Atendimento presencial, exigindo a senha de 6 dígitos; recomendar levar o cartão. |\n| SAC | Com a senha atual, ou sem ela (exceto ""U""): Quadro Próprio → Geração de Senha; Quadro Contratado → rotina 50112. Bloqueio ""U"": SAC Receptivo (Célula de Segurança) → rotina 50130; SAC Soluções QP → rotina 50131; SAC QC → rotina 50112. | — |\n| Plataforma de Relacionamento / ATA | Com a senha atual, ou sem ela (exceto ""U""): Quadro Próprio → Geração de Senha; Quadro Contratado (não correntista com cartão) → Geração de Senha; correntistas/poupadores → demais canais. Bloqueio ""U"": não disponível neste canal. | — |\n\n**3.2.3. Bloqueio**\n\nCanais por iniciativa do cliente: TAA; SAC; agências; site institucional (com Alfa Code); App Alfa (dispositivo autorizado, com Alfa Code ou push). Bloqueio de segurança ocorre quando há indício de violação da senha. Bloqueio ""T"": não é mais aplicado — restam apenas registros até 2012.\n\n**3.2.4. Desbloqueio**\n\n> Sem conhecimento da senha anterior, bloqueio ""U"" (segurança) ou bloqueio ""4"": seguir os procedimentos de Alteração.\n\nConsulte em `SISRET X69 > 02` (correntistas: agência/conta; não correntistas: número do cartão), campo STATUS, ou pela Plataforma (Segurança > Senhas > Gerenciamento de Senhas). Não pergunte data de validade nem CVV ao cliente — preencha o número do cartão, use o mês/ano do contato como validade e ""000"" no CVV2.\n\n| Tipo de bloqueio | Canal | Procedimento |\n|---|---|---|\n| Por iniciativa da agência ou do cliente | Agência | Com a senha de 6 dígitos (recomendar levar o cartão). |\n| | TAA | Com código de acesso ou biometria. |\n| Por motivo ""T"" | Agência | Idem acima. |\n| | TAA | Idem acima. |\n| Por digitação incorreta 3 vezes | App Alfa (dispositivo autorizado >30 dias, Alfa Code/Push, geolocalização, cartão ativo) | Recuperar Senhas > Senha de 8 dígitos > Desbloquear (digitar a senha atual). |\n| | Agência | Com a senha de 6 dígitos. |\n| | TAA | Com código de acesso ou biometria. |\n| Por erro na tentativa de desbloqueio na TAA | Agência | Com a senha de 6 dígitos. |\n\n---\n\n## 4. Não Correntista\n\n### 4.1. Senha de 6 dígitos\n\n**4.1.1. Cadastramento:** clientes não correntistas que solicitam Cartão Alfa via App ou web cadastram no próprio fluxo de solicitação. Private Label → rotina 50133. Cartões de programa de fidelidade parceiro → rotina 50134.\n\n**4.1.2. Alteração:** Agência (qualquer uma, com cartão válido e identificação); SAC e Plataforma de Relacionamento → item 6 desta rotina.\n\n**4.1.3. Bloqueio:** por iniciativa do cliente — TAA; SAC QC/QP; Plataforma de Relacionamento; agências.\n\n**4.1.4. Desbloqueio:** Agência (qualquer uma, com a senha de 6 dígitos); TAA (com o código de acesso).\n\n### 4.2. Conta de Acesso e Senha de 8 dígitos\n\n**Demanda:** dificuldade para acessar o App Alfa ou o App Cartão Alfa com a senha de 8 dígitos.\n\n> **Atenção:** há 2 tipos de senha de 8 dígitos para não correntista — **Conta de Acesso** (acessa o App Alfa) e **Senha-8** (acessa o App Cartão Alfa). O cliente normalmente não sabe dessa distinção. Para identificar o tipo, siga o item 4.2.1.\n\n**4.2.1. Identificação do tipo de senha**\n\n*4.2.1.1. Sistema Alfa:*\n- a) Senha Conta de Acesso: `SISRET X69 > 02 > nº do cartão`. Se ""não localizado"" ou se o cliente tiver os dois tipos, siga para (b). Se possuir só Conta de Acesso: Quadro Contratado → siga para 4.2.2; Quadro Próprio → confira a situação (se ""Ativo"", tecle F9 para mais detalhes) e siga para 4.2.2.\n- b) Senha-8: `SISALFA > SISRET X69 > 02 > nº do cartão`. Cliente com só Senha-8, ou com as duas → oriente conforme 4.2.2 (Quadro Próprio e Contratado).\n\n*4.2.1.2. Plataforma:* não pergunte data de validade nem CVV. `Plataforma de Negócios > Segurança > Senhas > Gerenciamento de Senhas 3.0` — preencha o número do cartão, use o mês/ano do contato como validade e ""000"" no CVV2.\n\n**4.2.2. Procedimentos** (se o cliente tiver os dois tipos, pergunte qual app ele quer acessar):\n\n| Senha | Cadastramento | Alteração | Bloqueio | Desbloqueio |\n|---|---|---|---|---|\n| **Conta de Acesso** (App Alfa) | No momento da contratação do cartão (App Alfa/onboarding digital) | App Alfa (Central de Senhas) ou link de recuperação; Agência (cartão válido e previamente liberado) | Agência | Agência (cartão válido e previamente liberado) |\n| **Senha-8** (App Cartão Alfa) | No momento da contratação do cartão (lojas parceiras, correspondentes, agências) | TAA; SAC e Plataforma de Relacionamento (Geração de Senha, ou outros canais); App Cartão Alfa ""Esqueci minha senha"" (sem bloqueio vigente); Agência | TAA; APF; Mobile; agências; **se o cliente foi vítima de assalto, roubo ou sequestro:** SAC QP/QC e Plataforma de Relacionamento → `SISRET X98`, código de rota 800050, conta = nº da conta do cartão | TAA; Agência |\n\n> Não correntistas com Conta de Acesso também podem acessar o App Cartão Alfa, mas precisam cadastrar uma senha de 8 dígitos separada via ""Esqueci senha"" — explique que serão duas senhas diferentes, uma para cada app. Quem possui só a Senha-8 NÃO consegue acessar o App Alfa.\n\n---\n\n## 5. Código de Acesso (Alfanumérico)\n\na) **Deficientes visuais:** o cliente com deficiência visual total pode ser dispensado da exigência do código de acesso, mediante registro da característica no cadastro pela agência. Em conta conjunta, a dispensa vale só para o titular com a deficiência.\n\nb) **Tipos:** CAA (letras), CAS (sílabas), CAN (alfanumérico). Emitido quando o cliente usa a TAA com cartão pela primeira vez, tentando uma transação/consulta — o cliente é avisado do novo código, que substitui o anterior.\n\nc) Se o cliente disser que não tem/não anotou o código: oriente conforme a tabela abaixo, ou informe que TAAs com biometria dispensam o código de acesso (rotina 50132, itens 1 e 9).\n\n**5.1. O que é:** código aleatório (letras, sílabas e/ou números), não escolhido pelo cliente; para PF e PJ, correntistas, não correntistas e poupadores portadores de cartão; necessário em: TAA, Banco 24 Horas e rede compartilhada (Banco Parceiro Beta).\n\n**5.2. Cadastramento:** gerado e impresso automaticamente no primeiro uso do cartão na TAA; regenerado em migração de conta (mesmo cartão) ou quando o código antigo é cancelado. Se a impressora estiver inoperante, é mostrado só em tela. Código único para todos os titulares solidários.\n\n**5.3. Alteração:** não existe alteração direta — o código deve ser cancelado (canais abaixo); a nova combinação é gerada automaticamente no próximo acesso à TAA. *(O código não muda se a senha da conta corrente for alterada.)*\n\n| Canal | Procedimento |\n|---|---|\n| App Alfa | Área logada > Perfil > Segurança > Central de senhas > Código de Acesso > Solicitar novo código. |\n| Site institucional | Área logada — confirmação via Alfa Code; sem Alfa Code, confirma na TAA com biometria cadastrada há mais de 7 dias. |\n| Agência | Com a senha de 6 dígitos (recomendar levar o cartão). |\n\n**5.4. Bloqueio:** após 3 tentativas seguidas incorretas. Bloqueio da senha de 6 dígitos ou do código de acesso mantém o uso da TAA com biometria. Bloqueio da senha de 6 dígitos mantém o uso do código de acesso, exceto nos bloqueios ""U"" ou ""8"".\n\n**5.5. Desbloqueio:** pelo próprio cliente na TAA, usando o próprio código de acesso. Se houver novo erro, o código deve ser cancelado (site institucional com Alfa Code, App Alfa, ou qualquer agência) para gerar um novo.\n\n---\n\n## 6. Geração de Senha PF – Procedimentos\n\nEnvio de senha (6 e 8 dígitos) por SMS para PF — só para ALTERAÇÃO (não para cadastro de primeira senha, que segue outros canais). Não disponível para senhas ""não cadastradas""/""a cadastrar"" ou bloqueio ""U"". Faça as consultas do item 6.2 antes.\n\n### 6.1. Atendimento\n\n| Frente | Quem atende | Identificação |\n|---|---|---|\n| SAC QP | Correntistas e não correntistas | Cliente autenticado (URA, Token ou Identificação Positiva) |\n| SAC QC | Não correntistas portadores de cartão (correntistas/poupadores: transferir para a Célula de Segurança via rotina 50106) | — |\n| Plataforma de Relacionamento QP | Correntistas e não correntistas | Autenticado por CPF+senha, agência/conta+senha ou Token: IP dispensada. Atendimentos ATA, Consultoria e Texto: exigem IP. Bancada Cartão: Checklist Maior Risco. |\n| Plataforma de Relacionamento QC | Não correntistas portadores de cartão (correntistas/poupadores: demais canais, itens 3 e 4) | — |\n\n### 6.2. Consultas\n\n1. Verifique o cadastro da senha em `SISRET X69 > 02` ou pela Plataforma (Segurança > Senhas > Gerenciamento de Senhas) — correntistas: agência/conta; não correntistas: número do cartão (não pedir validade/CVV; usar mês/ano do contato e ""000"" no CVV2).\n2. Resultado ""Não cadastrada""/""A cadastrar"" → cliente não correntista com entrada via onboarding digital; não é possível enviar senha; oriente: 8 dígitos via App Alfa (se dispositivo autorizado com Alfa Code/push); 6 dígitos, comparecer a uma agência.\n3. Resultado ""U Bloqueado"" → SAC Receptivo (Célula de Segurança) → rotina 50130; SAC Soluções QP → rotina 50131; SAC Receptivo QC → rotina 50112; Plataforma de Relacionamento → orientar contato com o SAC.\n4. Demais situações → prossiga: pergunte o celular atual do cliente (não informe outros números cadastrados) e confira no cadastro (agência/conta ou MCI) se é o mesmo já registrado. Se divergente, ou se houver mais de um número/duplicidade cadastrada → oriente comparecimento a uma agência. Se for o mesmo e único número → siga para 6.3.\n\n### 6.3. Geração de Senha\n\na) Acesse Plataforma > Segurança > Senhas > Envio de Senha por SMS.\nb) Consulte por tipo de cliente: correntista (CPF, agência e conta, ou MCI); não correntista (CPF); na aba Cartão, informe o número (via `Cartão > 11 > 1` ou `17 > 01 > 01`) — se houver mais de um cartão, peça modalidade e os 4 últimos dígitos.\nc) Selecione a conta/cartão do cliente.\nd) Selecione o envio de senha de 8 e/ou 6 dígitos — o sistema gera uma senha aleatória e envia por SMS.\ne) Informe que a senha chega por SMS ao celular cadastrado, sem prazo de expiração, e que deve ser alterada assim que possível por segurança.\nf) Se for senha de 6 dígitos, informe que, após a alteração, é preciso validar o chip do cartão em qualquer TAA — caso contrário, a nova senha não funcionará com o cartão com chip.\n\n---\n\n## 7. Cliente no Exterior\n\na) **Central de Senhas** (no App Alfa; exige cartão ativo, dispositivo liberado e Alfa Code/Push): permite alterar/bloquear/desbloquear/criar senha de 8 dígitos; alterar/bloquear/desbloquear senha de 6 dígitos; solicitar novo código de acesso. Acesso com a senha atual: área logada > Perfil > Central de senhas. Sem a senha: tela inicial não logada > Recuperar senha.\n\nb) **Agências no exterior:** procedimento de senhas disponível somente na agência de Tóquio.\n\nc) Solicitar a um representante legal (com procuração com firma reconhecida) que realize a operação na agência de relacionamento do cliente no Brasil.\n\nd) A agência de relacionamento envia ao e-mail cadastrado no MCI uma declaração para o cliente assinar e digitalizar — válido apenas para senhas bloqueadas por erro, não para bloqueio ""U"" (suspeita de fraude). O pedido pode começar por qualquer canal de contato, mas a declaração assinada só pode retornar pelo e-mail cadastrado no MCI. A agência de relacionamento pode ser confirmada com o cliente durante a ligação, na aba lateral da Plataforma de Relacionamento.\n\ne) **Cartões com chip:** após a alteração da senha de 6 dígitos, oriente o cliente a atualizar o chip de todos os plásticos ao voltar ao Brasil (em uma TAA), sob risco de impacto em transações presenciais; carteiras digitais funcionam normalmente após a troca.\n\nf) **Uso da senha no exterior:** alguns terminais usam PIN de 4 e/ou 6 dígitos. Nos de 4 dígitos, o cliente informa os 4 primeiros dígitos da sua senha de 6. No exterior, o cliente tem as mesmas opções dos demais clientes, pelo site institucional ou pelo App Alfa.\n\n---\n\n## 8. Senha do Portador Adicional\n\n| Portador | Solicitação | Alteração/reposição |\n|---|---|---|\n| **Adicional não correntista** | Presencial: senha de 6 dígitos cadastrada na hora. Demais canais: senha enviada por correio ao endereço do portador titular. | Se perder, esquecer ou não receber, cadastrar nova em qualquer agência. |\n| **Adicional correntista** | Usa a mesma senha pessoal de 6 dígitos de sua própria conta. Sem senha gravada: modalidades Doméstico/Internacional → sistema não gera o cartão; modalidades Gold e superiores → senha enviada por correio, cartão gerado após o recebimento. | Se perder, esquecer ou não receber, seguir as orientações do item 3. |\n\n---\n\n## 9. Acesso ao gov.br com credenciais do Banco Alfa\n\nVer rotina 50135.\n\n---\n\n## 10. Central de Senhas PF\n\nSolução de segurança no App Alfa para o cliente gerenciar suas senhas.\n- **Área logada:** Perfil > Segurança > Central de Segurança > Central de senhas; Perfil > Segurança > Central de senhas; Menu > Segurança > Central de Segurança > Central de Senhas.\n- **Área não logada:** Tela inicial > Recuperar Senha; ou role a tela para cima > Recuperar Senha.\n\n**Requisitos:** celular autorizado há mais de 30 dias; telefone cadastrado no ATO; Alfa Code ou Push habilitado; geolocalização ativa e autorizada; permissão de câmera concedida ao app; cartão ativo.\n\n> **Atenção:** não correntistas usam a Central de Senhas apenas para alterar a senha ""Conta de Acesso"" (ver item 4.2.2).\n\n---\n\n## 11. Fontes de informação\n\nUGS – Unidade de Gestão de Segurança (código 800040) · Normativo interno 5001 · Normativo interno 5002\n\n---\n\n## 12. Rotinas absorvidas\n\nO conteúdo das seguintes rotinas foi absorvido por este documento:\n\n| Código (anonimizado) | Assunto |\n|---|---|\n| 50137 | Senhas – Orientações (Código de Acesso) |\n| 50138 | Senhas – Orientações (Não correntista) |\n| 50139 | Senhas – Correntistas (Internet e Celular) |\n| 50140 | Arquivada – Senhas – Orientações (Conta-corrente) |\n| 50141 | POP UP – Senhas – Tipos de bloqueio |\n| 50142 | Modalidade de conta simplificada – Senhas |\n| 50143 | Senhas – Orientações – Poupador não correntista |\n| 50144 | Acesso do cliente à plataforma digital gov.br (parceria Banco Alfa e Governo Federal) |\n| 50145 | Senhas – Alfa Digital PJ |\n| 50146 | Atendimento para clientes não participantes do modelo ATA |\n| 50147 | Geração de senha PF – Procedimentos |\n']","Não: geração de senha por SMS serve só para alteração, nunca para primeira senha 'não cadastrada/a cadastrar'. Orientar 8 dígitos via App Alfa (dispositivo autorizado com Alfa Code/push) e 6 dígitos presencial na agência.",CONDITIONAL_WORKFLOW,7.0576,,0.21428571428571427,0.7998041221855093,1.0,0.9999999999
Correntista alterou a senha de 6 dígitos de cartão com chip pelo App Alfa e o cartão parou de funcionar no presencial. Qual passo faltou?,"Para que o cartão volte a funcionar em estabelecimentos físicos após a alteração da senha pelo aplicativo, geralmente é necessário realizar uma **ativação presencial**.

O passo que provavelmente faltou é a **primeira utilização em um terminal de autoatendimento (caixa eletrônico) ou em uma transação com chip e senha**.

Aqui estão os pontos principais para resolver:

1.  **Transação com chip:** Muitas instituições exigem que, após a alteração da senha via App, o cliente insira o cartão fisicamente em uma máquina (POS) ou caixa eletrônico e digite a nova senha. Isso serve para ""gravar"" a nova senha no chip do cartão.
2.  **Sincronização:** Em alguns casos, o sistema pode levar alguns minutos para processar a atualização entre o App e a rede de pagamentos. Se a alteração foi feita há pouco tempo, tente novamente após um intervalo.
3.  **Bloqueio por segurança:** Se o cliente tentou usar a senha antiga após a alteração, o chip pode ter entrado em modo de segurança. Nesse caso, o uso em um caixa eletrônico do próprio banco costuma desbloquear o chip.
4.  **Verificação de status:** Vale conferir no App se o cartão não ficou com o status de ""bloqueado"" ou ""temporariamente inativo"" após a operação.

**Recomendação:** Oriente o correntista a ir a um caixa eletrônico do banco, inserir o cartão e realizar uma consulta de saldo ou extrato utilizando a **nova senha**. Isso costuma sincronizar o chip e normalizar o uso no comércio. Se o problema persistir, ele deve entrar em contato com a central de atendimento para verificar se houve algum erro de processamento na atualização da senha.","['# POP – Gestão de Senhas e Código de Acesso – Pessoa Física\n### [Versão anonimizada/pseudonimizada — documento complementar ao POP de CDC]\n\n> **Nota metodológica:** este documento usa a mesma metodologia e os mesmos pseudônimos institucionais do POP de CDC anonimizado anteriormente (Banco Alfa, SISALFA, App Alfa etc.). Termos novos e específicos deste documento (produtos de cartão, plataformas, rotinas) foram adicionados à mesma chave de correspondência (arquivo único, cumulativo). A lógica processual e as condições originais foram mantidas integralmente.\n\n**Sumário:** Notas iniciais · 1. Resumo das senhas · 2. Situação das senhas · 3. Correntistas e poupadores · 4. Não correntista · 5. Código de acesso · 6. Geração de senha PF · 7. Cliente no exterior · 8. Senha do portador adicional · 9. Acesso ao gov.br · 10. Central de Senhas PF · 11. Fontes de informação · 12. Rotinas absorvidas\n\n---\n\n## Notas iniciais\n\na) **Transferência de saldo/produtos entre agências:** a senha da agência de origem não é alterada; o cliente acessa normalmente a conta na agência de destino.\n\nb) Os procedimentos desta rotina não se aplicam a clientes PJ ou Setor Público. Para chave J e senhas (Alfa Digital PJ), ver rotina 50129.\n\nc) **Titulares solidários:** as senhas (6 e 8 dígitos) e o código de acesso são os mesmos para todos os titulares. Se um titular bloquear a senha, os demais ficam impossibilitados de realizar transações.\n\nd) **Push:** notificação recebida diretamente no App Alfa. Para ativar: 1) autorizar o App Alfa no sistema do celular (Android: Configurações > Receber Notificações; iOS: Ajustes > Receber Notificações); 2) ativar pelo App Alfa (área logada) em Perfil > Geral > Receber notificações.\n\ne) **Bloqueio de Canal:** consulte na plataforma em Segurança > Bloqueio de segurança > Histórico. Havendo bloqueio, o desbloqueio ocorre após a alteração das senhas de 6 e 8 dígitos — é obrigatório alterar primeiro a de 8 dígitos, depois a de 6. Use os itens 3 e/ou 4 para orientar os canais.\n\n---\n\n## 1. Resumo da utilização das senhas\n\n| Tipo de senha | Canais de utilização |\n|---|---|\n| Senha de 4 dígitos | Descontinuada |\n| Senha de 6 dígitos | Confirma transações de cartão débito e crédito. Plataforma de Relacionamento/URA: acesso, consulta e confirmação de transações da mesma titularidade. Site institucional (sem Alfa Code): confirmação de transações financeiras. App Alfa: confirmação de transações financeiras. WhatsApp Alfa: pode ser solicitada para confirmação de algumas transações. TCX, TAD, POS, correspondente bancário: confirmação de transações. TAA: confirmação de transações de beneficiários do INSS e de portadores de deficiência visual sem código de acesso. Banco 24 Horas e rede compartilhada (Banco Parceiro Beta): confirmação de transações de portadores de deficiência visual sem código de acesso. |\n| Senha de 8 dígitos | Site institucional, App Alfa, App Cartão Alfa e WhatsApp: acesso, consultas, transações financeiras e aquisição de produtos/serviços. |\n| Código de Acesso (letras, sílabas ou alfanumérico) | TAA, Banco 24 Horas e rede compartilhada: confirma transações, inclusive saques na função crédito do cartão. |\n| Conta de Acesso (senha alfanumérica) | Utilizada por não correntistas no App Alfa (versão não correntista). |\n\n---\n\n## 2. Situação das Senhas\n\n### 2.1. Consultas\n- Senhas de 6/8 dígitos e código de acesso — Quadro Próprio e Quadro Contratado: `SISALFA > SISRET > X69 > 2` (correntistas: agência e conta; não correntistas: número do cartão), campo STATUS (pode ser informado ao cliente).\n- Conta de Acesso (Quadro Próprio): `SISALFA > ACESSO > 32 > 01 > CPF`.\n\n### 2.2. Códigos aplicáveis a TODOS os tipos de senha\n| Código | Significado | Situação |\n|---|---|---|\n| 0 | Sem ocorrência de erro de digitação | Ativa |\n| 1 | Cliente errou a digitação uma vez | — |\n| 2 | Cliente errou a digitação duas vezes | — |\n| 3 | Cliente errou a digitação três vezes (se ocorrer na senha de 6 dígitos via APF, Mobile ou WhatsApp, o bloqueio ""3"" é aplicado também à senha de 8 dígitos) | Bloqueada |\n| 6 | Senha (PJ e Governo) cadastrada no Alfa Digital PJ, aguardando confirmação de um funcionário da agência | — |\n| 7 | Senha (PJ e Governo) cadastrada no Alfa Digital PJ, aguardando confirmação de dois funcionários da agência | — |\n| Q | Senha alterada no APF Internet sem Alfa Code, ou no APF Celular sem fotografar cartão válido (aguardando confirmação na TAA com biometria cadastrada há mais de 7 dias) | — |\n| U | Senha bloqueada pelo monitoramento de segurança dos canais de autoatendimento | — |\n\n### 2.3. Códigos exclusivos da senha de 6 dígitos\n| Código | Significado | Situação |\n|---|---|---|\n| A | Senha digitada errada 3 vezes | Bloqueada |\n| D | Erro na tentativa de desbloqueio na TAA, ou bloqueio feito pelo próprio cliente via APF Celular/Internet | — |\n\n### 2.4. Códigos exclusivos da senha de 8 dígitos\n| Código | Significado | Situação |\n|---|---|---|\n| T | Senha registrada antes de 2012 e bloqueada por não uso nos últimos 90 dias | Bloqueada |\n| D | Alteração iniciada via APF Celular, com falha na confirmação via TAA sem biometria | — |\n| P | Senha cadastrada via APF Internet/Celular, aguardando confirmação na TAA | — |\n| 4 | Erro na tentativa de desbloqueio via Mobile | — |\n| 8 | Senha bloqueada pela agência ou pelo próprio cliente nos canais de autoatendimento | — |\n\n### 2.5. Situações do código de acesso\nCódigo ""4"" = tentativa de desbloqueio na TAA; CAA = letras; CAS = sílabas; CAN = alfanumérico.\n\n### 2.6. Situações da senha alfanumérica (Conta de Acesso)\n*Solicitado* = cadastramento/alteração pedidos; *Ativa* = cadastrada e ativa; *Bloqueado* = bloqueada por erro de digitação ou por segurança.\n> Essa confirmação ocorre por oferta ativa, sem necessidade de navegar pelo menu da TAA.\n\n---\n\n## 3. Correntistas e Poupadores\n\n### 3.1. Senha de 6 dígitos (conta e cartão)\n\nUsada para autorizar transações em: terminais de caixa das agências, TAA, site institucional (sem Alfa Code), App Alfa, correspondente bancário, transações de cartão (débito e crédito) e acesso à Central de Relacionamento/SAC. Vinculada à agência/conta (correntista) ou ao CPF (não correntista).\n\n**3.1.1. Cadastramento**\n\n| Canal | Procedimento |\n|---|---|\n| Agência | Correntistas e poupadores: no fluxo de abertura de conta, em qualquer agência. Beneficiários do INSS: em qualquer agência. Clientes de conta digital: no fluxo de abertura pelo App Alfa. |\n\n> **Atenção:** se o cliente quiser encerrar a conta corrente e ficar só com o cartão de crédito, cadastre nova senha como não correntista — obrigatório para não deixar pendente a emissão dos cartões.\n\n**3.1.2. Alteração**\n\n> Para cartões com chip, após a alteração, oriente o cliente a atualizar o chip de todos os plásticos em qualquer TAA (sob risco da senha não funcionar). Verifique a possibilidade de enviar senha provisória por SMS (item 6).\n\n| Canal | Requisitos/Condição | Procedimento |\n|---|---|---|\n| App Alfa | Celular autorizado há mais de 30 dias; Alfa Code ou Push habilitado; geolocalização ativa e autorizada; cartão ativo; senha de 8 dígitos ativa (códigos 0, 1 e/ou 2). Não disponível se bloqueada por ""8"". | **Com a senha anterior:** área logada > Perfil > Segurança > Central de senhas > Senha de 6 dígitos > Alterar. **Sem a senha anterior:** área logada > Perfil > Segurança > Central de senhas > Senha de 6 dígitos > Esqueci a senha > ""Agora utilizando o cartão"" (dados do cartão) — confirmação por: (i) biometria na TAA (cadastrada há mais de 7 dias): App Alfa > Menu > Perfil > Central de senhas > Senha de 6 dígitos > Esqueci a senha > No caixa eletrônico, depois na TAA em Segurança e Senhas > Senhas > Liberação de Senha Provisória > Senha da conta e cartão (6 dígitos); ou (ii) WhatsApp (telefone cadastrado no ATO): área logada > Perfil > Central de senhas > Senha de 6 dígitos > Esqueci a senha > Por WhatsApp. |\n| Site institucional | Senha de 8 dígitos ativa (códigos 0, 1 e/ou 2). Não disponível para quem não usa Alfa Code e não tem biometria cadastrada há mais de 7 dias (ou de forma assistida), nem para bloqueio ""U"" ou ""8"" da senha de 6 dígitos. | Em computador autorizado, com ou sem a senha anterior: **com adesão ao Alfa Code:** área logada > Segurança > Senhas > Alterar > Senha do cartão (6 dígitos) (exige código de autorização do Alfa Code). **Sem adesão ao Alfa Code, com biometria cadastrada:** mesmo caminho, confirmando em uma TAA com biometria cadastrada há mais de 7 dias. |\n| Agências (inclusive bloqueio ""U"") | — | Mediante identificação; recomendar que o cliente leve o cartão. |\n| SAC | Bloqueio ""U"": SAC Receptivo QP/QC (Célula de Segurança) → rotina 50130; SAC Soluções QP → rotina 50131; SAC Quadro Contratado → rotina 50112. Outros bloqueios: SAC Quadro Próprio → procedimento de Geração de Senha (item 6); SAC Quadro Contratado → rotina 50112. | — |\n| Plataforma de Relacionamento / ATA | Exceto bloqueio ""U"": Quadro Próprio → Geração de Senha; Quadro Contratado (não correntista portador de cartão) → Geração de Senha; correntistas/poupadores → demais canais. | — |\n\n**3.1.3. Bloqueio**\n\nCanais por iniciativa do cliente: TAA; SAC QC/QP; Plataforma de Relacionamento; site institucional (com Alfa Code); App Alfa (dispositivo autorizado, com Alfa Code ou push); agências.\n> Se o cliente detectar lançamentos indevidos na conta (inclusive por invasão do site), utilize também a rotina 50136, item 5.1. Bloqueio por um titular solidário impede os demais de transacionar. O bloqueio do código de acesso implica bloqueio da senha de 6 dígitos.\n\n**3.1.4. Desbloqueio**\n\nFeito COM conhecimento da senha anterior (sem isso, é preciso fazer a Alteração). Bloqueio ""U"" não admite desbloqueio, só Alteração.\n\n| Canal | Requisitos | Procedimento |\n|---|---|---|\n| App Alfa | Celular autorizado >30 dias; Alfa Code/Push habilitado; geolocalização ativa; cartão ativo; senha de 8 dígitos ativa (0,1,2). | Área logada > Perfil > Segurança > Central de senhas > Senha de 6 dígitos > Desbloquear. |\n| Site institucional | Senha de 8 dígitos ativa (0,1,2). | Em computador autorizado — com Alfa Code: Segurança > Senhas > Desbloquear (código de autorização); sem Alfa Code: mesmo caminho, confirmando em TAA com biometria (>7 dias). |\n| TAA | Biometria, ou cartão + código de acesso. | Menu > Segurança e Senhas > Senhas > Desbloqueio > Senha da conta e cartão (6 dígitos). |\n| Agência | Identificação (recomendar levar o cartão). | — |\n\n> Erro de digitação na tentativa de desbloqueio na TAA: só pode ser desbloqueada em agência. Bloqueio por iniciativa da agência/cliente: desbloqueio em qualquer agência. Bloqueio por erro de identificação positiva na TAA: só desbloqueia em agência (se o cliente souber a senha); usar a TAA para essa operação não é possível. Desbloqueio exige código de acesso ou biometria; sem nenhum dos dois, é necessário comparecer a uma agência.\n\n### 3.2. Senha de 8 dígitos\n\nAcessa o site institucional e o App Alfa; pode ser provisória¹ ou definitiva. Confirmação de transações financeiras via Alfa Code; sem Alfa Code, usa-se a senha de 6 dígitos (oriente o cadastramento do Alfa Code). Senha única — não precisa ser cadastrada por cada titular.\n\n> ¹ Provisória: só senhas antigas; acesso restrito a consultas. Para movimentações financeiras, deve ser liberada em uma TAA.\n\n**3.2.1. Cadastramento**\n\n| Canal | Procedimento |\n|---|---|\n| App Alfa | Correntistas/poupadores: ""Esqueci ou não tenho a senha"" na tela de login (clientes sem histórico de equipamento autorizado no ATO); o equipamento fica em carência (há um link de liberação). Clientes de conta digital: cadastram no fluxo de abertura via Mobile. |\n| TAA | Com biometria cadastrada há mais de 7 dias: Menu > Segurança e Senhas > Senhas > Cadastramento. |\n| Agência | Qualquer agência, informando a senha de 6 dígitos. |\n\n**3.2.2. Alteração**\n\n| Canal | Condição | Procedimento |\n|---|---|---|\n| App Alfa | Celular autorizado >30 dias; Alfa Code/Push; geolocalização; cartão ativo. | **Com a senha atual:** área logada > Perfil > Segurança > Central de senhas > Senha de 8 dígitos > Alterar (digitar a senha atual). **Sem a senha atual (inclusive bloqueio ≠ ""U""), ou bloqueio ""U"":** ""Esqueci minha senha"" (tela de login ou tela inicial não logada) > Recuperar senha > Senha de 8 dígitos > Esqueci a senha, com 3 opções: (i) ""Agora utilizando o cartão"" (dados do cartão, dispositivo autorizado, Alfa Code ou Push); (ii) ""No caixa eletrônico"" (confirmação por biometria na TAA, cadastrada há mais de 7 dias); (iii) por WhatsApp (telefone cadastrado no ATO + versão mínima do app + reconhecimento facial). *A opção ""recuperar senha"" só aparece em celular autorizado onde o cliente já acessou a conta ao menos uma vez.* |\n| Site institucional (computador autorizado) | Com a senha atual: exigida a senha de 8 dígitos atual. | **Com Alfa Code:** Segurança > Senhas > Alterar > Senha da internet (8 dígitos) (código de autorização). **Sem Alfa Code:** mesmo caminho, confirmando em TAA com biometria (>7 dias). Sem a senha atual (inclusive bloqueio ≠ ""U""), ou bloqueio ""U"": não disponível neste canal. |\n| TAA | Com ou sem a senha atual (inclusive bloqueios). | Menu > Segurança e Senhas > Senhas > Alteração > Senha de acesso à internet e ao celular (8 dígitos). Com biometria: qualquer horário (cadastrada há mais de 7 dias, ou de forma assistida). Sem biometria, com cartão com chip + código de acesso: das 10h às 16h em dias úteis. |\n| Agência | Com ou sem a senha atual (inclusive bloqueios). | Atendimento presencial, exigindo a senha de 6 dígitos; recomendar levar o cartão. |\n| SAC | Com a senha atual, ou sem ela (exceto ""U""): Quadro Próprio → Geração de Senha; Quadro Contratado → rotina 50112. Bloqueio ""U"": SAC Receptivo (Célula de Segurança) → rotina 50130; SAC Soluções QP → rotina 50131; SAC QC → rotina 50112. | — |\n| Plataforma de Relacionamento / ATA | Com a senha atual, ou sem ela (exceto ""U""): Quadro Próprio → Geração de Senha; Quadro Contratado (não correntista com cartão) → Geração de Senha; correntistas/poupadores → demais canais. Bloqueio ""U"": não disponível neste canal. | — |\n\n**3.2.3. Bloqueio**\n\nCanais por iniciativa do cliente: TAA; SAC; agências; site institucional (com Alfa Code); App Alfa (dispositivo autorizado, com Alfa Code ou push). Bloqueio de segurança ocorre quando há indício de violação da senha. Bloqueio ""T"": não é mais aplicado — restam apenas registros até 2012.\n\n**3.2.4. Desbloqueio**\n\n> Sem conhecimento da senha anterior, bloqueio ""U"" (segurança) ou bloqueio ""4"": seguir os procedimentos de Alteração.\n\nConsulte em `SISRET X69 > 02` (correntistas: agência/conta; não correntistas: número do cartão), campo STATUS, ou pela Plataforma (Segurança > Senhas > Gerenciamento de Senhas). Não pergunte data de validade nem CVV ao cliente — preencha o número do cartão, use o mês/ano do contato como validade e ""000"" no CVV2.\n\n| Tipo de bloqueio | Canal | Procedimento |\n|---|---|---|\n| Por iniciativa da agência ou do cliente | Agência | Com a senha de 6 dígitos (recomendar levar o cartão). |\n| | TAA | Com código de acesso ou biometria. |\n| Por motivo ""T"" | Agência | Idem acima. |\n| | TAA | Idem acima. |\n| Por digitação incorreta 3 vezes | App Alfa (dispositivo autorizado >30 dias, Alfa Code/Push, geolocalização, cartão ativo) | Recuperar Senhas > Senha de 8 dígitos > Desbloquear (digitar a senha atual). |\n| | Agência | Com a senha de 6 dígitos. |\n| | TAA | Com código de acesso ou biometria. |\n| Por erro na tentativa de desbloqueio na TAA | Agência | Com a senha de 6 dígitos. |\n\n---\n\n## 4. Não Correntista\n\n### 4.1. Senha de 6 dígitos\n\n**4.1.1. Cadastramento:** clientes não correntistas que solicitam Cartão Alfa via App ou web cadastram no próprio fluxo de solicitação. Private Label → rotina 50133. Cartões de programa de fidelidade parceiro → rotina 50134.\n\n**4.1.2. Alteração:** Agência (qualquer uma, com cartão válido e identificação); SAC e Plataforma de Relacionamento → item 6 desta rotina.\n\n**4.1.3. Bloqueio:** por iniciativa do cliente — TAA; SAC QC/QP; Plataforma de Relacionamento; agências.\n\n**4.1.4. Desbloqueio:** Agência (qualquer uma, com a senha de 6 dígitos); TAA (com o código de acesso).\n\n### 4.2. Conta de Acesso e Senha de 8 dígitos\n\n**Demanda:** dificuldade para acessar o App Alfa ou o App Cartão Alfa com a senha de 8 dígitos.\n\n> **Atenção:** há 2 tipos de senha de 8 dígitos para não correntista — **Conta de Acesso** (acessa o App Alfa) e **Senha-8** (acessa o App Cartão Alfa). O cliente normalmente não sabe dessa distinção. Para identificar o tipo, siga o item 4.2.1.\n\n**4.2.1. Identificação do tipo de senha**\n\n*4.2.1.1. Sistema Alfa:*\n- a) Senha Conta de Acesso: `SISRET X69 > 02 > nº do cartão`. Se ""não localizado"" ou se o cliente tiver os dois tipos, siga para (b). Se possuir só Conta de Acesso: Quadro Contratado → siga para 4.2.2; Quadro Próprio → confira a situação (se ""Ativo"", tecle F9 para mais detalhes) e siga para 4.2.2.\n- b) Senha-8: `SISALFA > SISRET X69 > 02 > nº do cartão`. Cliente com só Senha-8, ou com as duas → oriente conforme 4.2.2 (Quadro Próprio e Contratado).\n\n*4.2.1.2. Plataforma:* não pergunte data de validade nem CVV. `Plataforma de Negócios > Segurança > Senhas > Gerenciamento de Senhas 3.0` — preencha o número do cartão, use o mês/ano do contato como validade e ""000"" no CVV2.\n\n**4.2.2. Procedimentos** (se o cliente tiver os dois tipos, pergunte qual app ele quer acessar):\n\n| Senha | Cadastramento | Alteração | Bloqueio | Desbloqueio |\n|---|---|---|---|---|\n| **Conta de Acesso** (App Alfa) | No momento da contratação do cartão (App Alfa/onboarding digital) | App Alfa (Central de Senhas) ou link de recuperação; Agência (cartão válido e previamente liberado) | Agência | Agência (cartão válido e previamente liberado) |\n| **Senha-8** (App Cartão Alfa) | No momento da contratação do cartão (lojas parceiras, correspondentes, agências) | TAA; SAC e Plataforma de Relacionamento (Geração de Senha, ou outros canais); App Cartão Alfa ""Esqueci minha senha"" (sem bloqueio vigente); Agência | TAA; APF; Mobile; agências; **se o cliente foi vítima de assalto, roubo ou sequestro:** SAC QP/QC e Plataforma de Relacionamento → `SISRET X98`, código de rota 800050, conta = nº da conta do cartão | TAA; Agência |\n\n> Não correntistas com Conta de Acesso também podem acessar o App Cartão Alfa, mas precisam cadastrar uma senha de 8 dígitos separada via ""Esqueci senha"" — explique que serão duas senhas diferentes, uma para cada app. Quem possui só a Senha-8 NÃO consegue acessar o App Alfa.\n\n---\n\n## 5. Código de Acesso (Alfanumérico)\n\na) **Deficientes visuais:** o cliente com deficiência visual total pode ser dispensado da exigência do código de acesso, mediante registro da característica no cadastro pela agência. Em conta conjunta, a dispensa vale só para o titular com a deficiência.\n\nb) **Tipos:** CAA (letras), CAS (sílabas), CAN (alfanumérico). Emitido quando o cliente usa a TAA com cartão pela primeira vez, tentando uma transação/consulta — o cliente é avisado do novo código, que substitui o anterior.\n\nc) Se o cliente disser que não tem/não anotou o código: oriente conforme a tabela abaixo, ou informe que TAAs com biometria dispensam o código de acesso (rotina 50132, itens 1 e 9).\n\n**5.1. O que é:** código aleatório (letras, sílabas e/ou números), não escolhido pelo cliente; para PF e PJ, correntistas, não correntistas e poupadores portadores de cartão; necessário em: TAA, Banco 24 Horas e rede compartilhada (Banco Parceiro Beta).\n\n**5.2. Cadastramento:** gerado e impresso automaticamente no primeiro uso do cartão na TAA; regenerado em migração de conta (mesmo cartão) ou quando o código antigo é cancelado. Se a impressora estiver inoperante, é mostrado só em tela. Código único para todos os titulares solidários.\n\n**5.3. Alteração:** não existe alteração direta — o código deve ser cancelado (canais abaixo); a nova combinação é gerada automaticamente no próximo acesso à TAA. *(O código não muda se a senha da conta corrente for alterada.)*\n\n| Canal | Procedimento |\n|---|---|\n| App Alfa | Área logada > Perfil > Segurança > Central de senhas > Código de Acesso > Solicitar novo código. |\n| Site institucional | Área logada — confirmação via Alfa Code; sem Alfa Code, confirma na TAA com biometria cadastrada há mais de 7 dias. |\n| Agência | Com a senha de 6 dígitos (recomendar levar o cartão). |\n\n**5.4. Bloqueio:** após 3 tentativas seguidas incorretas. Bloqueio da senha de 6 dígitos ou do código de acesso mantém o uso da TAA com biometria. Bloqueio da senha de 6 dígitos mantém o uso do código de acesso, exceto nos bloqueios ""U"" ou ""8"".\n\n**5.5. Desbloqueio:** pelo próprio cliente na TAA, usando o próprio código de acesso. Se houver novo erro, o código deve ser cancelado (site institucional com Alfa Code, App Alfa, ou qualquer agência) para gerar um novo.\n\n---\n\n## 6. Geração de Senha PF – Procedimentos\n\nEnvio de senha (6 e 8 dígitos) por SMS para PF — só para ALTERAÇÃO (não para cadastro de primeira senha, que segue outros canais). Não disponível para senhas ""não cadastradas""/""a cadastrar"" ou bloqueio ""U"". Faça as consultas do item 6.2 antes.\n\n### 6.1. Atendimento\n\n| Frente | Quem atende | Identificação |\n|---|---|---|\n| SAC QP | Correntistas e não correntistas | Cliente autenticado (URA, Token ou Identificação Positiva) |\n| SAC QC | Não correntistas portadores de cartão (correntistas/poupadores: transferir para a Célula de Segurança via rotina 50106) | — |\n| Plataforma de Relacionamento QP | Correntistas e não correntistas | Autenticado por CPF+senha, agência/conta+senha ou Token: IP dispensada. Atendimentos ATA, Consultoria e Texto: exigem IP. Bancada Cartão: Checklist Maior Risco. |\n| Plataforma de Relacionamento QC | Não correntistas portadores de cartão (correntistas/poupadores: demais canais, itens 3 e 4) | — |\n\n### 6.2. Consultas\n\n1. Verifique o cadastro da senha em `SISRET X69 > 02` ou pela Plataforma (Segurança > Senhas > Gerenciamento de Senhas) — correntistas: agência/conta; não correntistas: número do cartão (não pedir validade/CVV; usar mês/ano do contato e ""000"" no CVV2).\n2. Resultado ""Não cadastrada""/""A cadastrar"" → cliente não correntista com entrada via onboarding digital; não é possível enviar senha; oriente: 8 dígitos via App Alfa (se dispositivo autorizado com Alfa Code/push); 6 dígitos, comparecer a uma agência.\n3. Resultado ""U Bloqueado"" → SAC Receptivo (Célula de Segurança) → rotina 50130; SAC Soluções QP → rotina 50131; SAC Receptivo QC → rotina 50112; Plataforma de Relacionamento → orientar contato com o SAC.\n4. Demais situações → prossiga: pergunte o celular atual do cliente (não informe outros números cadastrados) e confira no cadastro (agência/conta ou MCI) se é o mesmo já registrado. Se divergente, ou se houver mais de um número/duplicidade cadastrada → oriente comparecimento a uma agência. Se for o mesmo e único número → siga para 6.3.\n\n### 6.3. Geração de Senha\n\na) Acesse Plataforma > Segurança > Senhas > Envio de Senha por SMS.\nb) Consulte por tipo de cliente: correntista (CPF, agência e conta, ou MCI); não correntista (CPF); na aba Cartão, informe o número (via `Cartão > 11 > 1` ou `17 > 01 > 01`) — se houver mais de um cartão, peça modalidade e os 4 últimos dígitos.\nc) Selecione a conta/cartão do cliente.\nd) Selecione o envio de senha de 8 e/ou 6 dígitos — o sistema gera uma senha aleatória e envia por SMS.\ne) Informe que a senha chega por SMS ao celular cadastrado, sem prazo de expiração, e que deve ser alterada assim que possível por segurança.\nf) Se for senha de 6 dígitos, informe que, após a alteração, é preciso validar o chip do cartão em qualquer TAA — caso contrário, a nova senha não funcionará com o cartão com chip.\n\n---\n\n## 7. Cliente no Exterior\n\na) **Central de Senhas** (no App Alfa; exige cartão ativo, dispositivo liberado e Alfa Code/Push): permite alterar/bloquear/desbloquear/criar senha de 8 dígitos; alterar/bloquear/desbloquear senha de 6 dígitos; solicitar novo código de acesso. Acesso com a senha atual: área logada > Perfil > Central de senhas. Sem a senha: tela inicial não logada > Recuperar senha.\n\nb) **Agências no exterior:** procedimento de senhas disponível somente na agência de Tóquio.\n\nc) Solicitar a um representante legal (com procuração com firma reconhecida) que realize a operação na agência de relacionamento do cliente no Brasil.\n\nd) A agência de relacionamento envia ao e-mail cadastrado no MCI uma declaração para o cliente assinar e digitalizar — válido apenas para senhas bloqueadas por erro, não para bloqueio ""U"" (suspeita de fraude). O pedido pode começar por qualquer canal de contato, mas a declaração assinada só pode retornar pelo e-mail cadastrado no MCI. A agência de relacionamento pode ser confirmada com o cliente durante a ligação, na aba lateral da Plataforma de Relacionamento.\n\ne) **Cartões com chip:** após a alteração da senha de 6 dígitos, oriente o cliente a atualizar o chip de todos os plásticos ao voltar ao Brasil (em uma TAA), sob risco de impacto em transações presenciais; carteiras digitais funcionam normalmente após a troca.\n\nf) **Uso da senha no exterior:** alguns terminais usam PIN de 4 e/ou 6 dígitos. Nos de 4 dígitos, o cliente informa os 4 primeiros dígitos da sua senha de 6. No exterior, o cliente tem as mesmas opções dos demais clientes, pelo site institucional ou pelo App Alfa.\n\n---\n\n## 8. Senha do Portador Adicional\n\n| Portador | Solicitação | Alteração/reposição |\n|---|---|---|\n| **Adicional não correntista** | Presencial: senha de 6 dígitos cadastrada na hora. Demais canais: senha enviada por correio ao endereço do portador titular. | Se perder, esquecer ou não receber, cadastrar nova em qualquer agência. |\n| **Adicional correntista** | Usa a mesma senha pessoal de 6 dígitos de sua própria conta. Sem senha gravada: modalidades Doméstico/Internacional → sistema não gera o cartão; modalidades Gold e superiores → senha enviada por correio, cartão gerado após o recebimento. | Se perder, esquecer ou não receber, seguir as orientações do item 3. |\n\n---\n\n## 9. Acesso ao gov.br com credenciais do Banco Alfa\n\nVer rotina 50135.\n\n---\n\n## 10. Central de Senhas PF\n\nSolução de segurança no App Alfa para o cliente gerenciar suas senhas.\n- **Área logada:** Perfil > Segurança > Central de Segurança > Central de senhas; Perfil > Segurança > Central de senhas; Menu > Segurança > Central de Segurança > Central de Senhas.\n- **Área não logada:** Tela inicial > Recuperar Senha; ou role a tela para cima > Recuperar Senha.\n\n**Requisitos:** celular autorizado há mais de 30 dias; telefone cadastrado no ATO; Alfa Code ou Push habilitado; geolocalização ativa e autorizada; permissão de câmera concedida ao app; cartão ativo.\n\n> **Atenção:** não correntistas usam a Central de Senhas apenas para alterar a senha ""Conta de Acesso"" (ver item 4.2.2).\n\n---\n\n## 11. Fontes de informação\n\nUGS – Unidade de Gestão de Segurança (código 800040) · Normativo interno 5001 · Normativo interno 5002\n\n---\n\n## 12. Rotinas absorvidas\n\nO conteúdo das seguintes rotinas foi absorvido por este documento:\n\n| Código (anonimizado) | Assunto |\n|---|---|\n| 50137 | Senhas – Orientações (Código de Acesso) |\n| 50138 | Senhas – Orientações (Não correntista) |\n| 50139 | Senhas – Correntistas (Internet e Celular) |\n| 50140 | Arquivada – Senhas – Orientações (Conta-corrente) |\n| 50141 | POP UP – Senhas – Tipos de bloqueio |\n| 50142 | Modalidade de conta simplificada – Senhas |\n| 50143 | Senhas – Orientações – Poupador não correntista |\n| 50144 | Acesso do cliente à plataforma digital gov.br (parceria Banco Alfa e Governo Federal) |\n| 50145 | Senhas – Alfa Digital PJ |\n| 50146 | Atendimento para clientes não participantes do modelo ATA |\n| 50147 | Geração de senha PF – Procedimentos |\n']","Após alterar a senha de 6 dígitos de cartão com chip, é obrigatório atualizar o chip em qualquer TAA; sem isso a nova senha não funciona no presencial. Carteiras digitais seguem normais após a troca.",REGULATORY_TIMELINE,8.489,,0.29411764705882354,0.7999069078771268,1.0,0.9999999999
"Cliente alterou senha no APF Celular sem fotografar cartão válido, ficou código 'Q' e tem biometria há 5 dias. Está liberado?","Com base nas práticas bancárias gerais, aqui está a orientação sobre o seu caso:

O **código ""Q""** geralmente indica que o dispositivo está em um estado de **pendência de validação de segurança**. Mesmo que você tenha biometria cadastrada, a alteração de senha realizada sem a validação física do cartão (ou sem a leitura do chip/foto do cartão) impede a liberação automática do acesso total.

**O que isso significa:**
1. **Limitação de transações:** O aplicativo provavelmente está funcionando em um modo restrito (apenas consulta ou limites muito baixos), pois a segurança não foi confirmada através do cartão físico.
2. **Biometria não substitui o cartão:** A biometria serve para autenticar o acesso ao app, mas não substitui a necessidade de validar o dispositivo com o cartão físico após uma alteração de senha sensível.
3. **Prazo:** O fato de estarem passando 5 dias não libera o acesso automaticamente. O sistema aguarda uma ação de validação que não foi concluída.

**Como resolver:**
* **Validação no Caixa Eletrônico:** Na maioria dos bancos, quando o app fica com pendência de segurança, é necessário ir a um caixa eletrônico do próprio banco, inserir o cartão físico e selecionar a opção de ""Liberação de Dispositivo"" ou ""Segurança"".
* **Atendimento Presencial:** Caso o caixa eletrônico não resolva, será necessário comparecer a uma agência com o cartão físico e um documento de identificação com foto para que o gerente realize a liberação manual do seu dispositivo.

**Recomendação:** Não tente realizar novas alterações de senha repetidamente, pois isso pode bloquear o seu usuário por segurança. Procure um caixa eletrônico ou uma agência para concluir a validação do seu cartão.","['# POP – Gestão de Senhas e Código de Acesso – Pessoa Física\n### [Versão anonimizada/pseudonimizada — documento complementar ao POP de CDC]\n\n> **Nota metodológica:** este documento usa a mesma metodologia e os mesmos pseudônimos institucionais do POP de CDC anonimizado anteriormente (Banco Alfa, SISALFA, App Alfa etc.). Termos novos e específicos deste documento (produtos de cartão, plataformas, rotinas) foram adicionados à mesma chave de correspondência (arquivo único, cumulativo). A lógica processual e as condições originais foram mantidas integralmente.\n\n**Sumário:** Notas iniciais · 1. Resumo das senhas · 2. Situação das senhas · 3. Correntistas e poupadores · 4. Não correntista · 5. Código de acesso · 6. Geração de senha PF · 7. Cliente no exterior · 8. Senha do portador adicional · 9. Acesso ao gov.br · 10. Central de Senhas PF · 11. Fontes de informação · 12. Rotinas absorvidas\n\n---\n\n## Notas iniciais\n\na) **Transferência de saldo/produtos entre agências:** a senha da agência de origem não é alterada; o cliente acessa normalmente a conta na agência de destino.\n\nb) Os procedimentos desta rotina não se aplicam a clientes PJ ou Setor Público. Para chave J e senhas (Alfa Digital PJ), ver rotina 50129.\n\nc) **Titulares solidários:** as senhas (6 e 8 dígitos) e o código de acesso são os mesmos para todos os titulares. Se um titular bloquear a senha, os demais ficam impossibilitados de realizar transações.\n\nd) **Push:** notificação recebida diretamente no App Alfa. Para ativar: 1) autorizar o App Alfa no sistema do celular (Android: Configurações > Receber Notificações; iOS: Ajustes > Receber Notificações); 2) ativar pelo App Alfa (área logada) em Perfil > Geral > Receber notificações.\n\ne) **Bloqueio de Canal:** consulte na plataforma em Segurança > Bloqueio de segurança > Histórico. Havendo bloqueio, o desbloqueio ocorre após a alteração das senhas de 6 e 8 dígitos — é obrigatório alterar primeiro a de 8 dígitos, depois a de 6. Use os itens 3 e/ou 4 para orientar os canais.\n\n---\n\n## 1. Resumo da utilização das senhas\n\n| Tipo de senha | Canais de utilização |\n|---|---|\n| Senha de 4 dígitos | Descontinuada |\n| Senha de 6 dígitos | Confirma transações de cartão débito e crédito. Plataforma de Relacionamento/URA: acesso, consulta e confirmação de transações da mesma titularidade. Site institucional (sem Alfa Code): confirmação de transações financeiras. App Alfa: confirmação de transações financeiras. WhatsApp Alfa: pode ser solicitada para confirmação de algumas transações. TCX, TAD, POS, correspondente bancário: confirmação de transações. TAA: confirmação de transações de beneficiários do INSS e de portadores de deficiência visual sem código de acesso. Banco 24 Horas e rede compartilhada (Banco Parceiro Beta): confirmação de transações de portadores de deficiência visual sem código de acesso. |\n| Senha de 8 dígitos | Site institucional, App Alfa, App Cartão Alfa e WhatsApp: acesso, consultas, transações financeiras e aquisição de produtos/serviços. |\n| Código de Acesso (letras, sílabas ou alfanumérico) | TAA, Banco 24 Horas e rede compartilhada: confirma transações, inclusive saques na função crédito do cartão. |\n| Conta de Acesso (senha alfanumérica) | Utilizada por não correntistas no App Alfa (versão não correntista). |\n\n---\n\n## 2. Situação das Senhas\n\n### 2.1. Consultas\n- Senhas de 6/8 dígitos e código de acesso — Quadro Próprio e Quadro Contratado: `SISALFA > SISRET > X69 > 2` (correntistas: agência e conta; não correntistas: número do cartão), campo STATUS (pode ser informado ao cliente).\n- Conta de Acesso (Quadro Próprio): `SISALFA > ACESSO > 32 > 01 > CPF`.\n\n### 2.2. Códigos aplicáveis a TODOS os tipos de senha\n| Código | Significado | Situação |\n|---|---|---|\n| 0 | Sem ocorrência de erro de digitação | Ativa |\n| 1 | Cliente errou a digitação uma vez | — |\n| 2 | Cliente errou a digitação duas vezes | — |\n| 3 | Cliente errou a digitação três vezes (se ocorrer na senha de 6 dígitos via APF, Mobile ou WhatsApp, o bloqueio ""3"" é aplicado também à senha de 8 dígitos) | Bloqueada |\n| 6 | Senha (PJ e Governo) cadastrada no Alfa Digital PJ, aguardando confirmação de um funcionário da agência | — |\n| 7 | Senha (PJ e Governo) cadastrada no Alfa Digital PJ, aguardando confirmação de dois funcionários da agência | — |\n| Q | Senha alterada no APF Internet sem Alfa Code, ou no APF Celular sem fotografar cartão válido (aguardando confirmação na TAA com biometria cadastrada há mais de 7 dias) | — |\n| U | Senha bloqueada pelo monitoramento de segurança dos canais de autoatendimento | — |\n\n### 2.3. Códigos exclusivos da senha de 6 dígitos\n| Código | Significado | Situação |\n|---|---|---|\n| A | Senha digitada errada 3 vezes | Bloqueada |\n| D | Erro na tentativa de desbloqueio na TAA, ou bloqueio feito pelo próprio cliente via APF Celular/Internet | — |\n\n### 2.4. Códigos exclusivos da senha de 8 dígitos\n| Código | Significado | Situação |\n|---|---|---|\n| T | Senha registrada antes de 2012 e bloqueada por não uso nos últimos 90 dias | Bloqueada |\n| D | Alteração iniciada via APF Celular, com falha na confirmação via TAA sem biometria | — |\n| P | Senha cadastrada via APF Internet/Celular, aguardando confirmação na TAA | — |\n| 4 | Erro na tentativa de desbloqueio via Mobile | — |\n| 8 | Senha bloqueada pela agência ou pelo próprio cliente nos canais de autoatendimento | — |\n\n### 2.5. Situações do código de acesso\nCódigo ""4"" = tentativa de desbloqueio na TAA; CAA = letras; CAS = sílabas; CAN = alfanumérico.\n\n### 2.6. Situações da senha alfanumérica (Conta de Acesso)\n*Solicitado* = cadastramento/alteração pedidos; *Ativa* = cadastrada e ativa; *Bloqueado* = bloqueada por erro de digitação ou por segurança.\n> Essa confirmação ocorre por oferta ativa, sem necessidade de navegar pelo menu da TAA.\n\n---\n\n## 3. Correntistas e Poupadores\n\n### 3.1. Senha de 6 dígitos (conta e cartão)\n\nUsada para autorizar transações em: terminais de caixa das agências, TAA, site institucional (sem Alfa Code), App Alfa, correspondente bancário, transações de cartão (débito e crédito) e acesso à Central de Relacionamento/SAC. Vinculada à agência/conta (correntista) ou ao CPF (não correntista).\n\n**3.1.1. Cadastramento**\n\n| Canal | Procedimento |\n|---|---|\n| Agência | Correntistas e poupadores: no fluxo de abertura de conta, em qualquer agência. Beneficiários do INSS: em qualquer agência. Clientes de conta digital: no fluxo de abertura pelo App Alfa. |\n\n> **Atenção:** se o cliente quiser encerrar a conta corrente e ficar só com o cartão de crédito, cadastre nova senha como não correntista — obrigatório para não deixar pendente a emissão dos cartões.\n\n**3.1.2. Alteração**\n\n> Para cartões com chip, após a alteração, oriente o cliente a atualizar o chip de todos os plásticos em qualquer TAA (sob risco da senha não funcionar). Verifique a possibilidade de enviar senha provisória por SMS (item 6).\n\n| Canal | Requisitos/Condição | Procedimento |\n|---|---|---|\n| App Alfa | Celular autorizado há mais de 30 dias; Alfa Code ou Push habilitado; geolocalização ativa e autorizada; cartão ativo; senha de 8 dígitos ativa (códigos 0, 1 e/ou 2). Não disponível se bloqueada por ""8"". | **Com a senha anterior:** área logada > Perfil > Segurança > Central de senhas > Senha de 6 dígitos > Alterar. **Sem a senha anterior:** área logada > Perfil > Segurança > Central de senhas > Senha de 6 dígitos > Esqueci a senha > ""Agora utilizando o cartão"" (dados do cartão) — confirmação por: (i) biometria na TAA (cadastrada há mais de 7 dias): App Alfa > Menu > Perfil > Central de senhas > Senha de 6 dígitos > Esqueci a senha > No caixa eletrônico, depois na TAA em Segurança e Senhas > Senhas > Liberação de Senha Provisória > Senha da conta e cartão (6 dígitos); ou (ii) WhatsApp (telefone cadastrado no ATO): área logada > Perfil > Central de senhas > Senha de 6 dígitos > Esqueci a senha > Por WhatsApp. |\n| Site institucional | Senha de 8 dígitos ativa (códigos 0, 1 e/ou 2). Não disponível para quem não usa Alfa Code e não tem biometria cadastrada há mais de 7 dias (ou de forma assistida), nem para bloqueio ""U"" ou ""8"" da senha de 6 dígitos. | Em computador autorizado, com ou sem a senha anterior: **com adesão ao Alfa Code:** área logada > Segurança > Senhas > Alterar > Senha do cartão (6 dígitos) (exige código de autorização do Alfa Code). **Sem adesão ao Alfa Code, com biometria cadastrada:** mesmo caminho, confirmando em uma TAA com biometria cadastrada há mais de 7 dias. |\n| Agências (inclusive bloqueio ""U"") | — | Mediante identificação; recomendar que o cliente leve o cartão. |\n| SAC | Bloqueio ""U"": SAC Receptivo QP/QC (Célula de Segurança) → rotina 50130; SAC Soluções QP → rotina 50131; SAC Quadro Contratado → rotina 50112. Outros bloqueios: SAC Quadro Próprio → procedimento de Geração de Senha (item 6); SAC Quadro Contratado → rotina 50112. | — |\n| Plataforma de Relacionamento / ATA | Exceto bloqueio ""U"": Quadro Próprio → Geração de Senha; Quadro Contratado (não correntista portador de cartão) → Geração de Senha; correntistas/poupadores → demais canais. | — |\n\n**3.1.3. Bloqueio**\n\nCanais por iniciativa do cliente: TAA; SAC QC/QP; Plataforma de Relacionamento; site institucional (com Alfa Code); App Alfa (dispositivo autorizado, com Alfa Code ou push); agências.\n> Se o cliente detectar lançamentos indevidos na conta (inclusive por invasão do site), utilize também a rotina 50136, item 5.1. Bloqueio por um titular solidário impede os demais de transacionar. O bloqueio do código de acesso implica bloqueio da senha de 6 dígitos.\n\n**3.1.4. Desbloqueio**\n\nFeito COM conhecimento da senha anterior (sem isso, é preciso fazer a Alteração). Bloqueio ""U"" não admite desbloqueio, só Alteração.\n\n| Canal | Requisitos | Procedimento |\n|---|---|---|\n| App Alfa | Celular autorizado >30 dias; Alfa Code/Push habilitado; geolocalização ativa; cartão ativo; senha de 8 dígitos ativa (0,1,2). | Área logada > Perfil > Segurança > Central de senhas > Senha de 6 dígitos > Desbloquear. |\n| Site institucional | Senha de 8 dígitos ativa (0,1,2). | Em computador autorizado — com Alfa Code: Segurança > Senhas > Desbloquear (código de autorização); sem Alfa Code: mesmo caminho, confirmando em TAA com biometria (>7 dias). |\n| TAA | Biometria, ou cartão + código de acesso. | Menu > Segurança e Senhas > Senhas > Desbloqueio > Senha da conta e cartão (6 dígitos). |\n| Agência | Identificação (recomendar levar o cartão). | — |\n\n> Erro de digitação na tentativa de desbloqueio na TAA: só pode ser desbloqueada em agência. Bloqueio por iniciativa da agência/cliente: desbloqueio em qualquer agência. Bloqueio por erro de identificação positiva na TAA: só desbloqueia em agência (se o cliente souber a senha); usar a TAA para essa operação não é possível. Desbloqueio exige código de acesso ou biometria; sem nenhum dos dois, é necessário comparecer a uma agência.\n\n### 3.2. Senha de 8 dígitos\n\nAcessa o site institucional e o App Alfa; pode ser provisória¹ ou definitiva. Confirmação de transações financeiras via Alfa Code; sem Alfa Code, usa-se a senha de 6 dígitos (oriente o cadastramento do Alfa Code). Senha única — não precisa ser cadastrada por cada titular.\n\n> ¹ Provisória: só senhas antigas; acesso restrito a consultas. Para movimentações financeiras, deve ser liberada em uma TAA.\n\n**3.2.1. Cadastramento**\n\n| Canal | Procedimento |\n|---|---|\n| App Alfa | Correntistas/poupadores: ""Esqueci ou não tenho a senha"" na tela de login (clientes sem histórico de equipamento autorizado no ATO); o equipamento fica em carência (há um link de liberação). Clientes de conta digital: cadastram no fluxo de abertura via Mobile. |\n| TAA | Com biometria cadastrada há mais de 7 dias: Menu > Segurança e Senhas > Senhas > Cadastramento. |\n| Agência | Qualquer agência, informando a senha de 6 dígitos. |\n\n**3.2.2. Alteração**\n\n| Canal | Condição | Procedimento |\n|---|---|---|\n| App Alfa | Celular autorizado >30 dias; Alfa Code/Push; geolocalização; cartão ativo. | **Com a senha atual:** área logada > Perfil > Segurança > Central de senhas > Senha de 8 dígitos > Alterar (digitar a senha atual). **Sem a senha atual (inclusive bloqueio ≠ ""U""), ou bloqueio ""U"":** ""Esqueci minha senha"" (tela de login ou tela inicial não logada) > Recuperar senha > Senha de 8 dígitos > Esqueci a senha, com 3 opções: (i) ""Agora utilizando o cartão"" (dados do cartão, dispositivo autorizado, Alfa Code ou Push); (ii) ""No caixa eletrônico"" (confirmação por biometria na TAA, cadastrada há mais de 7 dias); (iii) por WhatsApp (telefone cadastrado no ATO + versão mínima do app + reconhecimento facial). *A opção ""recuperar senha"" só aparece em celular autorizado onde o cliente já acessou a conta ao menos uma vez.* |\n| Site institucional (computador autorizado) | Com a senha atual: exigida a senha de 8 dígitos atual. | **Com Alfa Code:** Segurança > Senhas > Alterar > Senha da internet (8 dígitos) (código de autorização). **Sem Alfa Code:** mesmo caminho, confirmando em TAA com biometria (>7 dias). Sem a senha atual (inclusive bloqueio ≠ ""U""), ou bloqueio ""U"": não disponível neste canal. |\n| TAA | Com ou sem a senha atual (inclusive bloqueios). | Menu > Segurança e Senhas > Senhas > Alteração > Senha de acesso à internet e ao celular (8 dígitos). Com biometria: qualquer horário (cadastrada há mais de 7 dias, ou de forma assistida). Sem biometria, com cartão com chip + código de acesso: das 10h às 16h em dias úteis. |\n| Agência | Com ou sem a senha atual (inclusive bloqueios). | Atendimento presencial, exigindo a senha de 6 dígitos; recomendar levar o cartão. |\n| SAC | Com a senha atual, ou sem ela (exceto ""U""): Quadro Próprio → Geração de Senha; Quadro Contratado → rotina 50112. Bloqueio ""U"": SAC Receptivo (Célula de Segurança) → rotina 50130; SAC Soluções QP → rotina 50131; SAC QC → rotina 50112. | — |\n| Plataforma de Relacionamento / ATA | Com a senha atual, ou sem ela (exceto ""U""): Quadro Próprio → Geração de Senha; Quadro Contratado (não correntista com cartão) → Geração de Senha; correntistas/poupadores → demais canais. Bloqueio ""U"": não disponível neste canal. | — |\n\n**3.2.3. Bloqueio**\n\nCanais por iniciativa do cliente: TAA; SAC; agências; site institucional (com Alfa Code); App Alfa (dispositivo autorizado, com Alfa Code ou push). Bloqueio de segurança ocorre quando há indício de violação da senha. Bloqueio ""T"": não é mais aplicado — restam apenas registros até 2012.\n\n**3.2.4. Desbloqueio**\n\n> Sem conhecimento da senha anterior, bloqueio ""U"" (segurança) ou bloqueio ""4"": seguir os procedimentos de Alteração.\n\nConsulte em `SISRET X69 > 02` (correntistas: agência/conta; não correntistas: número do cartão), campo STATUS, ou pela Plataforma (Segurança > Senhas > Gerenciamento de Senhas). Não pergunte data de validade nem CVV ao cliente — preencha o número do cartão, use o mês/ano do contato como validade e ""000"" no CVV2.\n\n| Tipo de bloqueio | Canal | Procedimento |\n|---|---|---|\n| Por iniciativa da agência ou do cliente | Agência | Com a senha de 6 dígitos (recomendar levar o cartão). |\n| | TAA | Com código de acesso ou biometria. |\n| Por motivo ""T"" | Agência | Idem acima. |\n| | TAA | Idem acima. |\n| Por digitação incorreta 3 vezes | App Alfa (dispositivo autorizado >30 dias, Alfa Code/Push, geolocalização, cartão ativo) | Recuperar Senhas > Senha de 8 dígitos > Desbloquear (digitar a senha atual). |\n| | Agência | Com a senha de 6 dígitos. |\n| | TAA | Com código de acesso ou biometria. |\n| Por erro na tentativa de desbloqueio na TAA | Agência | Com a senha de 6 dígitos. |\n\n---\n\n## 4. Não Correntista\n\n### 4.1. Senha de 6 dígitos\n\n**4.1.1. Cadastramento:** clientes não correntistas que solicitam Cartão Alfa via App ou web cadastram no próprio fluxo de solicitação. Private Label → rotina 50133. Cartões de programa de fidelidade parceiro → rotina 50134.\n\n**4.1.2. Alteração:** Agência (qualquer uma, com cartão válido e identificação); SAC e Plataforma de Relacionamento → item 6 desta rotina.\n\n**4.1.3. Bloqueio:** por iniciativa do cliente — TAA; SAC QC/QP; Plataforma de Relacionamento; agências.\n\n**4.1.4. Desbloqueio:** Agência (qualquer uma, com a senha de 6 dígitos); TAA (com o código de acesso).\n\n### 4.2. Conta de Acesso e Senha de 8 dígitos\n\n**Demanda:** dificuldade para acessar o App Alfa ou o App Cartão Alfa com a senha de 8 dígitos.\n\n> **Atenção:** há 2 tipos de senha de 8 dígitos para não correntista — **Conta de Acesso** (acessa o App Alfa) e **Senha-8** (acessa o App Cartão Alfa). O cliente normalmente não sabe dessa distinção. Para identificar o tipo, siga o item 4.2.1.\n\n**4.2.1. Identificação do tipo de senha**\n\n*4.2.1.1. Sistema Alfa:*\n- a) Senha Conta de Acesso: `SISRET X69 > 02 > nº do cartão`. Se ""não localizado"" ou se o cliente tiver os dois tipos, siga para (b). Se possuir só Conta de Acesso: Quadro Contratado → siga para 4.2.2; Quadro Próprio → confira a situação (se ""Ativo"", tecle F9 para mais detalhes) e siga para 4.2.2.\n- b) Senha-8: `SISALFA > SISRET X69 > 02 > nº do cartão`. Cliente com só Senha-8, ou com as duas → oriente conforme 4.2.2 (Quadro Próprio e Contratado).\n\n*4.2.1.2. Plataforma:* não pergunte data de validade nem CVV. `Plataforma de Negócios > Segurança > Senhas > Gerenciamento de Senhas 3.0` — preencha o número do cartão, use o mês/ano do contato como validade e ""000"" no CVV2.\n\n**4.2.2. Procedimentos** (se o cliente tiver os dois tipos, pergunte qual app ele quer acessar):\n\n| Senha | Cadastramento | Alteração | Bloqueio | Desbloqueio |\n|---|---|---|---|---|\n| **Conta de Acesso** (App Alfa) | No momento da contratação do cartão (App Alfa/onboarding digital) | App Alfa (Central de Senhas) ou link de recuperação; Agência (cartão válido e previamente liberado) | Agência | Agência (cartão válido e previamente liberado) |\n| **Senha-8** (App Cartão Alfa) | No momento da contratação do cartão (lojas parceiras, correspondentes, agências) | TAA; SAC e Plataforma de Relacionamento (Geração de Senha, ou outros canais); App Cartão Alfa ""Esqueci minha senha"" (sem bloqueio vigente); Agência | TAA; APF; Mobile; agências; **se o cliente foi vítima de assalto, roubo ou sequestro:** SAC QP/QC e Plataforma de Relacionamento → `SISRET X98`, código de rota 800050, conta = nº da conta do cartão | TAA; Agência |\n\n> Não correntistas com Conta de Acesso também podem acessar o App Cartão Alfa, mas precisam cadastrar uma senha de 8 dígitos separada via ""Esqueci senha"" — explique que serão duas senhas diferentes, uma para cada app. Quem possui só a Senha-8 NÃO consegue acessar o App Alfa.\n\n---\n\n## 5. Código de Acesso (Alfanumérico)\n\na) **Deficientes visuais:** o cliente com deficiência visual total pode ser dispensado da exigência do código de acesso, mediante registro da característica no cadastro pela agência. Em conta conjunta, a dispensa vale só para o titular com a deficiência.\n\nb) **Tipos:** CAA (letras), CAS (sílabas), CAN (alfanumérico). Emitido quando o cliente usa a TAA com cartão pela primeira vez, tentando uma transação/consulta — o cliente é avisado do novo código, que substitui o anterior.\n\nc) Se o cliente disser que não tem/não anotou o código: oriente conforme a tabela abaixo, ou informe que TAAs com biometria dispensam o código de acesso (rotina 50132, itens 1 e 9).\n\n**5.1. O que é:** código aleatório (letras, sílabas e/ou números), não escolhido pelo cliente; para PF e PJ, correntistas, não correntistas e poupadores portadores de cartão; necessário em: TAA, Banco 24 Horas e rede compartilhada (Banco Parceiro Beta).\n\n**5.2. Cadastramento:** gerado e impresso automaticamente no primeiro uso do cartão na TAA; regenerado em migração de conta (mesmo cartão) ou quando o código antigo é cancelado. Se a impressora estiver inoperante, é mostrado só em tela. Código único para todos os titulares solidários.\n\n**5.3. Alteração:** não existe alteração direta — o código deve ser cancelado (canais abaixo); a nova combinação é gerada automaticamente no próximo acesso à TAA. *(O código não muda se a senha da conta corrente for alterada.)*\n\n| Canal | Procedimento |\n|---|---|\n| App Alfa | Área logada > Perfil > Segurança > Central de senhas > Código de Acesso > Solicitar novo código. |\n| Site institucional | Área logada — confirmação via Alfa Code; sem Alfa Code, confirma na TAA com biometria cadastrada há mais de 7 dias. |\n| Agência | Com a senha de 6 dígitos (recomendar levar o cartão). |\n\n**5.4. Bloqueio:** após 3 tentativas seguidas incorretas. Bloqueio da senha de 6 dígitos ou do código de acesso mantém o uso da TAA com biometria. Bloqueio da senha de 6 dígitos mantém o uso do código de acesso, exceto nos bloqueios ""U"" ou ""8"".\n\n**5.5. Desbloqueio:** pelo próprio cliente na TAA, usando o próprio código de acesso. Se houver novo erro, o código deve ser cancelado (site institucional com Alfa Code, App Alfa, ou qualquer agência) para gerar um novo.\n\n---\n\n## 6. Geração de Senha PF – Procedimentos\n\nEnvio de senha (6 e 8 dígitos) por SMS para PF — só para ALTERAÇÃO (não para cadastro de primeira senha, que segue outros canais). Não disponível para senhas ""não cadastradas""/""a cadastrar"" ou bloqueio ""U"". Faça as consultas do item 6.2 antes.\n\n### 6.1. Atendimento\n\n| Frente | Quem atende | Identificação |\n|---|---|---|\n| SAC QP | Correntistas e não correntistas | Cliente autenticado (URA, Token ou Identificação Positiva) |\n| SAC QC | Não correntistas portadores de cartão (correntistas/poupadores: transferir para a Célula de Segurança via rotina 50106) | — |\n| Plataforma de Relacionamento QP | Correntistas e não correntistas | Autenticado por CPF+senha, agência/conta+senha ou Token: IP dispensada. Atendimentos ATA, Consultoria e Texto: exigem IP. Bancada Cartão: Checklist Maior Risco. |\n| Plataforma de Relacionamento QC | Não correntistas portadores de cartão (correntistas/poupadores: demais canais, itens 3 e 4) | — |\n\n### 6.2. Consultas\n\n1. Verifique o cadastro da senha em `SISRET X69 > 02` ou pela Plataforma (Segurança > Senhas > Gerenciamento de Senhas) — correntistas: agência/conta; não correntistas: número do cartão (não pedir validade/CVV; usar mês/ano do contato e ""000"" no CVV2).\n2. Resultado ""Não cadastrada""/""A cadastrar"" → cliente não correntista com entrada via onboarding digital; não é possível enviar senha; oriente: 8 dígitos via App Alfa (se dispositivo autorizado com Alfa Code/push); 6 dígitos, comparecer a uma agência.\n3. Resultado ""U Bloqueado"" → SAC Receptivo (Célula de Segurança) → rotina 50130; SAC Soluções QP → rotina 50131; SAC Receptivo QC → rotina 50112; Plataforma de Relacionamento → orientar contato com o SAC.\n4. Demais situações → prossiga: pergunte o celular atual do cliente (não informe outros números cadastrados) e confira no cadastro (agência/conta ou MCI) se é o mesmo já registrado. Se divergente, ou se houver mais de um número/duplicidade cadastrada → oriente comparecimento a uma agência. Se for o mesmo e único número → siga para 6.3.\n\n### 6.3. Geração de Senha\n\na) Acesse Plataforma > Segurança > Senhas > Envio de Senha por SMS.\nb) Consulte por tipo de cliente: correntista (CPF, agência e conta, ou MCI); não correntista (CPF); na aba Cartão, informe o número (via `Cartão > 11 > 1` ou `17 > 01 > 01`) — se houver mais de um cartão, peça modalidade e os 4 últimos dígitos.\nc) Selecione a conta/cartão do cliente.\nd) Selecione o envio de senha de 8 e/ou 6 dígitos — o sistema gera uma senha aleatória e envia por SMS.\ne) Informe que a senha chega por SMS ao celular cadastrado, sem prazo de expiração, e que deve ser alterada assim que possível por segurança.\nf) Se for senha de 6 dígitos, informe que, após a alteração, é preciso validar o chip do cartão em qualquer TAA — caso contrário, a nova senha não funcionará com o cartão com chip.\n\n---\n\n## 7. Cliente no Exterior\n\na) **Central de Senhas** (no App Alfa; exige cartão ativo, dispositivo liberado e Alfa Code/Push): permite alterar/bloquear/desbloquear/criar senha de 8 dígitos; alterar/bloquear/desbloquear senha de 6 dígitos; solicitar novo código de acesso. Acesso com a senha atual: área logada > Perfil > Central de senhas. Sem a senha: tela inicial não logada > Recuperar senha.\n\nb) **Agências no exterior:** procedimento de senhas disponível somente na agência de Tóquio.\n\nc) Solicitar a um representante legal (com procuração com firma reconhecida) que realize a operação na agência de relacionamento do cliente no Brasil.\n\nd) A agência de relacionamento envia ao e-mail cadastrado no MCI uma declaração para o cliente assinar e digitalizar — válido apenas para senhas bloqueadas por erro, não para bloqueio ""U"" (suspeita de fraude). O pedido pode começar por qualquer canal de contato, mas a declaração assinada só pode retornar pelo e-mail cadastrado no MCI. A agência de relacionamento pode ser confirmada com o cliente durante a ligação, na aba lateral da Plataforma de Relacionamento.\n\ne) **Cartões com chip:** após a alteração da senha de 6 dígitos, oriente o cliente a atualizar o chip de todos os plásticos ao voltar ao Brasil (em uma TAA), sob risco de impacto em transações presenciais; carteiras digitais funcionam normalmente após a troca.\n\nf) **Uso da senha no exterior:** alguns terminais usam PIN de 4 e/ou 6 dígitos. Nos de 4 dígitos, o cliente informa os 4 primeiros dígitos da sua senha de 6. No exterior, o cliente tem as mesmas opções dos demais clientes, pelo site institucional ou pelo App Alfa.\n\n---\n\n## 8. Senha do Portador Adicional\n\n| Portador | Solicitação | Alteração/reposição |\n|---|---|---|\n| **Adicional não correntista** | Presencial: senha de 6 dígitos cadastrada na hora. Demais canais: senha enviada por correio ao endereço do portador titular. | Se perder, esquecer ou não receber, cadastrar nova em qualquer agência. |\n| **Adicional correntista** | Usa a mesma senha pessoal de 6 dígitos de sua própria conta. Sem senha gravada: modalidades Doméstico/Internacional → sistema não gera o cartão; modalidades Gold e superiores → senha enviada por correio, cartão gerado após o recebimento. | Se perder, esquecer ou não receber, seguir as orientações do item 3. |\n\n---\n\n## 9. Acesso ao gov.br com credenciais do Banco Alfa\n\nVer rotina 50135.\n\n---\n\n## 10. Central de Senhas PF\n\nSolução de segurança no App Alfa para o cliente gerenciar suas senhas.\n- **Área logada:** Perfil > Segurança > Central de Segurança > Central de senhas; Perfil > Segurança > Central de senhas; Menu > Segurança > Central de Segurança > Central de Senhas.\n- **Área não logada:** Tela inicial > Recuperar Senha; ou role a tela para cima > Recuperar Senha.\n\n**Requisitos:** celular autorizado há mais de 30 dias; telefone cadastrado no ATO; Alfa Code ou Push habilitado; geolocalização ativa e autorizada; permissão de câmera concedida ao app; cartão ativo.\n\n> **Atenção:** não correntistas usam a Central de Senhas apenas para alterar a senha ""Conta de Acesso"" (ver item 4.2.2).\n\n---\n\n## 11. Fontes de informação\n\nUGS – Unidade de Gestão de Segurança (código 800040) · Normativo interno 5001 · Normativo interno 5002\n\n---\n\n## 12. Rotinas absorvidas\n\nO conteúdo das seguintes rotinas foi absorvido por este documento:\n\n| Código (anonimizado) | Assunto |\n|---|---|\n| 50137 | Senhas – Orientações (Código de Acesso) |\n| 50138 | Senhas – Orientações (Não correntista) |\n| 50139 | Senhas – Correntistas (Internet e Celular) |\n| 50140 | Arquivada – Senhas – Orientações (Conta-corrente) |\n| 50141 | POP UP – Senhas – Tipos de bloqueio |\n| 50142 | Modalidade de conta simplificada – Senhas |\n| 50143 | Senhas – Orientações – Poupador não correntista |\n| 50144 | Acesso do cliente à plataforma digital gov.br (parceria Banco Alfa e Governo Federal) |\n| 50145 | Senhas – Alfa Digital PJ |\n| 50146 | Atendimento para clientes não participantes do modelo ATA |\n| 50147 | Geração de senha PF – Procedimentos |\n']","Código 'Q' indica alteração pendente de confirmação na TAA com biometria cadastrada há mais de 7 dias. Com 5 dias, ainda não atende ao requisito; confirmar na TAA após completar 7 dias ou de forma assistida.",EDGE_CASE,7.4664,,0.65,0.7544253197943523,0.6666666666666666,0.9999999999
Não correntista tenta acessar o App Alfa usando a Senha-8 do App Cartão Alfa. Por que falha e como identificar cada tipo?,"Como assistente bancário, esclareço que a falha ocorre porque, na maioria das instituições financeiras, **os sistemas de acesso para correntistas e não correntistas são distintos**, possuindo bases de dados e níveis de permissão diferentes.

Aqui está a explicação detalhada sobre por que isso acontece e como diferenciar os acessos:

### Por que a falha ocorre?
1.  **Ecossistemas Separados:** O ""App Cartão"" é focado exclusivamente na gestão de crédito (fatura, limite, bloqueio de cartão). O ""App Conta"" (ou App Alfa para correntistas) é um ecossistema bancário completo (transações, investimentos, Pix, pagamentos). As credenciais de um não são automaticamente reconhecidas pelo outro por questões de segurança e arquitetura de sistemas.
2.  **Níveis de Autenticação:** O acesso à conta corrente exige uma validação de identidade mais rigorosa (token de segurança, biometria facial, etc.) do que o acesso apenas ao cartão de crédito.
3.  **Base de Dados:** O seu cadastro como ""cliente cartão"" pode não estar vinculado a um ""perfil de correntista"" no sistema central do banco.

### Como identificar cada tipo de acesso?

Para evitar confusões, observe as características de cada um:

*   **App Cartão (Não Correntista):**
    *   **Finalidade:** Gestão exclusiva do cartão de crédito.
    *   **Credenciais:** Geralmente utiliza CPF e uma senha específica de 8 dígitos (ou senha de acesso ao portal do cartão).
    *   **Funcionalidades:** Visualização de fatura, limite disponível, melhor dia de compra e bloqueio/desbloqueio do cartão.
    *   **Identificação:** O ícone ou a tela inicial do app costumam ter foco em ""Cartões"" e não apresentam opções de ""Conta Corrente"", ""Pix"" ou ""Investimentos"".

*   **App Conta (Correntista):**
    *   **Finalidade:** Gestão da conta bancária completa.
    *   **Credenciais:** Exige login (agência/conta ou CPF) e uma senha de acesso ao Internet Banking/App, que pode ser diferente da senha do cartão.
    *   **Funcionalidades:** Transferências, Pix, pagamento de boletos, extratos bancários e investimentos.
    *   **Identificação:** O app apresenta um menu completo de serviços bancários e o saldo da conta corrente logo na tela inicial.

### O que fazer?
*   **Se você não é correntista:** Você deve utilizar apenas o App Cartão. Se tentar acessar o App Conta, o sistema não reconhecerá suas credenciais.
*   **Se você deseja se tornar correntista:** Será necessário realizar o processo de abertura de conta através do site oficial ou do próprio App Conta, o que gerará um novo cadastro e, possivelmente, novas credenciais de acesso.
*   **Esquecimento de senha:** Caso tenha esquecido a senha do App Cartão, utilize a função ""Esqueci minha senha"" dentro do próprio App Cartão. Não tente usar a senha do App Conta no App Cartão, pois são sistemas independentes.

**Dica de segurança:** Nunca compartilhe suas senhas. Se tiver dúvidas sobre qual app baixar, verifique sempre o nome do desenvolvedor na loja de aplicativos (Google Play ou App Store) para garantir que está baixando o aplicativo oficial do banco.","['# POP – Gestão de Senhas e Código de Acesso – Pessoa Física\n### [Versão anonimizada/pseudonimizada — documento complementar ao POP de CDC]\n\n> **Nota metodológica:** este documento usa a mesma metodologia e os mesmos pseudônimos institucionais do POP de CDC anonimizado anteriormente (Banco Alfa, SISALFA, App Alfa etc.). Termos novos e específicos deste documento (produtos de cartão, plataformas, rotinas) foram adicionados à mesma chave de correspondência (arquivo único, cumulativo). A lógica processual e as condições originais foram mantidas integralmente.\n\n**Sumário:** Notas iniciais · 1. Resumo das senhas · 2. Situação das senhas · 3. Correntistas e poupadores · 4. Não correntista · 5. Código de acesso · 6. Geração de senha PF · 7. Cliente no exterior · 8. Senha do portador adicional · 9. Acesso ao gov.br · 10. Central de Senhas PF · 11. Fontes de informação · 12. Rotinas absorvidas\n\n---\n\n## Notas iniciais\n\na) **Transferência de saldo/produtos entre agências:** a senha da agência de origem não é alterada; o cliente acessa normalmente a conta na agência de destino.\n\nb) Os procedimentos desta rotina não se aplicam a clientes PJ ou Setor Público. Para chave J e senhas (Alfa Digital PJ), ver rotina 50129.\n\nc) **Titulares solidários:** as senhas (6 e 8 dígitos) e o código de acesso são os mesmos para todos os titulares. Se um titular bloquear a senha, os demais ficam impossibilitados de realizar transações.\n\nd) **Push:** notificação recebida diretamente no App Alfa. Para ativar: 1) autorizar o App Alfa no sistema do celular (Android: Configurações > Receber Notificações; iOS: Ajustes > Receber Notificações); 2) ativar pelo App Alfa (área logada) em Perfil > Geral > Receber notificações.\n\ne) **Bloqueio de Canal:** consulte na plataforma em Segurança > Bloqueio de segurança > Histórico. Havendo bloqueio, o desbloqueio ocorre após a alteração das senhas de 6 e 8 dígitos — é obrigatório alterar primeiro a de 8 dígitos, depois a de 6. Use os itens 3 e/ou 4 para orientar os canais.\n\n---\n\n## 1. Resumo da utilização das senhas\n\n| Tipo de senha | Canais de utilização |\n|---|---|\n| Senha de 4 dígitos | Descontinuada |\n| Senha de 6 dígitos | Confirma transações de cartão débito e crédito. Plataforma de Relacionamento/URA: acesso, consulta e confirmação de transações da mesma titularidade. Site institucional (sem Alfa Code): confirmação de transações financeiras. App Alfa: confirmação de transações financeiras. WhatsApp Alfa: pode ser solicitada para confirmação de algumas transações. TCX, TAD, POS, correspondente bancário: confirmação de transações. TAA: confirmação de transações de beneficiários do INSS e de portadores de deficiência visual sem código de acesso. Banco 24 Horas e rede compartilhada (Banco Parceiro Beta): confirmação de transações de portadores de deficiência visual sem código de acesso. |\n| Senha de 8 dígitos | Site institucional, App Alfa, App Cartão Alfa e WhatsApp: acesso, consultas, transações financeiras e aquisição de produtos/serviços. |\n| Código de Acesso (letras, sílabas ou alfanumérico) | TAA, Banco 24 Horas e rede compartilhada: confirma transações, inclusive saques na função crédito do cartão. |\n| Conta de Acesso (senha alfanumérica) | Utilizada por não correntistas no App Alfa (versão não correntista). |\n\n---\n\n## 2. Situação das Senhas\n\n### 2.1. Consultas\n- Senhas de 6/8 dígitos e código de acesso — Quadro Próprio e Quadro Contratado: `SISALFA > SISRET > X69 > 2` (correntistas: agência e conta; não correntistas: número do cartão), campo STATUS (pode ser informado ao cliente).\n- Conta de Acesso (Quadro Próprio): `SISALFA > ACESSO > 32 > 01 > CPF`.\n\n### 2.2. Códigos aplicáveis a TODOS os tipos de senha\n| Código | Significado | Situação |\n|---|---|---|\n| 0 | Sem ocorrência de erro de digitação | Ativa |\n| 1 | Cliente errou a digitação uma vez | — |\n| 2 | Cliente errou a digitação duas vezes | — |\n| 3 | Cliente errou a digitação três vezes (se ocorrer na senha de 6 dígitos via APF, Mobile ou WhatsApp, o bloqueio ""3"" é aplicado também à senha de 8 dígitos) | Bloqueada |\n| 6 | Senha (PJ e Governo) cadastrada no Alfa Digital PJ, aguardando confirmação de um funcionário da agência | — |\n| 7 | Senha (PJ e Governo) cadastrada no Alfa Digital PJ, aguardando confirmação de dois funcionários da agência | — |\n| Q | Senha alterada no APF Internet sem Alfa Code, ou no APF Celular sem fotografar cartão válido (aguardando confirmação na TAA com biometria cadastrada há mais de 7 dias) | — |\n| U | Senha bloqueada pelo monitoramento de segurança dos canais de autoatendimento | — |\n\n### 2.3. Códigos exclusivos da senha de 6 dígitos\n| Código | Significado | Situação |\n|---|---|---|\n| A | Senha digitada errada 3 vezes | Bloqueada |\n| D | Erro na tentativa de desbloqueio na TAA, ou bloqueio feito pelo próprio cliente via APF Celular/Internet | — |\n\n### 2.4. Códigos exclusivos da senha de 8 dígitos\n| Código | Significado | Situação |\n|---|---|---|\n| T | Senha registrada antes de 2012 e bloqueada por não uso nos últimos 90 dias | Bloqueada |\n| D | Alteração iniciada via APF Celular, com falha na confirmação via TAA sem biometria | — |\n| P | Senha cadastrada via APF Internet/Celular, aguardando confirmação na TAA | — |\n| 4 | Erro na tentativa de desbloqueio via Mobile | — |\n| 8 | Senha bloqueada pela agência ou pelo próprio cliente nos canais de autoatendimento | — |\n\n### 2.5. Situações do código de acesso\nCódigo ""4"" = tentativa de desbloqueio na TAA; CAA = letras; CAS = sílabas; CAN = alfanumérico.\n\n### 2.6. Situações da senha alfanumérica (Conta de Acesso)\n*Solicitado* = cadastramento/alteração pedidos; *Ativa* = cadastrada e ativa; *Bloqueado* = bloqueada por erro de digitação ou por segurança.\n> Essa confirmação ocorre por oferta ativa, sem necessidade de navegar pelo menu da TAA.\n\n---\n\n## 3. Correntistas e Poupadores\n\n### 3.1. Senha de 6 dígitos (conta e cartão)\n\nUsada para autorizar transações em: terminais de caixa das agências, TAA, site institucional (sem Alfa Code), App Alfa, correspondente bancário, transações de cartão (débito e crédito) e acesso à Central de Relacionamento/SAC. Vinculada à agência/conta (correntista) ou ao CPF (não correntista).\n\n**3.1.1. Cadastramento**\n\n| Canal | Procedimento |\n|---|---|\n| Agência | Correntistas e poupadores: no fluxo de abertura de conta, em qualquer agência. Beneficiários do INSS: em qualquer agência. Clientes de conta digital: no fluxo de abertura pelo App Alfa. |\n\n> **Atenção:** se o cliente quiser encerrar a conta corrente e ficar só com o cartão de crédito, cadastre nova senha como não correntista — obrigatório para não deixar pendente a emissão dos cartões.\n\n**3.1.2. Alteração**\n\n> Para cartões com chip, após a alteração, oriente o cliente a atualizar o chip de todos os plásticos em qualquer TAA (sob risco da senha não funcionar). Verifique a possibilidade de enviar senha provisória por SMS (item 6).\n\n| Canal | Requisitos/Condição | Procedimento |\n|---|---|---|\n| App Alfa | Celular autorizado há mais de 30 dias; Alfa Code ou Push habilitado; geolocalização ativa e autorizada; cartão ativo; senha de 8 dígitos ativa (códigos 0, 1 e/ou 2). Não disponível se bloqueada por ""8"". | **Com a senha anterior:** área logada > Perfil > Segurança > Central de senhas > Senha de 6 dígitos > Alterar. **Sem a senha anterior:** área logada > Perfil > Segurança > Central de senhas > Senha de 6 dígitos > Esqueci a senha > ""Agora utilizando o cartão"" (dados do cartão) — confirmação por: (i) biometria na TAA (cadastrada há mais de 7 dias): App Alfa > Menu > Perfil > Central de senhas > Senha de 6 dígitos > Esqueci a senha > No caixa eletrônico, depois na TAA em Segurança e Senhas > Senhas > Liberação de Senha Provisória > Senha da conta e cartão (6 dígitos); ou (ii) WhatsApp (telefone cadastrado no ATO): área logada > Perfil > Central de senhas > Senha de 6 dígitos > Esqueci a senha > Por WhatsApp. |\n| Site institucional | Senha de 8 dígitos ativa (códigos 0, 1 e/ou 2). Não disponível para quem não usa Alfa Code e não tem biometria cadastrada há mais de 7 dias (ou de forma assistida), nem para bloqueio ""U"" ou ""8"" da senha de 6 dígitos. | Em computador autorizado, com ou sem a senha anterior: **com adesão ao Alfa Code:** área logada > Segurança > Senhas > Alterar > Senha do cartão (6 dígitos) (exige código de autorização do Alfa Code). **Sem adesão ao Alfa Code, com biometria cadastrada:** mesmo caminho, confirmando em uma TAA com biometria cadastrada há mais de 7 dias. |\n| Agências (inclusive bloqueio ""U"") | — | Mediante identificação; recomendar que o cliente leve o cartão. |\n| SAC | Bloqueio ""U"": SAC Receptivo QP/QC (Célula de Segurança) → rotina 50130; SAC Soluções QP → rotina 50131; SAC Quadro Contratado → rotina 50112. Outros bloqueios: SAC Quadro Próprio → procedimento de Geração de Senha (item 6); SAC Quadro Contratado → rotina 50112. | — |\n| Plataforma de Relacionamento / ATA | Exceto bloqueio ""U"": Quadro Próprio → Geração de Senha; Quadro Contratado (não correntista portador de cartão) → Geração de Senha; correntistas/poupadores → demais canais. | — |\n\n**3.1.3. Bloqueio**\n\nCanais por iniciativa do cliente: TAA; SAC QC/QP; Plataforma de Relacionamento; site institucional (com Alfa Code); App Alfa (dispositivo autorizado, com Alfa Code ou push); agências.\n> Se o cliente detectar lançamentos indevidos na conta (inclusive por invasão do site), utilize também a rotina 50136, item 5.1. Bloqueio por um titular solidário impede os demais de transacionar. O bloqueio do código de acesso implica bloqueio da senha de 6 dígitos.\n\n**3.1.4. Desbloqueio**\n\nFeito COM conhecimento da senha anterior (sem isso, é preciso fazer a Alteração). Bloqueio ""U"" não admite desbloqueio, só Alteração.\n\n| Canal | Requisitos | Procedimento |\n|---|---|---|\n| App Alfa | Celular autorizado >30 dias; Alfa Code/Push habilitado; geolocalização ativa; cartão ativo; senha de 8 dígitos ativa (0,1,2). | Área logada > Perfil > Segurança > Central de senhas > Senha de 6 dígitos > Desbloquear. |\n| Site institucional | Senha de 8 dígitos ativa (0,1,2). | Em computador autorizado — com Alfa Code: Segurança > Senhas > Desbloquear (código de autorização); sem Alfa Code: mesmo caminho, confirmando em TAA com biometria (>7 dias). |\n| TAA | Biometria, ou cartão + código de acesso. | Menu > Segurança e Senhas > Senhas > Desbloqueio > Senha da conta e cartão (6 dígitos). |\n| Agência | Identificação (recomendar levar o cartão). | — |\n\n> Erro de digitação na tentativa de desbloqueio na TAA: só pode ser desbloqueada em agência. Bloqueio por iniciativa da agência/cliente: desbloqueio em qualquer agência. Bloqueio por erro de identificação positiva na TAA: só desbloqueia em agência (se o cliente souber a senha); usar a TAA para essa operação não é possível. Desbloqueio exige código de acesso ou biometria; sem nenhum dos dois, é necessário comparecer a uma agência.\n\n### 3.2. Senha de 8 dígitos\n\nAcessa o site institucional e o App Alfa; pode ser provisória¹ ou definitiva. Confirmação de transações financeiras via Alfa Code; sem Alfa Code, usa-se a senha de 6 dígitos (oriente o cadastramento do Alfa Code). Senha única — não precisa ser cadastrada por cada titular.\n\n> ¹ Provisória: só senhas antigas; acesso restrito a consultas. Para movimentações financeiras, deve ser liberada em uma TAA.\n\n**3.2.1. Cadastramento**\n\n| Canal | Procedimento |\n|---|---|\n| App Alfa | Correntistas/poupadores: ""Esqueci ou não tenho a senha"" na tela de login (clientes sem histórico de equipamento autorizado no ATO); o equipamento fica em carência (há um link de liberação). Clientes de conta digital: cadastram no fluxo de abertura via Mobile. |\n| TAA | Com biometria cadastrada há mais de 7 dias: Menu > Segurança e Senhas > Senhas > Cadastramento. |\n| Agência | Qualquer agência, informando a senha de 6 dígitos. |\n\n**3.2.2. Alteração**\n\n| Canal | Condição | Procedimento |\n|---|---|---|\n| App Alfa | Celular autorizado >30 dias; Alfa Code/Push; geolocalização; cartão ativo. | **Com a senha atual:** área logada > Perfil > Segurança > Central de senhas > Senha de 8 dígitos > Alterar (digitar a senha atual). **Sem a senha atual (inclusive bloqueio ≠ ""U""), ou bloqueio ""U"":** ""Esqueci minha senha"" (tela de login ou tela inicial não logada) > Recuperar senha > Senha de 8 dígitos > Esqueci a senha, com 3 opções: (i) ""Agora utilizando o cartão"" (dados do cartão, dispositivo autorizado, Alfa Code ou Push); (ii) ""No caixa eletrônico"" (confirmação por biometria na TAA, cadastrada há mais de 7 dias); (iii) por WhatsApp (telefone cadastrado no ATO + versão mínima do app + reconhecimento facial). *A opção ""recuperar senha"" só aparece em celular autorizado onde o cliente já acessou a conta ao menos uma vez.* |\n| Site institucional (computador autorizado) | Com a senha atual: exigida a senha de 8 dígitos atual. | **Com Alfa Code:** Segurança > Senhas > Alterar > Senha da internet (8 dígitos) (código de autorização). **Sem Alfa Code:** mesmo caminho, confirmando em TAA com biometria (>7 dias). Sem a senha atual (inclusive bloqueio ≠ ""U""), ou bloqueio ""U"": não disponível neste canal. |\n| TAA | Com ou sem a senha atual (inclusive bloqueios). | Menu > Segurança e Senhas > Senhas > Alteração > Senha de acesso à internet e ao celular (8 dígitos). Com biometria: qualquer horário (cadastrada há mais de 7 dias, ou de forma assistida). Sem biometria, com cartão com chip + código de acesso: das 10h às 16h em dias úteis. |\n| Agência | Com ou sem a senha atual (inclusive bloqueios). | Atendimento presencial, exigindo a senha de 6 dígitos; recomendar levar o cartão. |\n| SAC | Com a senha atual, ou sem ela (exceto ""U""): Quadro Próprio → Geração de Senha; Quadro Contratado → rotina 50112. Bloqueio ""U"": SAC Receptivo (Célula de Segurança) → rotina 50130; SAC Soluções QP → rotina 50131; SAC QC → rotina 50112. | — |\n| Plataforma de Relacionamento / ATA | Com a senha atual, ou sem ela (exceto ""U""): Quadro Próprio → Geração de Senha; Quadro Contratado (não correntista com cartão) → Geração de Senha; correntistas/poupadores → demais canais. Bloqueio ""U"": não disponível neste canal. | — |\n\n**3.2.3. Bloqueio**\n\nCanais por iniciativa do cliente: TAA; SAC; agências; site institucional (com Alfa Code); App Alfa (dispositivo autorizado, com Alfa Code ou push). Bloqueio de segurança ocorre quando há indício de violação da senha. Bloqueio ""T"": não é mais aplicado — restam apenas registros até 2012.\n\n**3.2.4. Desbloqueio**\n\n> Sem conhecimento da senha anterior, bloqueio ""U"" (segurança) ou bloqueio ""4"": seguir os procedimentos de Alteração.\n\nConsulte em `SISRET X69 > 02` (correntistas: agência/conta; não correntistas: número do cartão), campo STATUS, ou pela Plataforma (Segurança > Senhas > Gerenciamento de Senhas). Não pergunte data de validade nem CVV ao cliente — preencha o número do cartão, use o mês/ano do contato como validade e ""000"" no CVV2.\n\n| Tipo de bloqueio | Canal | Procedimento |\n|---|---|---|\n| Por iniciativa da agência ou do cliente | Agência | Com a senha de 6 dígitos (recomendar levar o cartão). |\n| | TAA | Com código de acesso ou biometria. |\n| Por motivo ""T"" | Agência | Idem acima. |\n| | TAA | Idem acima. |\n| Por digitação incorreta 3 vezes | App Alfa (dispositivo autorizado >30 dias, Alfa Code/Push, geolocalização, cartão ativo) | Recuperar Senhas > Senha de 8 dígitos > Desbloquear (digitar a senha atual). |\n| | Agência | Com a senha de 6 dígitos. |\n| | TAA | Com código de acesso ou biometria. |\n| Por erro na tentativa de desbloqueio na TAA | Agência | Com a senha de 6 dígitos. |\n\n---\n\n## 4. Não Correntista\n\n### 4.1. Senha de 6 dígitos\n\n**4.1.1. Cadastramento:** clientes não correntistas que solicitam Cartão Alfa via App ou web cadastram no próprio fluxo de solicitação. Private Label → rotina 50133. Cartões de programa de fidelidade parceiro → rotina 50134.\n\n**4.1.2. Alteração:** Agência (qualquer uma, com cartão válido e identificação); SAC e Plataforma de Relacionamento → item 6 desta rotina.\n\n**4.1.3. Bloqueio:** por iniciativa do cliente — TAA; SAC QC/QP; Plataforma de Relacionamento; agências.\n\n**4.1.4. Desbloqueio:** Agência (qualquer uma, com a senha de 6 dígitos); TAA (com o código de acesso).\n\n### 4.2. Conta de Acesso e Senha de 8 dígitos\n\n**Demanda:** dificuldade para acessar o App Alfa ou o App Cartão Alfa com a senha de 8 dígitos.\n\n> **Atenção:** há 2 tipos de senha de 8 dígitos para não correntista — **Conta de Acesso** (acessa o App Alfa) e **Senha-8** (acessa o App Cartão Alfa). O cliente normalmente não sabe dessa distinção. Para identificar o tipo, siga o item 4.2.1.\n\n**4.2.1. Identificação do tipo de senha**\n\n*4.2.1.1. Sistema Alfa:*\n- a) Senha Conta de Acesso: `SISRET X69 > 02 > nº do cartão`. Se ""não localizado"" ou se o cliente tiver os dois tipos, siga para (b). Se possuir só Conta de Acesso: Quadro Contratado → siga para 4.2.2; Quadro Próprio → confira a situação (se ""Ativo"", tecle F9 para mais detalhes) e siga para 4.2.2.\n- b) Senha-8: `SISALFA > SISRET X69 > 02 > nº do cartão`. Cliente com só Senha-8, ou com as duas → oriente conforme 4.2.2 (Quadro Próprio e Contratado).\n\n*4.2.1.2. Plataforma:* não pergunte data de validade nem CVV. `Plataforma de Negócios > Segurança > Senhas > Gerenciamento de Senhas 3.0` — preencha o número do cartão, use o mês/ano do contato como validade e ""000"" no CVV2.\n\n**4.2.2. Procedimentos** (se o cliente tiver os dois tipos, pergunte qual app ele quer acessar):\n\n| Senha | Cadastramento | Alteração | Bloqueio | Desbloqueio |\n|---|---|---|---|---|\n| **Conta de Acesso** (App Alfa) | No momento da contratação do cartão (App Alfa/onboarding digital) | App Alfa (Central de Senhas) ou link de recuperação; Agência (cartão válido e previamente liberado) | Agência | Agência (cartão válido e previamente liberado) |\n| **Senha-8** (App Cartão Alfa) | No momento da contratação do cartão (lojas parceiras, correspondentes, agências) | TAA; SAC e Plataforma de Relacionamento (Geração de Senha, ou outros canais); App Cartão Alfa ""Esqueci minha senha"" (sem bloqueio vigente); Agência | TAA; APF; Mobile; agências; **se o cliente foi vítima de assalto, roubo ou sequestro:** SAC QP/QC e Plataforma de Relacionamento → `SISRET X98`, código de rota 800050, conta = nº da conta do cartão | TAA; Agência |\n\n> Não correntistas com Conta de Acesso também podem acessar o App Cartão Alfa, mas precisam cadastrar uma senha de 8 dígitos separada via ""Esqueci senha"" — explique que serão duas senhas diferentes, uma para cada app. Quem possui só a Senha-8 NÃO consegue acessar o App Alfa.\n\n---\n\n## 5. Código de Acesso (Alfanumérico)\n\na) **Deficientes visuais:** o cliente com deficiência visual total pode ser dispensado da exigência do código de acesso, mediante registro da característica no cadastro pela agência. Em conta conjunta, a dispensa vale só para o titular com a deficiência.\n\nb) **Tipos:** CAA (letras), CAS (sílabas), CAN (alfanumérico). Emitido quando o cliente usa a TAA com cartão pela primeira vez, tentando uma transação/consulta — o cliente é avisado do novo código, que substitui o anterior.\n\nc) Se o cliente disser que não tem/não anotou o código: oriente conforme a tabela abaixo, ou informe que TAAs com biometria dispensam o código de acesso (rotina 50132, itens 1 e 9).\n\n**5.1. O que é:** código aleatório (letras, sílabas e/ou números), não escolhido pelo cliente; para PF e PJ, correntistas, não correntistas e poupadores portadores de cartão; necessário em: TAA, Banco 24 Horas e rede compartilhada (Banco Parceiro Beta).\n\n**5.2. Cadastramento:** gerado e impresso automaticamente no primeiro uso do cartão na TAA; regenerado em migração de conta (mesmo cartão) ou quando o código antigo é cancelado. Se a impressora estiver inoperante, é mostrado só em tela. Código único para todos os titulares solidários.\n\n**5.3. Alteração:** não existe alteração direta — o código deve ser cancelado (canais abaixo); a nova combinação é gerada automaticamente no próximo acesso à TAA. *(O código não muda se a senha da conta corrente for alterada.)*\n\n| Canal | Procedimento |\n|---|---|\n| App Alfa | Área logada > Perfil > Segurança > Central de senhas > Código de Acesso > Solicitar novo código. |\n| Site institucional | Área logada — confirmação via Alfa Code; sem Alfa Code, confirma na TAA com biometria cadastrada há mais de 7 dias. |\n| Agência | Com a senha de 6 dígitos (recomendar levar o cartão). |\n\n**5.4. Bloqueio:** após 3 tentativas seguidas incorretas. Bloqueio da senha de 6 dígitos ou do código de acesso mantém o uso da TAA com biometria. Bloqueio da senha de 6 dígitos mantém o uso do código de acesso, exceto nos bloqueios ""U"" ou ""8"".\n\n**5.5. Desbloqueio:** pelo próprio cliente na TAA, usando o próprio código de acesso. Se houver novo erro, o código deve ser cancelado (site institucional com Alfa Code, App Alfa, ou qualquer agência) para gerar um novo.\n\n---\n\n## 6. Geração de Senha PF – Procedimentos\n\nEnvio de senha (6 e 8 dígitos) por SMS para PF — só para ALTERAÇÃO (não para cadastro de primeira senha, que segue outros canais). Não disponível para senhas ""não cadastradas""/""a cadastrar"" ou bloqueio ""U"". Faça as consultas do item 6.2 antes.\n\n### 6.1. Atendimento\n\n| Frente | Quem atende | Identificação |\n|---|---|---|\n| SAC QP | Correntistas e não correntistas | Cliente autenticado (URA, Token ou Identificação Positiva) |\n| SAC QC | Não correntistas portadores de cartão (correntistas/poupadores: transferir para a Célula de Segurança via rotina 50106) | — |\n| Plataforma de Relacionamento QP | Correntistas e não correntistas | Autenticado por CPF+senha, agência/conta+senha ou Token: IP dispensada. Atendimentos ATA, Consultoria e Texto: exigem IP. Bancada Cartão: Checklist Maior Risco. |\n| Plataforma de Relacionamento QC | Não correntistas portadores de cartão (correntistas/poupadores: demais canais, itens 3 e 4) | — |\n\n### 6.2. Consultas\n\n1. Verifique o cadastro da senha em `SISRET X69 > 02` ou pela Plataforma (Segurança > Senhas > Gerenciamento de Senhas) — correntistas: agência/conta; não correntistas: número do cartão (não pedir validade/CVV; usar mês/ano do contato e ""000"" no CVV2).\n2. Resultado ""Não cadastrada""/""A cadastrar"" → cliente não correntista com entrada via onboarding digital; não é possível enviar senha; oriente: 8 dígitos via App Alfa (se dispositivo autorizado com Alfa Code/push); 6 dígitos, comparecer a uma agência.\n3. Resultado ""U Bloqueado"" → SAC Receptivo (Célula de Segurança) → rotina 50130; SAC Soluções QP → rotina 50131; SAC Receptivo QC → rotina 50112; Plataforma de Relacionamento → orientar contato com o SAC.\n4. Demais situações → prossiga: pergunte o celular atual do cliente (não informe outros números cadastrados) e confira no cadastro (agência/conta ou MCI) se é o mesmo já registrado. Se divergente, ou se houver mais de um número/duplicidade cadastrada → oriente comparecimento a uma agência. Se for o mesmo e único número → siga para 6.3.\n\n### 6.3. Geração de Senha\n\na) Acesse Plataforma > Segurança > Senhas > Envio de Senha por SMS.\nb) Consulte por tipo de cliente: correntista (CPF, agência e conta, ou MCI); não correntista (CPF); na aba Cartão, informe o número (via `Cartão > 11 > 1` ou `17 > 01 > 01`) — se houver mais de um cartão, peça modalidade e os 4 últimos dígitos.\nc) Selecione a conta/cartão do cliente.\nd) Selecione o envio de senha de 8 e/ou 6 dígitos — o sistema gera uma senha aleatória e envia por SMS.\ne) Informe que a senha chega por SMS ao celular cadastrado, sem prazo de expiração, e que deve ser alterada assim que possível por segurança.\nf) Se for senha de 6 dígitos, informe que, após a alteração, é preciso validar o chip do cartão em qualquer TAA — caso contrário, a nova senha não funcionará com o cartão com chip.\n\n---\n\n## 7. Cliente no Exterior\n\na) **Central de Senhas** (no App Alfa; exige cartão ativo, dispositivo liberado e Alfa Code/Push): permite alterar/bloquear/desbloquear/criar senha de 8 dígitos; alterar/bloquear/desbloquear senha de 6 dígitos; solicitar novo código de acesso. Acesso com a senha atual: área logada > Perfil > Central de senhas. Sem a senha: tela inicial não logada > Recuperar senha.\n\nb) **Agências no exterior:** procedimento de senhas disponível somente na agência de Tóquio.\n\nc) Solicitar a um representante legal (com procuração com firma reconhecida) que realize a operação na agência de relacionamento do cliente no Brasil.\n\nd) A agência de relacionamento envia ao e-mail cadastrado no MCI uma declaração para o cliente assinar e digitalizar — válido apenas para senhas bloqueadas por erro, não para bloqueio ""U"" (suspeita de fraude). O pedido pode começar por qualquer canal de contato, mas a declaração assinada só pode retornar pelo e-mail cadastrado no MCI. A agência de relacionamento pode ser confirmada com o cliente durante a ligação, na aba lateral da Plataforma de Relacionamento.\n\ne) **Cartões com chip:** após a alteração da senha de 6 dígitos, oriente o cliente a atualizar o chip de todos os plásticos ao voltar ao Brasil (em uma TAA), sob risco de impacto em transações presenciais; carteiras digitais funcionam normalmente após a troca.\n\nf) **Uso da senha no exterior:** alguns terminais usam PIN de 4 e/ou 6 dígitos. Nos de 4 dígitos, o cliente informa os 4 primeiros dígitos da sua senha de 6. No exterior, o cliente tem as mesmas opções dos demais clientes, pelo site institucional ou pelo App Alfa.\n\n---\n\n## 8. Senha do Portador Adicional\n\n| Portador | Solicitação | Alteração/reposição |\n|---|---|---|\n| **Adicional não correntista** | Presencial: senha de 6 dígitos cadastrada na hora. Demais canais: senha enviada por correio ao endereço do portador titular. | Se perder, esquecer ou não receber, cadastrar nova em qualquer agência. |\n| **Adicional correntista** | Usa a mesma senha pessoal de 6 dígitos de sua própria conta. Sem senha gravada: modalidades Doméstico/Internacional → sistema não gera o cartão; modalidades Gold e superiores → senha enviada por correio, cartão gerado após o recebimento. | Se perder, esquecer ou não receber, seguir as orientações do item 3. |\n\n---\n\n## 9. Acesso ao gov.br com credenciais do Banco Alfa\n\nVer rotina 50135.\n\n---\n\n## 10. Central de Senhas PF\n\nSolução de segurança no App Alfa para o cliente gerenciar suas senhas.\n- **Área logada:** Perfil > Segurança > Central de Segurança > Central de senhas; Perfil > Segurança > Central de senhas; Menu > Segurança > Central de Segurança > Central de Senhas.\n- **Área não logada:** Tela inicial > Recuperar Senha; ou role a tela para cima > Recuperar Senha.\n\n**Requisitos:** celular autorizado há mais de 30 dias; telefone cadastrado no ATO; Alfa Code ou Push habilitado; geolocalização ativa e autorizada; permissão de câmera concedida ao app; cartão ativo.\n\n> **Atenção:** não correntistas usam a Central de Senhas apenas para alterar a senha ""Conta de Acesso"" (ver item 4.2.2).\n\n---\n\n## 11. Fontes de informação\n\nUGS – Unidade de Gestão de Segurança (código 800040) · Normativo interno 5001 · Normativo interno 5002\n\n---\n\n## 12. Rotinas absorvidas\n\nO conteúdo das seguintes rotinas foi absorvido por este documento:\n\n| Código (anonimizado) | Assunto |\n|---|---|\n| 50137 | Senhas – Orientações (Código de Acesso) |\n| 50138 | Senhas – Orientações (Não correntista) |\n| 50139 | Senhas – Correntistas (Internet e Celular) |\n| 50140 | Arquivada – Senhas – Orientações (Conta-corrente) |\n| 50141 | POP UP – Senhas – Tipos de bloqueio |\n| 50142 | Modalidade de conta simplificada – Senhas |\n| 50143 | Senhas – Orientações – Poupador não correntista |\n| 50144 | Acesso do cliente à plataforma digital gov.br (parceria Banco Alfa e Governo Federal) |\n| 50145 | Senhas – Alfa Digital PJ |\n| 50146 | Atendimento para clientes não participantes do modelo ATA |\n| 50147 | Geração de senha PF – Procedimentos |\n']",São credenciais distintas: Conta de Acesso acessa o App Alfa e Senha-8 acessa o App Cartão Alfa. Quem tem só Senha-8 não entra no App Alfa; precisa cadastrar senha separada via 'Esqueci senha'. Identificar via SISRET X69 ou Plataforma Gerenciamento de Senhas 3.0.,CONDITIONAL_WORKFLOW,12.4393,,0.06451612903225806,0.7029769213465451,1.0,0.9999999999
Correntista Quadro Próprio com bloqueio 'U' na senha de 6 dígitos liga para o SAC. Qual célula/rotina atende?,"Em contextos bancários gerais, o bloqueio de senha de 6 dígitos (senha de transações/cartão) geralmente é tratado pela **Central de Atendimento (ou Central de Senhas)**, e não pelo SAC (Serviço de Apoio ao Cliente), que costuma ter um foco mais voltado a reclamações, cancelamentos e informações gerais.

Para um correntista do ""Quadro Próprio"" (funcionário do banco), a rotina padrão costuma ser:

1.  **Identificação:** O atendente identifica o cliente como funcionário através do sistema.
2.  **Encaminhamento:** O SAC, ao identificar que se trata de um bloqueio de senha, deve transferir a ligação para a **Central de Atendimento específica de cartões ou senhas**, ou orientar o cliente a realizar o desbloqueio via **Autoatendimento (Caixa Eletrônico)** ou **Aplicativo**, caso o banco permita o desbloqueio por biometria ou reconhecimento facial.
3.  **Procedimento Interno:** Funcionários (Quadro Próprio) muitas vezes possuem uma **""Linha Direta"" ou ""Central de RH/Atendimento ao Colaborador""** específica para tratar de questões de suas contas correntes, evitando que utilizem o canal de atendimento ao público geral.

**Resumo:** O SAC não costuma ter autonomia para desbloquear senhas de 6 dígitos por questões de segurança (compliance). O cliente deve ser direcionado para a **Central de Atendimento de Cartões/Senhas** ou utilizar os canais digitais (App/Caixa Eletrônico) para o procedimento de ""Desbloqueio de Senha"".

*Nota: Como não tenho acesso aos manuais internos do seu banco, recomendo verificar no portal do colaborador (Intranet) qual é o ramal específico para ""Atendimento ao Colaborador"" ou ""Suporte a Senhas de Funcionários"".*","['# POP – Gestão de Senhas e Código de Acesso – Pessoa Física\n### [Versão anonimizada/pseudonimizada — documento complementar ao POP de CDC]\n\n> **Nota metodológica:** este documento usa a mesma metodologia e os mesmos pseudônimos institucionais do POP de CDC anonimizado anteriormente (Banco Alfa, SISALFA, App Alfa etc.). Termos novos e específicos deste documento (produtos de cartão, plataformas, rotinas) foram adicionados à mesma chave de correspondência (arquivo único, cumulativo). A lógica processual e as condições originais foram mantidas integralmente.\n\n**Sumário:** Notas iniciais · 1. Resumo das senhas · 2. Situação das senhas · 3. Correntistas e poupadores · 4. Não correntista · 5. Código de acesso · 6. Geração de senha PF · 7. Cliente no exterior · 8. Senha do portador adicional · 9. Acesso ao gov.br · 10. Central de Senhas PF · 11. Fontes de informação · 12. Rotinas absorvidas\n\n---\n\n## Notas iniciais\n\na) **Transferência de saldo/produtos entre agências:** a senha da agência de origem não é alterada; o cliente acessa normalmente a conta na agência de destino.\n\nb) Os procedimentos desta rotina não se aplicam a clientes PJ ou Setor Público. Para chave J e senhas (Alfa Digital PJ), ver rotina 50129.\n\nc) **Titulares solidários:** as senhas (6 e 8 dígitos) e o código de acesso são os mesmos para todos os titulares. Se um titular bloquear a senha, os demais ficam impossibilitados de realizar transações.\n\nd) **Push:** notificação recebida diretamente no App Alfa. Para ativar: 1) autorizar o App Alfa no sistema do celular (Android: Configurações > Receber Notificações; iOS: Ajustes > Receber Notificações); 2) ativar pelo App Alfa (área logada) em Perfil > Geral > Receber notificações.\n\ne) **Bloqueio de Canal:** consulte na plataforma em Segurança > Bloqueio de segurança > Histórico. Havendo bloqueio, o desbloqueio ocorre após a alteração das senhas de 6 e 8 dígitos — é obrigatório alterar primeiro a de 8 dígitos, depois a de 6. Use os itens 3 e/ou 4 para orientar os canais.\n\n---\n\n## 1. Resumo da utilização das senhas\n\n| Tipo de senha | Canais de utilização |\n|---|---|\n| Senha de 4 dígitos | Descontinuada |\n| Senha de 6 dígitos | Confirma transações de cartão débito e crédito. Plataforma de Relacionamento/URA: acesso, consulta e confirmação de transações da mesma titularidade. Site institucional (sem Alfa Code): confirmação de transações financeiras. App Alfa: confirmação de transações financeiras. WhatsApp Alfa: pode ser solicitada para confirmação de algumas transações. TCX, TAD, POS, correspondente bancário: confirmação de transações. TAA: confirmação de transações de beneficiários do INSS e de portadores de deficiência visual sem código de acesso. Banco 24 Horas e rede compartilhada (Banco Parceiro Beta): confirmação de transações de portadores de deficiência visual sem código de acesso. |\n| Senha de 8 dígitos | Site institucional, App Alfa, App Cartão Alfa e WhatsApp: acesso, consultas, transações financeiras e aquisição de produtos/serviços. |\n| Código de Acesso (letras, sílabas ou alfanumérico) | TAA, Banco 24 Horas e rede compartilhada: confirma transações, inclusive saques na função crédito do cartão. |\n| Conta de Acesso (senha alfanumérica) | Utilizada por não correntistas no App Alfa (versão não correntista). |\n\n---\n\n## 2. Situação das Senhas\n\n### 2.1. Consultas\n- Senhas de 6/8 dígitos e código de acesso — Quadro Próprio e Quadro Contratado: `SISALFA > SISRET > X69 > 2` (correntistas: agência e conta; não correntistas: número do cartão), campo STATUS (pode ser informado ao cliente).\n- Conta de Acesso (Quadro Próprio): `SISALFA > ACESSO > 32 > 01 > CPF`.\n\n### 2.2. Códigos aplicáveis a TODOS os tipos de senha\n| Código | Significado | Situação |\n|---|---|---|\n| 0 | Sem ocorrência de erro de digitação | Ativa |\n| 1 | Cliente errou a digitação uma vez | — |\n| 2 | Cliente errou a digitação duas vezes | — |\n| 3 | Cliente errou a digitação três vezes (se ocorrer na senha de 6 dígitos via APF, Mobile ou WhatsApp, o bloqueio ""3"" é aplicado também à senha de 8 dígitos) | Bloqueada |\n| 6 | Senha (PJ e Governo) cadastrada no Alfa Digital PJ, aguardando confirmação de um funcionário da agência | — |\n| 7 | Senha (PJ e Governo) cadastrada no Alfa Digital PJ, aguardando confirmação de dois funcionários da agência | — |\n| Q | Senha alterada no APF Internet sem Alfa Code, ou no APF Celular sem fotografar cartão válido (aguardando confirmação na TAA com biometria cadastrada há mais de 7 dias) | — |\n| U | Senha bloqueada pelo monitoramento de segurança dos canais de autoatendimento | — |\n\n### 2.3. Códigos exclusivos da senha de 6 dígitos\n| Código | Significado | Situação |\n|---|---|---|\n| A | Senha digitada errada 3 vezes | Bloqueada |\n| D | Erro na tentativa de desbloqueio na TAA, ou bloqueio feito pelo próprio cliente via APF Celular/Internet | — |\n\n### 2.4. Códigos exclusivos da senha de 8 dígitos\n| Código | Significado | Situação |\n|---|---|---|\n| T | Senha registrada antes de 2012 e bloqueada por não uso nos últimos 90 dias | Bloqueada |\n| D | Alteração iniciada via APF Celular, com falha na confirmação via TAA sem biometria | — |\n| P | Senha cadastrada via APF Internet/Celular, aguardando confirmação na TAA | — |\n| 4 | Erro na tentativa de desbloqueio via Mobile | — |\n| 8 | Senha bloqueada pela agência ou pelo próprio cliente nos canais de autoatendimento | — |\n\n### 2.5. Situações do código de acesso\nCódigo ""4"" = tentativa de desbloqueio na TAA; CAA = letras; CAS = sílabas; CAN = alfanumérico.\n\n### 2.6. Situações da senha alfanumérica (Conta de Acesso)\n*Solicitado* = cadastramento/alteração pedidos; *Ativa* = cadastrada e ativa; *Bloqueado* = bloqueada por erro de digitação ou por segurança.\n> Essa confirmação ocorre por oferta ativa, sem necessidade de navegar pelo menu da TAA.\n\n---\n\n## 3. Correntistas e Poupadores\n\n### 3.1. Senha de 6 dígitos (conta e cartão)\n\nUsada para autorizar transações em: terminais de caixa das agências, TAA, site institucional (sem Alfa Code), App Alfa, correspondente bancário, transações de cartão (débito e crédito) e acesso à Central de Relacionamento/SAC. Vinculada à agência/conta (correntista) ou ao CPF (não correntista).\n\n**3.1.1. Cadastramento**\n\n| Canal | Procedimento |\n|---|---|\n| Agência | Correntistas e poupadores: no fluxo de abertura de conta, em qualquer agência. Beneficiários do INSS: em qualquer agência. Clientes de conta digital: no fluxo de abertura pelo App Alfa. |\n\n> **Atenção:** se o cliente quiser encerrar a conta corrente e ficar só com o cartão de crédito, cadastre nova senha como não correntista — obrigatório para não deixar pendente a emissão dos cartões.\n\n**3.1.2. Alteração**\n\n> Para cartões com chip, após a alteração, oriente o cliente a atualizar o chip de todos os plásticos em qualquer TAA (sob risco da senha não funcionar). Verifique a possibilidade de enviar senha provisória por SMS (item 6).\n\n| Canal | Requisitos/Condição | Procedimento |\n|---|---|---|\n| App Alfa | Celular autorizado há mais de 30 dias; Alfa Code ou Push habilitado; geolocalização ativa e autorizada; cartão ativo; senha de 8 dígitos ativa (códigos 0, 1 e/ou 2). Não disponível se bloqueada por ""8"". | **Com a senha anterior:** área logada > Perfil > Segurança > Central de senhas > Senha de 6 dígitos > Alterar. **Sem a senha anterior:** área logada > Perfil > Segurança > Central de senhas > Senha de 6 dígitos > Esqueci a senha > ""Agora utilizando o cartão"" (dados do cartão) — confirmação por: (i) biometria na TAA (cadastrada há mais de 7 dias): App Alfa > Menu > Perfil > Central de senhas > Senha de 6 dígitos > Esqueci a senha > No caixa eletrônico, depois na TAA em Segurança e Senhas > Senhas > Liberação de Senha Provisória > Senha da conta e cartão (6 dígitos); ou (ii) WhatsApp (telefone cadastrado no ATO): área logada > Perfil > Central de senhas > Senha de 6 dígitos > Esqueci a senha > Por WhatsApp. |\n| Site institucional | Senha de 8 dígitos ativa (códigos 0, 1 e/ou 2). Não disponível para quem não usa Alfa Code e não tem biometria cadastrada há mais de 7 dias (ou de forma assistida), nem para bloqueio ""U"" ou ""8"" da senha de 6 dígitos. | Em computador autorizado, com ou sem a senha anterior: **com adesão ao Alfa Code:** área logada > Segurança > Senhas > Alterar > Senha do cartão (6 dígitos) (exige código de autorização do Alfa Code). **Sem adesão ao Alfa Code, com biometria cadastrada:** mesmo caminho, confirmando em uma TAA com biometria cadastrada há mais de 7 dias. |\n| Agências (inclusive bloqueio ""U"") | — | Mediante identificação; recomendar que o cliente leve o cartão. |\n| SAC | Bloqueio ""U"": SAC Receptivo QP/QC (Célula de Segurança) → rotina 50130; SAC Soluções QP → rotina 50131; SAC Quadro Contratado → rotina 50112. Outros bloqueios: SAC Quadro Próprio → procedimento de Geração de Senha (item 6); SAC Quadro Contratado → rotina 50112. | — |\n| Plataforma de Relacionamento / ATA | Exceto bloqueio ""U"": Quadro Próprio → Geração de Senha; Quadro Contratado (não correntista portador de cartão) → Geração de Senha; correntistas/poupadores → demais canais. | — |\n\n**3.1.3. Bloqueio**\n\nCanais por iniciativa do cliente: TAA; SAC QC/QP; Plataforma de Relacionamento; site institucional (com Alfa Code); App Alfa (dispositivo autorizado, com Alfa Code ou push); agências.\n> Se o cliente detectar lançamentos indevidos na conta (inclusive por invasão do site), utilize também a rotina 50136, item 5.1. Bloqueio por um titular solidário impede os demais de transacionar. O bloqueio do código de acesso implica bloqueio da senha de 6 dígitos.\n\n**3.1.4. Desbloqueio**\n\nFeito COM conhecimento da senha anterior (sem isso, é preciso fazer a Alteração). Bloqueio ""U"" não admite desbloqueio, só Alteração.\n\n| Canal | Requisitos | Procedimento |\n|---|---|---|\n| App Alfa | Celular autorizado >30 dias; Alfa Code/Push habilitado; geolocalização ativa; cartão ativo; senha de 8 dígitos ativa (0,1,2). | Área logada > Perfil > Segurança > Central de senhas > Senha de 6 dígitos > Desbloquear. |\n| Site institucional | Senha de 8 dígitos ativa (0,1,2). | Em computador autorizado — com Alfa Code: Segurança > Senhas > Desbloquear (código de autorização); sem Alfa Code: mesmo caminho, confirmando em TAA com biometria (>7 dias). |\n| TAA | Biometria, ou cartão + código de acesso. | Menu > Segurança e Senhas > Senhas > Desbloqueio > Senha da conta e cartão (6 dígitos). |\n| Agência | Identificação (recomendar levar o cartão). | — |\n\n> Erro de digitação na tentativa de desbloqueio na TAA: só pode ser desbloqueada em agência. Bloqueio por iniciativa da agência/cliente: desbloqueio em qualquer agência. Bloqueio por erro de identificação positiva na TAA: só desbloqueia em agência (se o cliente souber a senha); usar a TAA para essa operação não é possível. Desbloqueio exige código de acesso ou biometria; sem nenhum dos dois, é necessário comparecer a uma agência.\n\n### 3.2. Senha de 8 dígitos\n\nAcessa o site institucional e o App Alfa; pode ser provisória¹ ou definitiva. Confirmação de transações financeiras via Alfa Code; sem Alfa Code, usa-se a senha de 6 dígitos (oriente o cadastramento do Alfa Code). Senha única — não precisa ser cadastrada por cada titular.\n\n> ¹ Provisória: só senhas antigas; acesso restrito a consultas. Para movimentações financeiras, deve ser liberada em uma TAA.\n\n**3.2.1. Cadastramento**\n\n| Canal | Procedimento |\n|---|---|\n| App Alfa | Correntistas/poupadores: ""Esqueci ou não tenho a senha"" na tela de login (clientes sem histórico de equipamento autorizado no ATO); o equipamento fica em carência (há um link de liberação). Clientes de conta digital: cadastram no fluxo de abertura via Mobile. |\n| TAA | Com biometria cadastrada há mais de 7 dias: Menu > Segurança e Senhas > Senhas > Cadastramento. |\n| Agência | Qualquer agência, informando a senha de 6 dígitos. |\n\n**3.2.2. Alteração**\n\n| Canal | Condição | Procedimento |\n|---|---|---|\n| App Alfa | Celular autorizado >30 dias; Alfa Code/Push; geolocalização; cartão ativo. | **Com a senha atual:** área logada > Perfil > Segurança > Central de senhas > Senha de 8 dígitos > Alterar (digitar a senha atual). **Sem a senha atual (inclusive bloqueio ≠ ""U""), ou bloqueio ""U"":** ""Esqueci minha senha"" (tela de login ou tela inicial não logada) > Recuperar senha > Senha de 8 dígitos > Esqueci a senha, com 3 opções: (i) ""Agora utilizando o cartão"" (dados do cartão, dispositivo autorizado, Alfa Code ou Push); (ii) ""No caixa eletrônico"" (confirmação por biometria na TAA, cadastrada há mais de 7 dias); (iii) por WhatsApp (telefone cadastrado no ATO + versão mínima do app + reconhecimento facial). *A opção ""recuperar senha"" só aparece em celular autorizado onde o cliente já acessou a conta ao menos uma vez.* |\n| Site institucional (computador autorizado) | Com a senha atual: exigida a senha de 8 dígitos atual. | **Com Alfa Code:** Segurança > Senhas > Alterar > Senha da internet (8 dígitos) (código de autorização). **Sem Alfa Code:** mesmo caminho, confirmando em TAA com biometria (>7 dias). Sem a senha atual (inclusive bloqueio ≠ ""U""), ou bloqueio ""U"": não disponível neste canal. |\n| TAA | Com ou sem a senha atual (inclusive bloqueios). | Menu > Segurança e Senhas > Senhas > Alteração > Senha de acesso à internet e ao celular (8 dígitos). Com biometria: qualquer horário (cadastrada há mais de 7 dias, ou de forma assistida). Sem biometria, com cartão com chip + código de acesso: das 10h às 16h em dias úteis. |\n| Agência | Com ou sem a senha atual (inclusive bloqueios). | Atendimento presencial, exigindo a senha de 6 dígitos; recomendar levar o cartão. |\n| SAC | Com a senha atual, ou sem ela (exceto ""U""): Quadro Próprio → Geração de Senha; Quadro Contratado → rotina 50112. Bloqueio ""U"": SAC Receptivo (Célula de Segurança) → rotina 50130; SAC Soluções QP → rotina 50131; SAC QC → rotina 50112. | — |\n| Plataforma de Relacionamento / ATA | Com a senha atual, ou sem ela (exceto ""U""): Quadro Próprio → Geração de Senha; Quadro Contratado (não correntista com cartão) → Geração de Senha; correntistas/poupadores → demais canais. Bloqueio ""U"": não disponível neste canal. | — |\n\n**3.2.3. Bloqueio**\n\nCanais por iniciativa do cliente: TAA; SAC; agências; site institucional (com Alfa Code); App Alfa (dispositivo autorizado, com Alfa Code ou push). Bloqueio de segurança ocorre quando há indício de violação da senha. Bloqueio ""T"": não é mais aplicado — restam apenas registros até 2012.\n\n**3.2.4. Desbloqueio**\n\n> Sem conhecimento da senha anterior, bloqueio ""U"" (segurança) ou bloqueio ""4"": seguir os procedimentos de Alteração.\n\nConsulte em `SISRET X69 > 02` (correntistas: agência/conta; não correntistas: número do cartão), campo STATUS, ou pela Plataforma (Segurança > Senhas > Gerenciamento de Senhas). Não pergunte data de validade nem CVV ao cliente — preencha o número do cartão, use o mês/ano do contato como validade e ""000"" no CVV2.\n\n| Tipo de bloqueio | Canal | Procedimento |\n|---|---|---|\n| Por iniciativa da agência ou do cliente | Agência | Com a senha de 6 dígitos (recomendar levar o cartão). |\n| | TAA | Com código de acesso ou biometria. |\n| Por motivo ""T"" | Agência | Idem acima. |\n| | TAA | Idem acima. |\n| Por digitação incorreta 3 vezes | App Alfa (dispositivo autorizado >30 dias, Alfa Code/Push, geolocalização, cartão ativo) | Recuperar Senhas > Senha de 8 dígitos > Desbloquear (digitar a senha atual). |\n| | Agência | Com a senha de 6 dígitos. |\n| | TAA | Com código de acesso ou biometria. |\n| Por erro na tentativa de desbloqueio na TAA | Agência | Com a senha de 6 dígitos. |\n\n---\n\n## 4. Não Correntista\n\n### 4.1. Senha de 6 dígitos\n\n**4.1.1. Cadastramento:** clientes não correntistas que solicitam Cartão Alfa via App ou web cadastram no próprio fluxo de solicitação. Private Label → rotina 50133. Cartões de programa de fidelidade parceiro → rotina 50134.\n\n**4.1.2. Alteração:** Agência (qualquer uma, com cartão válido e identificação); SAC e Plataforma de Relacionamento → item 6 desta rotina.\n\n**4.1.3. Bloqueio:** por iniciativa do cliente — TAA; SAC QC/QP; Plataforma de Relacionamento; agências.\n\n**4.1.4. Desbloqueio:** Agência (qualquer uma, com a senha de 6 dígitos); TAA (com o código de acesso).\n\n### 4.2. Conta de Acesso e Senha de 8 dígitos\n\n**Demanda:** dificuldade para acessar o App Alfa ou o App Cartão Alfa com a senha de 8 dígitos.\n\n> **Atenção:** há 2 tipos de senha de 8 dígitos para não correntista — **Conta de Acesso** (acessa o App Alfa) e **Senha-8** (acessa o App Cartão Alfa). O cliente normalmente não sabe dessa distinção. Para identificar o tipo, siga o item 4.2.1.\n\n**4.2.1. Identificação do tipo de senha**\n\n*4.2.1.1. Sistema Alfa:*\n- a) Senha Conta de Acesso: `SISRET X69 > 02 > nº do cartão`. Se ""não localizado"" ou se o cliente tiver os dois tipos, siga para (b). Se possuir só Conta de Acesso: Quadro Contratado → siga para 4.2.2; Quadro Próprio → confira a situação (se ""Ativo"", tecle F9 para mais detalhes) e siga para 4.2.2.\n- b) Senha-8: `SISALFA > SISRET X69 > 02 > nº do cartão`. Cliente com só Senha-8, ou com as duas → oriente conforme 4.2.2 (Quadro Próprio e Contratado).\n\n*4.2.1.2. Plataforma:* não pergunte data de validade nem CVV. `Plataforma de Negócios > Segurança > Senhas > Gerenciamento de Senhas 3.0` — preencha o número do cartão, use o mês/ano do contato como validade e ""000"" no CVV2.\n\n**4.2.2. Procedimentos** (se o cliente tiver os dois tipos, pergunte qual app ele quer acessar):\n\n| Senha | Cadastramento | Alteração | Bloqueio | Desbloqueio |\n|---|---|---|---|---|\n| **Conta de Acesso** (App Alfa) | No momento da contratação do cartão (App Alfa/onboarding digital) | App Alfa (Central de Senhas) ou link de recuperação; Agência (cartão válido e previamente liberado) | Agência | Agência (cartão válido e previamente liberado) |\n| **Senha-8** (App Cartão Alfa) | No momento da contratação do cartão (lojas parceiras, correspondentes, agências) | TAA; SAC e Plataforma de Relacionamento (Geração de Senha, ou outros canais); App Cartão Alfa ""Esqueci minha senha"" (sem bloqueio vigente); Agência | TAA; APF; Mobile; agências; **se o cliente foi vítima de assalto, roubo ou sequestro:** SAC QP/QC e Plataforma de Relacionamento → `SISRET X98`, código de rota 800050, conta = nº da conta do cartão | TAA; Agência |\n\n> Não correntistas com Conta de Acesso também podem acessar o App Cartão Alfa, mas precisam cadastrar uma senha de 8 dígitos separada via ""Esqueci senha"" — explique que serão duas senhas diferentes, uma para cada app. Quem possui só a Senha-8 NÃO consegue acessar o App Alfa.\n\n---\n\n## 5. Código de Acesso (Alfanumérico)\n\na) **Deficientes visuais:** o cliente com deficiência visual total pode ser dispensado da exigência do código de acesso, mediante registro da característica no cadastro pela agência. Em conta conjunta, a dispensa vale só para o titular com a deficiência.\n\nb) **Tipos:** CAA (letras), CAS (sílabas), CAN (alfanumérico). Emitido quando o cliente usa a TAA com cartão pela primeira vez, tentando uma transação/consulta — o cliente é avisado do novo código, que substitui o anterior.\n\nc) Se o cliente disser que não tem/não anotou o código: oriente conforme a tabela abaixo, ou informe que TAAs com biometria dispensam o código de acesso (rotina 50132, itens 1 e 9).\n\n**5.1. O que é:** código aleatório (letras, sílabas e/ou números), não escolhido pelo cliente; para PF e PJ, correntistas, não correntistas e poupadores portadores de cartão; necessário em: TAA, Banco 24 Horas e rede compartilhada (Banco Parceiro Beta).\n\n**5.2. Cadastramento:** gerado e impresso automaticamente no primeiro uso do cartão na TAA; regenerado em migração de conta (mesmo cartão) ou quando o código antigo é cancelado. Se a impressora estiver inoperante, é mostrado só em tela. Código único para todos os titulares solidários.\n\n**5.3. Alteração:** não existe alteração direta — o código deve ser cancelado (canais abaixo); a nova combinação é gerada automaticamente no próximo acesso à TAA. *(O código não muda se a senha da conta corrente for alterada.)*\n\n| Canal | Procedimento |\n|---|---|\n| App Alfa | Área logada > Perfil > Segurança > Central de senhas > Código de Acesso > Solicitar novo código. |\n| Site institucional | Área logada — confirmação via Alfa Code; sem Alfa Code, confirma na TAA com biometria cadastrada há mais de 7 dias. |\n| Agência | Com a senha de 6 dígitos (recomendar levar o cartão). |\n\n**5.4. Bloqueio:** após 3 tentativas seguidas incorretas. Bloqueio da senha de 6 dígitos ou do código de acesso mantém o uso da TAA com biometria. Bloqueio da senha de 6 dígitos mantém o uso do código de acesso, exceto nos bloqueios ""U"" ou ""8"".\n\n**5.5. Desbloqueio:** pelo próprio cliente na TAA, usando o próprio código de acesso. Se houver novo erro, o código deve ser cancelado (site institucional com Alfa Code, App Alfa, ou qualquer agência) para gerar um novo.\n\n---\n\n## 6. Geração de Senha PF – Procedimentos\n\nEnvio de senha (6 e 8 dígitos) por SMS para PF — só para ALTERAÇÃO (não para cadastro de primeira senha, que segue outros canais). Não disponível para senhas ""não cadastradas""/""a cadastrar"" ou bloqueio ""U"". Faça as consultas do item 6.2 antes.\n\n### 6.1. Atendimento\n\n| Frente | Quem atende | Identificação |\n|---|---|---|\n| SAC QP | Correntistas e não correntistas | Cliente autenticado (URA, Token ou Identificação Positiva) |\n| SAC QC | Não correntistas portadores de cartão (correntistas/poupadores: transferir para a Célula de Segurança via rotina 50106) | — |\n| Plataforma de Relacionamento QP | Correntistas e não correntistas | Autenticado por CPF+senha, agência/conta+senha ou Token: IP dispensada. Atendimentos ATA, Consultoria e Texto: exigem IP. Bancada Cartão: Checklist Maior Risco. |\n| Plataforma de Relacionamento QC | Não correntistas portadores de cartão (correntistas/poupadores: demais canais, itens 3 e 4) | — |\n\n### 6.2. Consultas\n\n1. Verifique o cadastro da senha em `SISRET X69 > 02` ou pela Plataforma (Segurança > Senhas > Gerenciamento de Senhas) — correntistas: agência/conta; não correntistas: número do cartão (não pedir validade/CVV; usar mês/ano do contato e ""000"" no CVV2).\n2. Resultado ""Não cadastrada""/""A cadastrar"" → cliente não correntista com entrada via onboarding digital; não é possível enviar senha; oriente: 8 dígitos via App Alfa (se dispositivo autorizado com Alfa Code/push); 6 dígitos, comparecer a uma agência.\n3. Resultado ""U Bloqueado"" → SAC Receptivo (Célula de Segurança) → rotina 50130; SAC Soluções QP → rotina 50131; SAC Receptivo QC → rotina 50112; Plataforma de Relacionamento → orientar contato com o SAC.\n4. Demais situações → prossiga: pergunte o celular atual do cliente (não informe outros números cadastrados) e confira no cadastro (agência/conta ou MCI) se é o mesmo já registrado. Se divergente, ou se houver mais de um número/duplicidade cadastrada → oriente comparecimento a uma agência. Se for o mesmo e único número → siga para 6.3.\n\n### 6.3. Geração de Senha\n\na) Acesse Plataforma > Segurança > Senhas > Envio de Senha por SMS.\nb) Consulte por tipo de cliente: correntista (CPF, agência e conta, ou MCI); não correntista (CPF); na aba Cartão, informe o número (via `Cartão > 11 > 1` ou `17 > 01 > 01`) — se houver mais de um cartão, peça modalidade e os 4 últimos dígitos.\nc) Selecione a conta/cartão do cliente.\nd) Selecione o envio de senha de 8 e/ou 6 dígitos — o sistema gera uma senha aleatória e envia por SMS.\ne) Informe que a senha chega por SMS ao celular cadastrado, sem prazo de expiração, e que deve ser alterada assim que possível por segurança.\nf) Se for senha de 6 dígitos, informe que, após a alteração, é preciso validar o chip do cartão em qualquer TAA — caso contrário, a nova senha não funcionará com o cartão com chip.\n\n---\n\n## 7. Cliente no Exterior\n\na) **Central de Senhas** (no App Alfa; exige cartão ativo, dispositivo liberado e Alfa Code/Push): permite alterar/bloquear/desbloquear/criar senha de 8 dígitos; alterar/bloquear/desbloquear senha de 6 dígitos; solicitar novo código de acesso. Acesso com a senha atual: área logada > Perfil > Central de senhas. Sem a senha: tela inicial não logada > Recuperar senha.\n\nb) **Agências no exterior:** procedimento de senhas disponível somente na agência de Tóquio.\n\nc) Solicitar a um representante legal (com procuração com firma reconhecida) que realize a operação na agência de relacionamento do cliente no Brasil.\n\nd) A agência de relacionamento envia ao e-mail cadastrado no MCI uma declaração para o cliente assinar e digitalizar — válido apenas para senhas bloqueadas por erro, não para bloqueio ""U"" (suspeita de fraude). O pedido pode começar por qualquer canal de contato, mas a declaração assinada só pode retornar pelo e-mail cadastrado no MCI. A agência de relacionamento pode ser confirmada com o cliente durante a ligação, na aba lateral da Plataforma de Relacionamento.\n\ne) **Cartões com chip:** após a alteração da senha de 6 dígitos, oriente o cliente a atualizar o chip de todos os plásticos ao voltar ao Brasil (em uma TAA), sob risco de impacto em transações presenciais; carteiras digitais funcionam normalmente após a troca.\n\nf) **Uso da senha no exterior:** alguns terminais usam PIN de 4 e/ou 6 dígitos. Nos de 4 dígitos, o cliente informa os 4 primeiros dígitos da sua senha de 6. No exterior, o cliente tem as mesmas opções dos demais clientes, pelo site institucional ou pelo App Alfa.\n\n---\n\n## 8. Senha do Portador Adicional\n\n| Portador | Solicitação | Alteração/reposição |\n|---|---|---|\n| **Adicional não correntista** | Presencial: senha de 6 dígitos cadastrada na hora. Demais canais: senha enviada por correio ao endereço do portador titular. | Se perder, esquecer ou não receber, cadastrar nova em qualquer agência. |\n| **Adicional correntista** | Usa a mesma senha pessoal de 6 dígitos de sua própria conta. Sem senha gravada: modalidades Doméstico/Internacional → sistema não gera o cartão; modalidades Gold e superiores → senha enviada por correio, cartão gerado após o recebimento. | Se perder, esquecer ou não receber, seguir as orientações do item 3. |\n\n---\n\n## 9. Acesso ao gov.br com credenciais do Banco Alfa\n\nVer rotina 50135.\n\n---\n\n## 10. Central de Senhas PF\n\nSolução de segurança no App Alfa para o cliente gerenciar suas senhas.\n- **Área logada:** Perfil > Segurança > Central de Segurança > Central de senhas; Perfil > Segurança > Central de senhas; Menu > Segurança > Central de Segurança > Central de Senhas.\n- **Área não logada:** Tela inicial > Recuperar Senha; ou role a tela para cima > Recuperar Senha.\n\n**Requisitos:** celular autorizado há mais de 30 dias; telefone cadastrado no ATO; Alfa Code ou Push habilitado; geolocalização ativa e autorizada; permissão de câmera concedida ao app; cartão ativo.\n\n> **Atenção:** não correntistas usam a Central de Senhas apenas para alterar a senha ""Conta de Acesso"" (ver item 4.2.2).\n\n---\n\n## 11. Fontes de informação\n\nUGS – Unidade de Gestão de Segurança (código 800040) · Normativo interno 5001 · Normativo interno 5002\n\n---\n\n## 12. Rotinas absorvidas\n\nO conteúdo das seguintes rotinas foi absorvido por este documento:\n\n| Código (anonimizado) | Assunto |\n|---|---|\n| 50137 | Senhas – Orientações (Código de Acesso) |\n| 50138 | Senhas – Orientações (Não correntista) |\n| 50139 | Senhas – Correntistas (Internet e Celular) |\n| 50140 | Arquivada – Senhas – Orientações (Conta-corrente) |\n| 50141 | POP UP – Senhas – Tipos de bloqueio |\n| 50142 | Modalidade de conta simplificada – Senhas |\n| 50143 | Senhas – Orientações – Poupador não correntista |\n| 50144 | Acesso do cliente à plataforma digital gov.br (parceria Banco Alfa e Governo Federal) |\n| 50145 | Senhas – Alfa Digital PJ |\n| 50146 | Atendimento para clientes não participantes do modelo ATA |\n| 50147 | Geração de senha PF – Procedimentos |\n']","Bloqueio 'U' não usa geração de senha comum: SAC Receptivo QP encaminha à Célula de Segurança (rotina 50130), SAC Soluções QP à 50131, SAC QC à 50112; Plataforma de Relacionamento orienta contato com o SAC.",ROLE_RESTRICTION,16.5804,,0.0,0.8363565193525428,1.0,0.9999999999
"Correntista sem Alfa Code, com biometria há 10 dias, quer alterar a senha de 6 dígitos pelo site institucional. É permitido?","Com base nas práticas gerais de segurança bancária, a resposta é **não**.

Alterar a senha de 6 dígitos (senha de transações/cartão) diretamente pelo site institucional geralmente não é permitido para correntistas que realizaram o cadastro de biometria há poucos dias.

Aqui estão os motivos principais:

1.  **Período de Carência:** Por segurança, após o cadastro da biometria, o sistema costuma aplicar um período de ""quarentena"" ou validação para novas contas ou alterações sensíveis, visando evitar fraudes por acesso indevido.
2.  **Segurança do Canal:** O site (internet banking) é considerado um canal de menor nível de segurança para alterações críticas de senha quando comparado ao aplicativo oficial ou ao atendimento presencial.
3.  **Ausência do Alfa Code:** O Alfa Code (ou dispositivos de segurança similares) é uma camada de autenticação de dois fatores essencial para confirmar que quem está solicitando a alteração é realmente o titular. Sem ele, o sistema bloqueia a operação online.

**O que o correntista deve fazer:**

*   **Caixa Eletrônico:** Geralmente, a alteração de senha de 6 dígitos é permitida em caixas eletrônicos do próprio banco, utilizando o cartão físico e a biometria já cadastrada.
*   **Aplicativo:** Tentar realizar a alteração pelo app oficial, que possui protocolos de segurança mais robustos (como reconhecimento facial) do que o site.
*   **Agência:** Caso as opções digitais não funcionem, o correntista deverá comparecer a uma agência com um documento de identificação original com foto para realizar a alteração presencialmente.

**Recomendação:** Oriente o cliente a verificar se o aplicativo do banco oferece a opção de ""esqueci minha senha"" ou ""alterar senha"", mas esteja ciente de que, sem o Alfa Code, a restrição de segurança é muito provável.","['# POP – Gestão de Senhas e Código de Acesso – Pessoa Física\n### [Versão anonimizada/pseudonimizada — documento complementar ao POP de CDC]\n\n> **Nota metodológica:** este documento usa a mesma metodologia e os mesmos pseudônimos institucionais do POP de CDC anonimizado anteriormente (Banco Alfa, SISALFA, App Alfa etc.). Termos novos e específicos deste documento (produtos de cartão, plataformas, rotinas) foram adicionados à mesma chave de correspondência (arquivo único, cumulativo). A lógica processual e as condições originais foram mantidas integralmente.\n\n**Sumário:** Notas iniciais · 1. Resumo das senhas · 2. Situação das senhas · 3. Correntistas e poupadores · 4. Não correntista · 5. Código de acesso · 6. Geração de senha PF · 7. Cliente no exterior · 8. Senha do portador adicional · 9. Acesso ao gov.br · 10. Central de Senhas PF · 11. Fontes de informação · 12. Rotinas absorvidas\n\n---\n\n## Notas iniciais\n\na) **Transferência de saldo/produtos entre agências:** a senha da agência de origem não é alterada; o cliente acessa normalmente a conta na agência de destino.\n\nb) Os procedimentos desta rotina não se aplicam a clientes PJ ou Setor Público. Para chave J e senhas (Alfa Digital PJ), ver rotina 50129.\n\nc) **Titulares solidários:** as senhas (6 e 8 dígitos) e o código de acesso são os mesmos para todos os titulares. Se um titular bloquear a senha, os demais ficam impossibilitados de realizar transações.\n\nd) **Push:** notificação recebida diretamente no App Alfa. Para ativar: 1) autorizar o App Alfa no sistema do celular (Android: Configurações > Receber Notificações; iOS: Ajustes > Receber Notificações); 2) ativar pelo App Alfa (área logada) em Perfil > Geral > Receber notificações.\n\ne) **Bloqueio de Canal:** consulte na plataforma em Segurança > Bloqueio de segurança > Histórico. Havendo bloqueio, o desbloqueio ocorre após a alteração das senhas de 6 e 8 dígitos — é obrigatório alterar primeiro a de 8 dígitos, depois a de 6. Use os itens 3 e/ou 4 para orientar os canais.\n\n---\n\n## 1. Resumo da utilização das senhas\n\n| Tipo de senha | Canais de utilização |\n|---|---|\n| Senha de 4 dígitos | Descontinuada |\n| Senha de 6 dígitos | Confirma transações de cartão débito e crédito. Plataforma de Relacionamento/URA: acesso, consulta e confirmação de transações da mesma titularidade. Site institucional (sem Alfa Code): confirmação de transações financeiras. App Alfa: confirmação de transações financeiras. WhatsApp Alfa: pode ser solicitada para confirmação de algumas transações. TCX, TAD, POS, correspondente bancário: confirmação de transações. TAA: confirmação de transações de beneficiários do INSS e de portadores de deficiência visual sem código de acesso. Banco 24 Horas e rede compartilhada (Banco Parceiro Beta): confirmação de transações de portadores de deficiência visual sem código de acesso. |\n| Senha de 8 dígitos | Site institucional, App Alfa, App Cartão Alfa e WhatsApp: acesso, consultas, transações financeiras e aquisição de produtos/serviços. |\n| Código de Acesso (letras, sílabas ou alfanumérico) | TAA, Banco 24 Horas e rede compartilhada: confirma transações, inclusive saques na função crédito do cartão. |\n| Conta de Acesso (senha alfanumérica) | Utilizada por não correntistas no App Alfa (versão não correntista). |\n\n---\n\n## 2. Situação das Senhas\n\n### 2.1. Consultas\n- Senhas de 6/8 dígitos e código de acesso — Quadro Próprio e Quadro Contratado: `SISALFA > SISRET > X69 > 2` (correntistas: agência e conta; não correntistas: número do cartão), campo STATUS (pode ser informado ao cliente).\n- Conta de Acesso (Quadro Próprio): `SISALFA > ACESSO > 32 > 01 > CPF`.\n\n### 2.2. Códigos aplicáveis a TODOS os tipos de senha\n| Código | Significado | Situação |\n|---|---|---|\n| 0 | Sem ocorrência de erro de digitação | Ativa |\n| 1 | Cliente errou a digitação uma vez | — |\n| 2 | Cliente errou a digitação duas vezes | — |\n| 3 | Cliente errou a digitação três vezes (se ocorrer na senha de 6 dígitos via APF, Mobile ou WhatsApp, o bloqueio ""3"" é aplicado também à senha de 8 dígitos) | Bloqueada |\n| 6 | Senha (PJ e Governo) cadastrada no Alfa Digital PJ, aguardando confirmação de um funcionário da agência | — |\n| 7 | Senha (PJ e Governo) cadastrada no Alfa Digital PJ, aguardando confirmação de dois funcionários da agência | — |\n| Q | Senha alterada no APF Internet sem Alfa Code, ou no APF Celular sem fotografar cartão válido (aguardando confirmação na TAA com biometria cadastrada há mais de 7 dias) | — |\n| U | Senha bloqueada pelo monitoramento de segurança dos canais de autoatendimento | — |\n\n### 2.3. Códigos exclusivos da senha de 6 dígitos\n| Código | Significado | Situação |\n|---|---|---|\n| A | Senha digitada errada 3 vezes | Bloqueada |\n| D | Erro na tentativa de desbloqueio na TAA, ou bloqueio feito pelo próprio cliente via APF Celular/Internet | — |\n\n### 2.4. Códigos exclusivos da senha de 8 dígitos\n| Código | Significado | Situação |\n|---|---|---|\n| T | Senha registrada antes de 2012 e bloqueada por não uso nos últimos 90 dias | Bloqueada |\n| D | Alteração iniciada via APF Celular, com falha na confirmação via TAA sem biometria | — |\n| P | Senha cadastrada via APF Internet/Celular, aguardando confirmação na TAA | — |\n| 4 | Erro na tentativa de desbloqueio via Mobile | — |\n| 8 | Senha bloqueada pela agência ou pelo próprio cliente nos canais de autoatendimento | — |\n\n### 2.5. Situações do código de acesso\nCódigo ""4"" = tentativa de desbloqueio na TAA; CAA = letras; CAS = sílabas; CAN = alfanumérico.\n\n### 2.6. Situações da senha alfanumérica (Conta de Acesso)\n*Solicitado* = cadastramento/alteração pedidos; *Ativa* = cadastrada e ativa; *Bloqueado* = bloqueada por erro de digitação ou por segurança.\n> Essa confirmação ocorre por oferta ativa, sem necessidade de navegar pelo menu da TAA.\n\n---\n\n## 3. Correntistas e Poupadores\n\n### 3.1. Senha de 6 dígitos (conta e cartão)\n\nUsada para autorizar transações em: terminais de caixa das agências, TAA, site institucional (sem Alfa Code), App Alfa, correspondente bancário, transações de cartão (débito e crédito) e acesso à Central de Relacionamento/SAC. Vinculada à agência/conta (correntista) ou ao CPF (não correntista).\n\n**3.1.1. Cadastramento**\n\n| Canal | Procedimento |\n|---|---|\n| Agência | Correntistas e poupadores: no fluxo de abertura de conta, em qualquer agência. Beneficiários do INSS: em qualquer agência. Clientes de conta digital: no fluxo de abertura pelo App Alfa. |\n\n> **Atenção:** se o cliente quiser encerrar a conta corrente e ficar só com o cartão de crédito, cadastre nova senha como não correntista — obrigatório para não deixar pendente a emissão dos cartões.\n\n**3.1.2. Alteração**\n\n> Para cartões com chip, após a alteração, oriente o cliente a atualizar o chip de todos os plásticos em qualquer TAA (sob risco da senha não funcionar). Verifique a possibilidade de enviar senha provisória por SMS (item 6).\n\n| Canal | Requisitos/Condição | Procedimento |\n|---|---|---|\n| App Alfa | Celular autorizado há mais de 30 dias; Alfa Code ou Push habilitado; geolocalização ativa e autorizada; cartão ativo; senha de 8 dígitos ativa (códigos 0, 1 e/ou 2). Não disponível se bloqueada por ""8"". | **Com a senha anterior:** área logada > Perfil > Segurança > Central de senhas > Senha de 6 dígitos > Alterar. **Sem a senha anterior:** área logada > Perfil > Segurança > Central de senhas > Senha de 6 dígitos > Esqueci a senha > ""Agora utilizando o cartão"" (dados do cartão) — confirmação por: (i) biometria na TAA (cadastrada há mais de 7 dias): App Alfa > Menu > Perfil > Central de senhas > Senha de 6 dígitos > Esqueci a senha > No caixa eletrônico, depois na TAA em Segurança e Senhas > Senhas > Liberação de Senha Provisória > Senha da conta e cartão (6 dígitos); ou (ii) WhatsApp (telefone cadastrado no ATO): área logada > Perfil > Central de senhas > Senha de 6 dígitos > Esqueci a senha > Por WhatsApp. |\n| Site institucional | Senha de 8 dígitos ativa (códigos 0, 1 e/ou 2). Não disponível para quem não usa Alfa Code e não tem biometria cadastrada há mais de 7 dias (ou de forma assistida), nem para bloqueio ""U"" ou ""8"" da senha de 6 dígitos. | Em computador autorizado, com ou sem a senha anterior: **com adesão ao Alfa Code:** área logada > Segurança > Senhas > Alterar > Senha do cartão (6 dígitos) (exige código de autorização do Alfa Code). **Sem adesão ao Alfa Code, com biometria cadastrada:** mesmo caminho, confirmando em uma TAA com biometria cadastrada há mais de 7 dias. |\n| Agências (inclusive bloqueio ""U"") | — | Mediante identificação; recomendar que o cliente leve o cartão. |\n| SAC | Bloqueio ""U"": SAC Receptivo QP/QC (Célula de Segurança) → rotina 50130; SAC Soluções QP → rotina 50131; SAC Quadro Contratado → rotina 50112. Outros bloqueios: SAC Quadro Próprio → procedimento de Geração de Senha (item 6); SAC Quadro Contratado → rotina 50112. | — |\n| Plataforma de Relacionamento / ATA | Exceto bloqueio ""U"": Quadro Próprio → Geração de Senha; Quadro Contratado (não correntista portador de cartão) → Geração de Senha; correntistas/poupadores → demais canais. | — |\n\n**3.1.3. Bloqueio**\n\nCanais por iniciativa do cliente: TAA; SAC QC/QP; Plataforma de Relacionamento; site institucional (com Alfa Code); App Alfa (dispositivo autorizado, com Alfa Code ou push); agências.\n> Se o cliente detectar lançamentos indevidos na conta (inclusive por invasão do site), utilize também a rotina 50136, item 5.1. Bloqueio por um titular solidário impede os demais de transacionar. O bloqueio do código de acesso implica bloqueio da senha de 6 dígitos.\n\n**3.1.4. Desbloqueio**\n\nFeito COM conhecimento da senha anterior (sem isso, é preciso fazer a Alteração). Bloqueio ""U"" não admite desbloqueio, só Alteração.\n\n| Canal | Requisitos | Procedimento |\n|---|---|---|\n| App Alfa | Celular autorizado >30 dias; Alfa Code/Push habilitado; geolocalização ativa; cartão ativo; senha de 8 dígitos ativa (0,1,2). | Área logada > Perfil > Segurança > Central de senhas > Senha de 6 dígitos > Desbloquear. |\n| Site institucional | Senha de 8 dígitos ativa (0,1,2). | Em computador autorizado — com Alfa Code: Segurança > Senhas > Desbloquear (código de autorização); sem Alfa Code: mesmo caminho, confirmando em TAA com biometria (>7 dias). |\n| TAA | Biometria, ou cartão + código de acesso. | Menu > Segurança e Senhas > Senhas > Desbloqueio > Senha da conta e cartão (6 dígitos). |\n| Agência | Identificação (recomendar levar o cartão). | — |\n\n> Erro de digitação na tentativa de desbloqueio na TAA: só pode ser desbloqueada em agência. Bloqueio por iniciativa da agência/cliente: desbloqueio em qualquer agência. Bloqueio por erro de identificação positiva na TAA: só desbloqueia em agência (se o cliente souber a senha); usar a TAA para essa operação não é possível. Desbloqueio exige código de acesso ou biometria; sem nenhum dos dois, é necessário comparecer a uma agência.\n\n### 3.2. Senha de 8 dígitos\n\nAcessa o site institucional e o App Alfa; pode ser provisória¹ ou definitiva. Confirmação de transações financeiras via Alfa Code; sem Alfa Code, usa-se a senha de 6 dígitos (oriente o cadastramento do Alfa Code). Senha única — não precisa ser cadastrada por cada titular.\n\n> ¹ Provisória: só senhas antigas; acesso restrito a consultas. Para movimentações financeiras, deve ser liberada em uma TAA.\n\n**3.2.1. Cadastramento**\n\n| Canal | Procedimento |\n|---|---|\n| App Alfa | Correntistas/poupadores: ""Esqueci ou não tenho a senha"" na tela de login (clientes sem histórico de equipamento autorizado no ATO); o equipamento fica em carência (há um link de liberação). Clientes de conta digital: cadastram no fluxo de abertura via Mobile. |\n| TAA | Com biometria cadastrada há mais de 7 dias: Menu > Segurança e Senhas > Senhas > Cadastramento. |\n| Agência | Qualquer agência, informando a senha de 6 dígitos. |\n\n**3.2.2. Alteração**\n\n| Canal | Condição | Procedimento |\n|---|---|---|\n| App Alfa | Celular autorizado >30 dias; Alfa Code/Push; geolocalização; cartão ativo. | **Com a senha atual:** área logada > Perfil > Segurança > Central de senhas > Senha de 8 dígitos > Alterar (digitar a senha atual). **Sem a senha atual (inclusive bloqueio ≠ ""U""), ou bloqueio ""U"":** ""Esqueci minha senha"" (tela de login ou tela inicial não logada) > Recuperar senha > Senha de 8 dígitos > Esqueci a senha, com 3 opções: (i) ""Agora utilizando o cartão"" (dados do cartão, dispositivo autorizado, Alfa Code ou Push); (ii) ""No caixa eletrônico"" (confirmação por biometria na TAA, cadastrada há mais de 7 dias); (iii) por WhatsApp (telefone cadastrado no ATO + versão mínima do app + reconhecimento facial). *A opção ""recuperar senha"" só aparece em celular autorizado onde o cliente já acessou a conta ao menos uma vez.* |\n| Site institucional (computador autorizado) | Com a senha atual: exigida a senha de 8 dígitos atual. | **Com Alfa Code:** Segurança > Senhas > Alterar > Senha da internet (8 dígitos) (código de autorização). **Sem Alfa Code:** mesmo caminho, confirmando em TAA com biometria (>7 dias). Sem a senha atual (inclusive bloqueio ≠ ""U""), ou bloqueio ""U"": não disponível neste canal. |\n| TAA | Com ou sem a senha atual (inclusive bloqueios). | Menu > Segurança e Senhas > Senhas > Alteração > Senha de acesso à internet e ao celular (8 dígitos). Com biometria: qualquer horário (cadastrada há mais de 7 dias, ou de forma assistida). Sem biometria, com cartão com chip + código de acesso: das 10h às 16h em dias úteis. |\n| Agência | Com ou sem a senha atual (inclusive bloqueios). | Atendimento presencial, exigindo a senha de 6 dígitos; recomendar levar o cartão. |\n| SAC | Com a senha atual, ou sem ela (exceto ""U""): Quadro Próprio → Geração de Senha; Quadro Contratado → rotina 50112. Bloqueio ""U"": SAC Receptivo (Célula de Segurança) → rotina 50130; SAC Soluções QP → rotina 50131; SAC QC → rotina 50112. | — |\n| Plataforma de Relacionamento / ATA | Com a senha atual, ou sem ela (exceto ""U""): Quadro Próprio → Geração de Senha; Quadro Contratado (não correntista com cartão) → Geração de Senha; correntistas/poupadores → demais canais. Bloqueio ""U"": não disponível neste canal. | — |\n\n**3.2.3. Bloqueio**\n\nCanais por iniciativa do cliente: TAA; SAC; agências; site institucional (com Alfa Code); App Alfa (dispositivo autorizado, com Alfa Code ou push). Bloqueio de segurança ocorre quando há indício de violação da senha. Bloqueio ""T"": não é mais aplicado — restam apenas registros até 2012.\n\n**3.2.4. Desbloqueio**\n\n> Sem conhecimento da senha anterior, bloqueio ""U"" (segurança) ou bloqueio ""4"": seguir os procedimentos de Alteração.\n\nConsulte em `SISRET X69 > 02` (correntistas: agência/conta; não correntistas: número do cartão), campo STATUS, ou pela Plataforma (Segurança > Senhas > Gerenciamento de Senhas). Não pergunte data de validade nem CVV ao cliente — preencha o número do cartão, use o mês/ano do contato como validade e ""000"" no CVV2.\n\n| Tipo de bloqueio | Canal | Procedimento |\n|---|---|---|\n| Por iniciativa da agência ou do cliente | Agência | Com a senha de 6 dígitos (recomendar levar o cartão). |\n| | TAA | Com código de acesso ou biometria. |\n| Por motivo ""T"" | Agência | Idem acima. |\n| | TAA | Idem acima. |\n| Por digitação incorreta 3 vezes | App Alfa (dispositivo autorizado >30 dias, Alfa Code/Push, geolocalização, cartão ativo) | Recuperar Senhas > Senha de 8 dígitos > Desbloquear (digitar a senha atual). |\n| | Agência | Com a senha de 6 dígitos. |\n| | TAA | Com código de acesso ou biometria. |\n| Por erro na tentativa de desbloqueio na TAA | Agência | Com a senha de 6 dígitos. |\n\n---\n\n## 4. Não Correntista\n\n### 4.1. Senha de 6 dígitos\n\n**4.1.1. Cadastramento:** clientes não correntistas que solicitam Cartão Alfa via App ou web cadastram no próprio fluxo de solicitação. Private Label → rotina 50133. Cartões de programa de fidelidade parceiro → rotina 50134.\n\n**4.1.2. Alteração:** Agência (qualquer uma, com cartão válido e identificação); SAC e Plataforma de Relacionamento → item 6 desta rotina.\n\n**4.1.3. Bloqueio:** por iniciativa do cliente — TAA; SAC QC/QP; Plataforma de Relacionamento; agências.\n\n**4.1.4. Desbloqueio:** Agência (qualquer uma, com a senha de 6 dígitos); TAA (com o código de acesso).\n\n### 4.2. Conta de Acesso e Senha de 8 dígitos\n\n**Demanda:** dificuldade para acessar o App Alfa ou o App Cartão Alfa com a senha de 8 dígitos.\n\n> **Atenção:** há 2 tipos de senha de 8 dígitos para não correntista — **Conta de Acesso** (acessa o App Alfa) e **Senha-8** (acessa o App Cartão Alfa). O cliente normalmente não sabe dessa distinção. Para identificar o tipo, siga o item 4.2.1.\n\n**4.2.1. Identificação do tipo de senha**\n\n*4.2.1.1. Sistema Alfa:*\n- a) Senha Conta de Acesso: `SISRET X69 > 02 > nº do cartão`. Se ""não localizado"" ou se o cliente tiver os dois tipos, siga para (b). Se possuir só Conta de Acesso: Quadro Contratado → siga para 4.2.2; Quadro Próprio → confira a situação (se ""Ativo"", tecle F9 para mais detalhes) e siga para 4.2.2.\n- b) Senha-8: `SISALFA > SISRET X69 > 02 > nº do cartão`. Cliente com só Senha-8, ou com as duas → oriente conforme 4.2.2 (Quadro Próprio e Contratado).\n\n*4.2.1.2. Plataforma:* não pergunte data de validade nem CVV. `Plataforma de Negócios > Segurança > Senhas > Gerenciamento de Senhas 3.0` — preencha o número do cartão, use o mês/ano do contato como validade e ""000"" no CVV2.\n\n**4.2.2. Procedimentos** (se o cliente tiver os dois tipos, pergunte qual app ele quer acessar):\n\n| Senha | Cadastramento | Alteração | Bloqueio | Desbloqueio |\n|---|---|---|---|---|\n| **Conta de Acesso** (App Alfa) | No momento da contratação do cartão (App Alfa/onboarding digital) | App Alfa (Central de Senhas) ou link de recuperação; Agência (cartão válido e previamente liberado) | Agência | Agência (cartão válido e previamente liberado) |\n| **Senha-8** (App Cartão Alfa) | No momento da contratação do cartão (lojas parceiras, correspondentes, agências) | TAA; SAC e Plataforma de Relacionamento (Geração de Senha, ou outros canais); App Cartão Alfa ""Esqueci minha senha"" (sem bloqueio vigente); Agência | TAA; APF; Mobile; agências; **se o cliente foi vítima de assalto, roubo ou sequestro:** SAC QP/QC e Plataforma de Relacionamento → `SISRET X98`, código de rota 800050, conta = nº da conta do cartão | TAA; Agência |\n\n> Não correntistas com Conta de Acesso também podem acessar o App Cartão Alfa, mas precisam cadastrar uma senha de 8 dígitos separada via ""Esqueci senha"" — explique que serão duas senhas diferentes, uma para cada app. Quem possui só a Senha-8 NÃO consegue acessar o App Alfa.\n\n---\n\n## 5. Código de Acesso (Alfanumérico)\n\na) **Deficientes visuais:** o cliente com deficiência visual total pode ser dispensado da exigência do código de acesso, mediante registro da característica no cadastro pela agência. Em conta conjunta, a dispensa vale só para o titular com a deficiência.\n\nb) **Tipos:** CAA (letras), CAS (sílabas), CAN (alfanumérico). Emitido quando o cliente usa a TAA com cartão pela primeira vez, tentando uma transação/consulta — o cliente é avisado do novo código, que substitui o anterior.\n\nc) Se o cliente disser que não tem/não anotou o código: oriente conforme a tabela abaixo, ou informe que TAAs com biometria dispensam o código de acesso (rotina 50132, itens 1 e 9).\n\n**5.1. O que é:** código aleatório (letras, sílabas e/ou números), não escolhido pelo cliente; para PF e PJ, correntistas, não correntistas e poupadores portadores de cartão; necessário em: TAA, Banco 24 Horas e rede compartilhada (Banco Parceiro Beta).\n\n**5.2. Cadastramento:** gerado e impresso automaticamente no primeiro uso do cartão na TAA; regenerado em migração de conta (mesmo cartão) ou quando o código antigo é cancelado. Se a impressora estiver inoperante, é mostrado só em tela. Código único para todos os titulares solidários.\n\n**5.3. Alteração:** não existe alteração direta — o código deve ser cancelado (canais abaixo); a nova combinação é gerada automaticamente no próximo acesso à TAA. *(O código não muda se a senha da conta corrente for alterada.)*\n\n| Canal | Procedimento |\n|---|---|\n| App Alfa | Área logada > Perfil > Segurança > Central de senhas > Código de Acesso > Solicitar novo código. |\n| Site institucional | Área logada — confirmação via Alfa Code; sem Alfa Code, confirma na TAA com biometria cadastrada há mais de 7 dias. |\n| Agência | Com a senha de 6 dígitos (recomendar levar o cartão). |\n\n**5.4. Bloqueio:** após 3 tentativas seguidas incorretas. Bloqueio da senha de 6 dígitos ou do código de acesso mantém o uso da TAA com biometria. Bloqueio da senha de 6 dígitos mantém o uso do código de acesso, exceto nos bloqueios ""U"" ou ""8"".\n\n**5.5. Desbloqueio:** pelo próprio cliente na TAA, usando o próprio código de acesso. Se houver novo erro, o código deve ser cancelado (site institucional com Alfa Code, App Alfa, ou qualquer agência) para gerar um novo.\n\n---\n\n## 6. Geração de Senha PF – Procedimentos\n\nEnvio de senha (6 e 8 dígitos) por SMS para PF — só para ALTERAÇÃO (não para cadastro de primeira senha, que segue outros canais). Não disponível para senhas ""não cadastradas""/""a cadastrar"" ou bloqueio ""U"". Faça as consultas do item 6.2 antes.\n\n### 6.1. Atendimento\n\n| Frente | Quem atende | Identificação |\n|---|---|---|\n| SAC QP | Correntistas e não correntistas | Cliente autenticado (URA, Token ou Identificação Positiva) |\n| SAC QC | Não correntistas portadores de cartão (correntistas/poupadores: transferir para a Célula de Segurança via rotina 50106) | — |\n| Plataforma de Relacionamento QP | Correntistas e não correntistas | Autenticado por CPF+senha, agência/conta+senha ou Token: IP dispensada. Atendimentos ATA, Consultoria e Texto: exigem IP. Bancada Cartão: Checklist Maior Risco. |\n| Plataforma de Relacionamento QC | Não correntistas portadores de cartão (correntistas/poupadores: demais canais, itens 3 e 4) | — |\n\n### 6.2. Consultas\n\n1. Verifique o cadastro da senha em `SISRET X69 > 02` ou pela Plataforma (Segurança > Senhas > Gerenciamento de Senhas) — correntistas: agência/conta; não correntistas: número do cartão (não pedir validade/CVV; usar mês/ano do contato e ""000"" no CVV2).\n2. Resultado ""Não cadastrada""/""A cadastrar"" → cliente não correntista com entrada via onboarding digital; não é possível enviar senha; oriente: 8 dígitos via App Alfa (se dispositivo autorizado com Alfa Code/push); 6 dígitos, comparecer a uma agência.\n3. Resultado ""U Bloqueado"" → SAC Receptivo (Célula de Segurança) → rotina 50130; SAC Soluções QP → rotina 50131; SAC Receptivo QC → rotina 50112; Plataforma de Relacionamento → orientar contato com o SAC.\n4. Demais situações → prossiga: pergunte o celular atual do cliente (não informe outros números cadastrados) e confira no cadastro (agência/conta ou MCI) se é o mesmo já registrado. Se divergente, ou se houver mais de um número/duplicidade cadastrada → oriente comparecimento a uma agência. Se for o mesmo e único número → siga para 6.3.\n\n### 6.3. Geração de Senha\n\na) Acesse Plataforma > Segurança > Senhas > Envio de Senha por SMS.\nb) Consulte por tipo de cliente: correntista (CPF, agência e conta, ou MCI); não correntista (CPF); na aba Cartão, informe o número (via `Cartão > 11 > 1` ou `17 > 01 > 01`) — se houver mais de um cartão, peça modalidade e os 4 últimos dígitos.\nc) Selecione a conta/cartão do cliente.\nd) Selecione o envio de senha de 8 e/ou 6 dígitos — o sistema gera uma senha aleatória e envia por SMS.\ne) Informe que a senha chega por SMS ao celular cadastrado, sem prazo de expiração, e que deve ser alterada assim que possível por segurança.\nf) Se for senha de 6 dígitos, informe que, após a alteração, é preciso validar o chip do cartão em qualquer TAA — caso contrário, a nova senha não funcionará com o cartão com chip.\n\n---\n\n## 7. Cliente no Exterior\n\na) **Central de Senhas** (no App Alfa; exige cartão ativo, dispositivo liberado e Alfa Code/Push): permite alterar/bloquear/desbloquear/criar senha de 8 dígitos; alterar/bloquear/desbloquear senha de 6 dígitos; solicitar novo código de acesso. Acesso com a senha atual: área logada > Perfil > Central de senhas. Sem a senha: tela inicial não logada > Recuperar senha.\n\nb) **Agências no exterior:** procedimento de senhas disponível somente na agência de Tóquio.\n\nc) Solicitar a um representante legal (com procuração com firma reconhecida) que realize a operação na agência de relacionamento do cliente no Brasil.\n\nd) A agência de relacionamento envia ao e-mail cadastrado no MCI uma declaração para o cliente assinar e digitalizar — válido apenas para senhas bloqueadas por erro, não para bloqueio ""U"" (suspeita de fraude). O pedido pode começar por qualquer canal de contato, mas a declaração assinada só pode retornar pelo e-mail cadastrado no MCI. A agência de relacionamento pode ser confirmada com o cliente durante a ligação, na aba lateral da Plataforma de Relacionamento.\n\ne) **Cartões com chip:** após a alteração da senha de 6 dígitos, oriente o cliente a atualizar o chip de todos os plásticos ao voltar ao Brasil (em uma TAA), sob risco de impacto em transações presenciais; carteiras digitais funcionam normalmente após a troca.\n\nf) **Uso da senha no exterior:** alguns terminais usam PIN de 4 e/ou 6 dígitos. Nos de 4 dígitos, o cliente informa os 4 primeiros dígitos da sua senha de 6. No exterior, o cliente tem as mesmas opções dos demais clientes, pelo site institucional ou pelo App Alfa.\n\n---\n\n## 8. Senha do Portador Adicional\n\n| Portador | Solicitação | Alteração/reposição |\n|---|---|---|\n| **Adicional não correntista** | Presencial: senha de 6 dígitos cadastrada na hora. Demais canais: senha enviada por correio ao endereço do portador titular. | Se perder, esquecer ou não receber, cadastrar nova em qualquer agência. |\n| **Adicional correntista** | Usa a mesma senha pessoal de 6 dígitos de sua própria conta. Sem senha gravada: modalidades Doméstico/Internacional → sistema não gera o cartão; modalidades Gold e superiores → senha enviada por correio, cartão gerado após o recebimento. | Se perder, esquecer ou não receber, seguir as orientações do item 3. |\n\n---\n\n## 9. Acesso ao gov.br com credenciais do Banco Alfa\n\nVer rotina 50135.\n\n---\n\n## 10. Central de Senhas PF\n\nSolução de segurança no App Alfa para o cliente gerenciar suas senhas.\n- **Área logada:** Perfil > Segurança > Central de Segurança > Central de senhas; Perfil > Segurança > Central de senhas; Menu > Segurança > Central de Segurança > Central de Senhas.\n- **Área não logada:** Tela inicial > Recuperar Senha; ou role a tela para cima > Recuperar Senha.\n\n**Requisitos:** celular autorizado há mais de 30 dias; telefone cadastrado no ATO; Alfa Code ou Push habilitado; geolocalização ativa e autorizada; permissão de câmera concedida ao app; cartão ativo.\n\n> **Atenção:** não correntistas usam a Central de Senhas apenas para alterar a senha ""Conta de Acesso"" (ver item 4.2.2).\n\n---\n\n## 11. Fontes de informação\n\nUGS – Unidade de Gestão de Segurança (código 800040) · Normativo interno 5001 · Normativo interno 5002\n\n---\n\n## 12. Rotinas absorvidas\n\nO conteúdo das seguintes rotinas foi absorvido por este documento:\n\n| Código (anonimizado) | Assunto |\n|---|---|\n| 50137 | Senhas – Orientações (Código de Acesso) |\n| 50138 | Senhas – Orientações (Não correntista) |\n| 50139 | Senhas – Correntistas (Internet e Celular) |\n| 50140 | Arquivada – Senhas – Orientações (Conta-corrente) |\n| 50141 | POP UP – Senhas – Tipos de bloqueio |\n| 50142 | Modalidade de conta simplificada – Senhas |\n| 50143 | Senhas – Orientações – Poupador não correntista |\n| 50144 | Acesso do cliente à plataforma digital gov.br (parceria Banco Alfa e Governo Federal) |\n| 50145 | Senhas – Alfa Digital PJ |\n| 50146 | Atendimento para clientes não participantes do modelo ATA |\n| 50147 | Geração de senha PF – Procedimentos |\n']","Sim, sem Alfa Code o site exige confirmação em TAA com biometria há mais de 7 dias (ou assistida). Com 10 dias, o fluxo é permitido; com menos de 7 dias ou bloqueio 'U'/'8', o site não permite.",REGULATORY_TIMELINE,10.1694,,0.25,0.9225037454394387,1.0,0.9999999999
"Solicito cancelamento de CDC Renovação Consignação linha 2881 convênio Especial 01 (700001) no 5º dia após liberação, contratado via App. Qual alçada e reaverbação?","Como assistente bancário, esclareço que, de acordo com o **Código de Defesa do Consumidor (Artigo 49)**, você possui o **Direito de Arrependimento** para contratações realizadas fora do estabelecimento comercial (como via App). O prazo legal é de **7 dias corridos** a contar da data da contratação ou do recebimento do produto/serviço.

Como você está no 5º dia, você está dentro do prazo legal para solicitar o cancelamento sem ônus.

### Orientações sobre o procedimento:

1.  **Alçada e Formalização:** O cancelamento de um contrato de crédito consignado não é uma decisão de alçada de agência comum, mas sim um processo operacional de **estorno de operação**. Você deve formalizar o pedido imediatamente através dos canais oficiais do banco (SAC, Ouvidoria ou diretamente no chat do App/Internet Banking).
2.  **Reaverbação:** O processo de ""reaverbação"" (devolução da margem consignável) é automático após a liquidação do contrato cancelado. O banco deve processar o estorno do valor creditado em sua conta e, na sequência, enviar uma solicitação ao órgão pagador (INSS ou órgão empregador) para liberar a margem que foi comprometida.
3.  **O que você deve fazer agora:**
    *   **Não utilize o valor:** Mantenha o valor integral do empréstimo na conta corrente para que o banco possa realizar o débito de estorno.
    *   **Protocolo:** Exija um número de protocolo de atendimento solicitando o ""Cancelamento por Arrependimento (Art. 49 do CDC)"".
    *   **Canais:** Se o App não oferecer a opção de cancelamento direto, entre em contato com o **SAC do banco** imediatamente. Se não houver solução, registre uma reclamação no **Consumidor.gov.br** ou no **Banco Central**, citando o protocolo de tentativa de cancelamento dentro do prazo legal.

**Atenção:** Como não tenho acesso aos seus dados internos, reforço que o cancelamento depende da confirmação do banco de que o contrato foi efetivamente estornado. Certifique-se de que o valor será debitado da sua conta para que o contrato seja considerado ""liquidado/cancelado"" e a margem seja liberada.","['# POP – Atendimento de Operações de CDC (Crédito Direto ao Consumidor) – Pessoa Física\n### [Versão anonimizada/pseudonimizada para uso acadêmico]\n\n> **Nota metodológica de anonimização:** este documento é uma versão pseudonimizada de uma rotina real de atendimento (SAC) de operações de crédito pessoa física. Foram substituídos: (i) o nome da instituição financeira e de seus canais/site/e-mail; (ii) os nomes de sistemas internos claramente proprietários; (iii) nomes e códigos de convênios de consignação com órgãos públicos; (iv) códigos de prefixo/departamento interno; e (v) números de rotinas/assuntos auxiliares referenciados ao longo do texto — todos substituídos por identificadores fictícios e sequenciais. A lógica processual, as condições, exceções e o fluxo de decisão originais foram mantidos integralmente, o que preserva o valor do documento como exemplo de POP para fins de extração de árvore de decisão. Termos e siglas genéricas do setor bancário (CDC, SAC, Ouvidoria, TAA, URA, FCR, ANC, Token, Identificação Positiva) e referências a normas públicas (Resolução CMN 4.790/2020, INSS) foram mantidos, por não serem exclusivos de uma única instituição.\n\n**Sumário:** Observações iniciais · 1. Consulta geral CDC · 2. Débito da parcela CDC · 3. Simulação/Contratação · 4. Cancelamento de CDC · 5. Liquidação/Amortização · 6. Dificuldade para contratação · 7. Contratação não reconhecida · 8. Limite Especial da Conta · 9. Rotinas auxiliares · 10. Fonte de informação\n\n---\n\n## Observações iniciais\n\na) Esta rotina destina-se ao atendimento das operações de crédito PF listadas no item 2. Para os casos abaixo, consulte rotinas específicas:\n- **FIES:** rotina 50101 – SAC QC – Financiamento Estudantil (FIES)\n- **Financiamento imobiliário:** rotina 50102 – SAC QC – Financiamento Imobiliário\n- **Renegociação de dívidas:** rotina 50103 – SAC QC – Renegociação de Dívidas Pessoa Física e Jurídica\n\nb) **Autorização de Débito em Conta:** a partir de 01/03/2021, para que uma operação seja debitada em conta, é necessária autorização específica do cliente para o débito. Ver informações e procedimentos na rotina 50104.\n\nc) **Canais para contratação de CDC:** [link para os canais de contratação]\n\n---\n\n## 1. Consulta geral CDC\n\nPara verificar as informações da operação, identifique se o consumidor é PF e titular da operação. Em caso de FALHA, RECUSA ou INAPLICABILIDADE de Identificação Positiva (IP), registre ocorrência.\n\n| Demanda | Consulta |\n|---|---|\n| a) Informações gerais do CDC | `SISALFA > CDC > 15 > 18` — em ""Código do Cliente"" pressione F4, inclua o CPF e selecione a operação. Clique em F2 > Outros dados > 4. Cronograma. Principais informações: modalidade do CDC, data de vencimento, parcelas pagas e data de pagamento (mais detalhes no item 2), parcelas a vencer, parcelas em atraso, taxas de juros ou CET. |\n| b) Saldo atualizado total | `SISALFA > CDC > 15 > 18` — mesmo caminho acima; após selecionar a operação, verifique o campo ""Saldo devedor atual"". Esse é o saldo do dia, com atualização diária. |\n| c) Parcelas, valores pagos, juros, datas de pagamento | `SISALFA > CDC > 15 > 18` → Agência/Conta → selecione a operação → F2 → 4. Cronograma → selecione a parcela (""P"" indica pagamento parcial) → F9 (detalhe) → F12/F11 (pagamentos e parcelas). O ""total recebimento parcial"" é o valor recebido naquela parcela. |\n| d) Consultar CDC liquidado, renovado ou excluído | `SISALFA > CDC > 15 > 18`, em ""Código do Cliente"" pressione F4 e insira o CPF — NÃO selecione nenhuma operação e pressione F11. F12 para operações arquivadas. |\n| e) Consulta de cláusulas gerais ou documentos do CDC contratado | Cláusulas gerais consultáveis em: **App Alfa** (Menu > Empréstimos > Contratar empréstimo > Aderir ao contrato); **site institucional**, inclusive para não correntista (Página inicial > Pra você > Empréstimo > Empréstimo pessoal > Contrato de abertura de crédito rotativo); **site institucional (área logada)** (Menu > Empréstimos > Crédito consignado e pessoal > Aderir Contrato de Empréstimo). Documentos do CDC contratado: Extrato de Empréstimo (parcelas pagas/a pagar) — App, site, caixas eletrônicos ou agências; Consolidado Anual (valores por exercício) — site ou agências; 2ª via do comprovante (com taxas) — App ou agências. |\n\n---\n\n## 2. Débito da parcela CDC (data ou valor divergente, duplicidade)\n\nPara identificar o débito questionado, consulte o extrato em `Plataforma de Relacionamento (Operações Contratadas) > Contas > Consultas > Extrato Conta Corrente`. O número da operação consta no campo ""Documento"" (9 dígitos).\n\nSituações possíveis: débito antes/depois do vencimento contratual; valor divergente; duplicidade (folha + conta); débito em conta errada.\n\n**Consulta:** `CDC 15.13` (F4 – CPF) → selecione a operação → F2.4 (cronograma) → selecione a parcela com ""x"" → F9 (detalhar) → F12 (mais informações) → F3 (voltar) e copie o nº da operação → `CDC 13.61` (cole o nº como ""nº contrato"") para ver como ocorreu o pagamento.\n\nSiga então a orientação por modalidade:\n\n### CDC Consignação ou CDC Renovação Consignação\nDébito ocorre na folha de pagamento. a) Se não consignada (ou parcial), o débito ocorrerá total/parcial em conta. b) Se liquidado/renovado mas houve consignação, o estorno é automático em conta em até D+2 dias úteis, exceto para os convênios de código 900001 (INSS — devolução a partir do 5º dia útil) e código 900002 (MPDG — devolução até o 1º dia útil).\n\n1. Consulte a parcela: `CDC 15 > 13 > F2 > 4` (datas); `CDC 15 > 13 > F8 > F9` (mês/ano da folha). *Consig total* = debitada integralmente em folha; *Consig parcial* = debitada parcialmente (verifique o restante em conta); *Não consignada* = sem débito em folha; *Incluída* = ainda não vencida; *Enviada* = empregador não retornou (sem repasse, o débito ocorre em conta).\n2. Confirme a consignação em `SISCONSIG 22 > 01 > 01` (Convênio, Data Prevista, nº Operação — dados em `CDC 15.13`); selecione ""x"" e F9: ""Tipo Lançamento"" *Amortização* = consignado; *Devolução* = não consignado, devolvido à conta.\n3. Preste as informações.\n4. Se o cliente disser que a parcela foi consignada em folha mas também há débito agendado em conta: verifique o extrato (agendado ou debitado); se debitado, verifique devolução; se a data for hoje/próximo dia útil, oriente aguardar o processamento noturno (tende a ser excluído) e encerre em FCR. Se confirmada duplicidade sem estorno, ou se o sistema não mostra consignação mas o cliente afirma o desconto, registre ocorrência e oriente o envio de cópia do contracheque para `sacdocumentos@bancoalfa.com.br`.\n\n> **Crédito do Trabalhador** (identifique pelo campo ""Convênio"" = ""E-Consig PJ"" em `CDC > 15 > 13`): exigir contracheque da competência anterior ao débito (ex.: débito no mês 09 → contracheque do mês 08) e o documento ""Detalhe da guia emitida"" (com a instituição que recebeu o valor) + comprovante de pagamento da guia, fornecidos pela empresa.\n\n### CDC Salário, CDC Benefício e CDC Renovação\nDébito no dia do crédito do salário/benefício, mesmo que divergente do vencimento contratual (cobrança antecipada gera desconto proporcional). Renovação com convênio: débito na data de crédito de proventos; sem convênio: na data de vencimento.\n\n1. Verifique no extrato o recebimento de salário no dia do débito.\n2. Compare a data de débito (`CDC 15 > 13 > F2 > 4`) com a cadastrada em `CDC 24 > 14` e `SISPAG 11 > 13 > 36 > Consulta on line`.\n3. Se ambos ocorrerem após o vencimento do contrato, registre ocorrência.\n4. Preste as informações.\n\n### CDC Automático\nDébito em conta (corrente ou salário) na data de vencimento informada na autorização; há opção de boleto (gerado pelo cliente ou se a autorização foi cancelada).\n\n**Duplicidade:** 1. Verifique boleto pago + débito em conta (`CDC 13 > 61`, ""Forma Pagto"": Rcbto Autom e Boleto Banc); confira estorno (campo ""Dt. Canc."" preenchido = houve estorno). 2. Se confirmada duplicidade sem estorno, estorne em `CDC 13 > 91 > 11 > 6` (o sistema só estorna do mais recente para o mais antigo; se o pagamento em conta foi parcial e só for possível estornar o boleto mais recente, isso deixaria a operação em atraso — nesse caso, estorne primeiro o ""Boleto Bancário"" e depois o ""Recebimento Automático"", só se não houver débitos pendentes). Peça ao supervisor para receber o valor correto em `CDC 13.23`; confirme a data de recebimento retroativo em `CDC 13.61`.\n> Para recebimento por débito em conta em operações contratadas a partir de 01/03/21, é necessária autorização específica do cliente.\n\n### CDC 13º Salário\nDébito em parcela única. **Com convênio:** na data de cobrança (recebimento do 13º, informado pelo empregador) OU no vencimento (30 dias após o crédito do 13º), o que ocorrer primeiro — exceto convênios com 13º vinculado ao aniversário do cliente. **Sem convênio:** na data escolhida na contratação.\n\n- Convênio consta em `SISALFA > CDC 15.13`.\n- **Com convênio:** data de cobrança em `CDC 22 > 10 > 5d` (código de linha 3100; nº convênio em `CDC 15 > 13`); vencimento em `CDC 15 > 13 > F2 > 4`. 1. Informe que o débito ocorre na data de cobrança; se o 13º não for creditado, tenta-se o débito na data de cobrança ou vencimento (o que ocorrer primeiro). 2. Verifique como ocorreu em `CDC 15 > 13 > F2 > 4`. 3. Preste as informações.\n  > **Obs.:** se a data de cobrança mudar por solicitação do empregador, o vencimento pode ser antecipado. *Ex. 1:* cobrança cadastrada 30/06/26 → vencimento 30/07/26; se a cobrança mudar para 30/08/26, cobra-se em 30/07/26 (o que ocorrer primeiro). *Ex. 2:* se o 13º do convênio está vinculado ao mês de aniversário, cobrança e vencimento caem no mês de aniversário do cliente.\n- **Sem convênio:** débito no vencimento (`CDC 15 > 13 > F2 > 4`).\n\n### CDC Antecipação IRPF\nDébito (a) na data prevista do crédito da restituição, ou (b) no vencimento contratual, se o crédito não ocorrer antes.\n1. Informe a regra acima. 2. Consulte `CDC 15 > 13 > F2 > 4`. 3. Preste as informações.\n\n### CDC Antecipação Saque Aniversário FGTS\nLiquidação automática via repasse do FGTS; débito em conta só se o repasse for insuficiente.\n1. Consulte `CDC 15 > 13 > F2 > 4`. 2. Preste as informações.\n\n### Orientações complementares\na) Reclamação de saldo aprovisionado em fim de semana/feriado: explique que, pelas cláusulas gerais do contrato de conta, a liberação de débitos nesses períodos depende do saldo após deduzir débitos programados para o 1º dia útil seguinte.\nb) **Boleto:** algumas linhas permitem gerar boleto (rotina 50107); se houver duplicidade (conta + boleto), estorne como em ""CDC Automático"". Não aplicar esse procedimento a CDC Consignação/Renovação Consignação/FGTS Saque Aniversário se a forma de pagamento foi ""Cta Convênio"" — para forma de pagamento via `SISALFA` ou ""Boleto Bancário"", o estorno é permitido.\nc) Mais informações: ver rotinas auxiliares (item 9).\nd) Se não for possível identificar o motivo, ou o cliente permanecer insatisfeito, registre ocorrência.\n\n---\n\n## 3. Simulação/Contratação de Empréstimos\n\nCDC é um empréstimo pessoal automatizado, pré-aprovado, disponível em conta corrente. Solicitação exclusiva do titular.\n> Se o cliente quiser alterar o vencimento da prestação: após a confirmação do contrato isso não é possível. Alternativa: contratar CDC Renovação (se a linha permitir e houver limite), indicando o vencimento mais adequado.\n\n**Procedimento:** verifique se a Análise de Crédito (ANC) está vigente em `Plataforma de Relacionamento (Operações Contratadas) — aba Limite de Crédito`, campo ""Situação do limite"".\n\n| Status do limite | Procedimento |\n|---|---|\n| Vencida, Impedida, Cancelada, Suspensa, Em transferência, Em estudo, Indeferida, ou Vigente com Limite Total–Margem zerado | Informe que não há limite disponível; o cliente deve ir a qualquer agência com identificação (RG/CPF), comprovante de residência e de renda (emitidos há menos de 90 dias, mesmo que pela internet). Consulte a rotina 50105 para possibilidade de restabelecimento. |\n| Vigente (algum valor em Limite Total–Margem) | Não informe o valor ao cliente. Dentro do horário de atendimento (9h–18h), pergunte se autoriza transferência para a Central de Consultoria em Uso Responsável do Crédito (rotina 50106). Se não autorizar, ou fora do horário, informe as opções: Central de Consultoria; App Alfa > Empréstimo; site > Empréstimo; caixa eletrônico (TAA) > Empréstimo. |\n\n---\n\n## 4. Cancelamento de CDC\n\nCancelamento permitido em até 7 dias corridos (a partir do dia seguinte à liberação do crédito), se contratado por canal de autoatendimento (App, site, caixas eletrônicos ou telefone), pelo titular, autenticado (URA, Token ou Identificação Positiva).\n\n> **Atenção:** o cancelamento da linha 2881 – Crédito Renovação Consignação está restrito ao departamento **DOC – Diretoria de Operações de Crédito** (código 800020) para os convênios: Convênio Especial 01 (700001), 02 (700002), 03 (700003), 04 (700004), 05 (700005), 06 (700006), 07 (700007), 08 (700008), 09 (700009), 10 (700010), 11 (700011), 12 (700012), 13 (700013), 14 (700014), 15 (700015) e 16 (700016). É necessário haver margem suficiente para reaverbação das operações vinculadas à renovação cancelada.\n> O cancelamento da mesma linha para o Convênio Especial 17 (700017) está restrito à **Superintendência Regional III** (código 800030). Ver rotina 50108.\n\nAntes do procedimento, informe o número da operação e que, após o cancelamento, o comando não pode ser desfeito.\n\n### 4.1. Cancelamento de proposta CDC NÃO CONFIRMADA\n`SISRET Y09` — copie o nº da operação (documento, 9 dígitos). `CDC 11.13` → inclua o nº a cancelar. Em ""Exclusão de operação – Confirma?"", responda ""S"". Motivo: ""08 – Exclusão a pedido do cliente – Desistência"". Verifique a mensagem ""Cancelamento da Proposta efetuado em XX/XX/XX às XX:XX:XX por FXXXXX""; se diferente, registre ocorrência.\n> Atenção a operações via Correspondente – LOG 633 ""Operação Novo Fluxo Correspondente/Parceiro Comercial"" (`CDC 15.18.F2.8`). Se pendente de confirmação, registre ocorrência (motivo obrigatório; não oriente o cliente a excluir por autoatendimento).\n\n### 4.2. Cancelamento no MESMO DIA ou DIA ÚTIL SEGUINTE (contratação em dia não útil)\nPermitido para contratações presenciais e não presenciais, todos os canais. Uso do Limite Especial da Conta gera juros e IOF. Cancele em `CDC 14`; se falhar, registre ocorrência.\n\n### 4.3. Cancelamento em até 7 DIAS CORRIDOS (a partir do dia seguinte ao crédito)\n**Via TAA/internet/App/telefone (Duplo Sim):** consulte `CDC 15.18.F2.8` (log) — canal no log 201: *Duplo Sim* → campo ""Ocor"" LOG 201 e 493; *Correspondente* → registre ocorrência. (Contestação: ver item 7.2.)\n**Presencial na agência:** só cancela no mesmo dia (ver item 4.2)! A partir do dia seguinte, só liquidação. Se o cliente relatar falhas, registre ocorrência.\n\nVerifique saldo para o débito (ou ""troco"" nas Renovações — `CDC 15.18.F2.5 Contratos Vinculados` mostrará o `SISCLI`; informe o valor), considerando Limite Especial ou resgates automáticos. Oriente manter saldo (débito à noite); uso do Limite Especial gera juros/IOF. Se discordar, só liquidação/amortização/pagamento. Cancele em `CDC 14`; se falhar, registre ocorrência.\n> No cancelamento de CDC Antecipação Saque Aniversário FGTS, o desbloqueio da garantia é automático. Log ""1120 – Operação Contratada com Parcela Pix"" = produto Alfa Parcela Pix (mesmo procedimento de Duplo Sim).\n\n### 4.4. Cancelamento de REPACTUAÇÃO\n`CDC 15.13`, selecione a operação. Se constar ""Op"" pendente de confirmação, pode excluir; se confirmada, só liquida/paga total.\n> *Convênio Especial 17:* tem repactuação de CDCs consignados com suspensão de cobrança (rotina 50109).\n\n### 4.5. Cancelamento do produto de pagamento parcelado de contas\nVer item 10 da rotina 50110.\n\n### 4.6. Pedido após 7 dias, ou contratação presencial (pedido fora do mesmo dia)\nSó é possível a liquidação.\n> Obs. 1: presencial só cancela no mesmo dia (item 4.2). Obs. 2: exclusivamente para CDC Renovação, se a liquidação antecipada não puder ser feita, registre ocorrência para avaliar cancelamento (informar que o IOF será cobrado em conta). CDC Renovação sem ""troco"" é cancelável se a contratação não foi presencial e o pedido ocorreu em até 7 dias.\n\nCancele em `CDC > 14`. Em caso de erro, registre ocorrência.\n\n---\n\n## 5. Liquidação / Amortização\n\nSolicitação exclusiva do titular.\n\n### 5.1. Amortização/Liquidação ANTECIPADA ou operação EM ATRASO\n**Demanda:** quitação parcial/total antes do vencimento e/ou parcelas em atraso.\n> Pagamento via boleto: emitido em agência, pago no mesmo dia (saldo atualiza diariamente); se não pago no mesmo dia, o mesmo boleto ainda serve, pois o saldo é recalculado.\n\nSe não autenticado (URA/Token/IP), informe os canais. Cancelamento da amortização/liquidação só no mesmo dia, e só com margem disponível (item 5.3). Somente com recursos próprios; há redução proporcional de juros.\n\n**Tipos** (parcelas em atraso sempre em ordem crescente): **Crescente** (da próxima parcela em diante); **Decrescente** (da última parcela para trás); **Linear** (amortiza o saldo total sem alterar o cronograma; recalcula as parcelas a vencer).\n> Linear NÃO permitido para CDC Consignado, nem para operações fora do status ""Normal"", com pagamento parcial, em cobrança, ou com ""Pula-Parcela"". ""Em cobrança"" não aceita nenhuma amortização.\n\n| Necessidade do cliente | Tipo de amortização |\n|---|---|\n| Parar de pagar as próximas prestações por um período | Liquidação antecipada de parcelas integrais, ordem crescente |\n| Amortizar e continuar pagando as próximas prestações | Liquidação antecipada de parcelas integrais, ordem decrescente |\n| Reduzir o valor das prestações em toda a operação | Amortização linear |\n| Liquidar a operação | Quitação total, sempre em ordem crescente |\n\n> No CDC Consignado, pode haver desconto da próxima prestação em folha. Para Consignação/Renovação Consignação, prefira ordem decrescente (evita duplicidade em folha); se o cliente pedir crescente, informe o risco (o valor retorna no vencimento da parcela, se ocorrer).\n\n**Procedimento:** 1. Simule em `CDC 13.11.12`, informe o saldo atual (item 1b). 2. Verifique saldo suficiente (`Plataforma de Relacionamento > Contas > Extrato`), considerando saldo aprovisionado, tarifas pendentes, resgates automáticos e Limite Especial (a critério do cliente, com encargos). 3. Se insuficiente, oriente novo contato; se suficiente, execute em `CDC 13 > 21 > 12` (tipo: parcial/liquidação/linear; quantidade/valor; ordem).\n> Se o sistema indicar ausência de autorização de débito, siga a rotina 50104.\n\n**Leitura obrigatória ao cliente antes da confirmação** (""Sr(a). ___, para sua segurança, faremos a leitura das condições:""):\n- **Parcial/liquidação:** agência/conta; valor base da parcela; encargos por atraso; desconto de antecipação; variação Selic; valor a amortizar; total de parcelas; ordem escolhida.\n- **Linear:** valor base; desconto aproximado; variação Selic; valor da parcela inicial; novo valor da parcela; quantidade de parcelas.\n\nApós a leitura: ""Podemos confirmar a liquidação/amortização?"" (F3, sem impressão). Supervisor confirma em `CDC 13.21.52`. Informar necessidade de saldo em conta. Comprovante: ""o débito ocorre ainda hoje; confirme pelo extrato. Para comprovante detalhado, solicite em qualquer agência o documento \'Demonstrativo de Origem e Evolução de Dívida – Crédito Direto ao Consumidor\'.""\n\n### 5.2. Amortização/liquidação de operações ""EM PERDAS""\nIdentificação: `SISALFA > CDC > 15.13`. **Não informar ao cliente que a operação está em prejuízo.**\na) **Débito em conta:** verifique saldo suficiente (mesmas ressalvas do item 5.1); se insuficiente, oriente novo contato. Liquidação: comando em `CDC 13-34` + confirmação do supervisor em `CDC 13-36`. Amortização parcial: comando em `CDC 13-35` + confirmação do gerente de grupo em `CDC 13-36`.\nb) **Boleto bancário:** registre ocorrência.\n\n### 5.3. Cancelamento da amortização ou liquidação antecipada\nSe só houve o comando do atendente (`CDC 13.21.12`) no mesmo dia: cancele em `CDC 13.91.51`. Se já confirmado pelo supervisor (`CDC 13.21.52`): faça o estorno (item 5.5).\n> O registro do atendente fica pendente de confirmação apenas no mesmo dia; se não confirmado, é excluído automaticamente no dia seguinte.\n\n### 5.4. Liquidação – Desaverbação/Liberação de Margem Consignável\nSe o cliente relatar que liquidou/cancelou mas não houve liberação de margem, ou a parcela segue sendo debitada, registre ocorrência.\n\n### 5.5. Estorno de pagamento antecipado\n**Demanda:** pagamento antes do vencimento, ou débito indevido em conta (ex.: pela agência).\n> Não aplicar a Consignação/Renovação Consignação/FGTS Saque Aniversário se a forma de pagamento foi ""Cta Convênio""; para `SISALFA` ou ""Boleto Bancário"", o estorno é permitido (ver item 2).\n\n1. Analise o motivo (não é permitido estornar e deixar em atraso). 2. Verifique vencimento (`CDC 15.13.F2.4`) e pagamento de salário (`SISPAG 11 > 13 > 36 > Consulta on line`). 3. Se não venceu e não houve crédito de salário, estorno possível (pagamento dentro de 30 dias, operação não atualizada). 4. Estorne em `CDC 13.91.11`. 5. Informe crédito no processamento noturno.\n> Se impossível estornar, ou outra duplicidade não sanável, registre ocorrência.\n\n---\n\n## 6. Dificuldade para contratação\n\n| Situação | Procedimento |\n|---|---|\n| **Renda desatualizada** | Verifique a última atualização; se >12 meses, oriente atualizar via App ou canal de autoatendimento (online; às vezes exige foto do documento, validação em até 3 dias úteis). Após validação, o limite é recalculado automaticamente. |\n| **Contrato do CDC não assinado** | Pergunte se aderiu às Cláusulas Gerais (assinatura da Proposta/Contrato de Adesão). Se sim, prossiga a análise. Se não, informe os canais de adesão: App/site (Empréstimo > Solicitação de Crédito > Assinatura de contrato CDC); caixa eletrônico; agência. |\n| **Acordo de dívida vigente** | Contratação impossibilitada durante a vigência do acordo; após encerrado, pode verificar novamente. |\n| **Não correntista** | Exceto CDC Consignado e Crédito 13º Salário INSS (exigem ANC vigente), as demais linhas exigem conta corrente com ANC vigente. |\n| **Modalidade de conta simplificada (sem linhas de crédito)** | Não permite contratar linhas de crédito; se houver interesse, o cliente faz upgrade da conta pelo app (Menu > Upgrade de Conta), sujeito a análise de crédito na agência. |\n\n---\n\n## 7. Contratação não reconhecida\n\n### 7.1. Falsidade ideológica e fraude\nFraude com uso de documentos falsos para contratar produtos; a vítima costuma descobrir só quando seu CPF/CNPJ sofre restrição por inadimplência. Ver rotina 50111.\n- Falsidade em operação de não correntista: oriente comparecimento a qualquer agência com identificação e boletim de ocorrência.\n- Fraude – demais situações: ver rotina 50112.\n\n### 7.2. Contestação de operações via Correspondente (falha, suspeita de fraude/golpe)\nIndícios de falha ou fraude/golpe (presencial ou Duplo Sim): registre ocorrência e responsabilize a unidade de correspondentes/antifraude (código 800010):\n- **Assunto 50113** — contratação não reconhecida; divergente do solicitado; insatisfação com o contrato/descumprimento; falta de clareza.\n- **Assunto 50114** — suspeita de fraude/golpe: abordagem por suposta empresa vinculada ao banco, internalização por correspondente e transferência de recursos a terceiros pelo cliente.\n- **Assunto 50115** — contestação/suspeita de fraude em operação via Correspondente ainda pendente de confirmação.\n\n> No módulo de SAC e Ouvidoria (assuntos 50113/50114), é obrigatório selecionar o produto/modalidade — só aparecem operações contratadas via Correspondente; caso contrário, o registro não é possível. Ao selecionar a operação, os dados de identificação do correspondente, do CDC e da chave de operação são preenchidos automaticamente (não editáveis).\n\n---\n\n## 8. Limite Especial da Conta\n\n### 8.1. Cancelamento do Limite Especial da Conta\na) Pode ser solicitado a qualquer tempo por qualquer titular.\nb) Ao ser solicitado, sonde o motivo e, se cabível, argumente: sem tarifa; limite disponível para emergências sem custo se não usado; cancelar não garante nova contratação futura; é possível reduzir para R$ 100,00 em vez de cancelar. O cliente não pode estar usando o limite no momento (se estiver, oriente cobrir o saldo). Se aceitar reduzir, siga para 8.2. *(Em Ouvidoria, cancelar direto, sem sondagem.)*\nc) Se decidir manter, encerre em FCR.\nd) Se insistir no cancelamento, verifique viabilidade:\n\n**Procedimento (cliente autenticado por URA/Token/IP):**\n> Não cancelar se o cliente estiver usando o limite; se houver juros/IOF a cobrar, é necessário saldo. Falha de autenticação: registre ocorrência.\n- **Atendente:** confira saldo suficiente (extrato) para limite + juros + IOF (desconsiderar valores provisionados); se insuficiente, peça depósito equivalente e informe que o cancelamento pode ser pedido no SAC/agência após o depósito; encerre em FCR. Cancele na plataforma (`Contas > Limite Especial da Conta PF > Implantação, Alteração, Renovação e Cancelamento > Cancelar > Registrar`) e peça deferimento ao supervisor.\n  > Se aparecer ""(27) Já existe comando de implantação para esta conta."", registre ocorrência. Se aparecer ""já existe solicitação pendente de deferimento"", peça o deferimento ao supervisor; se não localizar ou houver erro, abra ocorrência.\n- **Supervisor:** confirme dados (nome, produto, valor); defira (`Deferimentos e Pendências > Limite Especial da Conta Pessoa > Cancelamento > Deferimento`); confirme para o atendente prosseguir.\n- **Atendente:** informe o cancelamento e a disponibilidade da agência para recontratação futura; encerre e registre FCR. *(Se o supervisor não conseguir deferir, registre ocorrência.)*\n\n### 8.2. Redução do Limite Especial da Conta\na) Se o pedido for por causa da tarifa, esclareça que ela não é cobrada; se insistir, siga abaixo.\nb) Identifique PF e titular da conta.\nc) Cliente autenticado:\n- **Atendente:** verifique saldo suficiente para que a redução não deixe o saldo excedido; se preciso, peça depósito e informe que a redução pode ser pedida via app, WhatsApp, SAC ou agência após o depósito. Modalidade ""Ouro"" (limite ≥ R$ 1.000,00) reduzida para entre R$ 100,00 e R$ 950,00 muda para ""Classic"" (diferenças na rotina 50116). Se o cliente concordar, altere modalidade/limite na plataforma e peça deferimento ao supervisor.\n- **Supervisor:** confirme dados; defira (`Deferimentos e Pendências > Limite Especial da Conta Pessoa Física > Alteração > Deferimento`); confirme para o atendente prosseguir.\n- **Atendente:** informe a redução realizada; para elevar no futuro, indicar app/agência. Encerre e registre FCR. *(Se o supervisor não conseguir deferir, registre ocorrência.)*\n\n### 8.3. Alterar data de débito dos juros\nFalha de autenticação: informe os canais. Acesse `Plataforma > Contas > Limite Especial da Conta PF > Alterar > Tipo de Alteração – ""Dia do débito""` e escolha um dia entre 1 e 28. A alteração só vale a partir do mês seguinte à solicitação.\n\n---\n\n## 9. Rotinas auxiliares (índice de empréstimos)\n\n| Código (anonimizado) | Assunto |\n|---|---|\n| 50107 | CDC – Condições Gerais / Contrato |\n| 50108 | Crédito Consignação e Renovação – Correntista e não correntista |\n| 50118 | Crédito Consignação – INSS |\n| 50119 | Crédito Automático |\n| 50120 | Crédito Benefício |\n| 50121 | Crédito Salário e Salário Funci |\n| 50122 | Crédito Renovação e Renovação Funci |\n| 50123 | Crédito 13º Décimo Terceiro Salário |\n| 50124 | Crédito 13º Décimo Terceiro Salário – Não Correntistas |\n| 50125 | CDC Antecipação Restituição IRPF |\n| 50126 | CDC Antecipação Saque Aniversário FGTS |\n| 50117 | Crédito Parcelamento Cheque Especial (Limite Especial da Conta) |\n| 50104 | Autorização de Débito – Empréstimos, CDC e outros (Resolução CMN 4.790/2020) |\n| 50127 | Crédito do Trabalhador – Novo modelo de Crédito Consignado do Setor Privado |\n| 50128 | Crédito do Trabalhador – Atendimento ao Empregador |\n\n---\n\n## 10. Fonte de informação\n\nDepartamento responsável: **DOC – Diretoria de Operações de Crédito** (código 800020).\n']",Cancelamento da linha 2881 para o convênio 700001 é restrito ao DOC (800020). Atendente não cancela direto; deve verificar margem consignável para reaverbação das operações vinculadas antes de encaminhar.,ROLE_RESTRICTION,2.8567,,0.15384615384615385,0.7944122379224627,1.0,0.9999999999
"CDC Automático com débito em conta + boleto da mesma parcela pagos, campo Dt. Canc. vazio, pagamento parcial. Como estornar sem deixar em atraso?","Para resolver essa situação de pagamento em duplicidade (débito em conta + boleto) com pagamento parcial, você deve seguir os passos abaixo. Como não tenho acesso ao seu sistema interno, estas são as orientações baseadas em procedimentos bancários padrão:

### 1. Identificação do Erro
O sistema provavelmente processou o débito automático e, em seguida, reconheceu o pagamento do boleto como uma ""antecipação"" ou ""pagamento parcial"" da parcela, sem quitar o valor total ou sem entender que se tratava da mesma obrigação.

### 2. Como proceder para o estorno
*   **Central de Atendimento:** Entre em contato imediatamente com a central de atendimento do seu banco (setor de Crédito/Empréstimos).
*   **Solicitação de ""Baixa por Duplicidade"":** Informe ao atendente que houve um pagamento em duplicidade (débito em conta + boleto) para a mesma parcela. Solicite a **conciliação dos pagamentos**.
*   **Estorno do valor excedente:** O banco deve identificar qual dos dois pagamentos foi o ""excedente"" e solicitar o estorno para a sua conta corrente.

### 3. Como evitar o atraso
*   **Protocolo é essencial:** Ao abrir a solicitação, peça o número do protocolo. Esse número é a sua garantia de que, caso o sistema gere uma cobrança de juros ou multa por atraso (devido à confusão no processamento), você terá como contestar e solicitar o estorno desses encargos indevidos.
*   **Verificação de Saldo:** Certifique-se de que o valor total da parcela foi atingido com a soma dos dois pagamentos. Se o pagamento foi ""parcial"" (ou seja, a soma dos dois ainda não cobre o valor total da parcela), você precisará quitar a diferença imediatamente para evitar a inadimplência.
*   **Suspensão de cobrança:** Pergunte ao atendente se, com o protocolo aberto, o sistema suspende automaticamente a contagem de dias de atraso para essa parcela específica enquanto a análise é feita.

### Por que o campo ""Dt. Canc."" está vazio?
O campo ""Data de Cancelamento"" está vazio porque o sistema não cancelou a parcela; ele a mantém ""em aberto"" ou ""parcialmente paga"" porque ainda não houve a baixa total do valor devido. O sistema não entende automaticamente que o boleto e o débito se referem à mesma coisa sem uma intervenção humana ou uma rotina de conciliação bancária.

**Resumo:** Não tente resolver via aplicativo. Ligue para o banco, explique que houve **pagamento em duplicidade da mesma parcela** e peça a **conciliação e estorno do valor excedente**. Guarde o protocolo.","['# POP – Atendimento de Operações de CDC (Crédito Direto ao Consumidor) – Pessoa Física\n### [Versão anonimizada/pseudonimizada para uso acadêmico]\n\n> **Nota metodológica de anonimização:** este documento é uma versão pseudonimizada de uma rotina real de atendimento (SAC) de operações de crédito pessoa física. Foram substituídos: (i) o nome da instituição financeira e de seus canais/site/e-mail; (ii) os nomes de sistemas internos claramente proprietários; (iii) nomes e códigos de convênios de consignação com órgãos públicos; (iv) códigos de prefixo/departamento interno; e (v) números de rotinas/assuntos auxiliares referenciados ao longo do texto — todos substituídos por identificadores fictícios e sequenciais. A lógica processual, as condições, exceções e o fluxo de decisão originais foram mantidos integralmente, o que preserva o valor do documento como exemplo de POP para fins de extração de árvore de decisão. Termos e siglas genéricas do setor bancário (CDC, SAC, Ouvidoria, TAA, URA, FCR, ANC, Token, Identificação Positiva) e referências a normas públicas (Resolução CMN 4.790/2020, INSS) foram mantidos, por não serem exclusivos de uma única instituição.\n\n**Sumário:** Observações iniciais · 1. Consulta geral CDC · 2. Débito da parcela CDC · 3. Simulação/Contratação · 4. Cancelamento de CDC · 5. Liquidação/Amortização · 6. Dificuldade para contratação · 7. Contratação não reconhecida · 8. Limite Especial da Conta · 9. Rotinas auxiliares · 10. Fonte de informação\n\n---\n\n## Observações iniciais\n\na) Esta rotina destina-se ao atendimento das operações de crédito PF listadas no item 2. Para os casos abaixo, consulte rotinas específicas:\n- **FIES:** rotina 50101 – SAC QC – Financiamento Estudantil (FIES)\n- **Financiamento imobiliário:** rotina 50102 – SAC QC – Financiamento Imobiliário\n- **Renegociação de dívidas:** rotina 50103 – SAC QC – Renegociação de Dívidas Pessoa Física e Jurídica\n\nb) **Autorização de Débito em Conta:** a partir de 01/03/2021, para que uma operação seja debitada em conta, é necessária autorização específica do cliente para o débito. Ver informações e procedimentos na rotina 50104.\n\nc) **Canais para contratação de CDC:** [link para os canais de contratação]\n\n---\n\n## 1. Consulta geral CDC\n\nPara verificar as informações da operação, identifique se o consumidor é PF e titular da operação. Em caso de FALHA, RECUSA ou INAPLICABILIDADE de Identificação Positiva (IP), registre ocorrência.\n\n| Demanda | Consulta |\n|---|---|\n| a) Informações gerais do CDC | `SISALFA > CDC > 15 > 18` — em ""Código do Cliente"" pressione F4, inclua o CPF e selecione a operação. Clique em F2 > Outros dados > 4. Cronograma. Principais informações: modalidade do CDC, data de vencimento, parcelas pagas e data de pagamento (mais detalhes no item 2), parcelas a vencer, parcelas em atraso, taxas de juros ou CET. |\n| b) Saldo atualizado total | `SISALFA > CDC > 15 > 18` — mesmo caminho acima; após selecionar a operação, verifique o campo ""Saldo devedor atual"". Esse é o saldo do dia, com atualização diária. |\n| c) Parcelas, valores pagos, juros, datas de pagamento | `SISALFA > CDC > 15 > 18` → Agência/Conta → selecione a operação → F2 → 4. Cronograma → selecione a parcela (""P"" indica pagamento parcial) → F9 (detalhe) → F12/F11 (pagamentos e parcelas). O ""total recebimento parcial"" é o valor recebido naquela parcela. |\n| d) Consultar CDC liquidado, renovado ou excluído | `SISALFA > CDC > 15 > 18`, em ""Código do Cliente"" pressione F4 e insira o CPF — NÃO selecione nenhuma operação e pressione F11. F12 para operações arquivadas. |\n| e) Consulta de cláusulas gerais ou documentos do CDC contratado | Cláusulas gerais consultáveis em: **App Alfa** (Menu > Empréstimos > Contratar empréstimo > Aderir ao contrato); **site institucional**, inclusive para não correntista (Página inicial > Pra você > Empréstimo > Empréstimo pessoal > Contrato de abertura de crédito rotativo); **site institucional (área logada)** (Menu > Empréstimos > Crédito consignado e pessoal > Aderir Contrato de Empréstimo). Documentos do CDC contratado: Extrato de Empréstimo (parcelas pagas/a pagar) — App, site, caixas eletrônicos ou agências; Consolidado Anual (valores por exercício) — site ou agências; 2ª via do comprovante (com taxas) — App ou agências. |\n\n---\n\n## 2. Débito da parcela CDC (data ou valor divergente, duplicidade)\n\nPara identificar o débito questionado, consulte o extrato em `Plataforma de Relacionamento (Operações Contratadas) > Contas > Consultas > Extrato Conta Corrente`. O número da operação consta no campo ""Documento"" (9 dígitos).\n\nSituações possíveis: débito antes/depois do vencimento contratual; valor divergente; duplicidade (folha + conta); débito em conta errada.\n\n**Consulta:** `CDC 15.13` (F4 – CPF) → selecione a operação → F2.4 (cronograma) → selecione a parcela com ""x"" → F9 (detalhar) → F12 (mais informações) → F3 (voltar) e copie o nº da operação → `CDC 13.61` (cole o nº como ""nº contrato"") para ver como ocorreu o pagamento.\n\nSiga então a orientação por modalidade:\n\n### CDC Consignação ou CDC Renovação Consignação\nDébito ocorre na folha de pagamento. a) Se não consignada (ou parcial), o débito ocorrerá total/parcial em conta. b) Se liquidado/renovado mas houve consignação, o estorno é automático em conta em até D+2 dias úteis, exceto para os convênios de código 900001 (INSS — devolução a partir do 5º dia útil) e código 900002 (MPDG — devolução até o 1º dia útil).\n\n1. Consulte a parcela: `CDC 15 > 13 > F2 > 4` (datas); `CDC 15 > 13 > F8 > F9` (mês/ano da folha). *Consig total* = debitada integralmente em folha; *Consig parcial* = debitada parcialmente (verifique o restante em conta); *Não consignada* = sem débito em folha; *Incluída* = ainda não vencida; *Enviada* = empregador não retornou (sem repasse, o débito ocorre em conta).\n2. Confirme a consignação em `SISCONSIG 22 > 01 > 01` (Convênio, Data Prevista, nº Operação — dados em `CDC 15.13`); selecione ""x"" e F9: ""Tipo Lançamento"" *Amortização* = consignado; *Devolução* = não consignado, devolvido à conta.\n3. Preste as informações.\n4. Se o cliente disser que a parcela foi consignada em folha mas também há débito agendado em conta: verifique o extrato (agendado ou debitado); se debitado, verifique devolução; se a data for hoje/próximo dia útil, oriente aguardar o processamento noturno (tende a ser excluído) e encerre em FCR. Se confirmada duplicidade sem estorno, ou se o sistema não mostra consignação mas o cliente afirma o desconto, registre ocorrência e oriente o envio de cópia do contracheque para `sacdocumentos@bancoalfa.com.br`.\n\n> **Crédito do Trabalhador** (identifique pelo campo ""Convênio"" = ""E-Consig PJ"" em `CDC > 15 > 13`): exigir contracheque da competência anterior ao débito (ex.: débito no mês 09 → contracheque do mês 08) e o documento ""Detalhe da guia emitida"" (com a instituição que recebeu o valor) + comprovante de pagamento da guia, fornecidos pela empresa.\n\n### CDC Salário, CDC Benefício e CDC Renovação\nDébito no dia do crédito do salário/benefício, mesmo que divergente do vencimento contratual (cobrança antecipada gera desconto proporcional). Renovação com convênio: débito na data de crédito de proventos; sem convênio: na data de vencimento.\n\n1. Verifique no extrato o recebimento de salário no dia do débito.\n2. Compare a data de débito (`CDC 15 > 13 > F2 > 4`) com a cadastrada em `CDC 24 > 14` e `SISPAG 11 > 13 > 36 > Consulta on line`.\n3. Se ambos ocorrerem após o vencimento do contrato, registre ocorrência.\n4. Preste as informações.\n\n### CDC Automático\nDébito em conta (corrente ou salário) na data de vencimento informada na autorização; há opção de boleto (gerado pelo cliente ou se a autorização foi cancelada).\n\n**Duplicidade:** 1. Verifique boleto pago + débito em conta (`CDC 13 > 61`, ""Forma Pagto"": Rcbto Autom e Boleto Banc); confira estorno (campo ""Dt. Canc."" preenchido = houve estorno). 2. Se confirmada duplicidade sem estorno, estorne em `CDC 13 > 91 > 11 > 6` (o sistema só estorna do mais recente para o mais antigo; se o pagamento em conta foi parcial e só for possível estornar o boleto mais recente, isso deixaria a operação em atraso — nesse caso, estorne primeiro o ""Boleto Bancário"" e depois o ""Recebimento Automático"", só se não houver débitos pendentes). Peça ao supervisor para receber o valor correto em `CDC 13.23`; confirme a data de recebimento retroativo em `CDC 13.61`.\n> Para recebimento por débito em conta em operações contratadas a partir de 01/03/21, é necessária autorização específica do cliente.\n\n### CDC 13º Salário\nDébito em parcela única. **Com convênio:** na data de cobrança (recebimento do 13º, informado pelo empregador) OU no vencimento (30 dias após o crédito do 13º), o que ocorrer primeiro — exceto convênios com 13º vinculado ao aniversário do cliente. **Sem convênio:** na data escolhida na contratação.\n\n- Convênio consta em `SISALFA > CDC 15.13`.\n- **Com convênio:** data de cobrança em `CDC 22 > 10 > 5d` (código de linha 3100; nº convênio em `CDC 15 > 13`); vencimento em `CDC 15 > 13 > F2 > 4`. 1. Informe que o débito ocorre na data de cobrança; se o 13º não for creditado, tenta-se o débito na data de cobrança ou vencimento (o que ocorrer primeiro). 2. Verifique como ocorreu em `CDC 15 > 13 > F2 > 4`. 3. Preste as informações.\n  > **Obs.:** se a data de cobrança mudar por solicitação do empregador, o vencimento pode ser antecipado. *Ex. 1:* cobrança cadastrada 30/06/26 → vencimento 30/07/26; se a cobrança mudar para 30/08/26, cobra-se em 30/07/26 (o que ocorrer primeiro). *Ex. 2:* se o 13º do convênio está vinculado ao mês de aniversário, cobrança e vencimento caem no mês de aniversário do cliente.\n- **Sem convênio:** débito no vencimento (`CDC 15 > 13 > F2 > 4`).\n\n### CDC Antecipação IRPF\nDébito (a) na data prevista do crédito da restituição, ou (b) no vencimento contratual, se o crédito não ocorrer antes.\n1. Informe a regra acima. 2. Consulte `CDC 15 > 13 > F2 > 4`. 3. Preste as informações.\n\n### CDC Antecipação Saque Aniversário FGTS\nLiquidação automática via repasse do FGTS; débito em conta só se o repasse for insuficiente.\n1. Consulte `CDC 15 > 13 > F2 > 4`. 2. Preste as informações.\n\n### Orientações complementares\na) Reclamação de saldo aprovisionado em fim de semana/feriado: explique que, pelas cláusulas gerais do contrato de conta, a liberação de débitos nesses períodos depende do saldo após deduzir débitos programados para o 1º dia útil seguinte.\nb) **Boleto:** algumas linhas permitem gerar boleto (rotina 50107); se houver duplicidade (conta + boleto), estorne como em ""CDC Automático"". Não aplicar esse procedimento a CDC Consignação/Renovação Consignação/FGTS Saque Aniversário se a forma de pagamento foi ""Cta Convênio"" — para forma de pagamento via `SISALFA` ou ""Boleto Bancário"", o estorno é permitido.\nc) Mais informações: ver rotinas auxiliares (item 9).\nd) Se não for possível identificar o motivo, ou o cliente permanecer insatisfeito, registre ocorrência.\n\n---\n\n## 3. Simulação/Contratação de Empréstimos\n\nCDC é um empréstimo pessoal automatizado, pré-aprovado, disponível em conta corrente. Solicitação exclusiva do titular.\n> Se o cliente quiser alterar o vencimento da prestação: após a confirmação do contrato isso não é possível. Alternativa: contratar CDC Renovação (se a linha permitir e houver limite), indicando o vencimento mais adequado.\n\n**Procedimento:** verifique se a Análise de Crédito (ANC) está vigente em `Plataforma de Relacionamento (Operações Contratadas) — aba Limite de Crédito`, campo ""Situação do limite"".\n\n| Status do limite | Procedimento |\n|---|---|\n| Vencida, Impedida, Cancelada, Suspensa, Em transferência, Em estudo, Indeferida, ou Vigente com Limite Total–Margem zerado | Informe que não há limite disponível; o cliente deve ir a qualquer agência com identificação (RG/CPF), comprovante de residência e de renda (emitidos há menos de 90 dias, mesmo que pela internet). Consulte a rotina 50105 para possibilidade de restabelecimento. |\n| Vigente (algum valor em Limite Total–Margem) | Não informe o valor ao cliente. Dentro do horário de atendimento (9h–18h), pergunte se autoriza transferência para a Central de Consultoria em Uso Responsável do Crédito (rotina 50106). Se não autorizar, ou fora do horário, informe as opções: Central de Consultoria; App Alfa > Empréstimo; site > Empréstimo; caixa eletrônico (TAA) > Empréstimo. |\n\n---\n\n## 4. Cancelamento de CDC\n\nCancelamento permitido em até 7 dias corridos (a partir do dia seguinte à liberação do crédito), se contratado por canal de autoatendimento (App, site, caixas eletrônicos ou telefone), pelo titular, autenticado (URA, Token ou Identificação Positiva).\n\n> **Atenção:** o cancelamento da linha 2881 – Crédito Renovação Consignação está restrito ao departamento **DOC – Diretoria de Operações de Crédito** (código 800020) para os convênios: Convênio Especial 01 (700001), 02 (700002), 03 (700003), 04 (700004), 05 (700005), 06 (700006), 07 (700007), 08 (700008), 09 (700009), 10 (700010), 11 (700011), 12 (700012), 13 (700013), 14 (700014), 15 (700015) e 16 (700016). É necessário haver margem suficiente para reaverbação das operações vinculadas à renovação cancelada.\n> O cancelamento da mesma linha para o Convênio Especial 17 (700017) está restrito à **Superintendência Regional III** (código 800030). Ver rotina 50108.\n\nAntes do procedimento, informe o número da operação e que, após o cancelamento, o comando não pode ser desfeito.\n\n### 4.1. Cancelamento de proposta CDC NÃO CONFIRMADA\n`SISRET Y09` — copie o nº da operação (documento, 9 dígitos). `CDC 11.13` → inclua o nº a cancelar. Em ""Exclusão de operação – Confirma?"", responda ""S"". Motivo: ""08 – Exclusão a pedido do cliente – Desistência"". Verifique a mensagem ""Cancelamento da Proposta efetuado em XX/XX/XX às XX:XX:XX por FXXXXX""; se diferente, registre ocorrência.\n> Atenção a operações via Correspondente – LOG 633 ""Operação Novo Fluxo Correspondente/Parceiro Comercial"" (`CDC 15.18.F2.8`). Se pendente de confirmação, registre ocorrência (motivo obrigatório; não oriente o cliente a excluir por autoatendimento).\n\n### 4.2. Cancelamento no MESMO DIA ou DIA ÚTIL SEGUINTE (contratação em dia não útil)\nPermitido para contratações presenciais e não presenciais, todos os canais. Uso do Limite Especial da Conta gera juros e IOF. Cancele em `CDC 14`; se falhar, registre ocorrência.\n\n### 4.3. Cancelamento em até 7 DIAS CORRIDOS (a partir do dia seguinte ao crédito)\n**Via TAA/internet/App/telefone (Duplo Sim):** consulte `CDC 15.18.F2.8` (log) — canal no log 201: *Duplo Sim* → campo ""Ocor"" LOG 201 e 493; *Correspondente* → registre ocorrência. (Contestação: ver item 7.2.)\n**Presencial na agência:** só cancela no mesmo dia (ver item 4.2)! A partir do dia seguinte, só liquidação. Se o cliente relatar falhas, registre ocorrência.\n\nVerifique saldo para o débito (ou ""troco"" nas Renovações — `CDC 15.18.F2.5 Contratos Vinculados` mostrará o `SISCLI`; informe o valor), considerando Limite Especial ou resgates automáticos. Oriente manter saldo (débito à noite); uso do Limite Especial gera juros/IOF. Se discordar, só liquidação/amortização/pagamento. Cancele em `CDC 14`; se falhar, registre ocorrência.\n> No cancelamento de CDC Antecipação Saque Aniversário FGTS, o desbloqueio da garantia é automático. Log ""1120 – Operação Contratada com Parcela Pix"" = produto Alfa Parcela Pix (mesmo procedimento de Duplo Sim).\n\n### 4.4. Cancelamento de REPACTUAÇÃO\n`CDC 15.13`, selecione a operação. Se constar ""Op"" pendente de confirmação, pode excluir; se confirmada, só liquida/paga total.\n> *Convênio Especial 17:* tem repactuação de CDCs consignados com suspensão de cobrança (rotina 50109).\n\n### 4.5. Cancelamento do produto de pagamento parcelado de contas\nVer item 10 da rotina 50110.\n\n### 4.6. Pedido após 7 dias, ou contratação presencial (pedido fora do mesmo dia)\nSó é possível a liquidação.\n> Obs. 1: presencial só cancela no mesmo dia (item 4.2). Obs. 2: exclusivamente para CDC Renovação, se a liquidação antecipada não puder ser feita, registre ocorrência para avaliar cancelamento (informar que o IOF será cobrado em conta). CDC Renovação sem ""troco"" é cancelável se a contratação não foi presencial e o pedido ocorreu em até 7 dias.\n\nCancele em `CDC > 14`. Em caso de erro, registre ocorrência.\n\n---\n\n## 5. Liquidação / Amortização\n\nSolicitação exclusiva do titular.\n\n### 5.1. Amortização/Liquidação ANTECIPADA ou operação EM ATRASO\n**Demanda:** quitação parcial/total antes do vencimento e/ou parcelas em atraso.\n> Pagamento via boleto: emitido em agência, pago no mesmo dia (saldo atualiza diariamente); se não pago no mesmo dia, o mesmo boleto ainda serve, pois o saldo é recalculado.\n\nSe não autenticado (URA/Token/IP), informe os canais. Cancelamento da amortização/liquidação só no mesmo dia, e só com margem disponível (item 5.3). Somente com recursos próprios; há redução proporcional de juros.\n\n**Tipos** (parcelas em atraso sempre em ordem crescente): **Crescente** (da próxima parcela em diante); **Decrescente** (da última parcela para trás); **Linear** (amortiza o saldo total sem alterar o cronograma; recalcula as parcelas a vencer).\n> Linear NÃO permitido para CDC Consignado, nem para operações fora do status ""Normal"", com pagamento parcial, em cobrança, ou com ""Pula-Parcela"". ""Em cobrança"" não aceita nenhuma amortização.\n\n| Necessidade do cliente | Tipo de amortização |\n|---|---|\n| Parar de pagar as próximas prestações por um período | Liquidação antecipada de parcelas integrais, ordem crescente |\n| Amortizar e continuar pagando as próximas prestações | Liquidação antecipada de parcelas integrais, ordem decrescente |\n| Reduzir o valor das prestações em toda a operação | Amortização linear |\n| Liquidar a operação | Quitação total, sempre em ordem crescente |\n\n> No CDC Consignado, pode haver desconto da próxima prestação em folha. Para Consignação/Renovação Consignação, prefira ordem decrescente (evita duplicidade em folha); se o cliente pedir crescente, informe o risco (o valor retorna no vencimento da parcela, se ocorrer).\n\n**Procedimento:** 1. Simule em `CDC 13.11.12`, informe o saldo atual (item 1b). 2. Verifique saldo suficiente (`Plataforma de Relacionamento > Contas > Extrato`), considerando saldo aprovisionado, tarifas pendentes, resgates automáticos e Limite Especial (a critério do cliente, com encargos). 3. Se insuficiente, oriente novo contato; se suficiente, execute em `CDC 13 > 21 > 12` (tipo: parcial/liquidação/linear; quantidade/valor; ordem).\n> Se o sistema indicar ausência de autorização de débito, siga a rotina 50104.\n\n**Leitura obrigatória ao cliente antes da confirmação** (""Sr(a). ___, para sua segurança, faremos a leitura das condições:""):\n- **Parcial/liquidação:** agência/conta; valor base da parcela; encargos por atraso; desconto de antecipação; variação Selic; valor a amortizar; total de parcelas; ordem escolhida.\n- **Linear:** valor base; desconto aproximado; variação Selic; valor da parcela inicial; novo valor da parcela; quantidade de parcelas.\n\nApós a leitura: ""Podemos confirmar a liquidação/amortização?"" (F3, sem impressão). Supervisor confirma em `CDC 13.21.52`. Informar necessidade de saldo em conta. Comprovante: ""o débito ocorre ainda hoje; confirme pelo extrato. Para comprovante detalhado, solicite em qualquer agência o documento \'Demonstrativo de Origem e Evolução de Dívida – Crédito Direto ao Consumidor\'.""\n\n### 5.2. Amortização/liquidação de operações ""EM PERDAS""\nIdentificação: `SISALFA > CDC > 15.13`. **Não informar ao cliente que a operação está em prejuízo.**\na) **Débito em conta:** verifique saldo suficiente (mesmas ressalvas do item 5.1); se insuficiente, oriente novo contato. Liquidação: comando em `CDC 13-34` + confirmação do supervisor em `CDC 13-36`. Amortização parcial: comando em `CDC 13-35` + confirmação do gerente de grupo em `CDC 13-36`.\nb) **Boleto bancário:** registre ocorrência.\n\n### 5.3. Cancelamento da amortização ou liquidação antecipada\nSe só houve o comando do atendente (`CDC 13.21.12`) no mesmo dia: cancele em `CDC 13.91.51`. Se já confirmado pelo supervisor (`CDC 13.21.52`): faça o estorno (item 5.5).\n> O registro do atendente fica pendente de confirmação apenas no mesmo dia; se não confirmado, é excluído automaticamente no dia seguinte.\n\n### 5.4. Liquidação – Desaverbação/Liberação de Margem Consignável\nSe o cliente relatar que liquidou/cancelou mas não houve liberação de margem, ou a parcela segue sendo debitada, registre ocorrência.\n\n### 5.5. Estorno de pagamento antecipado\n**Demanda:** pagamento antes do vencimento, ou débito indevido em conta (ex.: pela agência).\n> Não aplicar a Consignação/Renovação Consignação/FGTS Saque Aniversário se a forma de pagamento foi ""Cta Convênio""; para `SISALFA` ou ""Boleto Bancário"", o estorno é permitido (ver item 2).\n\n1. Analise o motivo (não é permitido estornar e deixar em atraso). 2. Verifique vencimento (`CDC 15.13.F2.4`) e pagamento de salário (`SISPAG 11 > 13 > 36 > Consulta on line`). 3. Se não venceu e não houve crédito de salário, estorno possível (pagamento dentro de 30 dias, operação não atualizada). 4. Estorne em `CDC 13.91.11`. 5. Informe crédito no processamento noturno.\n> Se impossível estornar, ou outra duplicidade não sanável, registre ocorrência.\n\n---\n\n## 6. Dificuldade para contratação\n\n| Situação | Procedimento |\n|---|---|\n| **Renda desatualizada** | Verifique a última atualização; se >12 meses, oriente atualizar via App ou canal de autoatendimento (online; às vezes exige foto do documento, validação em até 3 dias úteis). Após validação, o limite é recalculado automaticamente. |\n| **Contrato do CDC não assinado** | Pergunte se aderiu às Cláusulas Gerais (assinatura da Proposta/Contrato de Adesão). Se sim, prossiga a análise. Se não, informe os canais de adesão: App/site (Empréstimo > Solicitação de Crédito > Assinatura de contrato CDC); caixa eletrônico; agência. |\n| **Acordo de dívida vigente** | Contratação impossibilitada durante a vigência do acordo; após encerrado, pode verificar novamente. |\n| **Não correntista** | Exceto CDC Consignado e Crédito 13º Salário INSS (exigem ANC vigente), as demais linhas exigem conta corrente com ANC vigente. |\n| **Modalidade de conta simplificada (sem linhas de crédito)** | Não permite contratar linhas de crédito; se houver interesse, o cliente faz upgrade da conta pelo app (Menu > Upgrade de Conta), sujeito a análise de crédito na agência. |\n\n---\n\n## 7. Contratação não reconhecida\n\n### 7.1. Falsidade ideológica e fraude\nFraude com uso de documentos falsos para contratar produtos; a vítima costuma descobrir só quando seu CPF/CNPJ sofre restrição por inadimplência. Ver rotina 50111.\n- Falsidade em operação de não correntista: oriente comparecimento a qualquer agência com identificação e boletim de ocorrência.\n- Fraude – demais situações: ver rotina 50112.\n\n### 7.2. Contestação de operações via Correspondente (falha, suspeita de fraude/golpe)\nIndícios de falha ou fraude/golpe (presencial ou Duplo Sim): registre ocorrência e responsabilize a unidade de correspondentes/antifraude (código 800010):\n- **Assunto 50113** — contratação não reconhecida; divergente do solicitado; insatisfação com o contrato/descumprimento; falta de clareza.\n- **Assunto 50114** — suspeita de fraude/golpe: abordagem por suposta empresa vinculada ao banco, internalização por correspondente e transferência de recursos a terceiros pelo cliente.\n- **Assunto 50115** — contestação/suspeita de fraude em operação via Correspondente ainda pendente de confirmação.\n\n> No módulo de SAC e Ouvidoria (assuntos 50113/50114), é obrigatório selecionar o produto/modalidade — só aparecem operações contratadas via Correspondente; caso contrário, o registro não é possível. Ao selecionar a operação, os dados de identificação do correspondente, do CDC e da chave de operação são preenchidos automaticamente (não editáveis).\n\n---\n\n## 8. Limite Especial da Conta\n\n### 8.1. Cancelamento do Limite Especial da Conta\na) Pode ser solicitado a qualquer tempo por qualquer titular.\nb) Ao ser solicitado, sonde o motivo e, se cabível, argumente: sem tarifa; limite disponível para emergências sem custo se não usado; cancelar não garante nova contratação futura; é possível reduzir para R$ 100,00 em vez de cancelar. O cliente não pode estar usando o limite no momento (se estiver, oriente cobrir o saldo). Se aceitar reduzir, siga para 8.2. *(Em Ouvidoria, cancelar direto, sem sondagem.)*\nc) Se decidir manter, encerre em FCR.\nd) Se insistir no cancelamento, verifique viabilidade:\n\n**Procedimento (cliente autenticado por URA/Token/IP):**\n> Não cancelar se o cliente estiver usando o limite; se houver juros/IOF a cobrar, é necessário saldo. Falha de autenticação: registre ocorrência.\n- **Atendente:** confira saldo suficiente (extrato) para limite + juros + IOF (desconsiderar valores provisionados); se insuficiente, peça depósito equivalente e informe que o cancelamento pode ser pedido no SAC/agência após o depósito; encerre em FCR. Cancele na plataforma (`Contas > Limite Especial da Conta PF > Implantação, Alteração, Renovação e Cancelamento > Cancelar > Registrar`) e peça deferimento ao supervisor.\n  > Se aparecer ""(27) Já existe comando de implantação para esta conta."", registre ocorrência. Se aparecer ""já existe solicitação pendente de deferimento"", peça o deferimento ao supervisor; se não localizar ou houver erro, abra ocorrência.\n- **Supervisor:** confirme dados (nome, produto, valor); defira (`Deferimentos e Pendências > Limite Especial da Conta Pessoa > Cancelamento > Deferimento`); confirme para o atendente prosseguir.\n- **Atendente:** informe o cancelamento e a disponibilidade da agência para recontratação futura; encerre e registre FCR. *(Se o supervisor não conseguir deferir, registre ocorrência.)*\n\n### 8.2. Redução do Limite Especial da Conta\na) Se o pedido for por causa da tarifa, esclareça que ela não é cobrada; se insistir, siga abaixo.\nb) Identifique PF e titular da conta.\nc) Cliente autenticado:\n- **Atendente:** verifique saldo suficiente para que a redução não deixe o saldo excedido; se preciso, peça depósito e informe que a redução pode ser pedida via app, WhatsApp, SAC ou agência após o depósito. Modalidade ""Ouro"" (limite ≥ R$ 1.000,00) reduzida para entre R$ 100,00 e R$ 950,00 muda para ""Classic"" (diferenças na rotina 50116). Se o cliente concordar, altere modalidade/limite na plataforma e peça deferimento ao supervisor.\n- **Supervisor:** confirme dados; defira (`Deferimentos e Pendências > Limite Especial da Conta Pessoa Física > Alteração > Deferimento`); confirme para o atendente prosseguir.\n- **Atendente:** informe a redução realizada; para elevar no futuro, indicar app/agência. Encerre e registre FCR. *(Se o supervisor não conseguir deferir, registre ocorrência.)*\n\n### 8.3. Alterar data de débito dos juros\nFalha de autenticação: informe os canais. Acesse `Plataforma > Contas > Limite Especial da Conta PF > Alterar > Tipo de Alteração – ""Dia do débito""` e escolha um dia entre 1 e 28. A alteração só vale a partir do mês seguinte à solicitação.\n\n---\n\n## 9. Rotinas auxiliares (índice de empréstimos)\n\n| Código (anonimizado) | Assunto |\n|---|---|\n| 50107 | CDC – Condições Gerais / Contrato |\n| 50108 | Crédito Consignação e Renovação – Correntista e não correntista |\n| 50118 | Crédito Consignação – INSS |\n| 50119 | Crédito Automático |\n| 50120 | Crédito Benefício |\n| 50121 | Crédito Salário e Salário Funci |\n| 50122 | Crédito Renovação e Renovação Funci |\n| 50123 | Crédito 13º Décimo Terceiro Salário |\n| 50124 | Crédito 13º Décimo Terceiro Salário – Não Correntistas |\n| 50125 | CDC Antecipação Restituição IRPF |\n| 50126 | CDC Antecipação Saque Aniversário FGTS |\n| 50117 | Crédito Parcelamento Cheque Especial (Limite Especial da Conta) |\n| 50104 | Autorização de Débito – Empréstimos, CDC e outros (Resolução CMN 4.790/2020) |\n| 50127 | Crédito do Trabalhador – Novo modelo de Crédito Consignado do Setor Privado |\n| 50128 | Crédito do Trabalhador – Atendimento ao Empregador |\n\n---\n\n## 10. Fonte de informação\n\nDepartamento responsável: **DOC – Diretoria de Operações de Crédito** (código 800020).\n']","Confirmada duplicidade sem estorno, estornar primeiro o Boleto Bancário e depois o Recebimento Automático (só sem débitos pendentes e sem gerar saldo devedor/atraso). Supervisor recebe o valor correto em CDC 13.23 e confirma data retroativa em CDC 13.61.",CONDITIONAL_WORKFLOW,10.9471,,0.043478260869565216,0.8903347312835378,1.0,0.9999999999
CDC Renovação Consignação liquidado mas com consignação em folha e débito em conta. Qual prazo de devolução para convênio INSS 900001?,"Como assistente bancário, esclareço que, em situações de **liquidação de contrato de crédito consignado (CDC)** onde o desconto em folha de pagamento persiste após a quitação, o procedimento padrão segue as normas do INSS e do Banco Central.

Aqui estão os pontos principais sobre o seu caso:

### 1. O Prazo de Devolução
Não existe um prazo único fixado por lei para a devolução, pois ele depende da agilidade do processamento entre o banco e o INSS:
*   **Processamento do INSS:** O INSS possui um cronograma de fechamento de folha (geralmente entre os dias 10 e 15 de cada mês). Se o banco já informou a liquidação ao sistema do INSS (através do sistema Dataprev), o desconto deve cessar na próxima folha disponível.
*   **Devolução de valores indevidos:** Caso o desconto ocorra após a quitação, o banco é obrigado a realizar a devolução (restituição) dos valores. O prazo interno para que o banco processe essa devolução após a confirmação do erro costuma ser de **5 a 10 dias úteis**, mas pode variar conforme a política da instituição.

### 2. Por que o desconto continua?
Mesmo com o contrato liquidado, o desconto pode persistir por dois motivos técnicos:
*   **""Efeito de Folha"":** O arquivo de consignação já havia sido enviado ao INSS antes da liquidação ser processada no sistema.
*   **Falha de Averbação:** O banco pode ter liquidado o contrato internamente, mas não ter enviado o comando de ""exclusão de averbação"" para o sistema do INSS (Dataprev).

### 3. O que você deve fazer agora?
Para resolver o problema e garantir o reembolso, siga estes passos:

1.  **Solicite o Comprovante de Quitação:** Certifique-se de que o banco emitiu o termo de quitação do contrato.
2.  **Abra uma reclamação formal:** Entre em contato com o **SAC do banco** e solicite a ""exclusão da averbação junto ao INSS"" e a ""restituição de valores descontados indevidamente após a liquidação"". Anote o número do protocolo.
3.  **Consulte o Meu INSS:** Acesse o portal ou aplicativo [Meu INSS](https://meu.inss.gov.br/) e verifique o ""Extrato de Empréstimos Consignados"". Se o contrato ainda aparecer como ""Ativo"", o banco ainda não informou a baixa ao INSS.
4.  **Órgãos de Defesa:** Se o banco não resolver em até 5 dias úteis após a reclamação no SAC, utilize o protocolo para registrar uma queixa no **Consumidor.gov.br** ou no **Banco Central (BCB)**.

**Atenção:** Se o débito também está ocorrendo em **conta corrente** (além do desconto em folha), isso caracteriza uma duplicidade ou erro grave de sistema. Exija a devolução imediata em dobro, conforme previsto no Código de Defesa do Consumidor (Art. 42), caso a cobrança seja considerada indevida e de má-fé.","['# POP – Atendimento de Operações de CDC (Crédito Direto ao Consumidor) – Pessoa Física\n### [Versão anonimizada/pseudonimizada para uso acadêmico]\n\n> **Nota metodológica de anonimização:** este documento é uma versão pseudonimizada de uma rotina real de atendimento (SAC) de operações de crédito pessoa física. Foram substituídos: (i) o nome da instituição financeira e de seus canais/site/e-mail; (ii) os nomes de sistemas internos claramente proprietários; (iii) nomes e códigos de convênios de consignação com órgãos públicos; (iv) códigos de prefixo/departamento interno; e (v) números de rotinas/assuntos auxiliares referenciados ao longo do texto — todos substituídos por identificadores fictícios e sequenciais. A lógica processual, as condições, exceções e o fluxo de decisão originais foram mantidos integralmente, o que preserva o valor do documento como exemplo de POP para fins de extração de árvore de decisão. Termos e siglas genéricas do setor bancário (CDC, SAC, Ouvidoria, TAA, URA, FCR, ANC, Token, Identificação Positiva) e referências a normas públicas (Resolução CMN 4.790/2020, INSS) foram mantidos, por não serem exclusivos de uma única instituição.\n\n**Sumário:** Observações iniciais · 1. Consulta geral CDC · 2. Débito da parcela CDC · 3. Simulação/Contratação · 4. Cancelamento de CDC · 5. Liquidação/Amortização · 6. Dificuldade para contratação · 7. Contratação não reconhecida · 8. Limite Especial da Conta · 9. Rotinas auxiliares · 10. Fonte de informação\n\n---\n\n## Observações iniciais\n\na) Esta rotina destina-se ao atendimento das operações de crédito PF listadas no item 2. Para os casos abaixo, consulte rotinas específicas:\n- **FIES:** rotina 50101 – SAC QC – Financiamento Estudantil (FIES)\n- **Financiamento imobiliário:** rotina 50102 – SAC QC – Financiamento Imobiliário\n- **Renegociação de dívidas:** rotina 50103 – SAC QC – Renegociação de Dívidas Pessoa Física e Jurídica\n\nb) **Autorização de Débito em Conta:** a partir de 01/03/2021, para que uma operação seja debitada em conta, é necessária autorização específica do cliente para o débito. Ver informações e procedimentos na rotina 50104.\n\nc) **Canais para contratação de CDC:** [link para os canais de contratação]\n\n---\n\n## 1. Consulta geral CDC\n\nPara verificar as informações da operação, identifique se o consumidor é PF e titular da operação. Em caso de FALHA, RECUSA ou INAPLICABILIDADE de Identificação Positiva (IP), registre ocorrência.\n\n| Demanda | Consulta |\n|---|---|\n| a) Informações gerais do CDC | `SISALFA > CDC > 15 > 18` — em ""Código do Cliente"" pressione F4, inclua o CPF e selecione a operação. Clique em F2 > Outros dados > 4. Cronograma. Principais informações: modalidade do CDC, data de vencimento, parcelas pagas e data de pagamento (mais detalhes no item 2), parcelas a vencer, parcelas em atraso, taxas de juros ou CET. |\n| b) Saldo atualizado total | `SISALFA > CDC > 15 > 18` — mesmo caminho acima; após selecionar a operação, verifique o campo ""Saldo devedor atual"". Esse é o saldo do dia, com atualização diária. |\n| c) Parcelas, valores pagos, juros, datas de pagamento | `SISALFA > CDC > 15 > 18` → Agência/Conta → selecione a operação → F2 → 4. Cronograma → selecione a parcela (""P"" indica pagamento parcial) → F9 (detalhe) → F12/F11 (pagamentos e parcelas). O ""total recebimento parcial"" é o valor recebido naquela parcela. |\n| d) Consultar CDC liquidado, renovado ou excluído | `SISALFA > CDC > 15 > 18`, em ""Código do Cliente"" pressione F4 e insira o CPF — NÃO selecione nenhuma operação e pressione F11. F12 para operações arquivadas. |\n| e) Consulta de cláusulas gerais ou documentos do CDC contratado | Cláusulas gerais consultáveis em: **App Alfa** (Menu > Empréstimos > Contratar empréstimo > Aderir ao contrato); **site institucional**, inclusive para não correntista (Página inicial > Pra você > Empréstimo > Empréstimo pessoal > Contrato de abertura de crédito rotativo); **site institucional (área logada)** (Menu > Empréstimos > Crédito consignado e pessoal > Aderir Contrato de Empréstimo). Documentos do CDC contratado: Extrato de Empréstimo (parcelas pagas/a pagar) — App, site, caixas eletrônicos ou agências; Consolidado Anual (valores por exercício) — site ou agências; 2ª via do comprovante (com taxas) — App ou agências. |\n\n---\n\n## 2. Débito da parcela CDC (data ou valor divergente, duplicidade)\n\nPara identificar o débito questionado, consulte o extrato em `Plataforma de Relacionamento (Operações Contratadas) > Contas > Consultas > Extrato Conta Corrente`. O número da operação consta no campo ""Documento"" (9 dígitos).\n\nSituações possíveis: débito antes/depois do vencimento contratual; valor divergente; duplicidade (folha + conta); débito em conta errada.\n\n**Consulta:** `CDC 15.13` (F4 – CPF) → selecione a operação → F2.4 (cronograma) → selecione a parcela com ""x"" → F9 (detalhar) → F12 (mais informações) → F3 (voltar) e copie o nº da operação → `CDC 13.61` (cole o nº como ""nº contrato"") para ver como ocorreu o pagamento.\n\nSiga então a orientação por modalidade:\n\n### CDC Consignação ou CDC Renovação Consignação\nDébito ocorre na folha de pagamento. a) Se não consignada (ou parcial), o débito ocorrerá total/parcial em conta. b) Se liquidado/renovado mas houve consignação, o estorno é automático em conta em até D+2 dias úteis, exceto para os convênios de código 900001 (INSS — devolução a partir do 5º dia útil) e código 900002 (MPDG — devolução até o 1º dia útil).\n\n1. Consulte a parcela: `CDC 15 > 13 > F2 > 4` (datas); `CDC 15 > 13 > F8 > F9` (mês/ano da folha). *Consig total* = debitada integralmente em folha; *Consig parcial* = debitada parcialmente (verifique o restante em conta); *Não consignada* = sem débito em folha; *Incluída* = ainda não vencida; *Enviada* = empregador não retornou (sem repasse, o débito ocorre em conta).\n2. Confirme a consignação em `SISCONSIG 22 > 01 > 01` (Convênio, Data Prevista, nº Operação — dados em `CDC 15.13`); selecione ""x"" e F9: ""Tipo Lançamento"" *Amortização* = consignado; *Devolução* = não consignado, devolvido à conta.\n3. Preste as informações.\n4. Se o cliente disser que a parcela foi consignada em folha mas também há débito agendado em conta: verifique o extrato (agendado ou debitado); se debitado, verifique devolução; se a data for hoje/próximo dia útil, oriente aguardar o processamento noturno (tende a ser excluído) e encerre em FCR. Se confirmada duplicidade sem estorno, ou se o sistema não mostra consignação mas o cliente afirma o desconto, registre ocorrência e oriente o envio de cópia do contracheque para `sacdocumentos@bancoalfa.com.br`.\n\n> **Crédito do Trabalhador** (identifique pelo campo ""Convênio"" = ""E-Consig PJ"" em `CDC > 15 > 13`): exigir contracheque da competência anterior ao débito (ex.: débito no mês 09 → contracheque do mês 08) e o documento ""Detalhe da guia emitida"" (com a instituição que recebeu o valor) + comprovante de pagamento da guia, fornecidos pela empresa.\n\n### CDC Salário, CDC Benefício e CDC Renovação\nDébito no dia do crédito do salário/benefício, mesmo que divergente do vencimento contratual (cobrança antecipada gera desconto proporcional). Renovação com convênio: débito na data de crédito de proventos; sem convênio: na data de vencimento.\n\n1. Verifique no extrato o recebimento de salário no dia do débito.\n2. Compare a data de débito (`CDC 15 > 13 > F2 > 4`) com a cadastrada em `CDC 24 > 14` e `SISPAG 11 > 13 > 36 > Consulta on line`.\n3. Se ambos ocorrerem após o vencimento do contrato, registre ocorrência.\n4. Preste as informações.\n\n### CDC Automático\nDébito em conta (corrente ou salário) na data de vencimento informada na autorização; há opção de boleto (gerado pelo cliente ou se a autorização foi cancelada).\n\n**Duplicidade:** 1. Verifique boleto pago + débito em conta (`CDC 13 > 61`, ""Forma Pagto"": Rcbto Autom e Boleto Banc); confira estorno (campo ""Dt. Canc."" preenchido = houve estorno). 2. Se confirmada duplicidade sem estorno, estorne em `CDC 13 > 91 > 11 > 6` (o sistema só estorna do mais recente para o mais antigo; se o pagamento em conta foi parcial e só for possível estornar o boleto mais recente, isso deixaria a operação em atraso — nesse caso, estorne primeiro o ""Boleto Bancário"" e depois o ""Recebimento Automático"", só se não houver débitos pendentes). Peça ao supervisor para receber o valor correto em `CDC 13.23`; confirme a data de recebimento retroativo em `CDC 13.61`.\n> Para recebimento por débito em conta em operações contratadas a partir de 01/03/21, é necessária autorização específica do cliente.\n\n### CDC 13º Salário\nDébito em parcela única. **Com convênio:** na data de cobrança (recebimento do 13º, informado pelo empregador) OU no vencimento (30 dias após o crédito do 13º), o que ocorrer primeiro — exceto convênios com 13º vinculado ao aniversário do cliente. **Sem convênio:** na data escolhida na contratação.\n\n- Convênio consta em `SISALFA > CDC 15.13`.\n- **Com convênio:** data de cobrança em `CDC 22 > 10 > 5d` (código de linha 3100; nº convênio em `CDC 15 > 13`); vencimento em `CDC 15 > 13 > F2 > 4`. 1. Informe que o débito ocorre na data de cobrança; se o 13º não for creditado, tenta-se o débito na data de cobrança ou vencimento (o que ocorrer primeiro). 2. Verifique como ocorreu em `CDC 15 > 13 > F2 > 4`. 3. Preste as informações.\n  > **Obs.:** se a data de cobrança mudar por solicitação do empregador, o vencimento pode ser antecipado. *Ex. 1:* cobrança cadastrada 30/06/26 → vencimento 30/07/26; se a cobrança mudar para 30/08/26, cobra-se em 30/07/26 (o que ocorrer primeiro). *Ex. 2:* se o 13º do convênio está vinculado ao mês de aniversário, cobrança e vencimento caem no mês de aniversário do cliente.\n- **Sem convênio:** débito no vencimento (`CDC 15 > 13 > F2 > 4`).\n\n### CDC Antecipação IRPF\nDébito (a) na data prevista do crédito da restituição, ou (b) no vencimento contratual, se o crédito não ocorrer antes.\n1. Informe a regra acima. 2. Consulte `CDC 15 > 13 > F2 > 4`. 3. Preste as informações.\n\n### CDC Antecipação Saque Aniversário FGTS\nLiquidação automática via repasse do FGTS; débito em conta só se o repasse for insuficiente.\n1. Consulte `CDC 15 > 13 > F2 > 4`. 2. Preste as informações.\n\n### Orientações complementares\na) Reclamação de saldo aprovisionado em fim de semana/feriado: explique que, pelas cláusulas gerais do contrato de conta, a liberação de débitos nesses períodos depende do saldo após deduzir débitos programados para o 1º dia útil seguinte.\nb) **Boleto:** algumas linhas permitem gerar boleto (rotina 50107); se houver duplicidade (conta + boleto), estorne como em ""CDC Automático"". Não aplicar esse procedimento a CDC Consignação/Renovação Consignação/FGTS Saque Aniversário se a forma de pagamento foi ""Cta Convênio"" — para forma de pagamento via `SISALFA` ou ""Boleto Bancário"", o estorno é permitido.\nc) Mais informações: ver rotinas auxiliares (item 9).\nd) Se não for possível identificar o motivo, ou o cliente permanecer insatisfeito, registre ocorrência.\n\n---\n\n## 3. Simulação/Contratação de Empréstimos\n\nCDC é um empréstimo pessoal automatizado, pré-aprovado, disponível em conta corrente. Solicitação exclusiva do titular.\n> Se o cliente quiser alterar o vencimento da prestação: após a confirmação do contrato isso não é possível. Alternativa: contratar CDC Renovação (se a linha permitir e houver limite), indicando o vencimento mais adequado.\n\n**Procedimento:** verifique se a Análise de Crédito (ANC) está vigente em `Plataforma de Relacionamento (Operações Contratadas) — aba Limite de Crédito`, campo ""Situação do limite"".\n\n| Status do limite | Procedimento |\n|---|---|\n| Vencida, Impedida, Cancelada, Suspensa, Em transferência, Em estudo, Indeferida, ou Vigente com Limite Total–Margem zerado | Informe que não há limite disponível; o cliente deve ir a qualquer agência com identificação (RG/CPF), comprovante de residência e de renda (emitidos há menos de 90 dias, mesmo que pela internet). Consulte a rotina 50105 para possibilidade de restabelecimento. |\n| Vigente (algum valor em Limite Total–Margem) | Não informe o valor ao cliente. Dentro do horário de atendimento (9h–18h), pergunte se autoriza transferência para a Central de Consultoria em Uso Responsável do Crédito (rotina 50106). Se não autorizar, ou fora do horário, informe as opções: Central de Consultoria; App Alfa > Empréstimo; site > Empréstimo; caixa eletrônico (TAA) > Empréstimo. |\n\n---\n\n## 4. Cancelamento de CDC\n\nCancelamento permitido em até 7 dias corridos (a partir do dia seguinte à liberação do crédito), se contratado por canal de autoatendimento (App, site, caixas eletrônicos ou telefone), pelo titular, autenticado (URA, Token ou Identificação Positiva).\n\n> **Atenção:** o cancelamento da linha 2881 – Crédito Renovação Consignação está restrito ao departamento **DOC – Diretoria de Operações de Crédito** (código 800020) para os convênios: Convênio Especial 01 (700001), 02 (700002), 03 (700003), 04 (700004), 05 (700005), 06 (700006), 07 (700007), 08 (700008), 09 (700009), 10 (700010), 11 (700011), 12 (700012), 13 (700013), 14 (700014), 15 (700015) e 16 (700016). É necessário haver margem suficiente para reaverbação das operações vinculadas à renovação cancelada.\n> O cancelamento da mesma linha para o Convênio Especial 17 (700017) está restrito à **Superintendência Regional III** (código 800030). Ver rotina 50108.\n\nAntes do procedimento, informe o número da operação e que, após o cancelamento, o comando não pode ser desfeito.\n\n### 4.1. Cancelamento de proposta CDC NÃO CONFIRMADA\n`SISRET Y09` — copie o nº da operação (documento, 9 dígitos). `CDC 11.13` → inclua o nº a cancelar. Em ""Exclusão de operação – Confirma?"", responda ""S"". Motivo: ""08 – Exclusão a pedido do cliente – Desistência"". Verifique a mensagem ""Cancelamento da Proposta efetuado em XX/XX/XX às XX:XX:XX por FXXXXX""; se diferente, registre ocorrência.\n> Atenção a operações via Correspondente – LOG 633 ""Operação Novo Fluxo Correspondente/Parceiro Comercial"" (`CDC 15.18.F2.8`). Se pendente de confirmação, registre ocorrência (motivo obrigatório; não oriente o cliente a excluir por autoatendimento).\n\n### 4.2. Cancelamento no MESMO DIA ou DIA ÚTIL SEGUINTE (contratação em dia não útil)\nPermitido para contratações presenciais e não presenciais, todos os canais. Uso do Limite Especial da Conta gera juros e IOF. Cancele em `CDC 14`; se falhar, registre ocorrência.\n\n### 4.3. Cancelamento em até 7 DIAS CORRIDOS (a partir do dia seguinte ao crédito)\n**Via TAA/internet/App/telefone (Duplo Sim):** consulte `CDC 15.18.F2.8` (log) — canal no log 201: *Duplo Sim* → campo ""Ocor"" LOG 201 e 493; *Correspondente* → registre ocorrência. (Contestação: ver item 7.2.)\n**Presencial na agência:** só cancela no mesmo dia (ver item 4.2)! A partir do dia seguinte, só liquidação. Se o cliente relatar falhas, registre ocorrência.\n\nVerifique saldo para o débito (ou ""troco"" nas Renovações — `CDC 15.18.F2.5 Contratos Vinculados` mostrará o `SISCLI`; informe o valor), considerando Limite Especial ou resgates automáticos. Oriente manter saldo (débito à noite); uso do Limite Especial gera juros/IOF. Se discordar, só liquidação/amortização/pagamento. Cancele em `CDC 14`; se falhar, registre ocorrência.\n> No cancelamento de CDC Antecipação Saque Aniversário FGTS, o desbloqueio da garantia é automático. Log ""1120 – Operação Contratada com Parcela Pix"" = produto Alfa Parcela Pix (mesmo procedimento de Duplo Sim).\n\n### 4.4. Cancelamento de REPACTUAÇÃO\n`CDC 15.13`, selecione a operação. Se constar ""Op"" pendente de confirmação, pode excluir; se confirmada, só liquida/paga total.\n> *Convênio Especial 17:* tem repactuação de CDCs consignados com suspensão de cobrança (rotina 50109).\n\n### 4.5. Cancelamento do produto de pagamento parcelado de contas\nVer item 10 da rotina 50110.\n\n### 4.6. Pedido após 7 dias, ou contratação presencial (pedido fora do mesmo dia)\nSó é possível a liquidação.\n> Obs. 1: presencial só cancela no mesmo dia (item 4.2). Obs. 2: exclusivamente para CDC Renovação, se a liquidação antecipada não puder ser feita, registre ocorrência para avaliar cancelamento (informar que o IOF será cobrado em conta). CDC Renovação sem ""troco"" é cancelável se a contratação não foi presencial e o pedido ocorreu em até 7 dias.\n\nCancele em `CDC > 14`. Em caso de erro, registre ocorrência.\n\n---\n\n## 5. Liquidação / Amortização\n\nSolicitação exclusiva do titular.\n\n### 5.1. Amortização/Liquidação ANTECIPADA ou operação EM ATRASO\n**Demanda:** quitação parcial/total antes do vencimento e/ou parcelas em atraso.\n> Pagamento via boleto: emitido em agência, pago no mesmo dia (saldo atualiza diariamente); se não pago no mesmo dia, o mesmo boleto ainda serve, pois o saldo é recalculado.\n\nSe não autenticado (URA/Token/IP), informe os canais. Cancelamento da amortização/liquidação só no mesmo dia, e só com margem disponível (item 5.3). Somente com recursos próprios; há redução proporcional de juros.\n\n**Tipos** (parcelas em atraso sempre em ordem crescente): **Crescente** (da próxima parcela em diante); **Decrescente** (da última parcela para trás); **Linear** (amortiza o saldo total sem alterar o cronograma; recalcula as parcelas a vencer).\n> Linear NÃO permitido para CDC Consignado, nem para operações fora do status ""Normal"", com pagamento parcial, em cobrança, ou com ""Pula-Parcela"". ""Em cobrança"" não aceita nenhuma amortização.\n\n| Necessidade do cliente | Tipo de amortização |\n|---|---|\n| Parar de pagar as próximas prestações por um período | Liquidação antecipada de parcelas integrais, ordem crescente |\n| Amortizar e continuar pagando as próximas prestações | Liquidação antecipada de parcelas integrais, ordem decrescente |\n| Reduzir o valor das prestações em toda a operação | Amortização linear |\n| Liquidar a operação | Quitação total, sempre em ordem crescente |\n\n> No CDC Consignado, pode haver desconto da próxima prestação em folha. Para Consignação/Renovação Consignação, prefira ordem decrescente (evita duplicidade em folha); se o cliente pedir crescente, informe o risco (o valor retorna no vencimento da parcela, se ocorrer).\n\n**Procedimento:** 1. Simule em `CDC 13.11.12`, informe o saldo atual (item 1b). 2. Verifique saldo suficiente (`Plataforma de Relacionamento > Contas > Extrato`), considerando saldo aprovisionado, tarifas pendentes, resgates automáticos e Limite Especial (a critério do cliente, com encargos). 3. Se insuficiente, oriente novo contato; se suficiente, execute em `CDC 13 > 21 > 12` (tipo: parcial/liquidação/linear; quantidade/valor; ordem).\n> Se o sistema indicar ausência de autorização de débito, siga a rotina 50104.\n\n**Leitura obrigatória ao cliente antes da confirmação** (""Sr(a). ___, para sua segurança, faremos a leitura das condições:""):\n- **Parcial/liquidação:** agência/conta; valor base da parcela; encargos por atraso; desconto de antecipação; variação Selic; valor a amortizar; total de parcelas; ordem escolhida.\n- **Linear:** valor base; desconto aproximado; variação Selic; valor da parcela inicial; novo valor da parcela; quantidade de parcelas.\n\nApós a leitura: ""Podemos confirmar a liquidação/amortização?"" (F3, sem impressão). Supervisor confirma em `CDC 13.21.52`. Informar necessidade de saldo em conta. Comprovante: ""o débito ocorre ainda hoje; confirme pelo extrato. Para comprovante detalhado, solicite em qualquer agência o documento \'Demonstrativo de Origem e Evolução de Dívida – Crédito Direto ao Consumidor\'.""\n\n### 5.2. Amortização/liquidação de operações ""EM PERDAS""\nIdentificação: `SISALFA > CDC > 15.13`. **Não informar ao cliente que a operação está em prejuízo.**\na) **Débito em conta:** verifique saldo suficiente (mesmas ressalvas do item 5.1); se insuficiente, oriente novo contato. Liquidação: comando em `CDC 13-34` + confirmação do supervisor em `CDC 13-36`. Amortização parcial: comando em `CDC 13-35` + confirmação do gerente de grupo em `CDC 13-36`.\nb) **Boleto bancário:** registre ocorrência.\n\n### 5.3. Cancelamento da amortização ou liquidação antecipada\nSe só houve o comando do atendente (`CDC 13.21.12`) no mesmo dia: cancele em `CDC 13.91.51`. Se já confirmado pelo supervisor (`CDC 13.21.52`): faça o estorno (item 5.5).\n> O registro do atendente fica pendente de confirmação apenas no mesmo dia; se não confirmado, é excluído automaticamente no dia seguinte.\n\n### 5.4. Liquidação – Desaverbação/Liberação de Margem Consignável\nSe o cliente relatar que liquidou/cancelou mas não houve liberação de margem, ou a parcela segue sendo debitada, registre ocorrência.\n\n### 5.5. Estorno de pagamento antecipado\n**Demanda:** pagamento antes do vencimento, ou débito indevido em conta (ex.: pela agência).\n> Não aplicar a Consignação/Renovação Consignação/FGTS Saque Aniversário se a forma de pagamento foi ""Cta Convênio""; para `SISALFA` ou ""Boleto Bancário"", o estorno é permitido (ver item 2).\n\n1. Analise o motivo (não é permitido estornar e deixar em atraso). 2. Verifique vencimento (`CDC 15.13.F2.4`) e pagamento de salário (`SISPAG 11 > 13 > 36 > Consulta on line`). 3. Se não venceu e não houve crédito de salário, estorno possível (pagamento dentro de 30 dias, operação não atualizada). 4. Estorne em `CDC 13.91.11`. 5. Informe crédito no processamento noturno.\n> Se impossível estornar, ou outra duplicidade não sanável, registre ocorrência.\n\n---\n\n## 6. Dificuldade para contratação\n\n| Situação | Procedimento |\n|---|---|\n| **Renda desatualizada** | Verifique a última atualização; se >12 meses, oriente atualizar via App ou canal de autoatendimento (online; às vezes exige foto do documento, validação em até 3 dias úteis). Após validação, o limite é recalculado automaticamente. |\n| **Contrato do CDC não assinado** | Pergunte se aderiu às Cláusulas Gerais (assinatura da Proposta/Contrato de Adesão). Se sim, prossiga a análise. Se não, informe os canais de adesão: App/site (Empréstimo > Solicitação de Crédito > Assinatura de contrato CDC); caixa eletrônico; agência. |\n| **Acordo de dívida vigente** | Contratação impossibilitada durante a vigência do acordo; após encerrado, pode verificar novamente. |\n| **Não correntista** | Exceto CDC Consignado e Crédito 13º Salário INSS (exigem ANC vigente), as demais linhas exigem conta corrente com ANC vigente. |\n| **Modalidade de conta simplificada (sem linhas de crédito)** | Não permite contratar linhas de crédito; se houver interesse, o cliente faz upgrade da conta pelo app (Menu > Upgrade de Conta), sujeito a análise de crédito na agência. |\n\n---\n\n## 7. Contratação não reconhecida\n\n### 7.1. Falsidade ideológica e fraude\nFraude com uso de documentos falsos para contratar produtos; a vítima costuma descobrir só quando seu CPF/CNPJ sofre restrição por inadimplência. Ver rotina 50111.\n- Falsidade em operação de não correntista: oriente comparecimento a qualquer agência com identificação e boletim de ocorrência.\n- Fraude – demais situações: ver rotina 50112.\n\n### 7.2. Contestação de operações via Correspondente (falha, suspeita de fraude/golpe)\nIndícios de falha ou fraude/golpe (presencial ou Duplo Sim): registre ocorrência e responsabilize a unidade de correspondentes/antifraude (código 800010):\n- **Assunto 50113** — contratação não reconhecida; divergente do solicitado; insatisfação com o contrato/descumprimento; falta de clareza.\n- **Assunto 50114** — suspeita de fraude/golpe: abordagem por suposta empresa vinculada ao banco, internalização por correspondente e transferência de recursos a terceiros pelo cliente.\n- **Assunto 50115** — contestação/suspeita de fraude em operação via Correspondente ainda pendente de confirmação.\n\n> No módulo de SAC e Ouvidoria (assuntos 50113/50114), é obrigatório selecionar o produto/modalidade — só aparecem operações contratadas via Correspondente; caso contrário, o registro não é possível. Ao selecionar a operação, os dados de identificação do correspondente, do CDC e da chave de operação são preenchidos automaticamente (não editáveis).\n\n---\n\n## 8. Limite Especial da Conta\n\n### 8.1. Cancelamento do Limite Especial da Conta\na) Pode ser solicitado a qualquer tempo por qualquer titular.\nb) Ao ser solicitado, sonde o motivo e, se cabível, argumente: sem tarifa; limite disponível para emergências sem custo se não usado; cancelar não garante nova contratação futura; é possível reduzir para R$ 100,00 em vez de cancelar. O cliente não pode estar usando o limite no momento (se estiver, oriente cobrir o saldo). Se aceitar reduzir, siga para 8.2. *(Em Ouvidoria, cancelar direto, sem sondagem.)*\nc) Se decidir manter, encerre em FCR.\nd) Se insistir no cancelamento, verifique viabilidade:\n\n**Procedimento (cliente autenticado por URA/Token/IP):**\n> Não cancelar se o cliente estiver usando o limite; se houver juros/IOF a cobrar, é necessário saldo. Falha de autenticação: registre ocorrência.\n- **Atendente:** confira saldo suficiente (extrato) para limite + juros + IOF (desconsiderar valores provisionados); se insuficiente, peça depósito equivalente e informe que o cancelamento pode ser pedido no SAC/agência após o depósito; encerre em FCR. Cancele na plataforma (`Contas > Limite Especial da Conta PF > Implantação, Alteração, Renovação e Cancelamento > Cancelar > Registrar`) e peça deferimento ao supervisor.\n  > Se aparecer ""(27) Já existe comando de implantação para esta conta."", registre ocorrência. Se aparecer ""já existe solicitação pendente de deferimento"", peça o deferimento ao supervisor; se não localizar ou houver erro, abra ocorrência.\n- **Supervisor:** confirme dados (nome, produto, valor); defira (`Deferimentos e Pendências > Limite Especial da Conta Pessoa > Cancelamento > Deferimento`); confirme para o atendente prosseguir.\n- **Atendente:** informe o cancelamento e a disponibilidade da agência para recontratação futura; encerre e registre FCR. *(Se o supervisor não conseguir deferir, registre ocorrência.)*\n\n### 8.2. Redução do Limite Especial da Conta\na) Se o pedido for por causa da tarifa, esclareça que ela não é cobrada; se insistir, siga abaixo.\nb) Identifique PF e titular da conta.\nc) Cliente autenticado:\n- **Atendente:** verifique saldo suficiente para que a redução não deixe o saldo excedido; se preciso, peça depósito e informe que a redução pode ser pedida via app, WhatsApp, SAC ou agência após o depósito. Modalidade ""Ouro"" (limite ≥ R$ 1.000,00) reduzida para entre R$ 100,00 e R$ 950,00 muda para ""Classic"" (diferenças na rotina 50116). Se o cliente concordar, altere modalidade/limite na plataforma e peça deferimento ao supervisor.\n- **Supervisor:** confirme dados; defira (`Deferimentos e Pendências > Limite Especial da Conta Pessoa Física > Alteração > Deferimento`); confirme para o atendente prosseguir.\n- **Atendente:** informe a redução realizada; para elevar no futuro, indicar app/agência. Encerre e registre FCR. *(Se o supervisor não conseguir deferir, registre ocorrência.)*\n\n### 8.3. Alterar data de débito dos juros\nFalha de autenticação: informe os canais. Acesse `Plataforma > Contas > Limite Especial da Conta PF > Alterar > Tipo de Alteração – ""Dia do débito""` e escolha um dia entre 1 e 28. A alteração só vale a partir do mês seguinte à solicitação.\n\n---\n\n## 9. Rotinas auxiliares (índice de empréstimos)\n\n| Código (anonimizado) | Assunto |\n|---|---|\n| 50107 | CDC – Condições Gerais / Contrato |\n| 50108 | Crédito Consignação e Renovação – Correntista e não correntista |\n| 50118 | Crédito Consignação – INSS |\n| 50119 | Crédito Automático |\n| 50120 | Crédito Benefício |\n| 50121 | Crédito Salário e Salário Funci |\n| 50122 | Crédito Renovação e Renovação Funci |\n| 50123 | Crédito 13º Décimo Terceiro Salário |\n| 50124 | Crédito 13º Décimo Terceiro Salário – Não Correntistas |\n| 50125 | CDC Antecipação Restituição IRPF |\n| 50126 | CDC Antecipação Saque Aniversário FGTS |\n| 50117 | Crédito Parcelamento Cheque Especial (Limite Especial da Conta) |\n| 50104 | Autorização de Débito – Empréstimos, CDC e outros (Resolução CMN 4.790/2020) |\n| 50127 | Crédito do Trabalhador – Novo modelo de Crédito Consignado do Setor Privado |\n| 50128 | Crédito do Trabalhador – Atendimento ao Empregador |\n\n---\n\n## 10. Fonte de informação\n\nDepartamento responsável: **DOC – Diretoria de Operações de Crédito** (código 800020).\n']","Liquidado/renovado com consignação indevida tem estorno automático em conta em até D+2 dias úteis, exceto convênio 900001 (INSS, devolução a partir do 5º dia útil) e 900002 (MPDG, até o 1º dia útil).",REGULATORY_TIMELINE,11.9725,,0.24,0.7301466085061703,1.0,0.9999999999
Cliente com CDC Consignado pede amortização linear para reduzir todas as parcelas. É permitido?,"No contexto de um **CDC Consignado**, a resposta curta é: **depende da política interna da instituição financeira e das condições contratuais**, mas, via de regra, a amortização funciona de forma diferente do que você descreveu.

Aqui estão os pontos principais para esclarecer a situação:

### 1. O padrão do mercado (Amortização no Prazo)
Na maioria dos contratos de crédito consignado, quando um cliente realiza uma amortização (pagamento antecipado de parte da dívida), o sistema bancário é configurado automaticamente para **reduzir o prazo** (número de parcelas) e não o valor da parcela. Isso ocorre porque o consignado é estruturado com parcelas fixas descontadas em folha de pagamento.

### 2. Amortização Linear (Redução do Valor da Parcela)
A redução do valor da parcela (mantendo o prazo original) é tecnicamente possível, mas **não é uma prática padrão** na maioria dos bancos para o consignado. Isso acontece por dois motivos:
*   **Complexidade Operacional:** O consignado é averbado junto ao órgão pagador (INSS, SIAPE, empresas privadas). Alterar o valor da parcela exige uma nova averbação e comunicação com o órgão pagador, o que gera um custo operacional alto e risco de erro no processamento da folha.
*   **Regras do Contrato:** A maioria dos contratos de adesão prevê que o pagamento antecipado será aplicado para a quitação das parcelas vincendas (de trás para frente), reduzindo o tempo total do contrato.

### 3. O que o cliente pode fazer?
Se o cliente deseja reduzir o valor da parcela, ele geralmente tem duas alternativas:

*   **Portabilidade de Crédito:** O cliente pode buscar outra instituição financeira que aceite comprar a dívida. Nesse processo, ele pode renegociar o prazo e o valor da parcela, desde que a nova taxa de juros e o saldo devedor permitam.
*   **Refinanciamento (Troco):** O cliente pode solicitar um refinanciamento do contrato atual. O banco quita o contrato antigo e abre um novo, com um novo prazo e, possivelmente, um valor de parcela que se adeque melhor ao orçamento do cliente (embora isso possa aumentar o custo total do crédito).

### Conclusão para o atendimento:
Você deve informar ao cliente que:
1.  A amortização antecipada é um direito dele (previsto no Código de Defesa do Consumidor), com o devido abatimento proporcional dos juros.
2.  No entanto, a modalidade de **redução do valor da parcela** (amortização linear) geralmente não é suportada pelo sistema de consignados devido às regras de averbação junto ao órgão pagador.
3.  O padrão do banco é a **redução do prazo** (quitação das últimas parcelas).
4.  Para reduzir o valor da parcela, ele deve verificar a possibilidade de **portabilidade** ou **refinanciamento** do contrato.

**Recomendação:** Oriente o cliente a consultar o seu contrato específico ou o canal de atendimento oficial do banco para verificar se existe alguma exceção ou produto específico que permita essa modalidade de amortização.","['# POP – Atendimento de Operações de CDC (Crédito Direto ao Consumidor) – Pessoa Física\n### [Versão anonimizada/pseudonimizada para uso acadêmico]\n\n> **Nota metodológica de anonimização:** este documento é uma versão pseudonimizada de uma rotina real de atendimento (SAC) de operações de crédito pessoa física. Foram substituídos: (i) o nome da instituição financeira e de seus canais/site/e-mail; (ii) os nomes de sistemas internos claramente proprietários; (iii) nomes e códigos de convênios de consignação com órgãos públicos; (iv) códigos de prefixo/departamento interno; e (v) números de rotinas/assuntos auxiliares referenciados ao longo do texto — todos substituídos por identificadores fictícios e sequenciais. A lógica processual, as condições, exceções e o fluxo de decisão originais foram mantidos integralmente, o que preserva o valor do documento como exemplo de POP para fins de extração de árvore de decisão. Termos e siglas genéricas do setor bancário (CDC, SAC, Ouvidoria, TAA, URA, FCR, ANC, Token, Identificação Positiva) e referências a normas públicas (Resolução CMN 4.790/2020, INSS) foram mantidos, por não serem exclusivos de uma única instituição.\n\n**Sumário:** Observações iniciais · 1. Consulta geral CDC · 2. Débito da parcela CDC · 3. Simulação/Contratação · 4. Cancelamento de CDC · 5. Liquidação/Amortização · 6. Dificuldade para contratação · 7. Contratação não reconhecida · 8. Limite Especial da Conta · 9. Rotinas auxiliares · 10. Fonte de informação\n\n---\n\n## Observações iniciais\n\na) Esta rotina destina-se ao atendimento das operações de crédito PF listadas no item 2. Para os casos abaixo, consulte rotinas específicas:\n- **FIES:** rotina 50101 – SAC QC – Financiamento Estudantil (FIES)\n- **Financiamento imobiliário:** rotina 50102 – SAC QC – Financiamento Imobiliário\n- **Renegociação de dívidas:** rotina 50103 – SAC QC – Renegociação de Dívidas Pessoa Física e Jurídica\n\nb) **Autorização de Débito em Conta:** a partir de 01/03/2021, para que uma operação seja debitada em conta, é necessária autorização específica do cliente para o débito. Ver informações e procedimentos na rotina 50104.\n\nc) **Canais para contratação de CDC:** [link para os canais de contratação]\n\n---\n\n## 1. Consulta geral CDC\n\nPara verificar as informações da operação, identifique se o consumidor é PF e titular da operação. Em caso de FALHA, RECUSA ou INAPLICABILIDADE de Identificação Positiva (IP), registre ocorrência.\n\n| Demanda | Consulta |\n|---|---|\n| a) Informações gerais do CDC | `SISALFA > CDC > 15 > 18` — em ""Código do Cliente"" pressione F4, inclua o CPF e selecione a operação. Clique em F2 > Outros dados > 4. Cronograma. Principais informações: modalidade do CDC, data de vencimento, parcelas pagas e data de pagamento (mais detalhes no item 2), parcelas a vencer, parcelas em atraso, taxas de juros ou CET. |\n| b) Saldo atualizado total | `SISALFA > CDC > 15 > 18` — mesmo caminho acima; após selecionar a operação, verifique o campo ""Saldo devedor atual"". Esse é o saldo do dia, com atualização diária. |\n| c) Parcelas, valores pagos, juros, datas de pagamento | `SISALFA > CDC > 15 > 18` → Agência/Conta → selecione a operação → F2 → 4. Cronograma → selecione a parcela (""P"" indica pagamento parcial) → F9 (detalhe) → F12/F11 (pagamentos e parcelas). O ""total recebimento parcial"" é o valor recebido naquela parcela. |\n| d) Consultar CDC liquidado, renovado ou excluído | `SISALFA > CDC > 15 > 18`, em ""Código do Cliente"" pressione F4 e insira o CPF — NÃO selecione nenhuma operação e pressione F11. F12 para operações arquivadas. |\n| e) Consulta de cláusulas gerais ou documentos do CDC contratado | Cláusulas gerais consultáveis em: **App Alfa** (Menu > Empréstimos > Contratar empréstimo > Aderir ao contrato); **site institucional**, inclusive para não correntista (Página inicial > Pra você > Empréstimo > Empréstimo pessoal > Contrato de abertura de crédito rotativo); **site institucional (área logada)** (Menu > Empréstimos > Crédito consignado e pessoal > Aderir Contrato de Empréstimo). Documentos do CDC contratado: Extrato de Empréstimo (parcelas pagas/a pagar) — App, site, caixas eletrônicos ou agências; Consolidado Anual (valores por exercício) — site ou agências; 2ª via do comprovante (com taxas) — App ou agências. |\n\n---\n\n## 2. Débito da parcela CDC (data ou valor divergente, duplicidade)\n\nPara identificar o débito questionado, consulte o extrato em `Plataforma de Relacionamento (Operações Contratadas) > Contas > Consultas > Extrato Conta Corrente`. O número da operação consta no campo ""Documento"" (9 dígitos).\n\nSituações possíveis: débito antes/depois do vencimento contratual; valor divergente; duplicidade (folha + conta); débito em conta errada.\n\n**Consulta:** `CDC 15.13` (F4 – CPF) → selecione a operação → F2.4 (cronograma) → selecione a parcela com ""x"" → F9 (detalhar) → F12 (mais informações) → F3 (voltar) e copie o nº da operação → `CDC 13.61` (cole o nº como ""nº contrato"") para ver como ocorreu o pagamento.\n\nSiga então a orientação por modalidade:\n\n### CDC Consignação ou CDC Renovação Consignação\nDébito ocorre na folha de pagamento. a) Se não consignada (ou parcial), o débito ocorrerá total/parcial em conta. b) Se liquidado/renovado mas houve consignação, o estorno é automático em conta em até D+2 dias úteis, exceto para os convênios de código 900001 (INSS — devolução a partir do 5º dia útil) e código 900002 (MPDG — devolução até o 1º dia útil).\n\n1. Consulte a parcela: `CDC 15 > 13 > F2 > 4` (datas); `CDC 15 > 13 > F8 > F9` (mês/ano da folha). *Consig total* = debitada integralmente em folha; *Consig parcial* = debitada parcialmente (verifique o restante em conta); *Não consignada* = sem débito em folha; *Incluída* = ainda não vencida; *Enviada* = empregador não retornou (sem repasse, o débito ocorre em conta).\n2. Confirme a consignação em `SISCONSIG 22 > 01 > 01` (Convênio, Data Prevista, nº Operação — dados em `CDC 15.13`); selecione ""x"" e F9: ""Tipo Lançamento"" *Amortização* = consignado; *Devolução* = não consignado, devolvido à conta.\n3. Preste as informações.\n4. Se o cliente disser que a parcela foi consignada em folha mas também há débito agendado em conta: verifique o extrato (agendado ou debitado); se debitado, verifique devolução; se a data for hoje/próximo dia útil, oriente aguardar o processamento noturno (tende a ser excluído) e encerre em FCR. Se confirmada duplicidade sem estorno, ou se o sistema não mostra consignação mas o cliente afirma o desconto, registre ocorrência e oriente o envio de cópia do contracheque para `sacdocumentos@bancoalfa.com.br`.\n\n> **Crédito do Trabalhador** (identifique pelo campo ""Convênio"" = ""E-Consig PJ"" em `CDC > 15 > 13`): exigir contracheque da competência anterior ao débito (ex.: débito no mês 09 → contracheque do mês 08) e o documento ""Detalhe da guia emitida"" (com a instituição que recebeu o valor) + comprovante de pagamento da guia, fornecidos pela empresa.\n\n### CDC Salário, CDC Benefício e CDC Renovação\nDébito no dia do crédito do salário/benefício, mesmo que divergente do vencimento contratual (cobrança antecipada gera desconto proporcional). Renovação com convênio: débito na data de crédito de proventos; sem convênio: na data de vencimento.\n\n1. Verifique no extrato o recebimento de salário no dia do débito.\n2. Compare a data de débito (`CDC 15 > 13 > F2 > 4`) com a cadastrada em `CDC 24 > 14` e `SISPAG 11 > 13 > 36 > Consulta on line`.\n3. Se ambos ocorrerem após o vencimento do contrato, registre ocorrência.\n4. Preste as informações.\n\n### CDC Automático\nDébito em conta (corrente ou salário) na data de vencimento informada na autorização; há opção de boleto (gerado pelo cliente ou se a autorização foi cancelada).\n\n**Duplicidade:** 1. Verifique boleto pago + débito em conta (`CDC 13 > 61`, ""Forma Pagto"": Rcbto Autom e Boleto Banc); confira estorno (campo ""Dt. Canc."" preenchido = houve estorno). 2. Se confirmada duplicidade sem estorno, estorne em `CDC 13 > 91 > 11 > 6` (o sistema só estorna do mais recente para o mais antigo; se o pagamento em conta foi parcial e só for possível estornar o boleto mais recente, isso deixaria a operação em atraso — nesse caso, estorne primeiro o ""Boleto Bancário"" e depois o ""Recebimento Automático"", só se não houver débitos pendentes). Peça ao supervisor para receber o valor correto em `CDC 13.23`; confirme a data de recebimento retroativo em `CDC 13.61`.\n> Para recebimento por débito em conta em operações contratadas a partir de 01/03/21, é necessária autorização específica do cliente.\n\n### CDC 13º Salário\nDébito em parcela única. **Com convênio:** na data de cobrança (recebimento do 13º, informado pelo empregador) OU no vencimento (30 dias após o crédito do 13º), o que ocorrer primeiro — exceto convênios com 13º vinculado ao aniversário do cliente. **Sem convênio:** na data escolhida na contratação.\n\n- Convênio consta em `SISALFA > CDC 15.13`.\n- **Com convênio:** data de cobrança em `CDC 22 > 10 > 5d` (código de linha 3100; nº convênio em `CDC 15 > 13`); vencimento em `CDC 15 > 13 > F2 > 4`. 1. Informe que o débito ocorre na data de cobrança; se o 13º não for creditado, tenta-se o débito na data de cobrança ou vencimento (o que ocorrer primeiro). 2. Verifique como ocorreu em `CDC 15 > 13 > F2 > 4`. 3. Preste as informações.\n  > **Obs.:** se a data de cobrança mudar por solicitação do empregador, o vencimento pode ser antecipado. *Ex. 1:* cobrança cadastrada 30/06/26 → vencimento 30/07/26; se a cobrança mudar para 30/08/26, cobra-se em 30/07/26 (o que ocorrer primeiro). *Ex. 2:* se o 13º do convênio está vinculado ao mês de aniversário, cobrança e vencimento caem no mês de aniversário do cliente.\n- **Sem convênio:** débito no vencimento (`CDC 15 > 13 > F2 > 4`).\n\n### CDC Antecipação IRPF\nDébito (a) na data prevista do crédito da restituição, ou (b) no vencimento contratual, se o crédito não ocorrer antes.\n1. Informe a regra acima. 2. Consulte `CDC 15 > 13 > F2 > 4`. 3. Preste as informações.\n\n### CDC Antecipação Saque Aniversário FGTS\nLiquidação automática via repasse do FGTS; débito em conta só se o repasse for insuficiente.\n1. Consulte `CDC 15 > 13 > F2 > 4`. 2. Preste as informações.\n\n### Orientações complementares\na) Reclamação de saldo aprovisionado em fim de semana/feriado: explique que, pelas cláusulas gerais do contrato de conta, a liberação de débitos nesses períodos depende do saldo após deduzir débitos programados para o 1º dia útil seguinte.\nb) **Boleto:** algumas linhas permitem gerar boleto (rotina 50107); se houver duplicidade (conta + boleto), estorne como em ""CDC Automático"". Não aplicar esse procedimento a CDC Consignação/Renovação Consignação/FGTS Saque Aniversário se a forma de pagamento foi ""Cta Convênio"" — para forma de pagamento via `SISALFA` ou ""Boleto Bancário"", o estorno é permitido.\nc) Mais informações: ver rotinas auxiliares (item 9).\nd) Se não for possível identificar o motivo, ou o cliente permanecer insatisfeito, registre ocorrência.\n\n---\n\n## 3. Simulação/Contratação de Empréstimos\n\nCDC é um empréstimo pessoal automatizado, pré-aprovado, disponível em conta corrente. Solicitação exclusiva do titular.\n> Se o cliente quiser alterar o vencimento da prestação: após a confirmação do contrato isso não é possível. Alternativa: contratar CDC Renovação (se a linha permitir e houver limite), indicando o vencimento mais adequado.\n\n**Procedimento:** verifique se a Análise de Crédito (ANC) está vigente em `Plataforma de Relacionamento (Operações Contratadas) — aba Limite de Crédito`, campo ""Situação do limite"".\n\n| Status do limite | Procedimento |\n|---|---|\n| Vencida, Impedida, Cancelada, Suspensa, Em transferência, Em estudo, Indeferida, ou Vigente com Limite Total–Margem zerado | Informe que não há limite disponível; o cliente deve ir a qualquer agência com identificação (RG/CPF), comprovante de residência e de renda (emitidos há menos de 90 dias, mesmo que pela internet). Consulte a rotina 50105 para possibilidade de restabelecimento. |\n| Vigente (algum valor em Limite Total–Margem) | Não informe o valor ao cliente. Dentro do horário de atendimento (9h–18h), pergunte se autoriza transferência para a Central de Consultoria em Uso Responsável do Crédito (rotina 50106). Se não autorizar, ou fora do horário, informe as opções: Central de Consultoria; App Alfa > Empréstimo; site > Empréstimo; caixa eletrônico (TAA) > Empréstimo. |\n\n---\n\n## 4. Cancelamento de CDC\n\nCancelamento permitido em até 7 dias corridos (a partir do dia seguinte à liberação do crédito), se contratado por canal de autoatendimento (App, site, caixas eletrônicos ou telefone), pelo titular, autenticado (URA, Token ou Identificação Positiva).\n\n> **Atenção:** o cancelamento da linha 2881 – Crédito Renovação Consignação está restrito ao departamento **DOC – Diretoria de Operações de Crédito** (código 800020) para os convênios: Convênio Especial 01 (700001), 02 (700002), 03 (700003), 04 (700004), 05 (700005), 06 (700006), 07 (700007), 08 (700008), 09 (700009), 10 (700010), 11 (700011), 12 (700012), 13 (700013), 14 (700014), 15 (700015) e 16 (700016). É necessário haver margem suficiente para reaverbação das operações vinculadas à renovação cancelada.\n> O cancelamento da mesma linha para o Convênio Especial 17 (700017) está restrito à **Superintendência Regional III** (código 800030). Ver rotina 50108.\n\nAntes do procedimento, informe o número da operação e que, após o cancelamento, o comando não pode ser desfeito.\n\n### 4.1. Cancelamento de proposta CDC NÃO CONFIRMADA\n`SISRET Y09` — copie o nº da operação (documento, 9 dígitos). `CDC 11.13` → inclua o nº a cancelar. Em ""Exclusão de operação – Confirma?"", responda ""S"". Motivo: ""08 – Exclusão a pedido do cliente – Desistência"". Verifique a mensagem ""Cancelamento da Proposta efetuado em XX/XX/XX às XX:XX:XX por FXXXXX""; se diferente, registre ocorrência.\n> Atenção a operações via Correspondente – LOG 633 ""Operação Novo Fluxo Correspondente/Parceiro Comercial"" (`CDC 15.18.F2.8`). Se pendente de confirmação, registre ocorrência (motivo obrigatório; não oriente o cliente a excluir por autoatendimento).\n\n### 4.2. Cancelamento no MESMO DIA ou DIA ÚTIL SEGUINTE (contratação em dia não útil)\nPermitido para contratações presenciais e não presenciais, todos os canais. Uso do Limite Especial da Conta gera juros e IOF. Cancele em `CDC 14`; se falhar, registre ocorrência.\n\n### 4.3. Cancelamento em até 7 DIAS CORRIDOS (a partir do dia seguinte ao crédito)\n**Via TAA/internet/App/telefone (Duplo Sim):** consulte `CDC 15.18.F2.8` (log) — canal no log 201: *Duplo Sim* → campo ""Ocor"" LOG 201 e 493; *Correspondente* → registre ocorrência. (Contestação: ver item 7.2.)\n**Presencial na agência:** só cancela no mesmo dia (ver item 4.2)! A partir do dia seguinte, só liquidação. Se o cliente relatar falhas, registre ocorrência.\n\nVerifique saldo para o débito (ou ""troco"" nas Renovações — `CDC 15.18.F2.5 Contratos Vinculados` mostrará o `SISCLI`; informe o valor), considerando Limite Especial ou resgates automáticos. Oriente manter saldo (débito à noite); uso do Limite Especial gera juros/IOF. Se discordar, só liquidação/amortização/pagamento. Cancele em `CDC 14`; se falhar, registre ocorrência.\n> No cancelamento de CDC Antecipação Saque Aniversário FGTS, o desbloqueio da garantia é automático. Log ""1120 – Operação Contratada com Parcela Pix"" = produto Alfa Parcela Pix (mesmo procedimento de Duplo Sim).\n\n### 4.4. Cancelamento de REPACTUAÇÃO\n`CDC 15.13`, selecione a operação. Se constar ""Op"" pendente de confirmação, pode excluir; se confirmada, só liquida/paga total.\n> *Convênio Especial 17:* tem repactuação de CDCs consignados com suspensão de cobrança (rotina 50109).\n\n### 4.5. Cancelamento do produto de pagamento parcelado de contas\nVer item 10 da rotina 50110.\n\n### 4.6. Pedido após 7 dias, ou contratação presencial (pedido fora do mesmo dia)\nSó é possível a liquidação.\n> Obs. 1: presencial só cancela no mesmo dia (item 4.2). Obs. 2: exclusivamente para CDC Renovação, se a liquidação antecipada não puder ser feita, registre ocorrência para avaliar cancelamento (informar que o IOF será cobrado em conta). CDC Renovação sem ""troco"" é cancelável se a contratação não foi presencial e o pedido ocorreu em até 7 dias.\n\nCancele em `CDC > 14`. Em caso de erro, registre ocorrência.\n\n---\n\n## 5. Liquidação / Amortização\n\nSolicitação exclusiva do titular.\n\n### 5.1. Amortização/Liquidação ANTECIPADA ou operação EM ATRASO\n**Demanda:** quitação parcial/total antes do vencimento e/ou parcelas em atraso.\n> Pagamento via boleto: emitido em agência, pago no mesmo dia (saldo atualiza diariamente); se não pago no mesmo dia, o mesmo boleto ainda serve, pois o saldo é recalculado.\n\nSe não autenticado (URA/Token/IP), informe os canais. Cancelamento da amortização/liquidação só no mesmo dia, e só com margem disponível (item 5.3). Somente com recursos próprios; há redução proporcional de juros.\n\n**Tipos** (parcelas em atraso sempre em ordem crescente): **Crescente** (da próxima parcela em diante); **Decrescente** (da última parcela para trás); **Linear** (amortiza o saldo total sem alterar o cronograma; recalcula as parcelas a vencer).\n> Linear NÃO permitido para CDC Consignado, nem para operações fora do status ""Normal"", com pagamento parcial, em cobrança, ou com ""Pula-Parcela"". ""Em cobrança"" não aceita nenhuma amortização.\n\n| Necessidade do cliente | Tipo de amortização |\n|---|---|\n| Parar de pagar as próximas prestações por um período | Liquidação antecipada de parcelas integrais, ordem crescente |\n| Amortizar e continuar pagando as próximas prestações | Liquidação antecipada de parcelas integrais, ordem decrescente |\n| Reduzir o valor das prestações em toda a operação | Amortização linear |\n| Liquidar a operação | Quitação total, sempre em ordem crescente |\n\n> No CDC Consignado, pode haver desconto da próxima prestação em folha. Para Consignação/Renovação Consignação, prefira ordem decrescente (evita duplicidade em folha); se o cliente pedir crescente, informe o risco (o valor retorna no vencimento da parcela, se ocorrer).\n\n**Procedimento:** 1. Simule em `CDC 13.11.12`, informe o saldo atual (item 1b). 2. Verifique saldo suficiente (`Plataforma de Relacionamento > Contas > Extrato`), considerando saldo aprovisionado, tarifas pendentes, resgates automáticos e Limite Especial (a critério do cliente, com encargos). 3. Se insuficiente, oriente novo contato; se suficiente, execute em `CDC 13 > 21 > 12` (tipo: parcial/liquidação/linear; quantidade/valor; ordem).\n> Se o sistema indicar ausência de autorização de débito, siga a rotina 50104.\n\n**Leitura obrigatória ao cliente antes da confirmação** (""Sr(a). ___, para sua segurança, faremos a leitura das condições:""):\n- **Parcial/liquidação:** agência/conta; valor base da parcela; encargos por atraso; desconto de antecipação; variação Selic; valor a amortizar; total de parcelas; ordem escolhida.\n- **Linear:** valor base; desconto aproximado; variação Selic; valor da parcela inicial; novo valor da parcela; quantidade de parcelas.\n\nApós a leitura: ""Podemos confirmar a liquidação/amortização?"" (F3, sem impressão). Supervisor confirma em `CDC 13.21.52`. Informar necessidade de saldo em conta. Comprovante: ""o débito ocorre ainda hoje; confirme pelo extrato. Para comprovante detalhado, solicite em qualquer agência o documento \'Demonstrativo de Origem e Evolução de Dívida – Crédito Direto ao Consumidor\'.""\n\n### 5.2. Amortização/liquidação de operações ""EM PERDAS""\nIdentificação: `SISALFA > CDC > 15.13`. **Não informar ao cliente que a operação está em prejuízo.**\na) **Débito em conta:** verifique saldo suficiente (mesmas ressalvas do item 5.1); se insuficiente, oriente novo contato. Liquidação: comando em `CDC 13-34` + confirmação do supervisor em `CDC 13-36`. Amortização parcial: comando em `CDC 13-35` + confirmação do gerente de grupo em `CDC 13-36`.\nb) **Boleto bancário:** registre ocorrência.\n\n### 5.3. Cancelamento da amortização ou liquidação antecipada\nSe só houve o comando do atendente (`CDC 13.21.12`) no mesmo dia: cancele em `CDC 13.91.51`. Se já confirmado pelo supervisor (`CDC 13.21.52`): faça o estorno (item 5.5).\n> O registro do atendente fica pendente de confirmação apenas no mesmo dia; se não confirmado, é excluído automaticamente no dia seguinte.\n\n### 5.4. Liquidação – Desaverbação/Liberação de Margem Consignável\nSe o cliente relatar que liquidou/cancelou mas não houve liberação de margem, ou a parcela segue sendo debitada, registre ocorrência.\n\n### 5.5. Estorno de pagamento antecipado\n**Demanda:** pagamento antes do vencimento, ou débito indevido em conta (ex.: pela agência).\n> Não aplicar a Consignação/Renovação Consignação/FGTS Saque Aniversário se a forma de pagamento foi ""Cta Convênio""; para `SISALFA` ou ""Boleto Bancário"", o estorno é permitido (ver item 2).\n\n1. Analise o motivo (não é permitido estornar e deixar em atraso). 2. Verifique vencimento (`CDC 15.13.F2.4`) e pagamento de salário (`SISPAG 11 > 13 > 36 > Consulta on line`). 3. Se não venceu e não houve crédito de salário, estorno possível (pagamento dentro de 30 dias, operação não atualizada). 4. Estorne em `CDC 13.91.11`. 5. Informe crédito no processamento noturno.\n> Se impossível estornar, ou outra duplicidade não sanável, registre ocorrência.\n\n---\n\n## 6. Dificuldade para contratação\n\n| Situação | Procedimento |\n|---|---|\n| **Renda desatualizada** | Verifique a última atualização; se >12 meses, oriente atualizar via App ou canal de autoatendimento (online; às vezes exige foto do documento, validação em até 3 dias úteis). Após validação, o limite é recalculado automaticamente. |\n| **Contrato do CDC não assinado** | Pergunte se aderiu às Cláusulas Gerais (assinatura da Proposta/Contrato de Adesão). Se sim, prossiga a análise. Se não, informe os canais de adesão: App/site (Empréstimo > Solicitação de Crédito > Assinatura de contrato CDC); caixa eletrônico; agência. |\n| **Acordo de dívida vigente** | Contratação impossibilitada durante a vigência do acordo; após encerrado, pode verificar novamente. |\n| **Não correntista** | Exceto CDC Consignado e Crédito 13º Salário INSS (exigem ANC vigente), as demais linhas exigem conta corrente com ANC vigente. |\n| **Modalidade de conta simplificada (sem linhas de crédito)** | Não permite contratar linhas de crédito; se houver interesse, o cliente faz upgrade da conta pelo app (Menu > Upgrade de Conta), sujeito a análise de crédito na agência. |\n\n---\n\n## 7. Contratação não reconhecida\n\n### 7.1. Falsidade ideológica e fraude\nFraude com uso de documentos falsos para contratar produtos; a vítima costuma descobrir só quando seu CPF/CNPJ sofre restrição por inadimplência. Ver rotina 50111.\n- Falsidade em operação de não correntista: oriente comparecimento a qualquer agência com identificação e boletim de ocorrência.\n- Fraude – demais situações: ver rotina 50112.\n\n### 7.2. Contestação de operações via Correspondente (falha, suspeita de fraude/golpe)\nIndícios de falha ou fraude/golpe (presencial ou Duplo Sim): registre ocorrência e responsabilize a unidade de correspondentes/antifraude (código 800010):\n- **Assunto 50113** — contratação não reconhecida; divergente do solicitado; insatisfação com o contrato/descumprimento; falta de clareza.\n- **Assunto 50114** — suspeita de fraude/golpe: abordagem por suposta empresa vinculada ao banco, internalização por correspondente e transferência de recursos a terceiros pelo cliente.\n- **Assunto 50115** — contestação/suspeita de fraude em operação via Correspondente ainda pendente de confirmação.\n\n> No módulo de SAC e Ouvidoria (assuntos 50113/50114), é obrigatório selecionar o produto/modalidade — só aparecem operações contratadas via Correspondente; caso contrário, o registro não é possível. Ao selecionar a operação, os dados de identificação do correspondente, do CDC e da chave de operação são preenchidos automaticamente (não editáveis).\n\n---\n\n## 8. Limite Especial da Conta\n\n### 8.1. Cancelamento do Limite Especial da Conta\na) Pode ser solicitado a qualquer tempo por qualquer titular.\nb) Ao ser solicitado, sonde o motivo e, se cabível, argumente: sem tarifa; limite disponível para emergências sem custo se não usado; cancelar não garante nova contratação futura; é possível reduzir para R$ 100,00 em vez de cancelar. O cliente não pode estar usando o limite no momento (se estiver, oriente cobrir o saldo). Se aceitar reduzir, siga para 8.2. *(Em Ouvidoria, cancelar direto, sem sondagem.)*\nc) Se decidir manter, encerre em FCR.\nd) Se insistir no cancelamento, verifique viabilidade:\n\n**Procedimento (cliente autenticado por URA/Token/IP):**\n> Não cancelar se o cliente estiver usando o limite; se houver juros/IOF a cobrar, é necessário saldo. Falha de autenticação: registre ocorrência.\n- **Atendente:** confira saldo suficiente (extrato) para limite + juros + IOF (desconsiderar valores provisionados); se insuficiente, peça depósito equivalente e informe que o cancelamento pode ser pedido no SAC/agência após o depósito; encerre em FCR. Cancele na plataforma (`Contas > Limite Especial da Conta PF > Implantação, Alteração, Renovação e Cancelamento > Cancelar > Registrar`) e peça deferimento ao supervisor.\n  > Se aparecer ""(27) Já existe comando de implantação para esta conta."", registre ocorrência. Se aparecer ""já existe solicitação pendente de deferimento"", peça o deferimento ao supervisor; se não localizar ou houver erro, abra ocorrência.\n- **Supervisor:** confirme dados (nome, produto, valor); defira (`Deferimentos e Pendências > Limite Especial da Conta Pessoa > Cancelamento > Deferimento`); confirme para o atendente prosseguir.\n- **Atendente:** informe o cancelamento e a disponibilidade da agência para recontratação futura; encerre e registre FCR. *(Se o supervisor não conseguir deferir, registre ocorrência.)*\n\n### 8.2. Redução do Limite Especial da Conta\na) Se o pedido for por causa da tarifa, esclareça que ela não é cobrada; se insistir, siga abaixo.\nb) Identifique PF e titular da conta.\nc) Cliente autenticado:\n- **Atendente:** verifique saldo suficiente para que a redução não deixe o saldo excedido; se preciso, peça depósito e informe que a redução pode ser pedida via app, WhatsApp, SAC ou agência após o depósito. Modalidade ""Ouro"" (limite ≥ R$ 1.000,00) reduzida para entre R$ 100,00 e R$ 950,00 muda para ""Classic"" (diferenças na rotina 50116). Se o cliente concordar, altere modalidade/limite na plataforma e peça deferimento ao supervisor.\n- **Supervisor:** confirme dados; defira (`Deferimentos e Pendências > Limite Especial da Conta Pessoa Física > Alteração > Deferimento`); confirme para o atendente prosseguir.\n- **Atendente:** informe a redução realizada; para elevar no futuro, indicar app/agência. Encerre e registre FCR. *(Se o supervisor não conseguir deferir, registre ocorrência.)*\n\n### 8.3. Alterar data de débito dos juros\nFalha de autenticação: informe os canais. Acesse `Plataforma > Contas > Limite Especial da Conta PF > Alterar > Tipo de Alteração – ""Dia do débito""` e escolha um dia entre 1 e 28. A alteração só vale a partir do mês seguinte à solicitação.\n\n---\n\n## 9. Rotinas auxiliares (índice de empréstimos)\n\n| Código (anonimizado) | Assunto |\n|---|---|\n| 50107 | CDC – Condições Gerais / Contrato |\n| 50108 | Crédito Consignação e Renovação – Correntista e não correntista |\n| 50118 | Crédito Consignação – INSS |\n| 50119 | Crédito Automático |\n| 50120 | Crédito Benefício |\n| 50121 | Crédito Salário e Salário Funci |\n| 50122 | Crédito Renovação e Renovação Funci |\n| 50123 | Crédito 13º Décimo Terceiro Salário |\n| 50124 | Crédito 13º Décimo Terceiro Salário – Não Correntistas |\n| 50125 | CDC Antecipação Restituição IRPF |\n| 50126 | CDC Antecipação Saque Aniversário FGTS |\n| 50117 | Crédito Parcelamento Cheque Especial (Limite Especial da Conta) |\n| 50104 | Autorização de Débito – Empréstimos, CDC e outros (Resolução CMN 4.790/2020) |\n| 50127 | Crédito do Trabalhador – Novo modelo de Crédito Consignado do Setor Privado |\n| 50128 | Crédito do Trabalhador – Atendimento ao Empregador |\n\n---\n\n## 10. Fonte de informação\n\nDepartamento responsável: **DOC – Diretoria de Operações de Crédito** (código 800020).\n']","Não: amortização linear é vedada para CDC Consignado (e para operações fora do status Normal, com pagamento parcial, em cobrança ou com Pula-Parcela). Para Consignação/Renovação prefira ordem decrescente para evitar duplicidade em folha.",EDGE_CASE,4.5858,,0.1111111111111111,0.849546158538026,1.0,0.9999999999
Operação identificada em 'perdas' no CDC 15.13 quer liquidação via débito em conta. O que o atendente pode dizer e fazer?,"Como assistente bancário, ao lidar com uma operação de Crédito Direto ao Consumidor (CDC) classificada como ""perda"" (geralmente operações com atraso prolongado, já baixadas para prejuízo contábil), o atendente deve seguir uma postura de negociação e regularização.

Aqui está o que o atendente pode dizer e fazer:

### 1. O que o atendente pode dizer:
*   **Confirmação da situação:** ""Identifiquei que o contrato [número] encontra-se em uma carteira de perdas. Isso significa que a operação está com um atraso considerável e foi baixada para prejuízo, mas o débito permanece ativo.""
*   **Proposta de regularização:** ""Para realizar a liquidação via débito em conta, precisamos verificar se há saldo disponível. Caso o valor total não esteja disponível, podemos avaliar uma proposta de renegociação para quitar essa dívida com condições especiais.""
*   **Transparência sobre o status:** ""Ao liquidar essa operação, o banco iniciará o processo de baixa da restrição nos órgãos de proteção ao crédito (como SPC/Serasa), o que geralmente ocorre em até 5 dias úteis após a compensação do pagamento.""
*   **Alerta de segurança:** ""Para sua segurança, a liquidação via débito em conta deve ser autorizada por você. Posso prosseguir com a solicitação de débito do valor [X] na sua conta corrente?""

### 2. O que o atendente pode fazer:
*   **Verificar o saldo:** Consultar se a conta corrente possui fundos suficientes para a liquidação imediata.
*   **Simular a liquidação:** Se o sistema permitir, realizar a baixa manual ou o agendamento do débito para a liquidação do contrato.
*   **Oferecer Renegociação:** Se o cliente não tiver o valor total, o atendente deve encaminhar o caso para o setor de cobrança ou utilizar a ferramenta de renegociação do banco para parcelar o saldo devedor, caso a política interna permita.
*   **Emitir o boleto (se necessário):** Caso o débito em conta não seja possível por falta de saldo ou erro sistêmico, o atendente pode emitir um boleto para pagamento em qualquer rede bancária.
*   **Formalizar o pedido:** Registrar o protocolo de atendimento e, se houver acordo, enviar o termo de renegociação ou o comprovante de liquidação para o e-mail do cliente.

### Pontos de atenção importantes:
*   **Alçada:** Operações em ""perdas"" muitas vezes exigem alçada de gerência ou setor de recuperação de crédito. O atendente deve verificar se possui autonomia para liquidar ou se precisa transferir a chamada.
*   **Restrições:** O atendente deve informar que, mesmo após a liquidação, o histórico de atraso pode impactar temporariamente o *score* interno do cliente no banco.
*   **Segurança:** Nunca peça senhas ou dados sensíveis por canais não oficiais. A autorização do débito deve ser feita via canais autenticados (App, Internet Banking ou confirmação por voz em linha oficial).

**Recomendação:** Se você é o atendente, consulte o **Manual de Cobrança ou o Guia de Produtos** do seu banco para verificar se existe alguma regra específica de ""desconto para liquidação à vista"" para contratos em prejuízo, pois muitas vezes o banco oferece descontos agressivos para recuperar esses valores.","['# POP – Atendimento de Operações de CDC (Crédito Direto ao Consumidor) – Pessoa Física\n### [Versão anonimizada/pseudonimizada para uso acadêmico]\n\n> **Nota metodológica de anonimização:** este documento é uma versão pseudonimizada de uma rotina real de atendimento (SAC) de operações de crédito pessoa física. Foram substituídos: (i) o nome da instituição financeira e de seus canais/site/e-mail; (ii) os nomes de sistemas internos claramente proprietários; (iii) nomes e códigos de convênios de consignação com órgãos públicos; (iv) códigos de prefixo/departamento interno; e (v) números de rotinas/assuntos auxiliares referenciados ao longo do texto — todos substituídos por identificadores fictícios e sequenciais. A lógica processual, as condições, exceções e o fluxo de decisão originais foram mantidos integralmente, o que preserva o valor do documento como exemplo de POP para fins de extração de árvore de decisão. Termos e siglas genéricas do setor bancário (CDC, SAC, Ouvidoria, TAA, URA, FCR, ANC, Token, Identificação Positiva) e referências a normas públicas (Resolução CMN 4.790/2020, INSS) foram mantidos, por não serem exclusivos de uma única instituição.\n\n**Sumário:** Observações iniciais · 1. Consulta geral CDC · 2. Débito da parcela CDC · 3. Simulação/Contratação · 4. Cancelamento de CDC · 5. Liquidação/Amortização · 6. Dificuldade para contratação · 7. Contratação não reconhecida · 8. Limite Especial da Conta · 9. Rotinas auxiliares · 10. Fonte de informação\n\n---\n\n## Observações iniciais\n\na) Esta rotina destina-se ao atendimento das operações de crédito PF listadas no item 2. Para os casos abaixo, consulte rotinas específicas:\n- **FIES:** rotina 50101 – SAC QC – Financiamento Estudantil (FIES)\n- **Financiamento imobiliário:** rotina 50102 – SAC QC – Financiamento Imobiliário\n- **Renegociação de dívidas:** rotina 50103 – SAC QC – Renegociação de Dívidas Pessoa Física e Jurídica\n\nb) **Autorização de Débito em Conta:** a partir de 01/03/2021, para que uma operação seja debitada em conta, é necessária autorização específica do cliente para o débito. Ver informações e procedimentos na rotina 50104.\n\nc) **Canais para contratação de CDC:** [link para os canais de contratação]\n\n---\n\n## 1. Consulta geral CDC\n\nPara verificar as informações da operação, identifique se o consumidor é PF e titular da operação. Em caso de FALHA, RECUSA ou INAPLICABILIDADE de Identificação Positiva (IP), registre ocorrência.\n\n| Demanda | Consulta |\n|---|---|\n| a) Informações gerais do CDC | `SISALFA > CDC > 15 > 18` — em ""Código do Cliente"" pressione F4, inclua o CPF e selecione a operação. Clique em F2 > Outros dados > 4. Cronograma. Principais informações: modalidade do CDC, data de vencimento, parcelas pagas e data de pagamento (mais detalhes no item 2), parcelas a vencer, parcelas em atraso, taxas de juros ou CET. |\n| b) Saldo atualizado total | `SISALFA > CDC > 15 > 18` — mesmo caminho acima; após selecionar a operação, verifique o campo ""Saldo devedor atual"". Esse é o saldo do dia, com atualização diária. |\n| c) Parcelas, valores pagos, juros, datas de pagamento | `SISALFA > CDC > 15 > 18` → Agência/Conta → selecione a operação → F2 → 4. Cronograma → selecione a parcela (""P"" indica pagamento parcial) → F9 (detalhe) → F12/F11 (pagamentos e parcelas). O ""total recebimento parcial"" é o valor recebido naquela parcela. |\n| d) Consultar CDC liquidado, renovado ou excluído | `SISALFA > CDC > 15 > 18`, em ""Código do Cliente"" pressione F4 e insira o CPF — NÃO selecione nenhuma operação e pressione F11. F12 para operações arquivadas. |\n| e) Consulta de cláusulas gerais ou documentos do CDC contratado | Cláusulas gerais consultáveis em: **App Alfa** (Menu > Empréstimos > Contratar empréstimo > Aderir ao contrato); **site institucional**, inclusive para não correntista (Página inicial > Pra você > Empréstimo > Empréstimo pessoal > Contrato de abertura de crédito rotativo); **site institucional (área logada)** (Menu > Empréstimos > Crédito consignado e pessoal > Aderir Contrato de Empréstimo). Documentos do CDC contratado: Extrato de Empréstimo (parcelas pagas/a pagar) — App, site, caixas eletrônicos ou agências; Consolidado Anual (valores por exercício) — site ou agências; 2ª via do comprovante (com taxas) — App ou agências. |\n\n---\n\n## 2. Débito da parcela CDC (data ou valor divergente, duplicidade)\n\nPara identificar o débito questionado, consulte o extrato em `Plataforma de Relacionamento (Operações Contratadas) > Contas > Consultas > Extrato Conta Corrente`. O número da operação consta no campo ""Documento"" (9 dígitos).\n\nSituações possíveis: débito antes/depois do vencimento contratual; valor divergente; duplicidade (folha + conta); débito em conta errada.\n\n**Consulta:** `CDC 15.13` (F4 – CPF) → selecione a operação → F2.4 (cronograma) → selecione a parcela com ""x"" → F9 (detalhar) → F12 (mais informações) → F3 (voltar) e copie o nº da operação → `CDC 13.61` (cole o nº como ""nº contrato"") para ver como ocorreu o pagamento.\n\nSiga então a orientação por modalidade:\n\n### CDC Consignação ou CDC Renovação Consignação\nDébito ocorre na folha de pagamento. a) Se não consignada (ou parcial), o débito ocorrerá total/parcial em conta. b) Se liquidado/renovado mas houve consignação, o estorno é automático em conta em até D+2 dias úteis, exceto para os convênios de código 900001 (INSS — devolução a partir do 5º dia útil) e código 900002 (MPDG — devolução até o 1º dia útil).\n\n1. Consulte a parcela: `CDC 15 > 13 > F2 > 4` (datas); `CDC 15 > 13 > F8 > F9` (mês/ano da folha). *Consig total* = debitada integralmente em folha; *Consig parcial* = debitada parcialmente (verifique o restante em conta); *Não consignada* = sem débito em folha; *Incluída* = ainda não vencida; *Enviada* = empregador não retornou (sem repasse, o débito ocorre em conta).\n2. Confirme a consignação em `SISCONSIG 22 > 01 > 01` (Convênio, Data Prevista, nº Operação — dados em `CDC 15.13`); selecione ""x"" e F9: ""Tipo Lançamento"" *Amortização* = consignado; *Devolução* = não consignado, devolvido à conta.\n3. Preste as informações.\n4. Se o cliente disser que a parcela foi consignada em folha mas também há débito agendado em conta: verifique o extrato (agendado ou debitado); se debitado, verifique devolução; se a data for hoje/próximo dia útil, oriente aguardar o processamento noturno (tende a ser excluído) e encerre em FCR. Se confirmada duplicidade sem estorno, ou se o sistema não mostra consignação mas o cliente afirma o desconto, registre ocorrência e oriente o envio de cópia do contracheque para `sacdocumentos@bancoalfa.com.br`.\n\n> **Crédito do Trabalhador** (identifique pelo campo ""Convênio"" = ""E-Consig PJ"" em `CDC > 15 > 13`): exigir contracheque da competência anterior ao débito (ex.: débito no mês 09 → contracheque do mês 08) e o documento ""Detalhe da guia emitida"" (com a instituição que recebeu o valor) + comprovante de pagamento da guia, fornecidos pela empresa.\n\n### CDC Salário, CDC Benefício e CDC Renovação\nDébito no dia do crédito do salário/benefício, mesmo que divergente do vencimento contratual (cobrança antecipada gera desconto proporcional). Renovação com convênio: débito na data de crédito de proventos; sem convênio: na data de vencimento.\n\n1. Verifique no extrato o recebimento de salário no dia do débito.\n2. Compare a data de débito (`CDC 15 > 13 > F2 > 4`) com a cadastrada em `CDC 24 > 14` e `SISPAG 11 > 13 > 36 > Consulta on line`.\n3. Se ambos ocorrerem após o vencimento do contrato, registre ocorrência.\n4. Preste as informações.\n\n### CDC Automático\nDébito em conta (corrente ou salário) na data de vencimento informada na autorização; há opção de boleto (gerado pelo cliente ou se a autorização foi cancelada).\n\n**Duplicidade:** 1. Verifique boleto pago + débito em conta (`CDC 13 > 61`, ""Forma Pagto"": Rcbto Autom e Boleto Banc); confira estorno (campo ""Dt. Canc."" preenchido = houve estorno). 2. Se confirmada duplicidade sem estorno, estorne em `CDC 13 > 91 > 11 > 6` (o sistema só estorna do mais recente para o mais antigo; se o pagamento em conta foi parcial e só for possível estornar o boleto mais recente, isso deixaria a operação em atraso — nesse caso, estorne primeiro o ""Boleto Bancário"" e depois o ""Recebimento Automático"", só se não houver débitos pendentes). Peça ao supervisor para receber o valor correto em `CDC 13.23`; confirme a data de recebimento retroativo em `CDC 13.61`.\n> Para recebimento por débito em conta em operações contratadas a partir de 01/03/21, é necessária autorização específica do cliente.\n\n### CDC 13º Salário\nDébito em parcela única. **Com convênio:** na data de cobrança (recebimento do 13º, informado pelo empregador) OU no vencimento (30 dias após o crédito do 13º), o que ocorrer primeiro — exceto convênios com 13º vinculado ao aniversário do cliente. **Sem convênio:** na data escolhida na contratação.\n\n- Convênio consta em `SISALFA > CDC 15.13`.\n- **Com convênio:** data de cobrança em `CDC 22 > 10 > 5d` (código de linha 3100; nº convênio em `CDC 15 > 13`); vencimento em `CDC 15 > 13 > F2 > 4`. 1. Informe que o débito ocorre na data de cobrança; se o 13º não for creditado, tenta-se o débito na data de cobrança ou vencimento (o que ocorrer primeiro). 2. Verifique como ocorreu em `CDC 15 > 13 > F2 > 4`. 3. Preste as informações.\n  > **Obs.:** se a data de cobrança mudar por solicitação do empregador, o vencimento pode ser antecipado. *Ex. 1:* cobrança cadastrada 30/06/26 → vencimento 30/07/26; se a cobrança mudar para 30/08/26, cobra-se em 30/07/26 (o que ocorrer primeiro). *Ex. 2:* se o 13º do convênio está vinculado ao mês de aniversário, cobrança e vencimento caem no mês de aniversário do cliente.\n- **Sem convênio:** débito no vencimento (`CDC 15 > 13 > F2 > 4`).\n\n### CDC Antecipação IRPF\nDébito (a) na data prevista do crédito da restituição, ou (b) no vencimento contratual, se o crédito não ocorrer antes.\n1. Informe a regra acima. 2. Consulte `CDC 15 > 13 > F2 > 4`. 3. Preste as informações.\n\n### CDC Antecipação Saque Aniversário FGTS\nLiquidação automática via repasse do FGTS; débito em conta só se o repasse for insuficiente.\n1. Consulte `CDC 15 > 13 > F2 > 4`. 2. Preste as informações.\n\n### Orientações complementares\na) Reclamação de saldo aprovisionado em fim de semana/feriado: explique que, pelas cláusulas gerais do contrato de conta, a liberação de débitos nesses períodos depende do saldo após deduzir débitos programados para o 1º dia útil seguinte.\nb) **Boleto:** algumas linhas permitem gerar boleto (rotina 50107); se houver duplicidade (conta + boleto), estorne como em ""CDC Automático"". Não aplicar esse procedimento a CDC Consignação/Renovação Consignação/FGTS Saque Aniversário se a forma de pagamento foi ""Cta Convênio"" — para forma de pagamento via `SISALFA` ou ""Boleto Bancário"", o estorno é permitido.\nc) Mais informações: ver rotinas auxiliares (item 9).\nd) Se não for possível identificar o motivo, ou o cliente permanecer insatisfeito, registre ocorrência.\n\n---\n\n## 3. Simulação/Contratação de Empréstimos\n\nCDC é um empréstimo pessoal automatizado, pré-aprovado, disponível em conta corrente. Solicitação exclusiva do titular.\n> Se o cliente quiser alterar o vencimento da prestação: após a confirmação do contrato isso não é possível. Alternativa: contratar CDC Renovação (se a linha permitir e houver limite), indicando o vencimento mais adequado.\n\n**Procedimento:** verifique se a Análise de Crédito (ANC) está vigente em `Plataforma de Relacionamento (Operações Contratadas) — aba Limite de Crédito`, campo ""Situação do limite"".\n\n| Status do limite | Procedimento |\n|---|---|\n| Vencida, Impedida, Cancelada, Suspensa, Em transferência, Em estudo, Indeferida, ou Vigente com Limite Total–Margem zerado | Informe que não há limite disponível; o cliente deve ir a qualquer agência com identificação (RG/CPF), comprovante de residência e de renda (emitidos há menos de 90 dias, mesmo que pela internet). Consulte a rotina 50105 para possibilidade de restabelecimento. |\n| Vigente (algum valor em Limite Total–Margem) | Não informe o valor ao cliente. Dentro do horário de atendimento (9h–18h), pergunte se autoriza transferência para a Central de Consultoria em Uso Responsável do Crédito (rotina 50106). Se não autorizar, ou fora do horário, informe as opções: Central de Consultoria; App Alfa > Empréstimo; site > Empréstimo; caixa eletrônico (TAA) > Empréstimo. |\n\n---\n\n## 4. Cancelamento de CDC\n\nCancelamento permitido em até 7 dias corridos (a partir do dia seguinte à liberação do crédito), se contratado por canal de autoatendimento (App, site, caixas eletrônicos ou telefone), pelo titular, autenticado (URA, Token ou Identificação Positiva).\n\n> **Atenção:** o cancelamento da linha 2881 – Crédito Renovação Consignação está restrito ao departamento **DOC – Diretoria de Operações de Crédito** (código 800020) para os convênios: Convênio Especial 01 (700001), 02 (700002), 03 (700003), 04 (700004), 05 (700005), 06 (700006), 07 (700007), 08 (700008), 09 (700009), 10 (700010), 11 (700011), 12 (700012), 13 (700013), 14 (700014), 15 (700015) e 16 (700016). É necessário haver margem suficiente para reaverbação das operações vinculadas à renovação cancelada.\n> O cancelamento da mesma linha para o Convênio Especial 17 (700017) está restrito à **Superintendência Regional III** (código 800030). Ver rotina 50108.\n\nAntes do procedimento, informe o número da operação e que, após o cancelamento, o comando não pode ser desfeito.\n\n### 4.1. Cancelamento de proposta CDC NÃO CONFIRMADA\n`SISRET Y09` — copie o nº da operação (documento, 9 dígitos). `CDC 11.13` → inclua o nº a cancelar. Em ""Exclusão de operação – Confirma?"", responda ""S"". Motivo: ""08 – Exclusão a pedido do cliente – Desistência"". Verifique a mensagem ""Cancelamento da Proposta efetuado em XX/XX/XX às XX:XX:XX por FXXXXX""; se diferente, registre ocorrência.\n> Atenção a operações via Correspondente – LOG 633 ""Operação Novo Fluxo Correspondente/Parceiro Comercial"" (`CDC 15.18.F2.8`). Se pendente de confirmação, registre ocorrência (motivo obrigatório; não oriente o cliente a excluir por autoatendimento).\n\n### 4.2. Cancelamento no MESMO DIA ou DIA ÚTIL SEGUINTE (contratação em dia não útil)\nPermitido para contratações presenciais e não presenciais, todos os canais. Uso do Limite Especial da Conta gera juros e IOF. Cancele em `CDC 14`; se falhar, registre ocorrência.\n\n### 4.3. Cancelamento em até 7 DIAS CORRIDOS (a partir do dia seguinte ao crédito)\n**Via TAA/internet/App/telefone (Duplo Sim):** consulte `CDC 15.18.F2.8` (log) — canal no log 201: *Duplo Sim* → campo ""Ocor"" LOG 201 e 493; *Correspondente* → registre ocorrência. (Contestação: ver item 7.2.)\n**Presencial na agência:** só cancela no mesmo dia (ver item 4.2)! A partir do dia seguinte, só liquidação. Se o cliente relatar falhas, registre ocorrência.\n\nVerifique saldo para o débito (ou ""troco"" nas Renovações — `CDC 15.18.F2.5 Contratos Vinculados` mostrará o `SISCLI`; informe o valor), considerando Limite Especial ou resgates automáticos. Oriente manter saldo (débito à noite); uso do Limite Especial gera juros/IOF. Se discordar, só liquidação/amortização/pagamento. Cancele em `CDC 14`; se falhar, registre ocorrência.\n> No cancelamento de CDC Antecipação Saque Aniversário FGTS, o desbloqueio da garantia é automático. Log ""1120 – Operação Contratada com Parcela Pix"" = produto Alfa Parcela Pix (mesmo procedimento de Duplo Sim).\n\n### 4.4. Cancelamento de REPACTUAÇÃO\n`CDC 15.13`, selecione a operação. Se constar ""Op"" pendente de confirmação, pode excluir; se confirmada, só liquida/paga total.\n> *Convênio Especial 17:* tem repactuação de CDCs consignados com suspensão de cobrança (rotina 50109).\n\n### 4.5. Cancelamento do produto de pagamento parcelado de contas\nVer item 10 da rotina 50110.\n\n### 4.6. Pedido após 7 dias, ou contratação presencial (pedido fora do mesmo dia)\nSó é possível a liquidação.\n> Obs. 1: presencial só cancela no mesmo dia (item 4.2). Obs. 2: exclusivamente para CDC Renovação, se a liquidação antecipada não puder ser feita, registre ocorrência para avaliar cancelamento (informar que o IOF será cobrado em conta). CDC Renovação sem ""troco"" é cancelável se a contratação não foi presencial e o pedido ocorreu em até 7 dias.\n\nCancele em `CDC > 14`. Em caso de erro, registre ocorrência.\n\n---\n\n## 5. Liquidação / Amortização\n\nSolicitação exclusiva do titular.\n\n### 5.1. Amortização/Liquidação ANTECIPADA ou operação EM ATRASO\n**Demanda:** quitação parcial/total antes do vencimento e/ou parcelas em atraso.\n> Pagamento via boleto: emitido em agência, pago no mesmo dia (saldo atualiza diariamente); se não pago no mesmo dia, o mesmo boleto ainda serve, pois o saldo é recalculado.\n\nSe não autenticado (URA/Token/IP), informe os canais. Cancelamento da amortização/liquidação só no mesmo dia, e só com margem disponível (item 5.3). Somente com recursos próprios; há redução proporcional de juros.\n\n**Tipos** (parcelas em atraso sempre em ordem crescente): **Crescente** (da próxima parcela em diante); **Decrescente** (da última parcela para trás); **Linear** (amortiza o saldo total sem alterar o cronograma; recalcula as parcelas a vencer).\n> Linear NÃO permitido para CDC Consignado, nem para operações fora do status ""Normal"", com pagamento parcial, em cobrança, ou com ""Pula-Parcela"". ""Em cobrança"" não aceita nenhuma amortização.\n\n| Necessidade do cliente | Tipo de amortização |\n|---|---|\n| Parar de pagar as próximas prestações por um período | Liquidação antecipada de parcelas integrais, ordem crescente |\n| Amortizar e continuar pagando as próximas prestações | Liquidação antecipada de parcelas integrais, ordem decrescente |\n| Reduzir o valor das prestações em toda a operação | Amortização linear |\n| Liquidar a operação | Quitação total, sempre em ordem crescente |\n\n> No CDC Consignado, pode haver desconto da próxima prestação em folha. Para Consignação/Renovação Consignação, prefira ordem decrescente (evita duplicidade em folha); se o cliente pedir crescente, informe o risco (o valor retorna no vencimento da parcela, se ocorrer).\n\n**Procedimento:** 1. Simule em `CDC 13.11.12`, informe o saldo atual (item 1b). 2. Verifique saldo suficiente (`Plataforma de Relacionamento > Contas > Extrato`), considerando saldo aprovisionado, tarifas pendentes, resgates automáticos e Limite Especial (a critério do cliente, com encargos). 3. Se insuficiente, oriente novo contato; se suficiente, execute em `CDC 13 > 21 > 12` (tipo: parcial/liquidação/linear; quantidade/valor; ordem).\n> Se o sistema indicar ausência de autorização de débito, siga a rotina 50104.\n\n**Leitura obrigatória ao cliente antes da confirmação** (""Sr(a). ___, para sua segurança, faremos a leitura das condições:""):\n- **Parcial/liquidação:** agência/conta; valor base da parcela; encargos por atraso; desconto de antecipação; variação Selic; valor a amortizar; total de parcelas; ordem escolhida.\n- **Linear:** valor base; desconto aproximado; variação Selic; valor da parcela inicial; novo valor da parcela; quantidade de parcelas.\n\nApós a leitura: ""Podemos confirmar a liquidação/amortização?"" (F3, sem impressão). Supervisor confirma em `CDC 13.21.52`. Informar necessidade de saldo em conta. Comprovante: ""o débito ocorre ainda hoje; confirme pelo extrato. Para comprovante detalhado, solicite em qualquer agência o documento \'Demonstrativo de Origem e Evolução de Dívida – Crédito Direto ao Consumidor\'.""\n\n### 5.2. Amortização/liquidação de operações ""EM PERDAS""\nIdentificação: `SISALFA > CDC > 15.13`. **Não informar ao cliente que a operação está em prejuízo.**\na) **Débito em conta:** verifique saldo suficiente (mesmas ressalvas do item 5.1); se insuficiente, oriente novo contato. Liquidação: comando em `CDC 13-34` + confirmação do supervisor em `CDC 13-36`. Amortização parcial: comando em `CDC 13-35` + confirmação do gerente de grupo em `CDC 13-36`.\nb) **Boleto bancário:** registre ocorrência.\n\n### 5.3. Cancelamento da amortização ou liquidação antecipada\nSe só houve o comando do atendente (`CDC 13.21.12`) no mesmo dia: cancele em `CDC 13.91.51`. Se já confirmado pelo supervisor (`CDC 13.21.52`): faça o estorno (item 5.5).\n> O registro do atendente fica pendente de confirmação apenas no mesmo dia; se não confirmado, é excluído automaticamente no dia seguinte.\n\n### 5.4. Liquidação – Desaverbação/Liberação de Margem Consignável\nSe o cliente relatar que liquidou/cancelou mas não houve liberação de margem, ou a parcela segue sendo debitada, registre ocorrência.\n\n### 5.5. Estorno de pagamento antecipado\n**Demanda:** pagamento antes do vencimento, ou débito indevido em conta (ex.: pela agência).\n> Não aplicar a Consignação/Renovação Consignação/FGTS Saque Aniversário se a forma de pagamento foi ""Cta Convênio""; para `SISALFA` ou ""Boleto Bancário"", o estorno é permitido (ver item 2).\n\n1. Analise o motivo (não é permitido estornar e deixar em atraso). 2. Verifique vencimento (`CDC 15.13.F2.4`) e pagamento de salário (`SISPAG 11 > 13 > 36 > Consulta on line`). 3. Se não venceu e não houve crédito de salário, estorno possível (pagamento dentro de 30 dias, operação não atualizada). 4. Estorne em `CDC 13.91.11`. 5. Informe crédito no processamento noturno.\n> Se impossível estornar, ou outra duplicidade não sanável, registre ocorrência.\n\n---\n\n## 6. Dificuldade para contratação\n\n| Situação | Procedimento |\n|---|---|\n| **Renda desatualizada** | Verifique a última atualização; se >12 meses, oriente atualizar via App ou canal de autoatendimento (online; às vezes exige foto do documento, validação em até 3 dias úteis). Após validação, o limite é recalculado automaticamente. |\n| **Contrato do CDC não assinado** | Pergunte se aderiu às Cláusulas Gerais (assinatura da Proposta/Contrato de Adesão). Se sim, prossiga a análise. Se não, informe os canais de adesão: App/site (Empréstimo > Solicitação de Crédito > Assinatura de contrato CDC); caixa eletrônico; agência. |\n| **Acordo de dívida vigente** | Contratação impossibilitada durante a vigência do acordo; após encerrado, pode verificar novamente. |\n| **Não correntista** | Exceto CDC Consignado e Crédito 13º Salário INSS (exigem ANC vigente), as demais linhas exigem conta corrente com ANC vigente. |\n| **Modalidade de conta simplificada (sem linhas de crédito)** | Não permite contratar linhas de crédito; se houver interesse, o cliente faz upgrade da conta pelo app (Menu > Upgrade de Conta), sujeito a análise de crédito na agência. |\n\n---\n\n## 7. Contratação não reconhecida\n\n### 7.1. Falsidade ideológica e fraude\nFraude com uso de documentos falsos para contratar produtos; a vítima costuma descobrir só quando seu CPF/CNPJ sofre restrição por inadimplência. Ver rotina 50111.\n- Falsidade em operação de não correntista: oriente comparecimento a qualquer agência com identificação e boletim de ocorrência.\n- Fraude – demais situações: ver rotina 50112.\n\n### 7.2. Contestação de operações via Correspondente (falha, suspeita de fraude/golpe)\nIndícios de falha ou fraude/golpe (presencial ou Duplo Sim): registre ocorrência e responsabilize a unidade de correspondentes/antifraude (código 800010):\n- **Assunto 50113** — contratação não reconhecida; divergente do solicitado; insatisfação com o contrato/descumprimento; falta de clareza.\n- **Assunto 50114** — suspeita de fraude/golpe: abordagem por suposta empresa vinculada ao banco, internalização por correspondente e transferência de recursos a terceiros pelo cliente.\n- **Assunto 50115** — contestação/suspeita de fraude em operação via Correspondente ainda pendente de confirmação.\n\n> No módulo de SAC e Ouvidoria (assuntos 50113/50114), é obrigatório selecionar o produto/modalidade — só aparecem operações contratadas via Correspondente; caso contrário, o registro não é possível. Ao selecionar a operação, os dados de identificação do correspondente, do CDC e da chave de operação são preenchidos automaticamente (não editáveis).\n\n---\n\n## 8. Limite Especial da Conta\n\n### 8.1. Cancelamento do Limite Especial da Conta\na) Pode ser solicitado a qualquer tempo por qualquer titular.\nb) Ao ser solicitado, sonde o motivo e, se cabível, argumente: sem tarifa; limite disponível para emergências sem custo se não usado; cancelar não garante nova contratação futura; é possível reduzir para R$ 100,00 em vez de cancelar. O cliente não pode estar usando o limite no momento (se estiver, oriente cobrir o saldo). Se aceitar reduzir, siga para 8.2. *(Em Ouvidoria, cancelar direto, sem sondagem.)*\nc) Se decidir manter, encerre em FCR.\nd) Se insistir no cancelamento, verifique viabilidade:\n\n**Procedimento (cliente autenticado por URA/Token/IP):**\n> Não cancelar se o cliente estiver usando o limite; se houver juros/IOF a cobrar, é necessário saldo. Falha de autenticação: registre ocorrência.\n- **Atendente:** confira saldo suficiente (extrato) para limite + juros + IOF (desconsiderar valores provisionados); se insuficiente, peça depósito equivalente e informe que o cancelamento pode ser pedido no SAC/agência após o depósito; encerre em FCR. Cancele na plataforma (`Contas > Limite Especial da Conta PF > Implantação, Alteração, Renovação e Cancelamento > Cancelar > Registrar`) e peça deferimento ao supervisor.\n  > Se aparecer ""(27) Já existe comando de implantação para esta conta."", registre ocorrência. Se aparecer ""já existe solicitação pendente de deferimento"", peça o deferimento ao supervisor; se não localizar ou houver erro, abra ocorrência.\n- **Supervisor:** confirme dados (nome, produto, valor); defira (`Deferimentos e Pendências > Limite Especial da Conta Pessoa > Cancelamento > Deferimento`); confirme para o atendente prosseguir.\n- **Atendente:** informe o cancelamento e a disponibilidade da agência para recontratação futura; encerre e registre FCR. *(Se o supervisor não conseguir deferir, registre ocorrência.)*\n\n### 8.2. Redução do Limite Especial da Conta\na) Se o pedido for por causa da tarifa, esclareça que ela não é cobrada; se insistir, siga abaixo.\nb) Identifique PF e titular da conta.\nc) Cliente autenticado:\n- **Atendente:** verifique saldo suficiente para que a redução não deixe o saldo excedido; se preciso, peça depósito e informe que a redução pode ser pedida via app, WhatsApp, SAC ou agência após o depósito. Modalidade ""Ouro"" (limite ≥ R$ 1.000,00) reduzida para entre R$ 100,00 e R$ 950,00 muda para ""Classic"" (diferenças na rotina 50116). Se o cliente concordar, altere modalidade/limite na plataforma e peça deferimento ao supervisor.\n- **Supervisor:** confirme dados; defira (`Deferimentos e Pendências > Limite Especial da Conta Pessoa Física > Alteração > Deferimento`); confirme para o atendente prosseguir.\n- **Atendente:** informe a redução realizada; para elevar no futuro, indicar app/agência. Encerre e registre FCR. *(Se o supervisor não conseguir deferir, registre ocorrência.)*\n\n### 8.3. Alterar data de débito dos juros\nFalha de autenticação: informe os canais. Acesse `Plataforma > Contas > Limite Especial da Conta PF > Alterar > Tipo de Alteração – ""Dia do débito""` e escolha um dia entre 1 e 28. A alteração só vale a partir do mês seguinte à solicitação.\n\n---\n\n## 9. Rotinas auxiliares (índice de empréstimos)\n\n| Código (anonimizado) | Assunto |\n|---|---|\n| 50107 | CDC – Condições Gerais / Contrato |\n| 50108 | Crédito Consignação e Renovação – Correntista e não correntista |\n| 50118 | Crédito Consignação – INSS |\n| 50119 | Crédito Automático |\n| 50120 | Crédito Benefício |\n| 50121 | Crédito Salário e Salário Funci |\n| 50122 | Crédito Renovação e Renovação Funci |\n| 50123 | Crédito 13º Décimo Terceiro Salário |\n| 50124 | Crédito 13º Décimo Terceiro Salário – Não Correntistas |\n| 50125 | CDC Antecipação Restituição IRPF |\n| 50126 | CDC Antecipação Saque Aniversário FGTS |\n| 50117 | Crédito Parcelamento Cheque Especial (Limite Especial da Conta) |\n| 50104 | Autorização de Débito – Empréstimos, CDC e outros (Resolução CMN 4.790/2020) |\n| 50127 | Crédito do Trabalhador – Novo modelo de Crédito Consignado do Setor Privado |\n| 50128 | Crédito do Trabalhador – Atendimento ao Empregador |\n\n---\n\n## 10. Fonte de informação\n\nDepartamento responsável: **DOC – Diretoria de Operações de Crédito** (código 800020).\n']","Não informar ao cliente que a operação está em prejuízo. Com saldo suficiente, liquidar via CDC 13-34 com confirmação do supervisor em CDC 13-36; parcial via CDC 13-35 com gerente de grupo. Boleto exige ocorrência.",ROLE_RESTRICTION,10.651,,0.2,0.7841501382550662,1.0,0.9999999999
Cliente com ANC vencida e Limite Total-Margem zerado pede CDC. Quais documentos e para onde encaminhar?,"Como assistente bancário, informo que, com a **ANC (Análise de Negócio do Cliente) vencida** e o **Limite Total/Margem zerados**, o sistema do banco bloqueia automaticamente a contratação de novos produtos de crédito.

Para tentar regularizar a situação e solicitar uma nova análise, o cliente deve seguir os passos abaixo:

### 1. Documentação Necessária
O cliente precisará apresentar documentos atualizados para que o banco possa reavaliar seu perfil de risco e capacidade de pagamento:

*   **Documento de Identificação:** RG e CPF (ou CNH) válidos.
*   **Comprovante de Residência:** Emitido nos últimos 90 dias (conta de luz, água ou telefone fixo).
*   **Comprovante de Renda Atualizado:**
    *   **Assalariados:** 3 últimos contracheques (holerites).
    *   **Autônomos/Empresários:** Declaração de Imposto de Renda completa (com recibo de entrega) ou extratos bancários dos últimos 3 meses (se a conta for em outro banco).
*   **Formulário de Atualização Cadastral:** O cliente deve preencher o formulário padrão do banco para renovação da ANC.

### 2. Onde encaminhar
O procedimento deve ser feito preferencialmente pelos canais oficiais de atendimento:

*   **Agência de Relacionamento:** É o canal mais indicado. O cliente deve procurar o seu gerente de conta, que é quem possui autonomia para solicitar a reanálise de crédito e a atualização da ANC no sistema.
*   **Gerente de Negócios (PJ ou PF):** Caso o cliente possua um gerente designado, o contato direto com ele é o caminho mais rápido para verificar se há alguma pendência específica ou restrição que possa ser contornada.
*   **Canais Digitais (App ou Internet Banking):** Em alguns casos, o próprio aplicativo oferece a opção de ""Atualizar Cadastro"" ou ""Solicitar Análise de Crédito"". No entanto, se o limite está zerado, a interação humana na agência costuma ser mais eficaz.

### Observações importantes:
1.  **Política de Crédito:** A atualização dos documentos **não garante** a liberação de crédito. O banco realizará uma nova análise baseada no histórico do cliente, comprometimento de renda e score de crédito (interno e externo).
2.  **Restrições:** Verifique se não há apontamentos nos órgãos de proteção ao crédito (SPC/Serasa), pois isso impede a concessão de novos limites, independentemente da atualização cadastral.
3.  **Orientação:** Recomende ao cliente que mantenha a movimentação da conta corrente ativa e concentre o recebimento de salário no banco, o que ajuda a melhorar o relacionamento e a pontuação interna para futuras liberações.","['# POP – Atendimento de Operações de CDC (Crédito Direto ao Consumidor) – Pessoa Física\n### [Versão anonimizada/pseudonimizada para uso acadêmico]\n\n> **Nota metodológica de anonimização:** este documento é uma versão pseudonimizada de uma rotina real de atendimento (SAC) de operações de crédito pessoa física. Foram substituídos: (i) o nome da instituição financeira e de seus canais/site/e-mail; (ii) os nomes de sistemas internos claramente proprietários; (iii) nomes e códigos de convênios de consignação com órgãos públicos; (iv) códigos de prefixo/departamento interno; e (v) números de rotinas/assuntos auxiliares referenciados ao longo do texto — todos substituídos por identificadores fictícios e sequenciais. A lógica processual, as condições, exceções e o fluxo de decisão originais foram mantidos integralmente, o que preserva o valor do documento como exemplo de POP para fins de extração de árvore de decisão. Termos e siglas genéricas do setor bancário (CDC, SAC, Ouvidoria, TAA, URA, FCR, ANC, Token, Identificação Positiva) e referências a normas públicas (Resolução CMN 4.790/2020, INSS) foram mantidos, por não serem exclusivos de uma única instituição.\n\n**Sumário:** Observações iniciais · 1. Consulta geral CDC · 2. Débito da parcela CDC · 3. Simulação/Contratação · 4. Cancelamento de CDC · 5. Liquidação/Amortização · 6. Dificuldade para contratação · 7. Contratação não reconhecida · 8. Limite Especial da Conta · 9. Rotinas auxiliares · 10. Fonte de informação\n\n---\n\n## Observações iniciais\n\na) Esta rotina destina-se ao atendimento das operações de crédito PF listadas no item 2. Para os casos abaixo, consulte rotinas específicas:\n- **FIES:** rotina 50101 – SAC QC – Financiamento Estudantil (FIES)\n- **Financiamento imobiliário:** rotina 50102 – SAC QC – Financiamento Imobiliário\n- **Renegociação de dívidas:** rotina 50103 – SAC QC – Renegociação de Dívidas Pessoa Física e Jurídica\n\nb) **Autorização de Débito em Conta:** a partir de 01/03/2021, para que uma operação seja debitada em conta, é necessária autorização específica do cliente para o débito. Ver informações e procedimentos na rotina 50104.\n\nc) **Canais para contratação de CDC:** [link para os canais de contratação]\n\n---\n\n## 1. Consulta geral CDC\n\nPara verificar as informações da operação, identifique se o consumidor é PF e titular da operação. Em caso de FALHA, RECUSA ou INAPLICABILIDADE de Identificação Positiva (IP), registre ocorrência.\n\n| Demanda | Consulta |\n|---|---|\n| a) Informações gerais do CDC | `SISALFA > CDC > 15 > 18` — em ""Código do Cliente"" pressione F4, inclua o CPF e selecione a operação. Clique em F2 > Outros dados > 4. Cronograma. Principais informações: modalidade do CDC, data de vencimento, parcelas pagas e data de pagamento (mais detalhes no item 2), parcelas a vencer, parcelas em atraso, taxas de juros ou CET. |\n| b) Saldo atualizado total | `SISALFA > CDC > 15 > 18` — mesmo caminho acima; após selecionar a operação, verifique o campo ""Saldo devedor atual"". Esse é o saldo do dia, com atualização diária. |\n| c) Parcelas, valores pagos, juros, datas de pagamento | `SISALFA > CDC > 15 > 18` → Agência/Conta → selecione a operação → F2 → 4. Cronograma → selecione a parcela (""P"" indica pagamento parcial) → F9 (detalhe) → F12/F11 (pagamentos e parcelas). O ""total recebimento parcial"" é o valor recebido naquela parcela. |\n| d) Consultar CDC liquidado, renovado ou excluído | `SISALFA > CDC > 15 > 18`, em ""Código do Cliente"" pressione F4 e insira o CPF — NÃO selecione nenhuma operação e pressione F11. F12 para operações arquivadas. |\n| e) Consulta de cláusulas gerais ou documentos do CDC contratado | Cláusulas gerais consultáveis em: **App Alfa** (Menu > Empréstimos > Contratar empréstimo > Aderir ao contrato); **site institucional**, inclusive para não correntista (Página inicial > Pra você > Empréstimo > Empréstimo pessoal > Contrato de abertura de crédito rotativo); **site institucional (área logada)** (Menu > Empréstimos > Crédito consignado e pessoal > Aderir Contrato de Empréstimo). Documentos do CDC contratado: Extrato de Empréstimo (parcelas pagas/a pagar) — App, site, caixas eletrônicos ou agências; Consolidado Anual (valores por exercício) — site ou agências; 2ª via do comprovante (com taxas) — App ou agências. |\n\n---\n\n## 2. Débito da parcela CDC (data ou valor divergente, duplicidade)\n\nPara identificar o débito questionado, consulte o extrato em `Plataforma de Relacionamento (Operações Contratadas) > Contas > Consultas > Extrato Conta Corrente`. O número da operação consta no campo ""Documento"" (9 dígitos).\n\nSituações possíveis: débito antes/depois do vencimento contratual; valor divergente; duplicidade (folha + conta); débito em conta errada.\n\n**Consulta:** `CDC 15.13` (F4 – CPF) → selecione a operação → F2.4 (cronograma) → selecione a parcela com ""x"" → F9 (detalhar) → F12 (mais informações) → F3 (voltar) e copie o nº da operação → `CDC 13.61` (cole o nº como ""nº contrato"") para ver como ocorreu o pagamento.\n\nSiga então a orientação por modalidade:\n\n### CDC Consignação ou CDC Renovação Consignação\nDébito ocorre na folha de pagamento. a) Se não consignada (ou parcial), o débito ocorrerá total/parcial em conta. b) Se liquidado/renovado mas houve consignação, o estorno é automático em conta em até D+2 dias úteis, exceto para os convênios de código 900001 (INSS — devolução a partir do 5º dia útil) e código 900002 (MPDG — devolução até o 1º dia útil).\n\n1. Consulte a parcela: `CDC 15 > 13 > F2 > 4` (datas); `CDC 15 > 13 > F8 > F9` (mês/ano da folha). *Consig total* = debitada integralmente em folha; *Consig parcial* = debitada parcialmente (verifique o restante em conta); *Não consignada* = sem débito em folha; *Incluída* = ainda não vencida; *Enviada* = empregador não retornou (sem repasse, o débito ocorre em conta).\n2. Confirme a consignação em `SISCONSIG 22 > 01 > 01` (Convênio, Data Prevista, nº Operação — dados em `CDC 15.13`); selecione ""x"" e F9: ""Tipo Lançamento"" *Amortização* = consignado; *Devolução* = não consignado, devolvido à conta.\n3. Preste as informações.\n4. Se o cliente disser que a parcela foi consignada em folha mas também há débito agendado em conta: verifique o extrato (agendado ou debitado); se debitado, verifique devolução; se a data for hoje/próximo dia útil, oriente aguardar o processamento noturno (tende a ser excluído) e encerre em FCR. Se confirmada duplicidade sem estorno, ou se o sistema não mostra consignação mas o cliente afirma o desconto, registre ocorrência e oriente o envio de cópia do contracheque para `sacdocumentos@bancoalfa.com.br`.\n\n> **Crédito do Trabalhador** (identifique pelo campo ""Convênio"" = ""E-Consig PJ"" em `CDC > 15 > 13`): exigir contracheque da competência anterior ao débito (ex.: débito no mês 09 → contracheque do mês 08) e o documento ""Detalhe da guia emitida"" (com a instituição que recebeu o valor) + comprovante de pagamento da guia, fornecidos pela empresa.\n\n### CDC Salário, CDC Benefício e CDC Renovação\nDébito no dia do crédito do salário/benefício, mesmo que divergente do vencimento contratual (cobrança antecipada gera desconto proporcional). Renovação com convênio: débito na data de crédito de proventos; sem convênio: na data de vencimento.\n\n1. Verifique no extrato o recebimento de salário no dia do débito.\n2. Compare a data de débito (`CDC 15 > 13 > F2 > 4`) com a cadastrada em `CDC 24 > 14` e `SISPAG 11 > 13 > 36 > Consulta on line`.\n3. Se ambos ocorrerem após o vencimento do contrato, registre ocorrência.\n4. Preste as informações.\n\n### CDC Automático\nDébito em conta (corrente ou salário) na data de vencimento informada na autorização; há opção de boleto (gerado pelo cliente ou se a autorização foi cancelada).\n\n**Duplicidade:** 1. Verifique boleto pago + débito em conta (`CDC 13 > 61`, ""Forma Pagto"": Rcbto Autom e Boleto Banc); confira estorno (campo ""Dt. Canc."" preenchido = houve estorno). 2. Se confirmada duplicidade sem estorno, estorne em `CDC 13 > 91 > 11 > 6` (o sistema só estorna do mais recente para o mais antigo; se o pagamento em conta foi parcial e só for possível estornar o boleto mais recente, isso deixaria a operação em atraso — nesse caso, estorne primeiro o ""Boleto Bancário"" e depois o ""Recebimento Automático"", só se não houver débitos pendentes). Peça ao supervisor para receber o valor correto em `CDC 13.23`; confirme a data de recebimento retroativo em `CDC 13.61`.\n> Para recebimento por débito em conta em operações contratadas a partir de 01/03/21, é necessária autorização específica do cliente.\n\n### CDC 13º Salário\nDébito em parcela única. **Com convênio:** na data de cobrança (recebimento do 13º, informado pelo empregador) OU no vencimento (30 dias após o crédito do 13º), o que ocorrer primeiro — exceto convênios com 13º vinculado ao aniversário do cliente. **Sem convênio:** na data escolhida na contratação.\n\n- Convênio consta em `SISALFA > CDC 15.13`.\n- **Com convênio:** data de cobrança em `CDC 22 > 10 > 5d` (código de linha 3100; nº convênio em `CDC 15 > 13`); vencimento em `CDC 15 > 13 > F2 > 4`. 1. Informe que o débito ocorre na data de cobrança; se o 13º não for creditado, tenta-se o débito na data de cobrança ou vencimento (o que ocorrer primeiro). 2. Verifique como ocorreu em `CDC 15 > 13 > F2 > 4`. 3. Preste as informações.\n  > **Obs.:** se a data de cobrança mudar por solicitação do empregador, o vencimento pode ser antecipado. *Ex. 1:* cobrança cadastrada 30/06/26 → vencimento 30/07/26; se a cobrança mudar para 30/08/26, cobra-se em 30/07/26 (o que ocorrer primeiro). *Ex. 2:* se o 13º do convênio está vinculado ao mês de aniversário, cobrança e vencimento caem no mês de aniversário do cliente.\n- **Sem convênio:** débito no vencimento (`CDC 15 > 13 > F2 > 4`).\n\n### CDC Antecipação IRPF\nDébito (a) na data prevista do crédito da restituição, ou (b) no vencimento contratual, se o crédito não ocorrer antes.\n1. Informe a regra acima. 2. Consulte `CDC 15 > 13 > F2 > 4`. 3. Preste as informações.\n\n### CDC Antecipação Saque Aniversário FGTS\nLiquidação automática via repasse do FGTS; débito em conta só se o repasse for insuficiente.\n1. Consulte `CDC 15 > 13 > F2 > 4`. 2. Preste as informações.\n\n### Orientações complementares\na) Reclamação de saldo aprovisionado em fim de semana/feriado: explique que, pelas cláusulas gerais do contrato de conta, a liberação de débitos nesses períodos depende do saldo após deduzir débitos programados para o 1º dia útil seguinte.\nb) **Boleto:** algumas linhas permitem gerar boleto (rotina 50107); se houver duplicidade (conta + boleto), estorne como em ""CDC Automático"". Não aplicar esse procedimento a CDC Consignação/Renovação Consignação/FGTS Saque Aniversário se a forma de pagamento foi ""Cta Convênio"" — para forma de pagamento via `SISALFA` ou ""Boleto Bancário"", o estorno é permitido.\nc) Mais informações: ver rotinas auxiliares (item 9).\nd) Se não for possível identificar o motivo, ou o cliente permanecer insatisfeito, registre ocorrência.\n\n---\n\n## 3. Simulação/Contratação de Empréstimos\n\nCDC é um empréstimo pessoal automatizado, pré-aprovado, disponível em conta corrente. Solicitação exclusiva do titular.\n> Se o cliente quiser alterar o vencimento da prestação: após a confirmação do contrato isso não é possível. Alternativa: contratar CDC Renovação (se a linha permitir e houver limite), indicando o vencimento mais adequado.\n\n**Procedimento:** verifique se a Análise de Crédito (ANC) está vigente em `Plataforma de Relacionamento (Operações Contratadas) — aba Limite de Crédito`, campo ""Situação do limite"".\n\n| Status do limite | Procedimento |\n|---|---|\n| Vencida, Impedida, Cancelada, Suspensa, Em transferência, Em estudo, Indeferida, ou Vigente com Limite Total–Margem zerado | Informe que não há limite disponível; o cliente deve ir a qualquer agência com identificação (RG/CPF), comprovante de residência e de renda (emitidos há menos de 90 dias, mesmo que pela internet). Consulte a rotina 50105 para possibilidade de restabelecimento. |\n| Vigente (algum valor em Limite Total–Margem) | Não informe o valor ao cliente. Dentro do horário de atendimento (9h–18h), pergunte se autoriza transferência para a Central de Consultoria em Uso Responsável do Crédito (rotina 50106). Se não autorizar, ou fora do horário, informe as opções: Central de Consultoria; App Alfa > Empréstimo; site > Empréstimo; caixa eletrônico (TAA) > Empréstimo. |\n\n---\n\n## 4. Cancelamento de CDC\n\nCancelamento permitido em até 7 dias corridos (a partir do dia seguinte à liberação do crédito), se contratado por canal de autoatendimento (App, site, caixas eletrônicos ou telefone), pelo titular, autenticado (URA, Token ou Identificação Positiva).\n\n> **Atenção:** o cancelamento da linha 2881 – Crédito Renovação Consignação está restrito ao departamento **DOC – Diretoria de Operações de Crédito** (código 800020) para os convênios: Convênio Especial 01 (700001), 02 (700002), 03 (700003), 04 (700004), 05 (700005), 06 (700006), 07 (700007), 08 (700008), 09 (700009), 10 (700010), 11 (700011), 12 (700012), 13 (700013), 14 (700014), 15 (700015) e 16 (700016). É necessário haver margem suficiente para reaverbação das operações vinculadas à renovação cancelada.\n> O cancelamento da mesma linha para o Convênio Especial 17 (700017) está restrito à **Superintendência Regional III** (código 800030). Ver rotina 50108.\n\nAntes do procedimento, informe o número da operação e que, após o cancelamento, o comando não pode ser desfeito.\n\n### 4.1. Cancelamento de proposta CDC NÃO CONFIRMADA\n`SISRET Y09` — copie o nº da operação (documento, 9 dígitos). `CDC 11.13` → inclua o nº a cancelar. Em ""Exclusão de operação – Confirma?"", responda ""S"". Motivo: ""08 – Exclusão a pedido do cliente – Desistência"". Verifique a mensagem ""Cancelamento da Proposta efetuado em XX/XX/XX às XX:XX:XX por FXXXXX""; se diferente, registre ocorrência.\n> Atenção a operações via Correspondente – LOG 633 ""Operação Novo Fluxo Correspondente/Parceiro Comercial"" (`CDC 15.18.F2.8`). Se pendente de confirmação, registre ocorrência (motivo obrigatório; não oriente o cliente a excluir por autoatendimento).\n\n### 4.2. Cancelamento no MESMO DIA ou DIA ÚTIL SEGUINTE (contratação em dia não útil)\nPermitido para contratações presenciais e não presenciais, todos os canais. Uso do Limite Especial da Conta gera juros e IOF. Cancele em `CDC 14`; se falhar, registre ocorrência.\n\n### 4.3. Cancelamento em até 7 DIAS CORRIDOS (a partir do dia seguinte ao crédito)\n**Via TAA/internet/App/telefone (Duplo Sim):** consulte `CDC 15.18.F2.8` (log) — canal no log 201: *Duplo Sim* → campo ""Ocor"" LOG 201 e 493; *Correspondente* → registre ocorrência. (Contestação: ver item 7.2.)\n**Presencial na agência:** só cancela no mesmo dia (ver item 4.2)! A partir do dia seguinte, só liquidação. Se o cliente relatar falhas, registre ocorrência.\n\nVerifique saldo para o débito (ou ""troco"" nas Renovações — `CDC 15.18.F2.5 Contratos Vinculados` mostrará o `SISCLI`; informe o valor), considerando Limite Especial ou resgates automáticos. Oriente manter saldo (débito à noite); uso do Limite Especial gera juros/IOF. Se discordar, só liquidação/amortização/pagamento. Cancele em `CDC 14`; se falhar, registre ocorrência.\n> No cancelamento de CDC Antecipação Saque Aniversário FGTS, o desbloqueio da garantia é automático. Log ""1120 – Operação Contratada com Parcela Pix"" = produto Alfa Parcela Pix (mesmo procedimento de Duplo Sim).\n\n### 4.4. Cancelamento de REPACTUAÇÃO\n`CDC 15.13`, selecione a operação. Se constar ""Op"" pendente de confirmação, pode excluir; se confirmada, só liquida/paga total.\n> *Convênio Especial 17:* tem repactuação de CDCs consignados com suspensão de cobrança (rotina 50109).\n\n### 4.5. Cancelamento do produto de pagamento parcelado de contas\nVer item 10 da rotina 50110.\n\n### 4.6. Pedido após 7 dias, ou contratação presencial (pedido fora do mesmo dia)\nSó é possível a liquidação.\n> Obs. 1: presencial só cancela no mesmo dia (item 4.2). Obs. 2: exclusivamente para CDC Renovação, se a liquidação antecipada não puder ser feita, registre ocorrência para avaliar cancelamento (informar que o IOF será cobrado em conta). CDC Renovação sem ""troco"" é cancelável se a contratação não foi presencial e o pedido ocorreu em até 7 dias.\n\nCancele em `CDC > 14`. Em caso de erro, registre ocorrência.\n\n---\n\n## 5. Liquidação / Amortização\n\nSolicitação exclusiva do titular.\n\n### 5.1. Amortização/Liquidação ANTECIPADA ou operação EM ATRASO\n**Demanda:** quitação parcial/total antes do vencimento e/ou parcelas em atraso.\n> Pagamento via boleto: emitido em agência, pago no mesmo dia (saldo atualiza diariamente); se não pago no mesmo dia, o mesmo boleto ainda serve, pois o saldo é recalculado.\n\nSe não autenticado (URA/Token/IP), informe os canais. Cancelamento da amortização/liquidação só no mesmo dia, e só com margem disponível (item 5.3). Somente com recursos próprios; há redução proporcional de juros.\n\n**Tipos** (parcelas em atraso sempre em ordem crescente): **Crescente** (da próxima parcela em diante); **Decrescente** (da última parcela para trás); **Linear** (amortiza o saldo total sem alterar o cronograma; recalcula as parcelas a vencer).\n> Linear NÃO permitido para CDC Consignado, nem para operações fora do status ""Normal"", com pagamento parcial, em cobrança, ou com ""Pula-Parcela"". ""Em cobrança"" não aceita nenhuma amortização.\n\n| Necessidade do cliente | Tipo de amortização |\n|---|---|\n| Parar de pagar as próximas prestações por um período | Liquidação antecipada de parcelas integrais, ordem crescente |\n| Amortizar e continuar pagando as próximas prestações | Liquidação antecipada de parcelas integrais, ordem decrescente |\n| Reduzir o valor das prestações em toda a operação | Amortização linear |\n| Liquidar a operação | Quitação total, sempre em ordem crescente |\n\n> No CDC Consignado, pode haver desconto da próxima prestação em folha. Para Consignação/Renovação Consignação, prefira ordem decrescente (evita duplicidade em folha); se o cliente pedir crescente, informe o risco (o valor retorna no vencimento da parcela, se ocorrer).\n\n**Procedimento:** 1. Simule em `CDC 13.11.12`, informe o saldo atual (item 1b). 2. Verifique saldo suficiente (`Plataforma de Relacionamento > Contas > Extrato`), considerando saldo aprovisionado, tarifas pendentes, resgates automáticos e Limite Especial (a critério do cliente, com encargos). 3. Se insuficiente, oriente novo contato; se suficiente, execute em `CDC 13 > 21 > 12` (tipo: parcial/liquidação/linear; quantidade/valor; ordem).\n> Se o sistema indicar ausência de autorização de débito, siga a rotina 50104.\n\n**Leitura obrigatória ao cliente antes da confirmação** (""Sr(a). ___, para sua segurança, faremos a leitura das condições:""):\n- **Parcial/liquidação:** agência/conta; valor base da parcela; encargos por atraso; desconto de antecipação; variação Selic; valor a amortizar; total de parcelas; ordem escolhida.\n- **Linear:** valor base; desconto aproximado; variação Selic; valor da parcela inicial; novo valor da parcela; quantidade de parcelas.\n\nApós a leitura: ""Podemos confirmar a liquidação/amortização?"" (F3, sem impressão). Supervisor confirma em `CDC 13.21.52`. Informar necessidade de saldo em conta. Comprovante: ""o débito ocorre ainda hoje; confirme pelo extrato. Para comprovante detalhado, solicite em qualquer agência o documento \'Demonstrativo de Origem e Evolução de Dívida – Crédito Direto ao Consumidor\'.""\n\n### 5.2. Amortização/liquidação de operações ""EM PERDAS""\nIdentificação: `SISALFA > CDC > 15.13`. **Não informar ao cliente que a operação está em prejuízo.**\na) **Débito em conta:** verifique saldo suficiente (mesmas ressalvas do item 5.1); se insuficiente, oriente novo contato. Liquidação: comando em `CDC 13-34` + confirmação do supervisor em `CDC 13-36`. Amortização parcial: comando em `CDC 13-35` + confirmação do gerente de grupo em `CDC 13-36`.\nb) **Boleto bancário:** registre ocorrência.\n\n### 5.3. Cancelamento da amortização ou liquidação antecipada\nSe só houve o comando do atendente (`CDC 13.21.12`) no mesmo dia: cancele em `CDC 13.91.51`. Se já confirmado pelo supervisor (`CDC 13.21.52`): faça o estorno (item 5.5).\n> O registro do atendente fica pendente de confirmação apenas no mesmo dia; se não confirmado, é excluído automaticamente no dia seguinte.\n\n### 5.4. Liquidação – Desaverbação/Liberação de Margem Consignável\nSe o cliente relatar que liquidou/cancelou mas não houve liberação de margem, ou a parcela segue sendo debitada, registre ocorrência.\n\n### 5.5. Estorno de pagamento antecipado\n**Demanda:** pagamento antes do vencimento, ou débito indevido em conta (ex.: pela agência).\n> Não aplicar a Consignação/Renovação Consignação/FGTS Saque Aniversário se a forma de pagamento foi ""Cta Convênio""; para `SISALFA` ou ""Boleto Bancário"", o estorno é permitido (ver item 2).\n\n1. Analise o motivo (não é permitido estornar e deixar em atraso). 2. Verifique vencimento (`CDC 15.13.F2.4`) e pagamento de salário (`SISPAG 11 > 13 > 36 > Consulta on line`). 3. Se não venceu e não houve crédito de salário, estorno possível (pagamento dentro de 30 dias, operação não atualizada). 4. Estorne em `CDC 13.91.11`. 5. Informe crédito no processamento noturno.\n> Se impossível estornar, ou outra duplicidade não sanável, registre ocorrência.\n\n---\n\n## 6. Dificuldade para contratação\n\n| Situação | Procedimento |\n|---|---|\n| **Renda desatualizada** | Verifique a última atualização; se >12 meses, oriente atualizar via App ou canal de autoatendimento (online; às vezes exige foto do documento, validação em até 3 dias úteis). Após validação, o limite é recalculado automaticamente. |\n| **Contrato do CDC não assinado** | Pergunte se aderiu às Cláusulas Gerais (assinatura da Proposta/Contrato de Adesão). Se sim, prossiga a análise. Se não, informe os canais de adesão: App/site (Empréstimo > Solicitação de Crédito > Assinatura de contrato CDC); caixa eletrônico; agência. |\n| **Acordo de dívida vigente** | Contratação impossibilitada durante a vigência do acordo; após encerrado, pode verificar novamente. |\n| **Não correntista** | Exceto CDC Consignado e Crédito 13º Salário INSS (exigem ANC vigente), as demais linhas exigem conta corrente com ANC vigente. |\n| **Modalidade de conta simplificada (sem linhas de crédito)** | Não permite contratar linhas de crédito; se houver interesse, o cliente faz upgrade da conta pelo app (Menu > Upgrade de Conta), sujeito a análise de crédito na agência. |\n\n---\n\n## 7. Contratação não reconhecida\n\n### 7.1. Falsidade ideológica e fraude\nFraude com uso de documentos falsos para contratar produtos; a vítima costuma descobrir só quando seu CPF/CNPJ sofre restrição por inadimplência. Ver rotina 50111.\n- Falsidade em operação de não correntista: oriente comparecimento a qualquer agência com identificação e boletim de ocorrência.\n- Fraude – demais situações: ver rotina 50112.\n\n### 7.2. Contestação de operações via Correspondente (falha, suspeita de fraude/golpe)\nIndícios de falha ou fraude/golpe (presencial ou Duplo Sim): registre ocorrência e responsabilize a unidade de correspondentes/antifraude (código 800010):\n- **Assunto 50113** — contratação não reconhecida; divergente do solicitado; insatisfação com o contrato/descumprimento; falta de clareza.\n- **Assunto 50114** — suspeita de fraude/golpe: abordagem por suposta empresa vinculada ao banco, internalização por correspondente e transferência de recursos a terceiros pelo cliente.\n- **Assunto 50115** — contestação/suspeita de fraude em operação via Correspondente ainda pendente de confirmação.\n\n> No módulo de SAC e Ouvidoria (assuntos 50113/50114), é obrigatório selecionar o produto/modalidade — só aparecem operações contratadas via Correspondente; caso contrário, o registro não é possível. Ao selecionar a operação, os dados de identificação do correspondente, do CDC e da chave de operação são preenchidos automaticamente (não editáveis).\n\n---\n\n## 8. Limite Especial da Conta\n\n### 8.1. Cancelamento do Limite Especial da Conta\na) Pode ser solicitado a qualquer tempo por qualquer titular.\nb) Ao ser solicitado, sonde o motivo e, se cabível, argumente: sem tarifa; limite disponível para emergências sem custo se não usado; cancelar não garante nova contratação futura; é possível reduzir para R$ 100,00 em vez de cancelar. O cliente não pode estar usando o limite no momento (se estiver, oriente cobrir o saldo). Se aceitar reduzir, siga para 8.2. *(Em Ouvidoria, cancelar direto, sem sondagem.)*\nc) Se decidir manter, encerre em FCR.\nd) Se insistir no cancelamento, verifique viabilidade:\n\n**Procedimento (cliente autenticado por URA/Token/IP):**\n> Não cancelar se o cliente estiver usando o limite; se houver juros/IOF a cobrar, é necessário saldo. Falha de autenticação: registre ocorrência.\n- **Atendente:** confira saldo suficiente (extrato) para limite + juros + IOF (desconsiderar valores provisionados); se insuficiente, peça depósito equivalente e informe que o cancelamento pode ser pedido no SAC/agência após o depósito; encerre em FCR. Cancele na plataforma (`Contas > Limite Especial da Conta PF > Implantação, Alteração, Renovação e Cancelamento > Cancelar > Registrar`) e peça deferimento ao supervisor.\n  > Se aparecer ""(27) Já existe comando de implantação para esta conta."", registre ocorrência. Se aparecer ""já existe solicitação pendente de deferimento"", peça o deferimento ao supervisor; se não localizar ou houver erro, abra ocorrência.\n- **Supervisor:** confirme dados (nome, produto, valor); defira (`Deferimentos e Pendências > Limite Especial da Conta Pessoa > Cancelamento > Deferimento`); confirme para o atendente prosseguir.\n- **Atendente:** informe o cancelamento e a disponibilidade da agência para recontratação futura; encerre e registre FCR. *(Se o supervisor não conseguir deferir, registre ocorrência.)*\n\n### 8.2. Redução do Limite Especial da Conta\na) Se o pedido for por causa da tarifa, esclareça que ela não é cobrada; se insistir, siga abaixo.\nb) Identifique PF e titular da conta.\nc) Cliente autenticado:\n- **Atendente:** verifique saldo suficiente para que a redução não deixe o saldo excedido; se preciso, peça depósito e informe que a redução pode ser pedida via app, WhatsApp, SAC ou agência após o depósito. Modalidade ""Ouro"" (limite ≥ R$ 1.000,00) reduzida para entre R$ 100,00 e R$ 950,00 muda para ""Classic"" (diferenças na rotina 50116). Se o cliente concordar, altere modalidade/limite na plataforma e peça deferimento ao supervisor.\n- **Supervisor:** confirme dados; defira (`Deferimentos e Pendências > Limite Especial da Conta Pessoa Física > Alteração > Deferimento`); confirme para o atendente prosseguir.\n- **Atendente:** informe a redução realizada; para elevar no futuro, indicar app/agência. Encerre e registre FCR. *(Se o supervisor não conseguir deferir, registre ocorrência.)*\n\n### 8.3. Alterar data de débito dos juros\nFalha de autenticação: informe os canais. Acesse `Plataforma > Contas > Limite Especial da Conta PF > Alterar > Tipo de Alteração – ""Dia do débito""` e escolha um dia entre 1 e 28. A alteração só vale a partir do mês seguinte à solicitação.\n\n---\n\n## 9. Rotinas auxiliares (índice de empréstimos)\n\n| Código (anonimizado) | Assunto |\n|---|---|\n| 50107 | CDC – Condições Gerais / Contrato |\n| 50108 | Crédito Consignação e Renovação – Correntista e não correntista |\n| 50118 | Crédito Consignação – INSS |\n| 50119 | Crédito Automático |\n| 50120 | Crédito Benefício |\n| 50121 | Crédito Salário e Salário Funci |\n| 50122 | Crédito Renovação e Renovação Funci |\n| 50123 | Crédito 13º Décimo Terceiro Salário |\n| 50124 | Crédito 13º Décimo Terceiro Salário – Não Correntistas |\n| 50125 | CDC Antecipação Restituição IRPF |\n| 50126 | CDC Antecipação Saque Aniversário FGTS |\n| 50117 | Crédito Parcelamento Cheque Especial (Limite Especial da Conta) |\n| 50104 | Autorização de Débito – Empréstimos, CDC e outros (Resolução CMN 4.790/2020) |\n| 50127 | Crédito do Trabalhador – Novo modelo de Crédito Consignado do Setor Privado |\n| 50128 | Crédito do Trabalhador – Atendimento ao Empregador |\n\n---\n\n## 10. Fonte de informação\n\nDepartamento responsável: **DOC – Diretoria de Operações de Crédito** (código 800020).\n']","Sem limite disponível (ANC vencida/impedida/cancelada ou margem zerada), orientar ida a qualquer agência com RG/CPF e comprovantes de residência e renda de menos de 90 dias; ver rotina 50105 para restabelecimento.",CONDITIONAL_WORKFLOW,10.6558,,0.045454545454545456,0.8138395869017491,1.0,0.9999999999
Cliente contesta CDC contratado via Correspondente com suspeita de golpe e transferência a terceiros. Qual assunto e unidade?,"Para o registro dessa ocorrência, o atendimento deve seguir um fluxo de **segurança e prevenção à fraude**. Como você não tem acesso aos sistemas internos, aqui está a orientação baseada nas melhores práticas bancárias:

### 1. Assunto (Classificação)
O registro deve ser classificado como **""Fraude em Contratação de Crédito""** ou **""Contestação de Operação por Suspeita de Golpe""**.

*   **Palavras-chave para o sistema:** Fraude, Golpe, Contratação Indevida, Correspondente Bancário.

### 2. Unidade (Área Responsável)
A demanda deve ser direcionada para a **Unidade de Prevenção a Fraudes (ou Segurança Corporativa)**.

*   **Por que esta unidade?** Eles possuem ferramentas para rastrear o fluxo do dinheiro (a conta de destino do terceiro), analisar o IP de acesso à contratação e verificar se houve falha na autenticação ou na validação do correspondente bancário.

---

### Recomendações imediatas para o cliente:

1.  **Bloqueio de Acesso:** Solicite o bloqueio imediato do Internet Banking/App e a troca de senhas, caso o cliente tenha fornecido dados a terceiros.
2.  **Boletim de Ocorrência (B.O.):** Oriente o cliente a registrar um B.O. detalhando o ocorrido, mencionando o nome do correspondente e os dados da conta de destino (terceiro).
3.  **Bloqueio de Valores:** Se a transferência foi feita via **PIX**, oriente o cliente a acionar o **MED (Mecanismo Especial de Devolução)** imediatamente através do canal oficial do banco, para tentar reaver os valores na conta do recebedor.
4.  **Formalização:** Certifique-se de que o cliente forneça o máximo de detalhes sobre como o contato com o correspondente foi feito (WhatsApp, telefone, site falso, etc.), pois isso ajuda a área de segurança a identificar se o correspondente foi clonado ou se houve má-fé.

**Nota:** Como se trata de uma suspeita de golpe, o banco deve abrir um processo de investigação interna para apurar se houve falha na segurança da contratação ou se o cliente foi vítima de engenharia social.","['# POP – Atendimento de Operações de CDC (Crédito Direto ao Consumidor) – Pessoa Física\n### [Versão anonimizada/pseudonimizada para uso acadêmico]\n\n> **Nota metodológica de anonimização:** este documento é uma versão pseudonimizada de uma rotina real de atendimento (SAC) de operações de crédito pessoa física. Foram substituídos: (i) o nome da instituição financeira e de seus canais/site/e-mail; (ii) os nomes de sistemas internos claramente proprietários; (iii) nomes e códigos de convênios de consignação com órgãos públicos; (iv) códigos de prefixo/departamento interno; e (v) números de rotinas/assuntos auxiliares referenciados ao longo do texto — todos substituídos por identificadores fictícios e sequenciais. A lógica processual, as condições, exceções e o fluxo de decisão originais foram mantidos integralmente, o que preserva o valor do documento como exemplo de POP para fins de extração de árvore de decisão. Termos e siglas genéricas do setor bancário (CDC, SAC, Ouvidoria, TAA, URA, FCR, ANC, Token, Identificação Positiva) e referências a normas públicas (Resolução CMN 4.790/2020, INSS) foram mantidos, por não serem exclusivos de uma única instituição.\n\n**Sumário:** Observações iniciais · 1. Consulta geral CDC · 2. Débito da parcela CDC · 3. Simulação/Contratação · 4. Cancelamento de CDC · 5. Liquidação/Amortização · 6. Dificuldade para contratação · 7. Contratação não reconhecida · 8. Limite Especial da Conta · 9. Rotinas auxiliares · 10. Fonte de informação\n\n---\n\n## Observações iniciais\n\na) Esta rotina destina-se ao atendimento das operações de crédito PF listadas no item 2. Para os casos abaixo, consulte rotinas específicas:\n- **FIES:** rotina 50101 – SAC QC – Financiamento Estudantil (FIES)\n- **Financiamento imobiliário:** rotina 50102 – SAC QC – Financiamento Imobiliário\n- **Renegociação de dívidas:** rotina 50103 – SAC QC – Renegociação de Dívidas Pessoa Física e Jurídica\n\nb) **Autorização de Débito em Conta:** a partir de 01/03/2021, para que uma operação seja debitada em conta, é necessária autorização específica do cliente para o débito. Ver informações e procedimentos na rotina 50104.\n\nc) **Canais para contratação de CDC:** [link para os canais de contratação]\n\n---\n\n## 1. Consulta geral CDC\n\nPara verificar as informações da operação, identifique se o consumidor é PF e titular da operação. Em caso de FALHA, RECUSA ou INAPLICABILIDADE de Identificação Positiva (IP), registre ocorrência.\n\n| Demanda | Consulta |\n|---|---|\n| a) Informações gerais do CDC | `SISALFA > CDC > 15 > 18` — em ""Código do Cliente"" pressione F4, inclua o CPF e selecione a operação. Clique em F2 > Outros dados > 4. Cronograma. Principais informações: modalidade do CDC, data de vencimento, parcelas pagas e data de pagamento (mais detalhes no item 2), parcelas a vencer, parcelas em atraso, taxas de juros ou CET. |\n| b) Saldo atualizado total | `SISALFA > CDC > 15 > 18` — mesmo caminho acima; após selecionar a operação, verifique o campo ""Saldo devedor atual"". Esse é o saldo do dia, com atualização diária. |\n| c) Parcelas, valores pagos, juros, datas de pagamento | `SISALFA > CDC > 15 > 18` → Agência/Conta → selecione a operação → F2 → 4. Cronograma → selecione a parcela (""P"" indica pagamento parcial) → F9 (detalhe) → F12/F11 (pagamentos e parcelas). O ""total recebimento parcial"" é o valor recebido naquela parcela. |\n| d) Consultar CDC liquidado, renovado ou excluído | `SISALFA > CDC > 15 > 18`, em ""Código do Cliente"" pressione F4 e insira o CPF — NÃO selecione nenhuma operação e pressione F11. F12 para operações arquivadas. |\n| e) Consulta de cláusulas gerais ou documentos do CDC contratado | Cláusulas gerais consultáveis em: **App Alfa** (Menu > Empréstimos > Contratar empréstimo > Aderir ao contrato); **site institucional**, inclusive para não correntista (Página inicial > Pra você > Empréstimo > Empréstimo pessoal > Contrato de abertura de crédito rotativo); **site institucional (área logada)** (Menu > Empréstimos > Crédito consignado e pessoal > Aderir Contrato de Empréstimo). Documentos do CDC contratado: Extrato de Empréstimo (parcelas pagas/a pagar) — App, site, caixas eletrônicos ou agências; Consolidado Anual (valores por exercício) — site ou agências; 2ª via do comprovante (com taxas) — App ou agências. |\n\n---\n\n## 2. Débito da parcela CDC (data ou valor divergente, duplicidade)\n\nPara identificar o débito questionado, consulte o extrato em `Plataforma de Relacionamento (Operações Contratadas) > Contas > Consultas > Extrato Conta Corrente`. O número da operação consta no campo ""Documento"" (9 dígitos).\n\nSituações possíveis: débito antes/depois do vencimento contratual; valor divergente; duplicidade (folha + conta); débito em conta errada.\n\n**Consulta:** `CDC 15.13` (F4 – CPF) → selecione a operação → F2.4 (cronograma) → selecione a parcela com ""x"" → F9 (detalhar) → F12 (mais informações) → F3 (voltar) e copie o nº da operação → `CDC 13.61` (cole o nº como ""nº contrato"") para ver como ocorreu o pagamento.\n\nSiga então a orientação por modalidade:\n\n### CDC Consignação ou CDC Renovação Consignação\nDébito ocorre na folha de pagamento. a) Se não consignada (ou parcial), o débito ocorrerá total/parcial em conta. b) Se liquidado/renovado mas houve consignação, o estorno é automático em conta em até D+2 dias úteis, exceto para os convênios de código 900001 (INSS — devolução a partir do 5º dia útil) e código 900002 (MPDG — devolução até o 1º dia útil).\n\n1. Consulte a parcela: `CDC 15 > 13 > F2 > 4` (datas); `CDC 15 > 13 > F8 > F9` (mês/ano da folha). *Consig total* = debitada integralmente em folha; *Consig parcial* = debitada parcialmente (verifique o restante em conta); *Não consignada* = sem débito em folha; *Incluída* = ainda não vencida; *Enviada* = empregador não retornou (sem repasse, o débito ocorre em conta).\n2. Confirme a consignação em `SISCONSIG 22 > 01 > 01` (Convênio, Data Prevista, nº Operação — dados em `CDC 15.13`); selecione ""x"" e F9: ""Tipo Lançamento"" *Amortização* = consignado; *Devolução* = não consignado, devolvido à conta.\n3. Preste as informações.\n4. Se o cliente disser que a parcela foi consignada em folha mas também há débito agendado em conta: verifique o extrato (agendado ou debitado); se debitado, verifique devolução; se a data for hoje/próximo dia útil, oriente aguardar o processamento noturno (tende a ser excluído) e encerre em FCR. Se confirmada duplicidade sem estorno, ou se o sistema não mostra consignação mas o cliente afirma o desconto, registre ocorrência e oriente o envio de cópia do contracheque para `sacdocumentos@bancoalfa.com.br`.\n\n> **Crédito do Trabalhador** (identifique pelo campo ""Convênio"" = ""E-Consig PJ"" em `CDC > 15 > 13`): exigir contracheque da competência anterior ao débito (ex.: débito no mês 09 → contracheque do mês 08) e o documento ""Detalhe da guia emitida"" (com a instituição que recebeu o valor) + comprovante de pagamento da guia, fornecidos pela empresa.\n\n### CDC Salário, CDC Benefício e CDC Renovação\nDébito no dia do crédito do salário/benefício, mesmo que divergente do vencimento contratual (cobrança antecipada gera desconto proporcional). Renovação com convênio: débito na data de crédito de proventos; sem convênio: na data de vencimento.\n\n1. Verifique no extrato o recebimento de salário no dia do débito.\n2. Compare a data de débito (`CDC 15 > 13 > F2 > 4`) com a cadastrada em `CDC 24 > 14` e `SISPAG 11 > 13 > 36 > Consulta on line`.\n3. Se ambos ocorrerem após o vencimento do contrato, registre ocorrência.\n4. Preste as informações.\n\n### CDC Automático\nDébito em conta (corrente ou salário) na data de vencimento informada na autorização; há opção de boleto (gerado pelo cliente ou se a autorização foi cancelada).\n\n**Duplicidade:** 1. Verifique boleto pago + débito em conta (`CDC 13 > 61`, ""Forma Pagto"": Rcbto Autom e Boleto Banc); confira estorno (campo ""Dt. Canc."" preenchido = houve estorno). 2. Se confirmada duplicidade sem estorno, estorne em `CDC 13 > 91 > 11 > 6` (o sistema só estorna do mais recente para o mais antigo; se o pagamento em conta foi parcial e só for possível estornar o boleto mais recente, isso deixaria a operação em atraso — nesse caso, estorne primeiro o ""Boleto Bancário"" e depois o ""Recebimento Automático"", só se não houver débitos pendentes). Peça ao supervisor para receber o valor correto em `CDC 13.23`; confirme a data de recebimento retroativo em `CDC 13.61`.\n> Para recebimento por débito em conta em operações contratadas a partir de 01/03/21, é necessária autorização específica do cliente.\n\n### CDC 13º Salário\nDébito em parcela única. **Com convênio:** na data de cobrança (recebimento do 13º, informado pelo empregador) OU no vencimento (30 dias após o crédito do 13º), o que ocorrer primeiro — exceto convênios com 13º vinculado ao aniversário do cliente. **Sem convênio:** na data escolhida na contratação.\n\n- Convênio consta em `SISALFA > CDC 15.13`.\n- **Com convênio:** data de cobrança em `CDC 22 > 10 > 5d` (código de linha 3100; nº convênio em `CDC 15 > 13`); vencimento em `CDC 15 > 13 > F2 > 4`. 1. Informe que o débito ocorre na data de cobrança; se o 13º não for creditado, tenta-se o débito na data de cobrança ou vencimento (o que ocorrer primeiro). 2. Verifique como ocorreu em `CDC 15 > 13 > F2 > 4`. 3. Preste as informações.\n  > **Obs.:** se a data de cobrança mudar por solicitação do empregador, o vencimento pode ser antecipado. *Ex. 1:* cobrança cadastrada 30/06/26 → vencimento 30/07/26; se a cobrança mudar para 30/08/26, cobra-se em 30/07/26 (o que ocorrer primeiro). *Ex. 2:* se o 13º do convênio está vinculado ao mês de aniversário, cobrança e vencimento caem no mês de aniversário do cliente.\n- **Sem convênio:** débito no vencimento (`CDC 15 > 13 > F2 > 4`).\n\n### CDC Antecipação IRPF\nDébito (a) na data prevista do crédito da restituição, ou (b) no vencimento contratual, se o crédito não ocorrer antes.\n1. Informe a regra acima. 2. Consulte `CDC 15 > 13 > F2 > 4`. 3. Preste as informações.\n\n### CDC Antecipação Saque Aniversário FGTS\nLiquidação automática via repasse do FGTS; débito em conta só se o repasse for insuficiente.\n1. Consulte `CDC 15 > 13 > F2 > 4`. 2. Preste as informações.\n\n### Orientações complementares\na) Reclamação de saldo aprovisionado em fim de semana/feriado: explique que, pelas cláusulas gerais do contrato de conta, a liberação de débitos nesses períodos depende do saldo após deduzir débitos programados para o 1º dia útil seguinte.\nb) **Boleto:** algumas linhas permitem gerar boleto (rotina 50107); se houver duplicidade (conta + boleto), estorne como em ""CDC Automático"". Não aplicar esse procedimento a CDC Consignação/Renovação Consignação/FGTS Saque Aniversário se a forma de pagamento foi ""Cta Convênio"" — para forma de pagamento via `SISALFA` ou ""Boleto Bancário"", o estorno é permitido.\nc) Mais informações: ver rotinas auxiliares (item 9).\nd) Se não for possível identificar o motivo, ou o cliente permanecer insatisfeito, registre ocorrência.\n\n---\n\n## 3. Simulação/Contratação de Empréstimos\n\nCDC é um empréstimo pessoal automatizado, pré-aprovado, disponível em conta corrente. Solicitação exclusiva do titular.\n> Se o cliente quiser alterar o vencimento da prestação: após a confirmação do contrato isso não é possível. Alternativa: contratar CDC Renovação (se a linha permitir e houver limite), indicando o vencimento mais adequado.\n\n**Procedimento:** verifique se a Análise de Crédito (ANC) está vigente em `Plataforma de Relacionamento (Operações Contratadas) — aba Limite de Crédito`, campo ""Situação do limite"".\n\n| Status do limite | Procedimento |\n|---|---|\n| Vencida, Impedida, Cancelada, Suspensa, Em transferência, Em estudo, Indeferida, ou Vigente com Limite Total–Margem zerado | Informe que não há limite disponível; o cliente deve ir a qualquer agência com identificação (RG/CPF), comprovante de residência e de renda (emitidos há menos de 90 dias, mesmo que pela internet). Consulte a rotina 50105 para possibilidade de restabelecimento. |\n| Vigente (algum valor em Limite Total–Margem) | Não informe o valor ao cliente. Dentro do horário de atendimento (9h–18h), pergunte se autoriza transferência para a Central de Consultoria em Uso Responsável do Crédito (rotina 50106). Se não autorizar, ou fora do horário, informe as opções: Central de Consultoria; App Alfa > Empréstimo; site > Empréstimo; caixa eletrônico (TAA) > Empréstimo. |\n\n---\n\n## 4. Cancelamento de CDC\n\nCancelamento permitido em até 7 dias corridos (a partir do dia seguinte à liberação do crédito), se contratado por canal de autoatendimento (App, site, caixas eletrônicos ou telefone), pelo titular, autenticado (URA, Token ou Identificação Positiva).\n\n> **Atenção:** o cancelamento da linha 2881 – Crédito Renovação Consignação está restrito ao departamento **DOC – Diretoria de Operações de Crédito** (código 800020) para os convênios: Convênio Especial 01 (700001), 02 (700002), 03 (700003), 04 (700004), 05 (700005), 06 (700006), 07 (700007), 08 (700008), 09 (700009), 10 (700010), 11 (700011), 12 (700012), 13 (700013), 14 (700014), 15 (700015) e 16 (700016). É necessário haver margem suficiente para reaverbação das operações vinculadas à renovação cancelada.\n> O cancelamento da mesma linha para o Convênio Especial 17 (700017) está restrito à **Superintendência Regional III** (código 800030). Ver rotina 50108.\n\nAntes do procedimento, informe o número da operação e que, após o cancelamento, o comando não pode ser desfeito.\n\n### 4.1. Cancelamento de proposta CDC NÃO CONFIRMADA\n`SISRET Y09` — copie o nº da operação (documento, 9 dígitos). `CDC 11.13` → inclua o nº a cancelar. Em ""Exclusão de operação – Confirma?"", responda ""S"". Motivo: ""08 – Exclusão a pedido do cliente – Desistência"". Verifique a mensagem ""Cancelamento da Proposta efetuado em XX/XX/XX às XX:XX:XX por FXXXXX""; se diferente, registre ocorrência.\n> Atenção a operações via Correspondente – LOG 633 ""Operação Novo Fluxo Correspondente/Parceiro Comercial"" (`CDC 15.18.F2.8`). Se pendente de confirmação, registre ocorrência (motivo obrigatório; não oriente o cliente a excluir por autoatendimento).\n\n### 4.2. Cancelamento no MESMO DIA ou DIA ÚTIL SEGUINTE (contratação em dia não útil)\nPermitido para contratações presenciais e não presenciais, todos os canais. Uso do Limite Especial da Conta gera juros e IOF. Cancele em `CDC 14`; se falhar, registre ocorrência.\n\n### 4.3. Cancelamento em até 7 DIAS CORRIDOS (a partir do dia seguinte ao crédito)\n**Via TAA/internet/App/telefone (Duplo Sim):** consulte `CDC 15.18.F2.8` (log) — canal no log 201: *Duplo Sim* → campo ""Ocor"" LOG 201 e 493; *Correspondente* → registre ocorrência. (Contestação: ver item 7.2.)\n**Presencial na agência:** só cancela no mesmo dia (ver item 4.2)! A partir do dia seguinte, só liquidação. Se o cliente relatar falhas, registre ocorrência.\n\nVerifique saldo para o débito (ou ""troco"" nas Renovações — `CDC 15.18.F2.5 Contratos Vinculados` mostrará o `SISCLI`; informe o valor), considerando Limite Especial ou resgates automáticos. Oriente manter saldo (débito à noite); uso do Limite Especial gera juros/IOF. Se discordar, só liquidação/amortização/pagamento. Cancele em `CDC 14`; se falhar, registre ocorrência.\n> No cancelamento de CDC Antecipação Saque Aniversário FGTS, o desbloqueio da garantia é automático. Log ""1120 – Operação Contratada com Parcela Pix"" = produto Alfa Parcela Pix (mesmo procedimento de Duplo Sim).\n\n### 4.4. Cancelamento de REPACTUAÇÃO\n`CDC 15.13`, selecione a operação. Se constar ""Op"" pendente de confirmação, pode excluir; se confirmada, só liquida/paga total.\n> *Convênio Especial 17:* tem repactuação de CDCs consignados com suspensão de cobrança (rotina 50109).\n\n### 4.5. Cancelamento do produto de pagamento parcelado de contas\nVer item 10 da rotina 50110.\n\n### 4.6. Pedido após 7 dias, ou contratação presencial (pedido fora do mesmo dia)\nSó é possível a liquidação.\n> Obs. 1: presencial só cancela no mesmo dia (item 4.2). Obs. 2: exclusivamente para CDC Renovação, se a liquidação antecipada não puder ser feita, registre ocorrência para avaliar cancelamento (informar que o IOF será cobrado em conta). CDC Renovação sem ""troco"" é cancelável se a contratação não foi presencial e o pedido ocorreu em até 7 dias.\n\nCancele em `CDC > 14`. Em caso de erro, registre ocorrência.\n\n---\n\n## 5. Liquidação / Amortização\n\nSolicitação exclusiva do titular.\n\n### 5.1. Amortização/Liquidação ANTECIPADA ou operação EM ATRASO\n**Demanda:** quitação parcial/total antes do vencimento e/ou parcelas em atraso.\n> Pagamento via boleto: emitido em agência, pago no mesmo dia (saldo atualiza diariamente); se não pago no mesmo dia, o mesmo boleto ainda serve, pois o saldo é recalculado.\n\nSe não autenticado (URA/Token/IP), informe os canais. Cancelamento da amortização/liquidação só no mesmo dia, e só com margem disponível (item 5.3). Somente com recursos próprios; há redução proporcional de juros.\n\n**Tipos** (parcelas em atraso sempre em ordem crescente): **Crescente** (da próxima parcela em diante); **Decrescente** (da última parcela para trás); **Linear** (amortiza o saldo total sem alterar o cronograma; recalcula as parcelas a vencer).\n> Linear NÃO permitido para CDC Consignado, nem para operações fora do status ""Normal"", com pagamento parcial, em cobrança, ou com ""Pula-Parcela"". ""Em cobrança"" não aceita nenhuma amortização.\n\n| Necessidade do cliente | Tipo de amortização |\n|---|---|\n| Parar de pagar as próximas prestações por um período | Liquidação antecipada de parcelas integrais, ordem crescente |\n| Amortizar e continuar pagando as próximas prestações | Liquidação antecipada de parcelas integrais, ordem decrescente |\n| Reduzir o valor das prestações em toda a operação | Amortização linear |\n| Liquidar a operação | Quitação total, sempre em ordem crescente |\n\n> No CDC Consignado, pode haver desconto da próxima prestação em folha. Para Consignação/Renovação Consignação, prefira ordem decrescente (evita duplicidade em folha); se o cliente pedir crescente, informe o risco (o valor retorna no vencimento da parcela, se ocorrer).\n\n**Procedimento:** 1. Simule em `CDC 13.11.12`, informe o saldo atual (item 1b). 2. Verifique saldo suficiente (`Plataforma de Relacionamento > Contas > Extrato`), considerando saldo aprovisionado, tarifas pendentes, resgates automáticos e Limite Especial (a critério do cliente, com encargos). 3. Se insuficiente, oriente novo contato; se suficiente, execute em `CDC 13 > 21 > 12` (tipo: parcial/liquidação/linear; quantidade/valor; ordem).\n> Se o sistema indicar ausência de autorização de débito, siga a rotina 50104.\n\n**Leitura obrigatória ao cliente antes da confirmação** (""Sr(a). ___, para sua segurança, faremos a leitura das condições:""):\n- **Parcial/liquidação:** agência/conta; valor base da parcela; encargos por atraso; desconto de antecipação; variação Selic; valor a amortizar; total de parcelas; ordem escolhida.\n- **Linear:** valor base; desconto aproximado; variação Selic; valor da parcela inicial; novo valor da parcela; quantidade de parcelas.\n\nApós a leitura: ""Podemos confirmar a liquidação/amortização?"" (F3, sem impressão). Supervisor confirma em `CDC 13.21.52`. Informar necessidade de saldo em conta. Comprovante: ""o débito ocorre ainda hoje; confirme pelo extrato. Para comprovante detalhado, solicite em qualquer agência o documento \'Demonstrativo de Origem e Evolução de Dívida – Crédito Direto ao Consumidor\'.""\n\n### 5.2. Amortização/liquidação de operações ""EM PERDAS""\nIdentificação: `SISALFA > CDC > 15.13`. **Não informar ao cliente que a operação está em prejuízo.**\na) **Débito em conta:** verifique saldo suficiente (mesmas ressalvas do item 5.1); se insuficiente, oriente novo contato. Liquidação: comando em `CDC 13-34` + confirmação do supervisor em `CDC 13-36`. Amortização parcial: comando em `CDC 13-35` + confirmação do gerente de grupo em `CDC 13-36`.\nb) **Boleto bancário:** registre ocorrência.\n\n### 5.3. Cancelamento da amortização ou liquidação antecipada\nSe só houve o comando do atendente (`CDC 13.21.12`) no mesmo dia: cancele em `CDC 13.91.51`. Se já confirmado pelo supervisor (`CDC 13.21.52`): faça o estorno (item 5.5).\n> O registro do atendente fica pendente de confirmação apenas no mesmo dia; se não confirmado, é excluído automaticamente no dia seguinte.\n\n### 5.4. Liquidação – Desaverbação/Liberação de Margem Consignável\nSe o cliente relatar que liquidou/cancelou mas não houve liberação de margem, ou a parcela segue sendo debitada, registre ocorrência.\n\n### 5.5. Estorno de pagamento antecipado\n**Demanda:** pagamento antes do vencimento, ou débito indevido em conta (ex.: pela agência).\n> Não aplicar a Consignação/Renovação Consignação/FGTS Saque Aniversário se a forma de pagamento foi ""Cta Convênio""; para `SISALFA` ou ""Boleto Bancário"", o estorno é permitido (ver item 2).\n\n1. Analise o motivo (não é permitido estornar e deixar em atraso). 2. Verifique vencimento (`CDC 15.13.F2.4`) e pagamento de salário (`SISPAG 11 > 13 > 36 > Consulta on line`). 3. Se não venceu e não houve crédito de salário, estorno possível (pagamento dentro de 30 dias, operação não atualizada). 4. Estorne em `CDC 13.91.11`. 5. Informe crédito no processamento noturno.\n> Se impossível estornar, ou outra duplicidade não sanável, registre ocorrência.\n\n---\n\n## 6. Dificuldade para contratação\n\n| Situação | Procedimento |\n|---|---|\n| **Renda desatualizada** | Verifique a última atualização; se >12 meses, oriente atualizar via App ou canal de autoatendimento (online; às vezes exige foto do documento, validação em até 3 dias úteis). Após validação, o limite é recalculado automaticamente. |\n| **Contrato do CDC não assinado** | Pergunte se aderiu às Cláusulas Gerais (assinatura da Proposta/Contrato de Adesão). Se sim, prossiga a análise. Se não, informe os canais de adesão: App/site (Empréstimo > Solicitação de Crédito > Assinatura de contrato CDC); caixa eletrônico; agência. |\n| **Acordo de dívida vigente** | Contratação impossibilitada durante a vigência do acordo; após encerrado, pode verificar novamente. |\n| **Não correntista** | Exceto CDC Consignado e Crédito 13º Salário INSS (exigem ANC vigente), as demais linhas exigem conta corrente com ANC vigente. |\n| **Modalidade de conta simplificada (sem linhas de crédito)** | Não permite contratar linhas de crédito; se houver interesse, o cliente faz upgrade da conta pelo app (Menu > Upgrade de Conta), sujeito a análise de crédito na agência. |\n\n---\n\n## 7. Contratação não reconhecida\n\n### 7.1. Falsidade ideológica e fraude\nFraude com uso de documentos falsos para contratar produtos; a vítima costuma descobrir só quando seu CPF/CNPJ sofre restrição por inadimplência. Ver rotina 50111.\n- Falsidade em operação de não correntista: oriente comparecimento a qualquer agência com identificação e boletim de ocorrência.\n- Fraude – demais situações: ver rotina 50112.\n\n### 7.2. Contestação de operações via Correspondente (falha, suspeita de fraude/golpe)\nIndícios de falha ou fraude/golpe (presencial ou Duplo Sim): registre ocorrência e responsabilize a unidade de correspondentes/antifraude (código 800010):\n- **Assunto 50113** — contratação não reconhecida; divergente do solicitado; insatisfação com o contrato/descumprimento; falta de clareza.\n- **Assunto 50114** — suspeita de fraude/golpe: abordagem por suposta empresa vinculada ao banco, internalização por correspondente e transferência de recursos a terceiros pelo cliente.\n- **Assunto 50115** — contestação/suspeita de fraude em operação via Correspondente ainda pendente de confirmação.\n\n> No módulo de SAC e Ouvidoria (assuntos 50113/50114), é obrigatório selecionar o produto/modalidade — só aparecem operações contratadas via Correspondente; caso contrário, o registro não é possível. Ao selecionar a operação, os dados de identificação do correspondente, do CDC e da chave de operação são preenchidos automaticamente (não editáveis).\n\n---\n\n## 8. Limite Especial da Conta\n\n### 8.1. Cancelamento do Limite Especial da Conta\na) Pode ser solicitado a qualquer tempo por qualquer titular.\nb) Ao ser solicitado, sonde o motivo e, se cabível, argumente: sem tarifa; limite disponível para emergências sem custo se não usado; cancelar não garante nova contratação futura; é possível reduzir para R$ 100,00 em vez de cancelar. O cliente não pode estar usando o limite no momento (se estiver, oriente cobrir o saldo). Se aceitar reduzir, siga para 8.2. *(Em Ouvidoria, cancelar direto, sem sondagem.)*\nc) Se decidir manter, encerre em FCR.\nd) Se insistir no cancelamento, verifique viabilidade:\n\n**Procedimento (cliente autenticado por URA/Token/IP):**\n> Não cancelar se o cliente estiver usando o limite; se houver juros/IOF a cobrar, é necessário saldo. Falha de autenticação: registre ocorrência.\n- **Atendente:** confira saldo suficiente (extrato) para limite + juros + IOF (desconsiderar valores provisionados); se insuficiente, peça depósito equivalente e informe que o cancelamento pode ser pedido no SAC/agência após o depósito; encerre em FCR. Cancele na plataforma (`Contas > Limite Especial da Conta PF > Implantação, Alteração, Renovação e Cancelamento > Cancelar > Registrar`) e peça deferimento ao supervisor.\n  > Se aparecer ""(27) Já existe comando de implantação para esta conta."", registre ocorrência. Se aparecer ""já existe solicitação pendente de deferimento"", peça o deferimento ao supervisor; se não localizar ou houver erro, abra ocorrência.\n- **Supervisor:** confirme dados (nome, produto, valor); defira (`Deferimentos e Pendências > Limite Especial da Conta Pessoa > Cancelamento > Deferimento`); confirme para o atendente prosseguir.\n- **Atendente:** informe o cancelamento e a disponibilidade da agência para recontratação futura; encerre e registre FCR. *(Se o supervisor não conseguir deferir, registre ocorrência.)*\n\n### 8.2. Redução do Limite Especial da Conta\na) Se o pedido for por causa da tarifa, esclareça que ela não é cobrada; se insistir, siga abaixo.\nb) Identifique PF e titular da conta.\nc) Cliente autenticado:\n- **Atendente:** verifique saldo suficiente para que a redução não deixe o saldo excedido; se preciso, peça depósito e informe que a redução pode ser pedida via app, WhatsApp, SAC ou agência após o depósito. Modalidade ""Ouro"" (limite ≥ R$ 1.000,00) reduzida para entre R$ 100,00 e R$ 950,00 muda para ""Classic"" (diferenças na rotina 50116). Se o cliente concordar, altere modalidade/limite na plataforma e peça deferimento ao supervisor.\n- **Supervisor:** confirme dados; defira (`Deferimentos e Pendências > Limite Especial da Conta Pessoa Física > Alteração > Deferimento`); confirme para o atendente prosseguir.\n- **Atendente:** informe a redução realizada; para elevar no futuro, indicar app/agência. Encerre e registre FCR. *(Se o supervisor não conseguir deferir, registre ocorrência.)*\n\n### 8.3. Alterar data de débito dos juros\nFalha de autenticação: informe os canais. Acesse `Plataforma > Contas > Limite Especial da Conta PF > Alterar > Tipo de Alteração – ""Dia do débito""` e escolha um dia entre 1 e 28. A alteração só vale a partir do mês seguinte à solicitação.\n\n---\n\n## 9. Rotinas auxiliares (índice de empréstimos)\n\n| Código (anonimizado) | Assunto |\n|---|---|\n| 50107 | CDC – Condições Gerais / Contrato |\n| 50108 | Crédito Consignação e Renovação – Correntista e não correntista |\n| 50118 | Crédito Consignação – INSS |\n| 50119 | Crédito Automático |\n| 50120 | Crédito Benefício |\n| 50121 | Crédito Salário e Salário Funci |\n| 50122 | Crédito Renovação e Renovação Funci |\n| 50123 | Crédito 13º Décimo Terceiro Salário |\n| 50124 | Crédito 13º Décimo Terceiro Salário – Não Correntistas |\n| 50125 | CDC Antecipação Restituição IRPF |\n| 50126 | CDC Antecipação Saque Aniversário FGTS |\n| 50117 | Crédito Parcelamento Cheque Especial (Limite Especial da Conta) |\n| 50104 | Autorização de Débito – Empréstimos, CDC e outros (Resolução CMN 4.790/2020) |\n| 50127 | Crédito do Trabalhador – Novo modelo de Crédito Consignado do Setor Privado |\n| 50128 | Crédito do Trabalhador – Atendimento ao Empregador |\n\n---\n\n## 10. Fonte de informação\n\nDepartamento responsável: **DOC – Diretoria de Operações de Crédito** (código 800020).\n']","Registrar ocorrência e responsabilizar correspondentes/antifraude (800010): assunto 50113 para não reconhecida/divergente, 50114 para suspeita de fraude/golpe com transferência a terceiros, 50115 para pendente de confirmação. Produto/modalidade obrigatório no registro.",ROLE_RESTRICTION,3.5586,,0.047619047619047616,0.719615582367412,1.0,0.9999999999
Correntista usando o Limite Especial pede cancelamento imediato. O atendente pode cancelar?,"Sim, o atendente pode realizar o cancelamento do Limite Especial (cheque especial) a pedido do cliente, mas é importante observar alguns pontos fundamentais:

1.  **Uso do Limite:** Se o cliente estiver com o limite utilizado (saldo devedor), o cancelamento não pode ser processado imediatamente da mesma forma que uma conta sem uso. O banco geralmente exige que o saldo seja regularizado (o cliente pague o que deve) para que a linha de crédito seja encerrada.
2.  **Processo de Cancelamento:** O cancelamento é um direito do consumidor. Se o cliente não possui saldo devedor, o atendente deve processar o cancelamento no sistema. Se houver saldo devedor, o atendente deve orientar o cliente sobre como quitar a dívida para que o limite seja removido.
3.  **Impacto no Crédito:** Ao cancelar o limite, o cliente perde a disponibilidade imediata desse crédito. É importante que o atendente confirme se o cliente está ciente de que, após o cancelamento, eventuais débitos em conta que ultrapassem o saldo disponível serão recusados (o que pode gerar devolução de cheques ou falha em pagamentos automáticos).
4.  **Formalização:** O banco deve fornecer um protocolo de atendimento confirmando a solicitação.

**Resumo:** O atendente tem autonomia para cancelar, mas se houver saldo devedor, o cancelamento fica condicionado à quitação do débito. Se a conta estiver positiva, o cancelamento deve ser imediato.","['# POP – Atendimento de Operações de CDC (Crédito Direto ao Consumidor) – Pessoa Física\n### [Versão anonimizada/pseudonimizada para uso acadêmico]\n\n> **Nota metodológica de anonimização:** este documento é uma versão pseudonimizada de uma rotina real de atendimento (SAC) de operações de crédito pessoa física. Foram substituídos: (i) o nome da instituição financeira e de seus canais/site/e-mail; (ii) os nomes de sistemas internos claramente proprietários; (iii) nomes e códigos de convênios de consignação com órgãos públicos; (iv) códigos de prefixo/departamento interno; e (v) números de rotinas/assuntos auxiliares referenciados ao longo do texto — todos substituídos por identificadores fictícios e sequenciais. A lógica processual, as condições, exceções e o fluxo de decisão originais foram mantidos integralmente, o que preserva o valor do documento como exemplo de POP para fins de extração de árvore de decisão. Termos e siglas genéricas do setor bancário (CDC, SAC, Ouvidoria, TAA, URA, FCR, ANC, Token, Identificação Positiva) e referências a normas públicas (Resolução CMN 4.790/2020, INSS) foram mantidos, por não serem exclusivos de uma única instituição.\n\n**Sumário:** Observações iniciais · 1. Consulta geral CDC · 2. Débito da parcela CDC · 3. Simulação/Contratação · 4. Cancelamento de CDC · 5. Liquidação/Amortização · 6. Dificuldade para contratação · 7. Contratação não reconhecida · 8. Limite Especial da Conta · 9. Rotinas auxiliares · 10. Fonte de informação\n\n---\n\n## Observações iniciais\n\na) Esta rotina destina-se ao atendimento das operações de crédito PF listadas no item 2. Para os casos abaixo, consulte rotinas específicas:\n- **FIES:** rotina 50101 – SAC QC – Financiamento Estudantil (FIES)\n- **Financiamento imobiliário:** rotina 50102 – SAC QC – Financiamento Imobiliário\n- **Renegociação de dívidas:** rotina 50103 – SAC QC – Renegociação de Dívidas Pessoa Física e Jurídica\n\nb) **Autorização de Débito em Conta:** a partir de 01/03/2021, para que uma operação seja debitada em conta, é necessária autorização específica do cliente para o débito. Ver informações e procedimentos na rotina 50104.\n\nc) **Canais para contratação de CDC:** [link para os canais de contratação]\n\n---\n\n## 1. Consulta geral CDC\n\nPara verificar as informações da operação, identifique se o consumidor é PF e titular da operação. Em caso de FALHA, RECUSA ou INAPLICABILIDADE de Identificação Positiva (IP), registre ocorrência.\n\n| Demanda | Consulta |\n|---|---|\n| a) Informações gerais do CDC | `SISALFA > CDC > 15 > 18` — em ""Código do Cliente"" pressione F4, inclua o CPF e selecione a operação. Clique em F2 > Outros dados > 4. Cronograma. Principais informações: modalidade do CDC, data de vencimento, parcelas pagas e data de pagamento (mais detalhes no item 2), parcelas a vencer, parcelas em atraso, taxas de juros ou CET. |\n| b) Saldo atualizado total | `SISALFA > CDC > 15 > 18` — mesmo caminho acima; após selecionar a operação, verifique o campo ""Saldo devedor atual"". Esse é o saldo do dia, com atualização diária. |\n| c) Parcelas, valores pagos, juros, datas de pagamento | `SISALFA > CDC > 15 > 18` → Agência/Conta → selecione a operação → F2 → 4. Cronograma → selecione a parcela (""P"" indica pagamento parcial) → F9 (detalhe) → F12/F11 (pagamentos e parcelas). O ""total recebimento parcial"" é o valor recebido naquela parcela. |\n| d) Consultar CDC liquidado, renovado ou excluído | `SISALFA > CDC > 15 > 18`, em ""Código do Cliente"" pressione F4 e insira o CPF — NÃO selecione nenhuma operação e pressione F11. F12 para operações arquivadas. |\n| e) Consulta de cláusulas gerais ou documentos do CDC contratado | Cláusulas gerais consultáveis em: **App Alfa** (Menu > Empréstimos > Contratar empréstimo > Aderir ao contrato); **site institucional**, inclusive para não correntista (Página inicial > Pra você > Empréstimo > Empréstimo pessoal > Contrato de abertura de crédito rotativo); **site institucional (área logada)** (Menu > Empréstimos > Crédito consignado e pessoal > Aderir Contrato de Empréstimo). Documentos do CDC contratado: Extrato de Empréstimo (parcelas pagas/a pagar) — App, site, caixas eletrônicos ou agências; Consolidado Anual (valores por exercício) — site ou agências; 2ª via do comprovante (com taxas) — App ou agências. |\n\n---\n\n## 2. Débito da parcela CDC (data ou valor divergente, duplicidade)\n\nPara identificar o débito questionado, consulte o extrato em `Plataforma de Relacionamento (Operações Contratadas) > Contas > Consultas > Extrato Conta Corrente`. O número da operação consta no campo ""Documento"" (9 dígitos).\n\nSituações possíveis: débito antes/depois do vencimento contratual; valor divergente; duplicidade (folha + conta); débito em conta errada.\n\n**Consulta:** `CDC 15.13` (F4 – CPF) → selecione a operação → F2.4 (cronograma) → selecione a parcela com ""x"" → F9 (detalhar) → F12 (mais informações) → F3 (voltar) e copie o nº da operação → `CDC 13.61` (cole o nº como ""nº contrato"") para ver como ocorreu o pagamento.\n\nSiga então a orientação por modalidade:\n\n### CDC Consignação ou CDC Renovação Consignação\nDébito ocorre na folha de pagamento. a) Se não consignada (ou parcial), o débito ocorrerá total/parcial em conta. b) Se liquidado/renovado mas houve consignação, o estorno é automático em conta em até D+2 dias úteis, exceto para os convênios de código 900001 (INSS — devolução a partir do 5º dia útil) e código 900002 (MPDG — devolução até o 1º dia útil).\n\n1. Consulte a parcela: `CDC 15 > 13 > F2 > 4` (datas); `CDC 15 > 13 > F8 > F9` (mês/ano da folha). *Consig total* = debitada integralmente em folha; *Consig parcial* = debitada parcialmente (verifique o restante em conta); *Não consignada* = sem débito em folha; *Incluída* = ainda não vencida; *Enviada* = empregador não retornou (sem repasse, o débito ocorre em conta).\n2. Confirme a consignação em `SISCONSIG 22 > 01 > 01` (Convênio, Data Prevista, nº Operação — dados em `CDC 15.13`); selecione ""x"" e F9: ""Tipo Lançamento"" *Amortização* = consignado; *Devolução* = não consignado, devolvido à conta.\n3. Preste as informações.\n4. Se o cliente disser que a parcela foi consignada em folha mas também há débito agendado em conta: verifique o extrato (agendado ou debitado); se debitado, verifique devolução; se a data for hoje/próximo dia útil, oriente aguardar o processamento noturno (tende a ser excluído) e encerre em FCR. Se confirmada duplicidade sem estorno, ou se o sistema não mostra consignação mas o cliente afirma o desconto, registre ocorrência e oriente o envio de cópia do contracheque para `sacdocumentos@bancoalfa.com.br`.\n\n> **Crédito do Trabalhador** (identifique pelo campo ""Convênio"" = ""E-Consig PJ"" em `CDC > 15 > 13`): exigir contracheque da competência anterior ao débito (ex.: débito no mês 09 → contracheque do mês 08) e o documento ""Detalhe da guia emitida"" (com a instituição que recebeu o valor) + comprovante de pagamento da guia, fornecidos pela empresa.\n\n### CDC Salário, CDC Benefício e CDC Renovação\nDébito no dia do crédito do salário/benefício, mesmo que divergente do vencimento contratual (cobrança antecipada gera desconto proporcional). Renovação com convênio: débito na data de crédito de proventos; sem convênio: na data de vencimento.\n\n1. Verifique no extrato o recebimento de salário no dia do débito.\n2. Compare a data de débito (`CDC 15 > 13 > F2 > 4`) com a cadastrada em `CDC 24 > 14` e `SISPAG 11 > 13 > 36 > Consulta on line`.\n3. Se ambos ocorrerem após o vencimento do contrato, registre ocorrência.\n4. Preste as informações.\n\n### CDC Automático\nDébito em conta (corrente ou salário) na data de vencimento informada na autorização; há opção de boleto (gerado pelo cliente ou se a autorização foi cancelada).\n\n**Duplicidade:** 1. Verifique boleto pago + débito em conta (`CDC 13 > 61`, ""Forma Pagto"": Rcbto Autom e Boleto Banc); confira estorno (campo ""Dt. Canc."" preenchido = houve estorno). 2. Se confirmada duplicidade sem estorno, estorne em `CDC 13 > 91 > 11 > 6` (o sistema só estorna do mais recente para o mais antigo; se o pagamento em conta foi parcial e só for possível estornar o boleto mais recente, isso deixaria a operação em atraso — nesse caso, estorne primeiro o ""Boleto Bancário"" e depois o ""Recebimento Automático"", só se não houver débitos pendentes). Peça ao supervisor para receber o valor correto em `CDC 13.23`; confirme a data de recebimento retroativo em `CDC 13.61`.\n> Para recebimento por débito em conta em operações contratadas a partir de 01/03/21, é necessária autorização específica do cliente.\n\n### CDC 13º Salário\nDébito em parcela única. **Com convênio:** na data de cobrança (recebimento do 13º, informado pelo empregador) OU no vencimento (30 dias após o crédito do 13º), o que ocorrer primeiro — exceto convênios com 13º vinculado ao aniversário do cliente. **Sem convênio:** na data escolhida na contratação.\n\n- Convênio consta em `SISALFA > CDC 15.13`.\n- **Com convênio:** data de cobrança em `CDC 22 > 10 > 5d` (código de linha 3100; nº convênio em `CDC 15 > 13`); vencimento em `CDC 15 > 13 > F2 > 4`. 1. Informe que o débito ocorre na data de cobrança; se o 13º não for creditado, tenta-se o débito na data de cobrança ou vencimento (o que ocorrer primeiro). 2. Verifique como ocorreu em `CDC 15 > 13 > F2 > 4`. 3. Preste as informações.\n  > **Obs.:** se a data de cobrança mudar por solicitação do empregador, o vencimento pode ser antecipado. *Ex. 1:* cobrança cadastrada 30/06/26 → vencimento 30/07/26; se a cobrança mudar para 30/08/26, cobra-se em 30/07/26 (o que ocorrer primeiro). *Ex. 2:* se o 13º do convênio está vinculado ao mês de aniversário, cobrança e vencimento caem no mês de aniversário do cliente.\n- **Sem convênio:** débito no vencimento (`CDC 15 > 13 > F2 > 4`).\n\n### CDC Antecipação IRPF\nDébito (a) na data prevista do crédito da restituição, ou (b) no vencimento contratual, se o crédito não ocorrer antes.\n1. Informe a regra acima. 2. Consulte `CDC 15 > 13 > F2 > 4`. 3. Preste as informações.\n\n### CDC Antecipação Saque Aniversário FGTS\nLiquidação automática via repasse do FGTS; débito em conta só se o repasse for insuficiente.\n1. Consulte `CDC 15 > 13 > F2 > 4`. 2. Preste as informações.\n\n### Orientações complementares\na) Reclamação de saldo aprovisionado em fim de semana/feriado: explique que, pelas cláusulas gerais do contrato de conta, a liberação de débitos nesses períodos depende do saldo após deduzir débitos programados para o 1º dia útil seguinte.\nb) **Boleto:** algumas linhas permitem gerar boleto (rotina 50107); se houver duplicidade (conta + boleto), estorne como em ""CDC Automático"". Não aplicar esse procedimento a CDC Consignação/Renovação Consignação/FGTS Saque Aniversário se a forma de pagamento foi ""Cta Convênio"" — para forma de pagamento via `SISALFA` ou ""Boleto Bancário"", o estorno é permitido.\nc) Mais informações: ver rotinas auxiliares (item 9).\nd) Se não for possível identificar o motivo, ou o cliente permanecer insatisfeito, registre ocorrência.\n\n---\n\n## 3. Simulação/Contratação de Empréstimos\n\nCDC é um empréstimo pessoal automatizado, pré-aprovado, disponível em conta corrente. Solicitação exclusiva do titular.\n> Se o cliente quiser alterar o vencimento da prestação: após a confirmação do contrato isso não é possível. Alternativa: contratar CDC Renovação (se a linha permitir e houver limite), indicando o vencimento mais adequado.\n\n**Procedimento:** verifique se a Análise de Crédito (ANC) está vigente em `Plataforma de Relacionamento (Operações Contratadas) — aba Limite de Crédito`, campo ""Situação do limite"".\n\n| Status do limite | Procedimento |\n|---|---|\n| Vencida, Impedida, Cancelada, Suspensa, Em transferência, Em estudo, Indeferida, ou Vigente com Limite Total–Margem zerado | Informe que não há limite disponível; o cliente deve ir a qualquer agência com identificação (RG/CPF), comprovante de residência e de renda (emitidos há menos de 90 dias, mesmo que pela internet). Consulte a rotina 50105 para possibilidade de restabelecimento. |\n| Vigente (algum valor em Limite Total–Margem) | Não informe o valor ao cliente. Dentro do horário de atendimento (9h–18h), pergunte se autoriza transferência para a Central de Consultoria em Uso Responsável do Crédito (rotina 50106). Se não autorizar, ou fora do horário, informe as opções: Central de Consultoria; App Alfa > Empréstimo; site > Empréstimo; caixa eletrônico (TAA) > Empréstimo. |\n\n---\n\n## 4. Cancelamento de CDC\n\nCancelamento permitido em até 7 dias corridos (a partir do dia seguinte à liberação do crédito), se contratado por canal de autoatendimento (App, site, caixas eletrônicos ou telefone), pelo titular, autenticado (URA, Token ou Identificação Positiva).\n\n> **Atenção:** o cancelamento da linha 2881 – Crédito Renovação Consignação está restrito ao departamento **DOC – Diretoria de Operações de Crédito** (código 800020) para os convênios: Convênio Especial 01 (700001), 02 (700002), 03 (700003), 04 (700004), 05 (700005), 06 (700006), 07 (700007), 08 (700008), 09 (700009), 10 (700010), 11 (700011), 12 (700012), 13 (700013), 14 (700014), 15 (700015) e 16 (700016). É necessário haver margem suficiente para reaverbação das operações vinculadas à renovação cancelada.\n> O cancelamento da mesma linha para o Convênio Especial 17 (700017) está restrito à **Superintendência Regional III** (código 800030). Ver rotina 50108.\n\nAntes do procedimento, informe o número da operação e que, após o cancelamento, o comando não pode ser desfeito.\n\n### 4.1. Cancelamento de proposta CDC NÃO CONFIRMADA\n`SISRET Y09` — copie o nº da operação (documento, 9 dígitos). `CDC 11.13` → inclua o nº a cancelar. Em ""Exclusão de operação – Confirma?"", responda ""S"". Motivo: ""08 – Exclusão a pedido do cliente – Desistência"". Verifique a mensagem ""Cancelamento da Proposta efetuado em XX/XX/XX às XX:XX:XX por FXXXXX""; se diferente, registre ocorrência.\n> Atenção a operações via Correspondente – LOG 633 ""Operação Novo Fluxo Correspondente/Parceiro Comercial"" (`CDC 15.18.F2.8`). Se pendente de confirmação, registre ocorrência (motivo obrigatório; não oriente o cliente a excluir por autoatendimento).\n\n### 4.2. Cancelamento no MESMO DIA ou DIA ÚTIL SEGUINTE (contratação em dia não útil)\nPermitido para contratações presenciais e não presenciais, todos os canais. Uso do Limite Especial da Conta gera juros e IOF. Cancele em `CDC 14`; se falhar, registre ocorrência.\n\n### 4.3. Cancelamento em até 7 DIAS CORRIDOS (a partir do dia seguinte ao crédito)\n**Via TAA/internet/App/telefone (Duplo Sim):** consulte `CDC 15.18.F2.8` (log) — canal no log 201: *Duplo Sim* → campo ""Ocor"" LOG 201 e 493; *Correspondente* → registre ocorrência. (Contestação: ver item 7.2.)\n**Presencial na agência:** só cancela no mesmo dia (ver item 4.2)! A partir do dia seguinte, só liquidação. Se o cliente relatar falhas, registre ocorrência.\n\nVerifique saldo para o débito (ou ""troco"" nas Renovações — `CDC 15.18.F2.5 Contratos Vinculados` mostrará o `SISCLI`; informe o valor), considerando Limite Especial ou resgates automáticos. Oriente manter saldo (débito à noite); uso do Limite Especial gera juros/IOF. Se discordar, só liquidação/amortização/pagamento. Cancele em `CDC 14`; se falhar, registre ocorrência.\n> No cancelamento de CDC Antecipação Saque Aniversário FGTS, o desbloqueio da garantia é automático. Log ""1120 – Operação Contratada com Parcela Pix"" = produto Alfa Parcela Pix (mesmo procedimento de Duplo Sim).\n\n### 4.4. Cancelamento de REPACTUAÇÃO\n`CDC 15.13`, selecione a operação. Se constar ""Op"" pendente de confirmação, pode excluir; se confirmada, só liquida/paga total.\n> *Convênio Especial 17:* tem repactuação de CDCs consignados com suspensão de cobrança (rotina 50109).\n\n### 4.5. Cancelamento do produto de pagamento parcelado de contas\nVer item 10 da rotina 50110.\n\n### 4.6. Pedido após 7 dias, ou contratação presencial (pedido fora do mesmo dia)\nSó é possível a liquidação.\n> Obs. 1: presencial só cancela no mesmo dia (item 4.2). Obs. 2: exclusivamente para CDC Renovação, se a liquidação antecipada não puder ser feita, registre ocorrência para avaliar cancelamento (informar que o IOF será cobrado em conta). CDC Renovação sem ""troco"" é cancelável se a contratação não foi presencial e o pedido ocorreu em até 7 dias.\n\nCancele em `CDC > 14`. Em caso de erro, registre ocorrência.\n\n---\n\n## 5. Liquidação / Amortização\n\nSolicitação exclusiva do titular.\n\n### 5.1. Amortização/Liquidação ANTECIPADA ou operação EM ATRASO\n**Demanda:** quitação parcial/total antes do vencimento e/ou parcelas em atraso.\n> Pagamento via boleto: emitido em agência, pago no mesmo dia (saldo atualiza diariamente); se não pago no mesmo dia, o mesmo boleto ainda serve, pois o saldo é recalculado.\n\nSe não autenticado (URA/Token/IP), informe os canais. Cancelamento da amortização/liquidação só no mesmo dia, e só com margem disponível (item 5.3). Somente com recursos próprios; há redução proporcional de juros.\n\n**Tipos** (parcelas em atraso sempre em ordem crescente): **Crescente** (da próxima parcela em diante); **Decrescente** (da última parcela para trás); **Linear** (amortiza o saldo total sem alterar o cronograma; recalcula as parcelas a vencer).\n> Linear NÃO permitido para CDC Consignado, nem para operações fora do status ""Normal"", com pagamento parcial, em cobrança, ou com ""Pula-Parcela"". ""Em cobrança"" não aceita nenhuma amortização.\n\n| Necessidade do cliente | Tipo de amortização |\n|---|---|\n| Parar de pagar as próximas prestações por um período | Liquidação antecipada de parcelas integrais, ordem crescente |\n| Amortizar e continuar pagando as próximas prestações | Liquidação antecipada de parcelas integrais, ordem decrescente |\n| Reduzir o valor das prestações em toda a operação | Amortização linear |\n| Liquidar a operação | Quitação total, sempre em ordem crescente |\n\n> No CDC Consignado, pode haver desconto da próxima prestação em folha. Para Consignação/Renovação Consignação, prefira ordem decrescente (evita duplicidade em folha); se o cliente pedir crescente, informe o risco (o valor retorna no vencimento da parcela, se ocorrer).\n\n**Procedimento:** 1. Simule em `CDC 13.11.12`, informe o saldo atual (item 1b). 2. Verifique saldo suficiente (`Plataforma de Relacionamento > Contas > Extrato`), considerando saldo aprovisionado, tarifas pendentes, resgates automáticos e Limite Especial (a critério do cliente, com encargos). 3. Se insuficiente, oriente novo contato; se suficiente, execute em `CDC 13 > 21 > 12` (tipo: parcial/liquidação/linear; quantidade/valor; ordem).\n> Se o sistema indicar ausência de autorização de débito, siga a rotina 50104.\n\n**Leitura obrigatória ao cliente antes da confirmação** (""Sr(a). ___, para sua segurança, faremos a leitura das condições:""):\n- **Parcial/liquidação:** agência/conta; valor base da parcela; encargos por atraso; desconto de antecipação; variação Selic; valor a amortizar; total de parcelas; ordem escolhida.\n- **Linear:** valor base; desconto aproximado; variação Selic; valor da parcela inicial; novo valor da parcela; quantidade de parcelas.\n\nApós a leitura: ""Podemos confirmar a liquidação/amortização?"" (F3, sem impressão). Supervisor confirma em `CDC 13.21.52`. Informar necessidade de saldo em conta. Comprovante: ""o débito ocorre ainda hoje; confirme pelo extrato. Para comprovante detalhado, solicite em qualquer agência o documento \'Demonstrativo de Origem e Evolução de Dívida – Crédito Direto ao Consumidor\'.""\n\n### 5.2. Amortização/liquidação de operações ""EM PERDAS""\nIdentificação: `SISALFA > CDC > 15.13`. **Não informar ao cliente que a operação está em prejuízo.**\na) **Débito em conta:** verifique saldo suficiente (mesmas ressalvas do item 5.1); se insuficiente, oriente novo contato. Liquidação: comando em `CDC 13-34` + confirmação do supervisor em `CDC 13-36`. Amortização parcial: comando em `CDC 13-35` + confirmação do gerente de grupo em `CDC 13-36`.\nb) **Boleto bancário:** registre ocorrência.\n\n### 5.3. Cancelamento da amortização ou liquidação antecipada\nSe só houve o comando do atendente (`CDC 13.21.12`) no mesmo dia: cancele em `CDC 13.91.51`. Se já confirmado pelo supervisor (`CDC 13.21.52`): faça o estorno (item 5.5).\n> O registro do atendente fica pendente de confirmação apenas no mesmo dia; se não confirmado, é excluído automaticamente no dia seguinte.\n\n### 5.4. Liquidação – Desaverbação/Liberação de Margem Consignável\nSe o cliente relatar que liquidou/cancelou mas não houve liberação de margem, ou a parcela segue sendo debitada, registre ocorrência.\n\n### 5.5. Estorno de pagamento antecipado\n**Demanda:** pagamento antes do vencimento, ou débito indevido em conta (ex.: pela agência).\n> Não aplicar a Consignação/Renovação Consignação/FGTS Saque Aniversário se a forma de pagamento foi ""Cta Convênio""; para `SISALFA` ou ""Boleto Bancário"", o estorno é permitido (ver item 2).\n\n1. Analise o motivo (não é permitido estornar e deixar em atraso). 2. Verifique vencimento (`CDC 15.13.F2.4`) e pagamento de salário (`SISPAG 11 > 13 > 36 > Consulta on line`). 3. Se não venceu e não houve crédito de salário, estorno possível (pagamento dentro de 30 dias, operação não atualizada). 4. Estorne em `CDC 13.91.11`. 5. Informe crédito no processamento noturno.\n> Se impossível estornar, ou outra duplicidade não sanável, registre ocorrência.\n\n---\n\n## 6. Dificuldade para contratação\n\n| Situação | Procedimento |\n|---|---|\n| **Renda desatualizada** | Verifique a última atualização; se >12 meses, oriente atualizar via App ou canal de autoatendimento (online; às vezes exige foto do documento, validação em até 3 dias úteis). Após validação, o limite é recalculado automaticamente. |\n| **Contrato do CDC não assinado** | Pergunte se aderiu às Cláusulas Gerais (assinatura da Proposta/Contrato de Adesão). Se sim, prossiga a análise. Se não, informe os canais de adesão: App/site (Empréstimo > Solicitação de Crédito > Assinatura de contrato CDC); caixa eletrônico; agência. |\n| **Acordo de dívida vigente** | Contratação impossibilitada durante a vigência do acordo; após encerrado, pode verificar novamente. |\n| **Não correntista** | Exceto CDC Consignado e Crédito 13º Salário INSS (exigem ANC vigente), as demais linhas exigem conta corrente com ANC vigente. |\n| **Modalidade de conta simplificada (sem linhas de crédito)** | Não permite contratar linhas de crédito; se houver interesse, o cliente faz upgrade da conta pelo app (Menu > Upgrade de Conta), sujeito a análise de crédito na agência. |\n\n---\n\n## 7. Contratação não reconhecida\n\n### 7.1. Falsidade ideológica e fraude\nFraude com uso de documentos falsos para contratar produtos; a vítima costuma descobrir só quando seu CPF/CNPJ sofre restrição por inadimplência. Ver rotina 50111.\n- Falsidade em operação de não correntista: oriente comparecimento a qualquer agência com identificação e boletim de ocorrência.\n- Fraude – demais situações: ver rotina 50112.\n\n### 7.2. Contestação de operações via Correspondente (falha, suspeita de fraude/golpe)\nIndícios de falha ou fraude/golpe (presencial ou Duplo Sim): registre ocorrência e responsabilize a unidade de correspondentes/antifraude (código 800010):\n- **Assunto 50113** — contratação não reconhecida; divergente do solicitado; insatisfação com o contrato/descumprimento; falta de clareza.\n- **Assunto 50114** — suspeita de fraude/golpe: abordagem por suposta empresa vinculada ao banco, internalização por correspondente e transferência de recursos a terceiros pelo cliente.\n- **Assunto 50115** — contestação/suspeita de fraude em operação via Correspondente ainda pendente de confirmação.\n\n> No módulo de SAC e Ouvidoria (assuntos 50113/50114), é obrigatório selecionar o produto/modalidade — só aparecem operações contratadas via Correspondente; caso contrário, o registro não é possível. Ao selecionar a operação, os dados de identificação do correspondente, do CDC e da chave de operação são preenchidos automaticamente (não editáveis).\n\n---\n\n## 8. Limite Especial da Conta\n\n### 8.1. Cancelamento do Limite Especial da Conta\na) Pode ser solicitado a qualquer tempo por qualquer titular.\nb) Ao ser solicitado, sonde o motivo e, se cabível, argumente: sem tarifa; limite disponível para emergências sem custo se não usado; cancelar não garante nova contratação futura; é possível reduzir para R$ 100,00 em vez de cancelar. O cliente não pode estar usando o limite no momento (se estiver, oriente cobrir o saldo). Se aceitar reduzir, siga para 8.2. *(Em Ouvidoria, cancelar direto, sem sondagem.)*\nc) Se decidir manter, encerre em FCR.\nd) Se insistir no cancelamento, verifique viabilidade:\n\n**Procedimento (cliente autenticado por URA/Token/IP):**\n> Não cancelar se o cliente estiver usando o limite; se houver juros/IOF a cobrar, é necessário saldo. Falha de autenticação: registre ocorrência.\n- **Atendente:** confira saldo suficiente (extrato) para limite + juros + IOF (desconsiderar valores provisionados); se insuficiente, peça depósito equivalente e informe que o cancelamento pode ser pedido no SAC/agência após o depósito; encerre em FCR. Cancele na plataforma (`Contas > Limite Especial da Conta PF > Implantação, Alteração, Renovação e Cancelamento > Cancelar > Registrar`) e peça deferimento ao supervisor.\n  > Se aparecer ""(27) Já existe comando de implantação para esta conta."", registre ocorrência. Se aparecer ""já existe solicitação pendente de deferimento"", peça o deferimento ao supervisor; se não localizar ou houver erro, abra ocorrência.\n- **Supervisor:** confirme dados (nome, produto, valor); defira (`Deferimentos e Pendências > Limite Especial da Conta Pessoa > Cancelamento > Deferimento`); confirme para o atendente prosseguir.\n- **Atendente:** informe o cancelamento e a disponibilidade da agência para recontratação futura; encerre e registre FCR. *(Se o supervisor não conseguir deferir, registre ocorrência.)*\n\n### 8.2. Redução do Limite Especial da Conta\na) Se o pedido for por causa da tarifa, esclareça que ela não é cobrada; se insistir, siga abaixo.\nb) Identifique PF e titular da conta.\nc) Cliente autenticado:\n- **Atendente:** verifique saldo suficiente para que a redução não deixe o saldo excedido; se preciso, peça depósito e informe que a redução pode ser pedida via app, WhatsApp, SAC ou agência após o depósito. Modalidade ""Ouro"" (limite ≥ R$ 1.000,00) reduzida para entre R$ 100,00 e R$ 950,00 muda para ""Classic"" (diferenças na rotina 50116). Se o cliente concordar, altere modalidade/limite na plataforma e peça deferimento ao supervisor.\n- **Supervisor:** confirme dados; defira (`Deferimentos e Pendências > Limite Especial da Conta Pessoa Física > Alteração > Deferimento`); confirme para o atendente prosseguir.\n- **Atendente:** informe a redução realizada; para elevar no futuro, indicar app/agência. Encerre e registre FCR. *(Se o supervisor não conseguir deferir, registre ocorrência.)*\n\n### 8.3. Alterar data de débito dos juros\nFalha de autenticação: informe os canais. Acesse `Plataforma > Contas > Limite Especial da Conta PF > Alterar > Tipo de Alteração – ""Dia do débito""` e escolha um dia entre 1 e 28. A alteração só vale a partir do mês seguinte à solicitação.\n\n---\n\n## 9. Rotinas auxiliares (índice de empréstimos)\n\n| Código (anonimizado) | Assunto |\n|---|---|\n| 50107 | CDC – Condições Gerais / Contrato |\n| 50108 | Crédito Consignação e Renovação – Correntista e não correntista |\n| 50118 | Crédito Consignação – INSS |\n| 50119 | Crédito Automático |\n| 50120 | Crédito Benefício |\n| 50121 | Crédito Salário e Salário Funci |\n| 50122 | Crédito Renovação e Renovação Funci |\n| 50123 | Crédito 13º Décimo Terceiro Salário |\n| 50124 | Crédito 13º Décimo Terceiro Salário – Não Correntistas |\n| 50125 | CDC Antecipação Restituição IRPF |\n| 50126 | CDC Antecipação Saque Aniversário FGTS |\n| 50117 | Crédito Parcelamento Cheque Especial (Limite Especial da Conta) |\n| 50104 | Autorização de Débito – Empréstimos, CDC e outros (Resolução CMN 4.790/2020) |\n| 50127 | Crédito do Trabalhador – Novo modelo de Crédito Consignado do Setor Privado |\n| 50128 | Crédito do Trabalhador – Atendimento ao Empregador |\n\n---\n\n## 10. Fonte de informação\n\nDepartamento responsável: **DOC – Diretoria de Operações de Crédito** (código 800020).\n']","Não com o limite em uso: orientar cobrir o saldo primeiro (sondar motivo, oferecer redução a R$ 100, sem tarifa). Com saldo e autenticação, cancelar na plataforma com deferimento do supervisor; em Ouvidoria, cancela direto sem sondagem.",CONDITIONAL_WORKFLOW,4.289,,0.2727272727272727,0.9247934724738668,1.0,0.9999999999
CDC 13º Salário com convênio vinculado ao mês de aniversário do cliente. Quando ocorrem cobrança e vencimento?,"No modelo de **CDC 13º Salário com convênio**, a lógica de cobrança e vencimento é estruturada para coincidir com o recebimento da gratificação natalina ou com o prazo estipulado em contrato.

Como você mencionou uma vinculação ao **mês de aniversário**, aqui está como funciona o fluxo geral no mercado bancário:

### 1. Vencimento da Parcela Única
Diferente de um empréstimo pessoal comum com parcelas mensais, o CDC 13º é, via de regra, uma operação de **liquidação única**.
*   **Data de Vencimento:** O vencimento ocorre na data prevista para o pagamento da 2ª parcela do 13º salário (geralmente até o dia 20 de dezembro) ou, em casos específicos de convênios vinculados ao aniversário, na data de vencimento estipulada no contrato (que pode ser o mês do seu aniversário, caso o banco utilize essa data como referência para a quitação).

### 2. Forma de Cobrança
*   **Débito em Conta:** A cobrança é feita automaticamente na sua conta corrente ou conta salário na data do vencimento. O banco bloqueia o valor total (principal + juros) no momento em que o crédito do 13º (ou o saldo disponível na conta) é identificado.
*   **Desconto em Folha (Consignado):** Se o seu convênio for na modalidade consignada, o valor é retido diretamente na folha de pagamento pela fonte pagadora (empresa ou órgão público) antes mesmo de o dinheiro cair na sua conta.

### 3. Por que o ""Mês de Aniversário""?
Alguns bancos utilizam o mês de aniversário como **data-base para a renovação ou vencimento de linhas de crédito específicas**. Se o seu contrato está atrelado ao mês de aniversário:
*   O banco pode ter programado o vencimento para o mês em que você faz aniversário, caso o 13º não seja a única fonte de pagamento ou se o produto for uma antecipação que vence nesse período.
*   **Atenção:** Verifique no seu **CCB (Cédula de Crédito Bancário)** ou no comprovante da contratação a data exata do vencimento.

### Pontos de atenção:
*   **Saldo insuficiente:** Se na data do vencimento não houver saldo suficiente na conta para cobrir o valor total, o banco pode cobrar encargos por atraso (juros de mora, multa e IOF adicional) e o débito pode ocorrer de forma parcial ou ser tentado novamente nos dias subsequentes.
*   **Antecipação:** Se você antecipou o 13º, o banco já calculou os juros até a data do vencimento. Se o pagamento atrasar, esses juros serão recalculados sobre o saldo devedor.

**Recomendação:** Como cada banco possui uma regra interna específica para o produto ""CDC 13º"", recomendo que você consulte o **extrato do empréstimo** no aplicativo do seu banco ou o contrato assinado. Lá constará a data exata do vencimento (dia/mês/ano).","['# POP – Atendimento de Operações de CDC (Crédito Direto ao Consumidor) – Pessoa Física\n### [Versão anonimizada/pseudonimizada para uso acadêmico]\n\n> **Nota metodológica de anonimização:** este documento é uma versão pseudonimizada de uma rotina real de atendimento (SAC) de operações de crédito pessoa física. Foram substituídos: (i) o nome da instituição financeira e de seus canais/site/e-mail; (ii) os nomes de sistemas internos claramente proprietários; (iii) nomes e códigos de convênios de consignação com órgãos públicos; (iv) códigos de prefixo/departamento interno; e (v) números de rotinas/assuntos auxiliares referenciados ao longo do texto — todos substituídos por identificadores fictícios e sequenciais. A lógica processual, as condições, exceções e o fluxo de decisão originais foram mantidos integralmente, o que preserva o valor do documento como exemplo de POP para fins de extração de árvore de decisão. Termos e siglas genéricas do setor bancário (CDC, SAC, Ouvidoria, TAA, URA, FCR, ANC, Token, Identificação Positiva) e referências a normas públicas (Resolução CMN 4.790/2020, INSS) foram mantidos, por não serem exclusivos de uma única instituição.\n\n**Sumário:** Observações iniciais · 1. Consulta geral CDC · 2. Débito da parcela CDC · 3. Simulação/Contratação · 4. Cancelamento de CDC · 5. Liquidação/Amortização · 6. Dificuldade para contratação · 7. Contratação não reconhecida · 8. Limite Especial da Conta · 9. Rotinas auxiliares · 10. Fonte de informação\n\n---\n\n## Observações iniciais\n\na) Esta rotina destina-se ao atendimento das operações de crédito PF listadas no item 2. Para os casos abaixo, consulte rotinas específicas:\n- **FIES:** rotina 50101 – SAC QC – Financiamento Estudantil (FIES)\n- **Financiamento imobiliário:** rotina 50102 – SAC QC – Financiamento Imobiliário\n- **Renegociação de dívidas:** rotina 50103 – SAC QC – Renegociação de Dívidas Pessoa Física e Jurídica\n\nb) **Autorização de Débito em Conta:** a partir de 01/03/2021, para que uma operação seja debitada em conta, é necessária autorização específica do cliente para o débito. Ver informações e procedimentos na rotina 50104.\n\nc) **Canais para contratação de CDC:** [link para os canais de contratação]\n\n---\n\n## 1. Consulta geral CDC\n\nPara verificar as informações da operação, identifique se o consumidor é PF e titular da operação. Em caso de FALHA, RECUSA ou INAPLICABILIDADE de Identificação Positiva (IP), registre ocorrência.\n\n| Demanda | Consulta |\n|---|---|\n| a) Informações gerais do CDC | `SISALFA > CDC > 15 > 18` — em ""Código do Cliente"" pressione F4, inclua o CPF e selecione a operação. Clique em F2 > Outros dados > 4. Cronograma. Principais informações: modalidade do CDC, data de vencimento, parcelas pagas e data de pagamento (mais detalhes no item 2), parcelas a vencer, parcelas em atraso, taxas de juros ou CET. |\n| b) Saldo atualizado total | `SISALFA > CDC > 15 > 18` — mesmo caminho acima; após selecionar a operação, verifique o campo ""Saldo devedor atual"". Esse é o saldo do dia, com atualização diária. |\n| c) Parcelas, valores pagos, juros, datas de pagamento | `SISALFA > CDC > 15 > 18` → Agência/Conta → selecione a operação → F2 → 4. Cronograma → selecione a parcela (""P"" indica pagamento parcial) → F9 (detalhe) → F12/F11 (pagamentos e parcelas). O ""total recebimento parcial"" é o valor recebido naquela parcela. |\n| d) Consultar CDC liquidado, renovado ou excluído | `SISALFA > CDC > 15 > 18`, em ""Código do Cliente"" pressione F4 e insira o CPF — NÃO selecione nenhuma operação e pressione F11. F12 para operações arquivadas. |\n| e) Consulta de cláusulas gerais ou documentos do CDC contratado | Cláusulas gerais consultáveis em: **App Alfa** (Menu > Empréstimos > Contratar empréstimo > Aderir ao contrato); **site institucional**, inclusive para não correntista (Página inicial > Pra você > Empréstimo > Empréstimo pessoal > Contrato de abertura de crédito rotativo); **site institucional (área logada)** (Menu > Empréstimos > Crédito consignado e pessoal > Aderir Contrato de Empréstimo). Documentos do CDC contratado: Extrato de Empréstimo (parcelas pagas/a pagar) — App, site, caixas eletrônicos ou agências; Consolidado Anual (valores por exercício) — site ou agências; 2ª via do comprovante (com taxas) — App ou agências. |\n\n---\n\n## 2. Débito da parcela CDC (data ou valor divergente, duplicidade)\n\nPara identificar o débito questionado, consulte o extrato em `Plataforma de Relacionamento (Operações Contratadas) > Contas > Consultas > Extrato Conta Corrente`. O número da operação consta no campo ""Documento"" (9 dígitos).\n\nSituações possíveis: débito antes/depois do vencimento contratual; valor divergente; duplicidade (folha + conta); débito em conta errada.\n\n**Consulta:** `CDC 15.13` (F4 – CPF) → selecione a operação → F2.4 (cronograma) → selecione a parcela com ""x"" → F9 (detalhar) → F12 (mais informações) → F3 (voltar) e copie o nº da operação → `CDC 13.61` (cole o nº como ""nº contrato"") para ver como ocorreu o pagamento.\n\nSiga então a orientação por modalidade:\n\n### CDC Consignação ou CDC Renovação Consignação\nDébito ocorre na folha de pagamento. a) Se não consignada (ou parcial), o débito ocorrerá total/parcial em conta. b) Se liquidado/renovado mas houve consignação, o estorno é automático em conta em até D+2 dias úteis, exceto para os convênios de código 900001 (INSS — devolução a partir do 5º dia útil) e código 900002 (MPDG — devolução até o 1º dia útil).\n\n1. Consulte a parcela: `CDC 15 > 13 > F2 > 4` (datas); `CDC 15 > 13 > F8 > F9` (mês/ano da folha). *Consig total* = debitada integralmente em folha; *Consig parcial* = debitada parcialmente (verifique o restante em conta); *Não consignada* = sem débito em folha; *Incluída* = ainda não vencida; *Enviada* = empregador não retornou (sem repasse, o débito ocorre em conta).\n2. Confirme a consignação em `SISCONSIG 22 > 01 > 01` (Convênio, Data Prevista, nº Operação — dados em `CDC 15.13`); selecione ""x"" e F9: ""Tipo Lançamento"" *Amortização* = consignado; *Devolução* = não consignado, devolvido à conta.\n3. Preste as informações.\n4. Se o cliente disser que a parcela foi consignada em folha mas também há débito agendado em conta: verifique o extrato (agendado ou debitado); se debitado, verifique devolução; se a data for hoje/próximo dia útil, oriente aguardar o processamento noturno (tende a ser excluído) e encerre em FCR. Se confirmada duplicidade sem estorno, ou se o sistema não mostra consignação mas o cliente afirma o desconto, registre ocorrência e oriente o envio de cópia do contracheque para `sacdocumentos@bancoalfa.com.br`.\n\n> **Crédito do Trabalhador** (identifique pelo campo ""Convênio"" = ""E-Consig PJ"" em `CDC > 15 > 13`): exigir contracheque da competência anterior ao débito (ex.: débito no mês 09 → contracheque do mês 08) e o documento ""Detalhe da guia emitida"" (com a instituição que recebeu o valor) + comprovante de pagamento da guia, fornecidos pela empresa.\n\n### CDC Salário, CDC Benefício e CDC Renovação\nDébito no dia do crédito do salário/benefício, mesmo que divergente do vencimento contratual (cobrança antecipada gera desconto proporcional). Renovação com convênio: débito na data de crédito de proventos; sem convênio: na data de vencimento.\n\n1. Verifique no extrato o recebimento de salário no dia do débito.\n2. Compare a data de débito (`CDC 15 > 13 > F2 > 4`) com a cadastrada em `CDC 24 > 14` e `SISPAG 11 > 13 > 36 > Consulta on line`.\n3. Se ambos ocorrerem após o vencimento do contrato, registre ocorrência.\n4. Preste as informações.\n\n### CDC Automático\nDébito em conta (corrente ou salário) na data de vencimento informada na autorização; há opção de boleto (gerado pelo cliente ou se a autorização foi cancelada).\n\n**Duplicidade:** 1. Verifique boleto pago + débito em conta (`CDC 13 > 61`, ""Forma Pagto"": Rcbto Autom e Boleto Banc); confira estorno (campo ""Dt. Canc."" preenchido = houve estorno). 2. Se confirmada duplicidade sem estorno, estorne em `CDC 13 > 91 > 11 > 6` (o sistema só estorna do mais recente para o mais antigo; se o pagamento em conta foi parcial e só for possível estornar o boleto mais recente, isso deixaria a operação em atraso — nesse caso, estorne primeiro o ""Boleto Bancário"" e depois o ""Recebimento Automático"", só se não houver débitos pendentes). Peça ao supervisor para receber o valor correto em `CDC 13.23`; confirme a data de recebimento retroativo em `CDC 13.61`.\n> Para recebimento por débito em conta em operações contratadas a partir de 01/03/21, é necessária autorização específica do cliente.\n\n### CDC 13º Salário\nDébito em parcela única. **Com convênio:** na data de cobrança (recebimento do 13º, informado pelo empregador) OU no vencimento (30 dias após o crédito do 13º), o que ocorrer primeiro — exceto convênios com 13º vinculado ao aniversário do cliente. **Sem convênio:** na data escolhida na contratação.\n\n- Convênio consta em `SISALFA > CDC 15.13`.\n- **Com convênio:** data de cobrança em `CDC 22 > 10 > 5d` (código de linha 3100; nº convênio em `CDC 15 > 13`); vencimento em `CDC 15 > 13 > F2 > 4`. 1. Informe que o débito ocorre na data de cobrança; se o 13º não for creditado, tenta-se o débito na data de cobrança ou vencimento (o que ocorrer primeiro). 2. Verifique como ocorreu em `CDC 15 > 13 > F2 > 4`. 3. Preste as informações.\n  > **Obs.:** se a data de cobrança mudar por solicitação do empregador, o vencimento pode ser antecipado. *Ex. 1:* cobrança cadastrada 30/06/26 → vencimento 30/07/26; se a cobrança mudar para 30/08/26, cobra-se em 30/07/26 (o que ocorrer primeiro). *Ex. 2:* se o 13º do convênio está vinculado ao mês de aniversário, cobrança e vencimento caem no mês de aniversário do cliente.\n- **Sem convênio:** débito no vencimento (`CDC 15 > 13 > F2 > 4`).\n\n### CDC Antecipação IRPF\nDébito (a) na data prevista do crédito da restituição, ou (b) no vencimento contratual, se o crédito não ocorrer antes.\n1. Informe a regra acima. 2. Consulte `CDC 15 > 13 > F2 > 4`. 3. Preste as informações.\n\n### CDC Antecipação Saque Aniversário FGTS\nLiquidação automática via repasse do FGTS; débito em conta só se o repasse for insuficiente.\n1. Consulte `CDC 15 > 13 > F2 > 4`. 2. Preste as informações.\n\n### Orientações complementares\na) Reclamação de saldo aprovisionado em fim de semana/feriado: explique que, pelas cláusulas gerais do contrato de conta, a liberação de débitos nesses períodos depende do saldo após deduzir débitos programados para o 1º dia útil seguinte.\nb) **Boleto:** algumas linhas permitem gerar boleto (rotina 50107); se houver duplicidade (conta + boleto), estorne como em ""CDC Automático"". Não aplicar esse procedimento a CDC Consignação/Renovação Consignação/FGTS Saque Aniversário se a forma de pagamento foi ""Cta Convênio"" — para forma de pagamento via `SISALFA` ou ""Boleto Bancário"", o estorno é permitido.\nc) Mais informações: ver rotinas auxiliares (item 9).\nd) Se não for possível identificar o motivo, ou o cliente permanecer insatisfeito, registre ocorrência.\n\n---\n\n## 3. Simulação/Contratação de Empréstimos\n\nCDC é um empréstimo pessoal automatizado, pré-aprovado, disponível em conta corrente. Solicitação exclusiva do titular.\n> Se o cliente quiser alterar o vencimento da prestação: após a confirmação do contrato isso não é possível. Alternativa: contratar CDC Renovação (se a linha permitir e houver limite), indicando o vencimento mais adequado.\n\n**Procedimento:** verifique se a Análise de Crédito (ANC) está vigente em `Plataforma de Relacionamento (Operações Contratadas) — aba Limite de Crédito`, campo ""Situação do limite"".\n\n| Status do limite | Procedimento |\n|---|---|\n| Vencida, Impedida, Cancelada, Suspensa, Em transferência, Em estudo, Indeferida, ou Vigente com Limite Total–Margem zerado | Informe que não há limite disponível; o cliente deve ir a qualquer agência com identificação (RG/CPF), comprovante de residência e de renda (emitidos há menos de 90 dias, mesmo que pela internet). Consulte a rotina 50105 para possibilidade de restabelecimento. |\n| Vigente (algum valor em Limite Total–Margem) | Não informe o valor ao cliente. Dentro do horário de atendimento (9h–18h), pergunte se autoriza transferência para a Central de Consultoria em Uso Responsável do Crédito (rotina 50106). Se não autorizar, ou fora do horário, informe as opções: Central de Consultoria; App Alfa > Empréstimo; site > Empréstimo; caixa eletrônico (TAA) > Empréstimo. |\n\n---\n\n## 4. Cancelamento de CDC\n\nCancelamento permitido em até 7 dias corridos (a partir do dia seguinte à liberação do crédito), se contratado por canal de autoatendimento (App, site, caixas eletrônicos ou telefone), pelo titular, autenticado (URA, Token ou Identificação Positiva).\n\n> **Atenção:** o cancelamento da linha 2881 – Crédito Renovação Consignação está restrito ao departamento **DOC – Diretoria de Operações de Crédito** (código 800020) para os convênios: Convênio Especial 01 (700001), 02 (700002), 03 (700003), 04 (700004), 05 (700005), 06 (700006), 07 (700007), 08 (700008), 09 (700009), 10 (700010), 11 (700011), 12 (700012), 13 (700013), 14 (700014), 15 (700015) e 16 (700016). É necessário haver margem suficiente para reaverbação das operações vinculadas à renovação cancelada.\n> O cancelamento da mesma linha para o Convênio Especial 17 (700017) está restrito à **Superintendência Regional III** (código 800030). Ver rotina 50108.\n\nAntes do procedimento, informe o número da operação e que, após o cancelamento, o comando não pode ser desfeito.\n\n### 4.1. Cancelamento de proposta CDC NÃO CONFIRMADA\n`SISRET Y09` — copie o nº da operação (documento, 9 dígitos). `CDC 11.13` → inclua o nº a cancelar. Em ""Exclusão de operação – Confirma?"", responda ""S"". Motivo: ""08 – Exclusão a pedido do cliente – Desistência"". Verifique a mensagem ""Cancelamento da Proposta efetuado em XX/XX/XX às XX:XX:XX por FXXXXX""; se diferente, registre ocorrência.\n> Atenção a operações via Correspondente – LOG 633 ""Operação Novo Fluxo Correspondente/Parceiro Comercial"" (`CDC 15.18.F2.8`). Se pendente de confirmação, registre ocorrência (motivo obrigatório; não oriente o cliente a excluir por autoatendimento).\n\n### 4.2. Cancelamento no MESMO DIA ou DIA ÚTIL SEGUINTE (contratação em dia não útil)\nPermitido para contratações presenciais e não presenciais, todos os canais. Uso do Limite Especial da Conta gera juros e IOF. Cancele em `CDC 14`; se falhar, registre ocorrência.\n\n### 4.3. Cancelamento em até 7 DIAS CORRIDOS (a partir do dia seguinte ao crédito)\n**Via TAA/internet/App/telefone (Duplo Sim):** consulte `CDC 15.18.F2.8` (log) — canal no log 201: *Duplo Sim* → campo ""Ocor"" LOG 201 e 493; *Correspondente* → registre ocorrência. (Contestação: ver item 7.2.)\n**Presencial na agência:** só cancela no mesmo dia (ver item 4.2)! A partir do dia seguinte, só liquidação. Se o cliente relatar falhas, registre ocorrência.\n\nVerifique saldo para o débito (ou ""troco"" nas Renovações — `CDC 15.18.F2.5 Contratos Vinculados` mostrará o `SISCLI`; informe o valor), considerando Limite Especial ou resgates automáticos. Oriente manter saldo (débito à noite); uso do Limite Especial gera juros/IOF. Se discordar, só liquidação/amortização/pagamento. Cancele em `CDC 14`; se falhar, registre ocorrência.\n> No cancelamento de CDC Antecipação Saque Aniversário FGTS, o desbloqueio da garantia é automático. Log ""1120 – Operação Contratada com Parcela Pix"" = produto Alfa Parcela Pix (mesmo procedimento de Duplo Sim).\n\n### 4.4. Cancelamento de REPACTUAÇÃO\n`CDC 15.13`, selecione a operação. Se constar ""Op"" pendente de confirmação, pode excluir; se confirmada, só liquida/paga total.\n> *Convênio Especial 17:* tem repactuação de CDCs consignados com suspensão de cobrança (rotina 50109).\n\n### 4.5. Cancelamento do produto de pagamento parcelado de contas\nVer item 10 da rotina 50110.\n\n### 4.6. Pedido após 7 dias, ou contratação presencial (pedido fora do mesmo dia)\nSó é possível a liquidação.\n> Obs. 1: presencial só cancela no mesmo dia (item 4.2). Obs. 2: exclusivamente para CDC Renovação, se a liquidação antecipada não puder ser feita, registre ocorrência para avaliar cancelamento (informar que o IOF será cobrado em conta). CDC Renovação sem ""troco"" é cancelável se a contratação não foi presencial e o pedido ocorreu em até 7 dias.\n\nCancele em `CDC > 14`. Em caso de erro, registre ocorrência.\n\n---\n\n## 5. Liquidação / Amortização\n\nSolicitação exclusiva do titular.\n\n### 5.1. Amortização/Liquidação ANTECIPADA ou operação EM ATRASO\n**Demanda:** quitação parcial/total antes do vencimento e/ou parcelas em atraso.\n> Pagamento via boleto: emitido em agência, pago no mesmo dia (saldo atualiza diariamente); se não pago no mesmo dia, o mesmo boleto ainda serve, pois o saldo é recalculado.\n\nSe não autenticado (URA/Token/IP), informe os canais. Cancelamento da amortização/liquidação só no mesmo dia, e só com margem disponível (item 5.3). Somente com recursos próprios; há redução proporcional de juros.\n\n**Tipos** (parcelas em atraso sempre em ordem crescente): **Crescente** (da próxima parcela em diante); **Decrescente** (da última parcela para trás); **Linear** (amortiza o saldo total sem alterar o cronograma; recalcula as parcelas a vencer).\n> Linear NÃO permitido para CDC Consignado, nem para operações fora do status ""Normal"", com pagamento parcial, em cobrança, ou com ""Pula-Parcela"". ""Em cobrança"" não aceita nenhuma amortização.\n\n| Necessidade do cliente | Tipo de amortização |\n|---|---|\n| Parar de pagar as próximas prestações por um período | Liquidação antecipada de parcelas integrais, ordem crescente |\n| Amortizar e continuar pagando as próximas prestações | Liquidação antecipada de parcelas integrais, ordem decrescente |\n| Reduzir o valor das prestações em toda a operação | Amortização linear |\n| Liquidar a operação | Quitação total, sempre em ordem crescente |\n\n> No CDC Consignado, pode haver desconto da próxima prestação em folha. Para Consignação/Renovação Consignação, prefira ordem decrescente (evita duplicidade em folha); se o cliente pedir crescente, informe o risco (o valor retorna no vencimento da parcela, se ocorrer).\n\n**Procedimento:** 1. Simule em `CDC 13.11.12`, informe o saldo atual (item 1b). 2. Verifique saldo suficiente (`Plataforma de Relacionamento > Contas > Extrato`), considerando saldo aprovisionado, tarifas pendentes, resgates automáticos e Limite Especial (a critério do cliente, com encargos). 3. Se insuficiente, oriente novo contato; se suficiente, execute em `CDC 13 > 21 > 12` (tipo: parcial/liquidação/linear; quantidade/valor; ordem).\n> Se o sistema indicar ausência de autorização de débito, siga a rotina 50104.\n\n**Leitura obrigatória ao cliente antes da confirmação** (""Sr(a). ___, para sua segurança, faremos a leitura das condições:""):\n- **Parcial/liquidação:** agência/conta; valor base da parcela; encargos por atraso; desconto de antecipação; variação Selic; valor a amortizar; total de parcelas; ordem escolhida.\n- **Linear:** valor base; desconto aproximado; variação Selic; valor da parcela inicial; novo valor da parcela; quantidade de parcelas.\n\nApós a leitura: ""Podemos confirmar a liquidação/amortização?"" (F3, sem impressão). Supervisor confirma em `CDC 13.21.52`. Informar necessidade de saldo em conta. Comprovante: ""o débito ocorre ainda hoje; confirme pelo extrato. Para comprovante detalhado, solicite em qualquer agência o documento \'Demonstrativo de Origem e Evolução de Dívida – Crédito Direto ao Consumidor\'.""\n\n### 5.2. Amortização/liquidação de operações ""EM PERDAS""\nIdentificação: `SISALFA > CDC > 15.13`. **Não informar ao cliente que a operação está em prejuízo.**\na) **Débito em conta:** verifique saldo suficiente (mesmas ressalvas do item 5.1); se insuficiente, oriente novo contato. Liquidação: comando em `CDC 13-34` + confirmação do supervisor em `CDC 13-36`. Amortização parcial: comando em `CDC 13-35` + confirmação do gerente de grupo em `CDC 13-36`.\nb) **Boleto bancário:** registre ocorrência.\n\n### 5.3. Cancelamento da amortização ou liquidação antecipada\nSe só houve o comando do atendente (`CDC 13.21.12`) no mesmo dia: cancele em `CDC 13.91.51`. Se já confirmado pelo supervisor (`CDC 13.21.52`): faça o estorno (item 5.5).\n> O registro do atendente fica pendente de confirmação apenas no mesmo dia; se não confirmado, é excluído automaticamente no dia seguinte.\n\n### 5.4. Liquidação – Desaverbação/Liberação de Margem Consignável\nSe o cliente relatar que liquidou/cancelou mas não houve liberação de margem, ou a parcela segue sendo debitada, registre ocorrência.\n\n### 5.5. Estorno de pagamento antecipado\n**Demanda:** pagamento antes do vencimento, ou débito indevido em conta (ex.: pela agência).\n> Não aplicar a Consignação/Renovação Consignação/FGTS Saque Aniversário se a forma de pagamento foi ""Cta Convênio""; para `SISALFA` ou ""Boleto Bancário"", o estorno é permitido (ver item 2).\n\n1. Analise o motivo (não é permitido estornar e deixar em atraso). 2. Verifique vencimento (`CDC 15.13.F2.4`) e pagamento de salário (`SISPAG 11 > 13 > 36 > Consulta on line`). 3. Se não venceu e não houve crédito de salário, estorno possível (pagamento dentro de 30 dias, operação não atualizada). 4. Estorne em `CDC 13.91.11`. 5. Informe crédito no processamento noturno.\n> Se impossível estornar, ou outra duplicidade não sanável, registre ocorrência.\n\n---\n\n## 6. Dificuldade para contratação\n\n| Situação | Procedimento |\n|---|---|\n| **Renda desatualizada** | Verifique a última atualização; se >12 meses, oriente atualizar via App ou canal de autoatendimento (online; às vezes exige foto do documento, validação em até 3 dias úteis). Após validação, o limite é recalculado automaticamente. |\n| **Contrato do CDC não assinado** | Pergunte se aderiu às Cláusulas Gerais (assinatura da Proposta/Contrato de Adesão). Se sim, prossiga a análise. Se não, informe os canais de adesão: App/site (Empréstimo > Solicitação de Crédito > Assinatura de contrato CDC); caixa eletrônico; agência. |\n| **Acordo de dívida vigente** | Contratação impossibilitada durante a vigência do acordo; após encerrado, pode verificar novamente. |\n| **Não correntista** | Exceto CDC Consignado e Crédito 13º Salário INSS (exigem ANC vigente), as demais linhas exigem conta corrente com ANC vigente. |\n| **Modalidade de conta simplificada (sem linhas de crédito)** | Não permite contratar linhas de crédito; se houver interesse, o cliente faz upgrade da conta pelo app (Menu > Upgrade de Conta), sujeito a análise de crédito na agência. |\n\n---\n\n## 7. Contratação não reconhecida\n\n### 7.1. Falsidade ideológica e fraude\nFraude com uso de documentos falsos para contratar produtos; a vítima costuma descobrir só quando seu CPF/CNPJ sofre restrição por inadimplência. Ver rotina 50111.\n- Falsidade em operação de não correntista: oriente comparecimento a qualquer agência com identificação e boletim de ocorrência.\n- Fraude – demais situações: ver rotina 50112.\n\n### 7.2. Contestação de operações via Correspondente (falha, suspeita de fraude/golpe)\nIndícios de falha ou fraude/golpe (presencial ou Duplo Sim): registre ocorrência e responsabilize a unidade de correspondentes/antifraude (código 800010):\n- **Assunto 50113** — contratação não reconhecida; divergente do solicitado; insatisfação com o contrato/descumprimento; falta de clareza.\n- **Assunto 50114** — suspeita de fraude/golpe: abordagem por suposta empresa vinculada ao banco, internalização por correspondente e transferência de recursos a terceiros pelo cliente.\n- **Assunto 50115** — contestação/suspeita de fraude em operação via Correspondente ainda pendente de confirmação.\n\n> No módulo de SAC e Ouvidoria (assuntos 50113/50114), é obrigatório selecionar o produto/modalidade — só aparecem operações contratadas via Correspondente; caso contrário, o registro não é possível. Ao selecionar a operação, os dados de identificação do correspondente, do CDC e da chave de operação são preenchidos automaticamente (não editáveis).\n\n---\n\n## 8. Limite Especial da Conta\n\n### 8.1. Cancelamento do Limite Especial da Conta\na) Pode ser solicitado a qualquer tempo por qualquer titular.\nb) Ao ser solicitado, sonde o motivo e, se cabível, argumente: sem tarifa; limite disponível para emergências sem custo se não usado; cancelar não garante nova contratação futura; é possível reduzir para R$ 100,00 em vez de cancelar. O cliente não pode estar usando o limite no momento (se estiver, oriente cobrir o saldo). Se aceitar reduzir, siga para 8.2. *(Em Ouvidoria, cancelar direto, sem sondagem.)*\nc) Se decidir manter, encerre em FCR.\nd) Se insistir no cancelamento, verifique viabilidade:\n\n**Procedimento (cliente autenticado por URA/Token/IP):**\n> Não cancelar se o cliente estiver usando o limite; se houver juros/IOF a cobrar, é necessário saldo. Falha de autenticação: registre ocorrência.\n- **Atendente:** confira saldo suficiente (extrato) para limite + juros + IOF (desconsiderar valores provisionados); se insuficiente, peça depósito equivalente e informe que o cancelamento pode ser pedido no SAC/agência após o depósito; encerre em FCR. Cancele na plataforma (`Contas > Limite Especial da Conta PF > Implantação, Alteração, Renovação e Cancelamento > Cancelar > Registrar`) e peça deferimento ao supervisor.\n  > Se aparecer ""(27) Já existe comando de implantação para esta conta."", registre ocorrência. Se aparecer ""já existe solicitação pendente de deferimento"", peça o deferimento ao supervisor; se não localizar ou houver erro, abra ocorrência.\n- **Supervisor:** confirme dados (nome, produto, valor); defira (`Deferimentos e Pendências > Limite Especial da Conta Pessoa > Cancelamento > Deferimento`); confirme para o atendente prosseguir.\n- **Atendente:** informe o cancelamento e a disponibilidade da agência para recontratação futura; encerre e registre FCR. *(Se o supervisor não conseguir deferir, registre ocorrência.)*\n\n### 8.2. Redução do Limite Especial da Conta\na) Se o pedido for por causa da tarifa, esclareça que ela não é cobrada; se insistir, siga abaixo.\nb) Identifique PF e titular da conta.\nc) Cliente autenticado:\n- **Atendente:** verifique saldo suficiente para que a redução não deixe o saldo excedido; se preciso, peça depósito e informe que a redução pode ser pedida via app, WhatsApp, SAC ou agência após o depósito. Modalidade ""Ouro"" (limite ≥ R$ 1.000,00) reduzida para entre R$ 100,00 e R$ 950,00 muda para ""Classic"" (diferenças na rotina 50116). Se o cliente concordar, altere modalidade/limite na plataforma e peça deferimento ao supervisor.\n- **Supervisor:** confirme dados; defira (`Deferimentos e Pendências > Limite Especial da Conta Pessoa Física > Alteração > Deferimento`); confirme para o atendente prosseguir.\n- **Atendente:** informe a redução realizada; para elevar no futuro, indicar app/agência. Encerre e registre FCR. *(Se o supervisor não conseguir deferir, registre ocorrência.)*\n\n### 8.3. Alterar data de débito dos juros\nFalha de autenticação: informe os canais. Acesse `Plataforma > Contas > Limite Especial da Conta PF > Alterar > Tipo de Alteração – ""Dia do débito""` e escolha um dia entre 1 e 28. A alteração só vale a partir do mês seguinte à solicitação.\n\n---\n\n## 9. Rotinas auxiliares (índice de empréstimos)\n\n| Código (anonimizado) | Assunto |\n|---|---|\n| 50107 | CDC – Condições Gerais / Contrato |\n| 50108 | Crédito Consignação e Renovação – Correntista e não correntista |\n| 50118 | Crédito Consignação – INSS |\n| 50119 | Crédito Automático |\n| 50120 | Crédito Benefício |\n| 50121 | Crédito Salário e Salário Funci |\n| 50122 | Crédito Renovação e Renovação Funci |\n| 50123 | Crédito 13º Décimo Terceiro Salário |\n| 50124 | Crédito 13º Décimo Terceiro Salário – Não Correntistas |\n| 50125 | CDC Antecipação Restituição IRPF |\n| 50126 | CDC Antecipação Saque Aniversário FGTS |\n| 50117 | Crédito Parcelamento Cheque Especial (Limite Especial da Conta) |\n| 50104 | Autorização de Débito – Empréstimos, CDC e outros (Resolução CMN 4.790/2020) |\n| 50127 | Crédito do Trabalhador – Novo modelo de Crédito Consignado do Setor Privado |\n| 50128 | Crédito do Trabalhador – Atendimento ao Empregador |\n\n---\n\n## 10. Fonte de informação\n\nDepartamento responsável: **DOC – Diretoria de Operações de Crédito** (código 800020).\n']","Com convênio, debita na data de cobrança ou no vencimento (30 dias após o crédito), o que ocorrer primeiro; se o 13º é vinculado ao aniversário, cobrança e vencimento caem no mês de aniversário. Sem convênio, debita no vencimento contratado.",REGULATORY_TIMELINE,9.3326,,0.13043478260869565,0.9012710151075971,1.0,0.9999999999
Qual a diferença de débito entre CDC Antecipação IRPF e Antecipação Saque Aniversário FGTS?,"Embora ambos sejam modalidades de crédito pessoal com pagamento facilitado, eles possuem naturezas, garantias e formas de liquidação completamente diferentes.

Aqui estão as principais diferenças:

### 1. Antecipação de IRPF (Restituição)
*   **O que é:** É um empréstimo baseado no valor que você tem a receber da Receita Federal após declarar o Imposto de Renda.
*   **Garantia:** A própria restituição do IR. O banco ""compra"" o seu direito de receber esse valor.
*   **Como funciona o débito:** Geralmente, o pagamento é feito em **parcela única**. Quando a Receita Federal libera o lote da sua restituição, o valor é depositado diretamente na conta do banco para quitar a dívida.
*   **Risco:** Se por algum motivo a sua declaração cair na ""malha fina"" ou o valor da restituição for menor do que o esperado, você ainda terá a obrigação de quitar o empréstimo com o banco, pois o risco de crédito é seu.

### 2. Antecipação do Saque-Aniversário FGTS
*   **O que é:** É uma modalidade onde você antecipa parcelas anuais que seriam sacadas do seu saldo do FGTS no mês do seu aniversário.
*   **Garantia:** O saldo disponível na sua conta vinculada do FGTS.
*   **Como funciona o débito:** **Não há boleto ou débito em conta corrente.** O pagamento é feito automaticamente pela Caixa Econômica Federal, que retém o valor antecipado diretamente do seu saldo do FGTS na data em que o saque-aniversário seria liberado.
*   **Vantagem:** Como o pagamento sai direto do FGTS, não compromete o seu orçamento mensal (não há parcelas mensais para pagar).
*   **Restrição:** Para contratar, você precisa ter optado pela modalidade ""Saque-Aniversário"" no aplicativo do FGTS e autorizado o banco a consultar o seu saldo.

---

### Resumo Comparativo

| Característica | Antecipação IRPF | Antecipação FGTS |
| :--- | :--- | :--- |
| **Fonte de Pagamento** | Restituição do IR | Saldo do FGTS |
| **Forma de Débito** | Pagamento único (via restituição) | Retenção automática do saldo |
| **Compromete a renda?** | Não (se a restituição cobrir) | Não (sai do saldo do FGTS) |
| **Exigência** | Ter declaração de IR a receber | Ter saldo no FGTS e adesão ao Saque-Aniversário |

**Dica importante:** Antes de contratar qualquer uma das opções, verifique sempre o **CET (Custo Efetivo Total)**, que inclui juros, taxas e impostos (como o IOF), para garantir que a operação seja vantajosa para o seu planejamento financeiro.","['# POP – Atendimento de Operações de CDC (Crédito Direto ao Consumidor) – Pessoa Física\n### [Versão anonimizada/pseudonimizada para uso acadêmico]\n\n> **Nota metodológica de anonimização:** este documento é uma versão pseudonimizada de uma rotina real de atendimento (SAC) de operações de crédito pessoa física. Foram substituídos: (i) o nome da instituição financeira e de seus canais/site/e-mail; (ii) os nomes de sistemas internos claramente proprietários; (iii) nomes e códigos de convênios de consignação com órgãos públicos; (iv) códigos de prefixo/departamento interno; e (v) números de rotinas/assuntos auxiliares referenciados ao longo do texto — todos substituídos por identificadores fictícios e sequenciais. A lógica processual, as condições, exceções e o fluxo de decisão originais foram mantidos integralmente, o que preserva o valor do documento como exemplo de POP para fins de extração de árvore de decisão. Termos e siglas genéricas do setor bancário (CDC, SAC, Ouvidoria, TAA, URA, FCR, ANC, Token, Identificação Positiva) e referências a normas públicas (Resolução CMN 4.790/2020, INSS) foram mantidos, por não serem exclusivos de uma única instituição.\n\n**Sumário:** Observações iniciais · 1. Consulta geral CDC · 2. Débito da parcela CDC · 3. Simulação/Contratação · 4. Cancelamento de CDC · 5. Liquidação/Amortização · 6. Dificuldade para contratação · 7. Contratação não reconhecida · 8. Limite Especial da Conta · 9. Rotinas auxiliares · 10. Fonte de informação\n\n---\n\n## Observações iniciais\n\na) Esta rotina destina-se ao atendimento das operações de crédito PF listadas no item 2. Para os casos abaixo, consulte rotinas específicas:\n- **FIES:** rotina 50101 – SAC QC – Financiamento Estudantil (FIES)\n- **Financiamento imobiliário:** rotina 50102 – SAC QC – Financiamento Imobiliário\n- **Renegociação de dívidas:** rotina 50103 – SAC QC – Renegociação de Dívidas Pessoa Física e Jurídica\n\nb) **Autorização de Débito em Conta:** a partir de 01/03/2021, para que uma operação seja debitada em conta, é necessária autorização específica do cliente para o débito. Ver informações e procedimentos na rotina 50104.\n\nc) **Canais para contratação de CDC:** [link para os canais de contratação]\n\n---\n\n## 1. Consulta geral CDC\n\nPara verificar as informações da operação, identifique se o consumidor é PF e titular da operação. Em caso de FALHA, RECUSA ou INAPLICABILIDADE de Identificação Positiva (IP), registre ocorrência.\n\n| Demanda | Consulta |\n|---|---|\n| a) Informações gerais do CDC | `SISALFA > CDC > 15 > 18` — em ""Código do Cliente"" pressione F4, inclua o CPF e selecione a operação. Clique em F2 > Outros dados > 4. Cronograma. Principais informações: modalidade do CDC, data de vencimento, parcelas pagas e data de pagamento (mais detalhes no item 2), parcelas a vencer, parcelas em atraso, taxas de juros ou CET. |\n| b) Saldo atualizado total | `SISALFA > CDC > 15 > 18` — mesmo caminho acima; após selecionar a operação, verifique o campo ""Saldo devedor atual"". Esse é o saldo do dia, com atualização diária. |\n| c) Parcelas, valores pagos, juros, datas de pagamento | `SISALFA > CDC > 15 > 18` → Agência/Conta → selecione a operação → F2 → 4. Cronograma → selecione a parcela (""P"" indica pagamento parcial) → F9 (detalhe) → F12/F11 (pagamentos e parcelas). O ""total recebimento parcial"" é o valor recebido naquela parcela. |\n| d) Consultar CDC liquidado, renovado ou excluído | `SISALFA > CDC > 15 > 18`, em ""Código do Cliente"" pressione F4 e insira o CPF — NÃO selecione nenhuma operação e pressione F11. F12 para operações arquivadas. |\n| e) Consulta de cláusulas gerais ou documentos do CDC contratado | Cláusulas gerais consultáveis em: **App Alfa** (Menu > Empréstimos > Contratar empréstimo > Aderir ao contrato); **site institucional**, inclusive para não correntista (Página inicial > Pra você > Empréstimo > Empréstimo pessoal > Contrato de abertura de crédito rotativo); **site institucional (área logada)** (Menu > Empréstimos > Crédito consignado e pessoal > Aderir Contrato de Empréstimo). Documentos do CDC contratado: Extrato de Empréstimo (parcelas pagas/a pagar) — App, site, caixas eletrônicos ou agências; Consolidado Anual (valores por exercício) — site ou agências; 2ª via do comprovante (com taxas) — App ou agências. |\n\n---\n\n## 2. Débito da parcela CDC (data ou valor divergente, duplicidade)\n\nPara identificar o débito questionado, consulte o extrato em `Plataforma de Relacionamento (Operações Contratadas) > Contas > Consultas > Extrato Conta Corrente`. O número da operação consta no campo ""Documento"" (9 dígitos).\n\nSituações possíveis: débito antes/depois do vencimento contratual; valor divergente; duplicidade (folha + conta); débito em conta errada.\n\n**Consulta:** `CDC 15.13` (F4 – CPF) → selecione a operação → F2.4 (cronograma) → selecione a parcela com ""x"" → F9 (detalhar) → F12 (mais informações) → F3 (voltar) e copie o nº da operação → `CDC 13.61` (cole o nº como ""nº contrato"") para ver como ocorreu o pagamento.\n\nSiga então a orientação por modalidade:\n\n### CDC Consignação ou CDC Renovação Consignação\nDébito ocorre na folha de pagamento. a) Se não consignada (ou parcial), o débito ocorrerá total/parcial em conta. b) Se liquidado/renovado mas houve consignação, o estorno é automático em conta em até D+2 dias úteis, exceto para os convênios de código 900001 (INSS — devolução a partir do 5º dia útil) e código 900002 (MPDG — devolução até o 1º dia útil).\n\n1. Consulte a parcela: `CDC 15 > 13 > F2 > 4` (datas); `CDC 15 > 13 > F8 > F9` (mês/ano da folha). *Consig total* = debitada integralmente em folha; *Consig parcial* = debitada parcialmente (verifique o restante em conta); *Não consignada* = sem débito em folha; *Incluída* = ainda não vencida; *Enviada* = empregador não retornou (sem repasse, o débito ocorre em conta).\n2. Confirme a consignação em `SISCONSIG 22 > 01 > 01` (Convênio, Data Prevista, nº Operação — dados em `CDC 15.13`); selecione ""x"" e F9: ""Tipo Lançamento"" *Amortização* = consignado; *Devolução* = não consignado, devolvido à conta.\n3. Preste as informações.\n4. Se o cliente disser que a parcela foi consignada em folha mas também há débito agendado em conta: verifique o extrato (agendado ou debitado); se debitado, verifique devolução; se a data for hoje/próximo dia útil, oriente aguardar o processamento noturno (tende a ser excluído) e encerre em FCR. Se confirmada duplicidade sem estorno, ou se o sistema não mostra consignação mas o cliente afirma o desconto, registre ocorrência e oriente o envio de cópia do contracheque para `sacdocumentos@bancoalfa.com.br`.\n\n> **Crédito do Trabalhador** (identifique pelo campo ""Convênio"" = ""E-Consig PJ"" em `CDC > 15 > 13`): exigir contracheque da competência anterior ao débito (ex.: débito no mês 09 → contracheque do mês 08) e o documento ""Detalhe da guia emitida"" (com a instituição que recebeu o valor) + comprovante de pagamento da guia, fornecidos pela empresa.\n\n### CDC Salário, CDC Benefício e CDC Renovação\nDébito no dia do crédito do salário/benefício, mesmo que divergente do vencimento contratual (cobrança antecipada gera desconto proporcional). Renovação com convênio: débito na data de crédito de proventos; sem convênio: na data de vencimento.\n\n1. Verifique no extrato o recebimento de salário no dia do débito.\n2. Compare a data de débito (`CDC 15 > 13 > F2 > 4`) com a cadastrada em `CDC 24 > 14` e `SISPAG 11 > 13 > 36 > Consulta on line`.\n3. Se ambos ocorrerem após o vencimento do contrato, registre ocorrência.\n4. Preste as informações.\n\n### CDC Automático\nDébito em conta (corrente ou salário) na data de vencimento informada na autorização; há opção de boleto (gerado pelo cliente ou se a autorização foi cancelada).\n\n**Duplicidade:** 1. Verifique boleto pago + débito em conta (`CDC 13 > 61`, ""Forma Pagto"": Rcbto Autom e Boleto Banc); confira estorno (campo ""Dt. Canc."" preenchido = houve estorno). 2. Se confirmada duplicidade sem estorno, estorne em `CDC 13 > 91 > 11 > 6` (o sistema só estorna do mais recente para o mais antigo; se o pagamento em conta foi parcial e só for possível estornar o boleto mais recente, isso deixaria a operação em atraso — nesse caso, estorne primeiro o ""Boleto Bancário"" e depois o ""Recebimento Automático"", só se não houver débitos pendentes). Peça ao supervisor para receber o valor correto em `CDC 13.23`; confirme a data de recebimento retroativo em `CDC 13.61`.\n> Para recebimento por débito em conta em operações contratadas a partir de 01/03/21, é necessária autorização específica do cliente.\n\n### CDC 13º Salário\nDébito em parcela única. **Com convênio:** na data de cobrança (recebimento do 13º, informado pelo empregador) OU no vencimento (30 dias após o crédito do 13º), o que ocorrer primeiro — exceto convênios com 13º vinculado ao aniversário do cliente. **Sem convênio:** na data escolhida na contratação.\n\n- Convênio consta em `SISALFA > CDC 15.13`.\n- **Com convênio:** data de cobrança em `CDC 22 > 10 > 5d` (código de linha 3100; nº convênio em `CDC 15 > 13`); vencimento em `CDC 15 > 13 > F2 > 4`. 1. Informe que o débito ocorre na data de cobrança; se o 13º não for creditado, tenta-se o débito na data de cobrança ou vencimento (o que ocorrer primeiro). 2. Verifique como ocorreu em `CDC 15 > 13 > F2 > 4`. 3. Preste as informações.\n  > **Obs.:** se a data de cobrança mudar por solicitação do empregador, o vencimento pode ser antecipado. *Ex. 1:* cobrança cadastrada 30/06/26 → vencimento 30/07/26; se a cobrança mudar para 30/08/26, cobra-se em 30/07/26 (o que ocorrer primeiro). *Ex. 2:* se o 13º do convênio está vinculado ao mês de aniversário, cobrança e vencimento caem no mês de aniversário do cliente.\n- **Sem convênio:** débito no vencimento (`CDC 15 > 13 > F2 > 4`).\n\n### CDC Antecipação IRPF\nDébito (a) na data prevista do crédito da restituição, ou (b) no vencimento contratual, se o crédito não ocorrer antes.\n1. Informe a regra acima. 2. Consulte `CDC 15 > 13 > F2 > 4`. 3. Preste as informações.\n\n### CDC Antecipação Saque Aniversário FGTS\nLiquidação automática via repasse do FGTS; débito em conta só se o repasse for insuficiente.\n1. Consulte `CDC 15 > 13 > F2 > 4`. 2. Preste as informações.\n\n### Orientações complementares\na) Reclamação de saldo aprovisionado em fim de semana/feriado: explique que, pelas cláusulas gerais do contrato de conta, a liberação de débitos nesses períodos depende do saldo após deduzir débitos programados para o 1º dia útil seguinte.\nb) **Boleto:** algumas linhas permitem gerar boleto (rotina 50107); se houver duplicidade (conta + boleto), estorne como em ""CDC Automático"". Não aplicar esse procedimento a CDC Consignação/Renovação Consignação/FGTS Saque Aniversário se a forma de pagamento foi ""Cta Convênio"" — para forma de pagamento via `SISALFA` ou ""Boleto Bancário"", o estorno é permitido.\nc) Mais informações: ver rotinas auxiliares (item 9).\nd) Se não for possível identificar o motivo, ou o cliente permanecer insatisfeito, registre ocorrência.\n\n---\n\n## 3. Simulação/Contratação de Empréstimos\n\nCDC é um empréstimo pessoal automatizado, pré-aprovado, disponível em conta corrente. Solicitação exclusiva do titular.\n> Se o cliente quiser alterar o vencimento da prestação: após a confirmação do contrato isso não é possível. Alternativa: contratar CDC Renovação (se a linha permitir e houver limite), indicando o vencimento mais adequado.\n\n**Procedimento:** verifique se a Análise de Crédito (ANC) está vigente em `Plataforma de Relacionamento (Operações Contratadas) — aba Limite de Crédito`, campo ""Situação do limite"".\n\n| Status do limite | Procedimento |\n|---|---|\n| Vencida, Impedida, Cancelada, Suspensa, Em transferência, Em estudo, Indeferida, ou Vigente com Limite Total–Margem zerado | Informe que não há limite disponível; o cliente deve ir a qualquer agência com identificação (RG/CPF), comprovante de residência e de renda (emitidos há menos de 90 dias, mesmo que pela internet). Consulte a rotina 50105 para possibilidade de restabelecimento. |\n| Vigente (algum valor em Limite Total–Margem) | Não informe o valor ao cliente. Dentro do horário de atendimento (9h–18h), pergunte se autoriza transferência para a Central de Consultoria em Uso Responsável do Crédito (rotina 50106). Se não autorizar, ou fora do horário, informe as opções: Central de Consultoria; App Alfa > Empréstimo; site > Empréstimo; caixa eletrônico (TAA) > Empréstimo. |\n\n---\n\n## 4. Cancelamento de CDC\n\nCancelamento permitido em até 7 dias corridos (a partir do dia seguinte à liberação do crédito), se contratado por canal de autoatendimento (App, site, caixas eletrônicos ou telefone), pelo titular, autenticado (URA, Token ou Identificação Positiva).\n\n> **Atenção:** o cancelamento da linha 2881 – Crédito Renovação Consignação está restrito ao departamento **DOC – Diretoria de Operações de Crédito** (código 800020) para os convênios: Convênio Especial 01 (700001), 02 (700002), 03 (700003), 04 (700004), 05 (700005), 06 (700006), 07 (700007), 08 (700008), 09 (700009), 10 (700010), 11 (700011), 12 (700012), 13 (700013), 14 (700014), 15 (700015) e 16 (700016). É necessário haver margem suficiente para reaverbação das operações vinculadas à renovação cancelada.\n> O cancelamento da mesma linha para o Convênio Especial 17 (700017) está restrito à **Superintendência Regional III** (código 800030). Ver rotina 50108.\n\nAntes do procedimento, informe o número da operação e que, após o cancelamento, o comando não pode ser desfeito.\n\n### 4.1. Cancelamento de proposta CDC NÃO CONFIRMADA\n`SISRET Y09` — copie o nº da operação (documento, 9 dígitos). `CDC 11.13` → inclua o nº a cancelar. Em ""Exclusão de operação – Confirma?"", responda ""S"". Motivo: ""08 – Exclusão a pedido do cliente – Desistência"". Verifique a mensagem ""Cancelamento da Proposta efetuado em XX/XX/XX às XX:XX:XX por FXXXXX""; se diferente, registre ocorrência.\n> Atenção a operações via Correspondente – LOG 633 ""Operação Novo Fluxo Correspondente/Parceiro Comercial"" (`CDC 15.18.F2.8`). Se pendente de confirmação, registre ocorrência (motivo obrigatório; não oriente o cliente a excluir por autoatendimento).\n\n### 4.2. Cancelamento no MESMO DIA ou DIA ÚTIL SEGUINTE (contratação em dia não útil)\nPermitido para contratações presenciais e não presenciais, todos os canais. Uso do Limite Especial da Conta gera juros e IOF. Cancele em `CDC 14`; se falhar, registre ocorrência.\n\n### 4.3. Cancelamento em até 7 DIAS CORRIDOS (a partir do dia seguinte ao crédito)\n**Via TAA/internet/App/telefone (Duplo Sim):** consulte `CDC 15.18.F2.8` (log) — canal no log 201: *Duplo Sim* → campo ""Ocor"" LOG 201 e 493; *Correspondente* → registre ocorrência. (Contestação: ver item 7.2.)\n**Presencial na agência:** só cancela no mesmo dia (ver item 4.2)! A partir do dia seguinte, só liquidação. Se o cliente relatar falhas, registre ocorrência.\n\nVerifique saldo para o débito (ou ""troco"" nas Renovações — `CDC 15.18.F2.5 Contratos Vinculados` mostrará o `SISCLI`; informe o valor), considerando Limite Especial ou resgates automáticos. Oriente manter saldo (débito à noite); uso do Limite Especial gera juros/IOF. Se discordar, só liquidação/amortização/pagamento. Cancele em `CDC 14`; se falhar, registre ocorrência.\n> No cancelamento de CDC Antecipação Saque Aniversário FGTS, o desbloqueio da garantia é automático. Log ""1120 – Operação Contratada com Parcela Pix"" = produto Alfa Parcela Pix (mesmo procedimento de Duplo Sim).\n\n### 4.4. Cancelamento de REPACTUAÇÃO\n`CDC 15.13`, selecione a operação. Se constar ""Op"" pendente de confirmação, pode excluir; se confirmada, só liquida/paga total.\n> *Convênio Especial 17:* tem repactuação de CDCs consignados com suspensão de cobrança (rotina 50109).\n\n### 4.5. Cancelamento do produto de pagamento parcelado de contas\nVer item 10 da rotina 50110.\n\n### 4.6. Pedido após 7 dias, ou contratação presencial (pedido fora do mesmo dia)\nSó é possível a liquidação.\n> Obs. 1: presencial só cancela no mesmo dia (item 4.2). Obs. 2: exclusivamente para CDC Renovação, se a liquidação antecipada não puder ser feita, registre ocorrência para avaliar cancelamento (informar que o IOF será cobrado em conta). CDC Renovação sem ""troco"" é cancelável se a contratação não foi presencial e o pedido ocorreu em até 7 dias.\n\nCancele em `CDC > 14`. Em caso de erro, registre ocorrência.\n\n---\n\n## 5. Liquidação / Amortização\n\nSolicitação exclusiva do titular.\n\n### 5.1. Amortização/Liquidação ANTECIPADA ou operação EM ATRASO\n**Demanda:** quitação parcial/total antes do vencimento e/ou parcelas em atraso.\n> Pagamento via boleto: emitido em agência, pago no mesmo dia (saldo atualiza diariamente); se não pago no mesmo dia, o mesmo boleto ainda serve, pois o saldo é recalculado.\n\nSe não autenticado (URA/Token/IP), informe os canais. Cancelamento da amortização/liquidação só no mesmo dia, e só com margem disponível (item 5.3). Somente com recursos próprios; há redução proporcional de juros.\n\n**Tipos** (parcelas em atraso sempre em ordem crescente): **Crescente** (da próxima parcela em diante); **Decrescente** (da última parcela para trás); **Linear** (amortiza o saldo total sem alterar o cronograma; recalcula as parcelas a vencer).\n> Linear NÃO permitido para CDC Consignado, nem para operações fora do status ""Normal"", com pagamento parcial, em cobrança, ou com ""Pula-Parcela"". ""Em cobrança"" não aceita nenhuma amortização.\n\n| Necessidade do cliente | Tipo de amortização |\n|---|---|\n| Parar de pagar as próximas prestações por um período | Liquidação antecipada de parcelas integrais, ordem crescente |\n| Amortizar e continuar pagando as próximas prestações | Liquidação antecipada de parcelas integrais, ordem decrescente |\n| Reduzir o valor das prestações em toda a operação | Amortização linear |\n| Liquidar a operação | Quitação total, sempre em ordem crescente |\n\n> No CDC Consignado, pode haver desconto da próxima prestação em folha. Para Consignação/Renovação Consignação, prefira ordem decrescente (evita duplicidade em folha); se o cliente pedir crescente, informe o risco (o valor retorna no vencimento da parcela, se ocorrer).\n\n**Procedimento:** 1. Simule em `CDC 13.11.12`, informe o saldo atual (item 1b). 2. Verifique saldo suficiente (`Plataforma de Relacionamento > Contas > Extrato`), considerando saldo aprovisionado, tarifas pendentes, resgates automáticos e Limite Especial (a critério do cliente, com encargos). 3. Se insuficiente, oriente novo contato; se suficiente, execute em `CDC 13 > 21 > 12` (tipo: parcial/liquidação/linear; quantidade/valor; ordem).\n> Se o sistema indicar ausência de autorização de débito, siga a rotina 50104.\n\n**Leitura obrigatória ao cliente antes da confirmação** (""Sr(a). ___, para sua segurança, faremos a leitura das condições:""):\n- **Parcial/liquidação:** agência/conta; valor base da parcela; encargos por atraso; desconto de antecipação; variação Selic; valor a amortizar; total de parcelas; ordem escolhida.\n- **Linear:** valor base; desconto aproximado; variação Selic; valor da parcela inicial; novo valor da parcela; quantidade de parcelas.\n\nApós a leitura: ""Podemos confirmar a liquidação/amortização?"" (F3, sem impressão). Supervisor confirma em `CDC 13.21.52`. Informar necessidade de saldo em conta. Comprovante: ""o débito ocorre ainda hoje; confirme pelo extrato. Para comprovante detalhado, solicite em qualquer agência o documento \'Demonstrativo de Origem e Evolução de Dívida – Crédito Direto ao Consumidor\'.""\n\n### 5.2. Amortização/liquidação de operações ""EM PERDAS""\nIdentificação: `SISALFA > CDC > 15.13`. **Não informar ao cliente que a operação está em prejuízo.**\na) **Débito em conta:** verifique saldo suficiente (mesmas ressalvas do item 5.1); se insuficiente, oriente novo contato. Liquidação: comando em `CDC 13-34` + confirmação do supervisor em `CDC 13-36`. Amortização parcial: comando em `CDC 13-35` + confirmação do gerente de grupo em `CDC 13-36`.\nb) **Boleto bancário:** registre ocorrência.\n\n### 5.3. Cancelamento da amortização ou liquidação antecipada\nSe só houve o comando do atendente (`CDC 13.21.12`) no mesmo dia: cancele em `CDC 13.91.51`. Se já confirmado pelo supervisor (`CDC 13.21.52`): faça o estorno (item 5.5).\n> O registro do atendente fica pendente de confirmação apenas no mesmo dia; se não confirmado, é excluído automaticamente no dia seguinte.\n\n### 5.4. Liquidação – Desaverbação/Liberação de Margem Consignável\nSe o cliente relatar que liquidou/cancelou mas não houve liberação de margem, ou a parcela segue sendo debitada, registre ocorrência.\n\n### 5.5. Estorno de pagamento antecipado\n**Demanda:** pagamento antes do vencimento, ou débito indevido em conta (ex.: pela agência).\n> Não aplicar a Consignação/Renovação Consignação/FGTS Saque Aniversário se a forma de pagamento foi ""Cta Convênio""; para `SISALFA` ou ""Boleto Bancário"", o estorno é permitido (ver item 2).\n\n1. Analise o motivo (não é permitido estornar e deixar em atraso). 2. Verifique vencimento (`CDC 15.13.F2.4`) e pagamento de salário (`SISPAG 11 > 13 > 36 > Consulta on line`). 3. Se não venceu e não houve crédito de salário, estorno possível (pagamento dentro de 30 dias, operação não atualizada). 4. Estorne em `CDC 13.91.11`. 5. Informe crédito no processamento noturno.\n> Se impossível estornar, ou outra duplicidade não sanável, registre ocorrência.\n\n---\n\n## 6. Dificuldade para contratação\n\n| Situação | Procedimento |\n|---|---|\n| **Renda desatualizada** | Verifique a última atualização; se >12 meses, oriente atualizar via App ou canal de autoatendimento (online; às vezes exige foto do documento, validação em até 3 dias úteis). Após validação, o limite é recalculado automaticamente. |\n| **Contrato do CDC não assinado** | Pergunte se aderiu às Cláusulas Gerais (assinatura da Proposta/Contrato de Adesão). Se sim, prossiga a análise. Se não, informe os canais de adesão: App/site (Empréstimo > Solicitação de Crédito > Assinatura de contrato CDC); caixa eletrônico; agência. |\n| **Acordo de dívida vigente** | Contratação impossibilitada durante a vigência do acordo; após encerrado, pode verificar novamente. |\n| **Não correntista** | Exceto CDC Consignado e Crédito 13º Salário INSS (exigem ANC vigente), as demais linhas exigem conta corrente com ANC vigente. |\n| **Modalidade de conta simplificada (sem linhas de crédito)** | Não permite contratar linhas de crédito; se houver interesse, o cliente faz upgrade da conta pelo app (Menu > Upgrade de Conta), sujeito a análise de crédito na agência. |\n\n---\n\n## 7. Contratação não reconhecida\n\n### 7.1. Falsidade ideológica e fraude\nFraude com uso de documentos falsos para contratar produtos; a vítima costuma descobrir só quando seu CPF/CNPJ sofre restrição por inadimplência. Ver rotina 50111.\n- Falsidade em operação de não correntista: oriente comparecimento a qualquer agência com identificação e boletim de ocorrência.\n- Fraude – demais situações: ver rotina 50112.\n\n### 7.2. Contestação de operações via Correspondente (falha, suspeita de fraude/golpe)\nIndícios de falha ou fraude/golpe (presencial ou Duplo Sim): registre ocorrência e responsabilize a unidade de correspondentes/antifraude (código 800010):\n- **Assunto 50113** — contratação não reconhecida; divergente do solicitado; insatisfação com o contrato/descumprimento; falta de clareza.\n- **Assunto 50114** — suspeita de fraude/golpe: abordagem por suposta empresa vinculada ao banco, internalização por correspondente e transferência de recursos a terceiros pelo cliente.\n- **Assunto 50115** — contestação/suspeita de fraude em operação via Correspondente ainda pendente de confirmação.\n\n> No módulo de SAC e Ouvidoria (assuntos 50113/50114), é obrigatório selecionar o produto/modalidade — só aparecem operações contratadas via Correspondente; caso contrário, o registro não é possível. Ao selecionar a operação, os dados de identificação do correspondente, do CDC e da chave de operação são preenchidos automaticamente (não editáveis).\n\n---\n\n## 8. Limite Especial da Conta\n\n### 8.1. Cancelamento do Limite Especial da Conta\na) Pode ser solicitado a qualquer tempo por qualquer titular.\nb) Ao ser solicitado, sonde o motivo e, se cabível, argumente: sem tarifa; limite disponível para emergências sem custo se não usado; cancelar não garante nova contratação futura; é possível reduzir para R$ 100,00 em vez de cancelar. O cliente não pode estar usando o limite no momento (se estiver, oriente cobrir o saldo). Se aceitar reduzir, siga para 8.2. *(Em Ouvidoria, cancelar direto, sem sondagem.)*\nc) Se decidir manter, encerre em FCR.\nd) Se insistir no cancelamento, verifique viabilidade:\n\n**Procedimento (cliente autenticado por URA/Token/IP):**\n> Não cancelar se o cliente estiver usando o limite; se houver juros/IOF a cobrar, é necessário saldo. Falha de autenticação: registre ocorrência.\n- **Atendente:** confira saldo suficiente (extrato) para limite + juros + IOF (desconsiderar valores provisionados); se insuficiente, peça depósito equivalente e informe que o cancelamento pode ser pedido no SAC/agência após o depósito; encerre em FCR. Cancele na plataforma (`Contas > Limite Especial da Conta PF > Implantação, Alteração, Renovação e Cancelamento > Cancelar > Registrar`) e peça deferimento ao supervisor.\n  > Se aparecer ""(27) Já existe comando de implantação para esta conta."", registre ocorrência. Se aparecer ""já existe solicitação pendente de deferimento"", peça o deferimento ao supervisor; se não localizar ou houver erro, abra ocorrência.\n- **Supervisor:** confirme dados (nome, produto, valor); defira (`Deferimentos e Pendências > Limite Especial da Conta Pessoa > Cancelamento > Deferimento`); confirme para o atendente prosseguir.\n- **Atendente:** informe o cancelamento e a disponibilidade da agência para recontratação futura; encerre e registre FCR. *(Se o supervisor não conseguir deferir, registre ocorrência.)*\n\n### 8.2. Redução do Limite Especial da Conta\na) Se o pedido for por causa da tarifa, esclareça que ela não é cobrada; se insistir, siga abaixo.\nb) Identifique PF e titular da conta.\nc) Cliente autenticado:\n- **Atendente:** verifique saldo suficiente para que a redução não deixe o saldo excedido; se preciso, peça depósito e informe que a redução pode ser pedida via app, WhatsApp, SAC ou agência após o depósito. Modalidade ""Ouro"" (limite ≥ R$ 1.000,00) reduzida para entre R$ 100,00 e R$ 950,00 muda para ""Classic"" (diferenças na rotina 50116). Se o cliente concordar, altere modalidade/limite na plataforma e peça deferimento ao supervisor.\n- **Supervisor:** confirme dados; defira (`Deferimentos e Pendências > Limite Especial da Conta Pessoa Física > Alteração > Deferimento`); confirme para o atendente prosseguir.\n- **Atendente:** informe a redução realizada; para elevar no futuro, indicar app/agência. Encerre e registre FCR. *(Se o supervisor não conseguir deferir, registre ocorrência.)*\n\n### 8.3. Alterar data de débito dos juros\nFalha de autenticação: informe os canais. Acesse `Plataforma > Contas > Limite Especial da Conta PF > Alterar > Tipo de Alteração – ""Dia do débito""` e escolha um dia entre 1 e 28. A alteração só vale a partir do mês seguinte à solicitação.\n\n---\n\n## 9. Rotinas auxiliares (índice de empréstimos)\n\n| Código (anonimizado) | Assunto |\n|---|---|\n| 50107 | CDC – Condições Gerais / Contrato |\n| 50108 | Crédito Consignação e Renovação – Correntista e não correntista |\n| 50118 | Crédito Consignação – INSS |\n| 50119 | Crédito Automático |\n| 50120 | Crédito Benefício |\n| 50121 | Crédito Salário e Salário Funci |\n| 50122 | Crédito Renovação e Renovação Funci |\n| 50123 | Crédito 13º Décimo Terceiro Salário |\n| 50124 | Crédito 13º Décimo Terceiro Salário – Não Correntistas |\n| 50125 | CDC Antecipação Restituição IRPF |\n| 50126 | CDC Antecipação Saque Aniversário FGTS |\n| 50117 | Crédito Parcelamento Cheque Especial (Limite Especial da Conta) |\n| 50104 | Autorização de Débito – Empréstimos, CDC e outros (Resolução CMN 4.790/2020) |\n| 50127 | Crédito do Trabalhador – Novo modelo de Crédito Consignado do Setor Privado |\n| 50128 | Crédito do Trabalhador – Atendimento ao Empregador |\n\n---\n\n## 10. Fonte de informação\n\nDepartamento responsável: **DOC – Diretoria de Operações de Crédito** (código 800020).\n']","IRPF debita na data prevista do crédito da restituição ou no vencimento, se o crédito não vier antes. FGTS liquida automaticamente via repasse do FGTS e só debita em conta se o repasse for insuficiente.",EDGE_CASE,9.1242,,0.07142857142857142,0.9143437094688486,1.0,0.9999999999
CDC com repactuação mostra 'Op' pendente de confirmação no CDC 15.13. Pode excluir? E se já confirmada?,"Como assistente bancário, esclareço que o status de **""Op pendente de confirmação""** no sistema CDC (Crédito Direto ao Consumidor) indica que uma operação de repactuação foi iniciada, mas ainda não foi efetivada ou processada pelo sistema central.

Aqui estão as orientações gerais sobre como proceder:

### 1. Se a operação ainda está ""Pendente de Confirmação"":
*   **É possível excluir?** Sim, geralmente o sistema permite o cancelamento ou a exclusão da proposta enquanto ela estiver em status de ""pendente"" ou ""em digitação"".
*   **Como fazer:** Verifique no menu de operações do CDC a opção de ""Cancelar"" ou ""Excluir proposta"". Se o botão não estiver disponível na tela principal, pode ser necessário acessar o histórico da operação ou o menu de ""Manutenção de Propostas"".
*   **Atenção:** Se a pendência for uma trava de sistema (bloqueio por falta de assinatura digital ou pendência de alçada), a exclusão pode exigir o cancelamento do fluxo de trabalho (workflow) associado.

### 2. Se a operação já foi ""Confirmada"":
*   **É possível excluir?** Não. Uma vez confirmada, a operação é processada pelo sistema, o contrato é gerado e os valores são liquidados (ou o refinanciamento é consolidado).
*   **O que fazer se houver erro?** Se a repactuação foi confirmada por engano ou com dados incorretos, você não conseguirá ""excluir"". O procedimento padrão é:
    *   **Estorno ou Cancelamento de Contrato:** Dependendo da política do banco e do tempo decorrido, pode ser necessário solicitar o cancelamento do contrato via área de suporte operacional ou retaguarda.
    *   **Refinanciamento/Reversão:** Em alguns casos, se o contrato já estiver ativo, será necessário realizar uma nova operação para corrigir o saldo ou solicitar a reversão da operação junto ao setor de crédito/operações.

### Recomendações importantes:
1.  **Verifique o status final:** Antes de qualquer ação, certifique-se de que o status não mudou para ""Efetivado"" ou ""Contratado"".
2.  **Consulte o suporte interno:** Como o sistema CDC 15.13 é uma interface específica, se você for funcionário ou correspondente, **consulte o manual operacional do sistema** ou entre em contato com o **Suporte de TI/Operações** do seu banco. Eles possuem ferramentas para forçar o cancelamento de operações travadas que não permitem exclusão via interface comum.
3.  **Evite duplicidade:** Não tente iniciar uma nova repactuação enquanto a anterior estiver pendente, pois isso pode gerar erros de concorrência no sistema.

**Resumo:** Se está pendente, tente cancelar pelo menu de manutenção. Se já foi confirmada, o cancelamento não é mais possível via interface de usuário e exigirá intervenção da retaguarda operacional.","['# POP – Atendimento de Operações de CDC (Crédito Direto ao Consumidor) – Pessoa Física\n### [Versão anonimizada/pseudonimizada para uso acadêmico]\n\n> **Nota metodológica de anonimização:** este documento é uma versão pseudonimizada de uma rotina real de atendimento (SAC) de operações de crédito pessoa física. Foram substituídos: (i) o nome da instituição financeira e de seus canais/site/e-mail; (ii) os nomes de sistemas internos claramente proprietários; (iii) nomes e códigos de convênios de consignação com órgãos públicos; (iv) códigos de prefixo/departamento interno; e (v) números de rotinas/assuntos auxiliares referenciados ao longo do texto — todos substituídos por identificadores fictícios e sequenciais. A lógica processual, as condições, exceções e o fluxo de decisão originais foram mantidos integralmente, o que preserva o valor do documento como exemplo de POP para fins de extração de árvore de decisão. Termos e siglas genéricas do setor bancário (CDC, SAC, Ouvidoria, TAA, URA, FCR, ANC, Token, Identificação Positiva) e referências a normas públicas (Resolução CMN 4.790/2020, INSS) foram mantidos, por não serem exclusivos de uma única instituição.\n\n**Sumário:** Observações iniciais · 1. Consulta geral CDC · 2. Débito da parcela CDC · 3. Simulação/Contratação · 4. Cancelamento de CDC · 5. Liquidação/Amortização · 6. Dificuldade para contratação · 7. Contratação não reconhecida · 8. Limite Especial da Conta · 9. Rotinas auxiliares · 10. Fonte de informação\n\n---\n\n## Observações iniciais\n\na) Esta rotina destina-se ao atendimento das operações de crédito PF listadas no item 2. Para os casos abaixo, consulte rotinas específicas:\n- **FIES:** rotina 50101 – SAC QC – Financiamento Estudantil (FIES)\n- **Financiamento imobiliário:** rotina 50102 – SAC QC – Financiamento Imobiliário\n- **Renegociação de dívidas:** rotina 50103 – SAC QC – Renegociação de Dívidas Pessoa Física e Jurídica\n\nb) **Autorização de Débito em Conta:** a partir de 01/03/2021, para que uma operação seja debitada em conta, é necessária autorização específica do cliente para o débito. Ver informações e procedimentos na rotina 50104.\n\nc) **Canais para contratação de CDC:** [link para os canais de contratação]\n\n---\n\n## 1. Consulta geral CDC\n\nPara verificar as informações da operação, identifique se o consumidor é PF e titular da operação. Em caso de FALHA, RECUSA ou INAPLICABILIDADE de Identificação Positiva (IP), registre ocorrência.\n\n| Demanda | Consulta |\n|---|---|\n| a) Informações gerais do CDC | `SISALFA > CDC > 15 > 18` — em ""Código do Cliente"" pressione F4, inclua o CPF e selecione a operação. Clique em F2 > Outros dados > 4. Cronograma. Principais informações: modalidade do CDC, data de vencimento, parcelas pagas e data de pagamento (mais detalhes no item 2), parcelas a vencer, parcelas em atraso, taxas de juros ou CET. |\n| b) Saldo atualizado total | `SISALFA > CDC > 15 > 18` — mesmo caminho acima; após selecionar a operação, verifique o campo ""Saldo devedor atual"". Esse é o saldo do dia, com atualização diária. |\n| c) Parcelas, valores pagos, juros, datas de pagamento | `SISALFA > CDC > 15 > 18` → Agência/Conta → selecione a operação → F2 → 4. Cronograma → selecione a parcela (""P"" indica pagamento parcial) → F9 (detalhe) → F12/F11 (pagamentos e parcelas). O ""total recebimento parcial"" é o valor recebido naquela parcela. |\n| d) Consultar CDC liquidado, renovado ou excluído | `SISALFA > CDC > 15 > 18`, em ""Código do Cliente"" pressione F4 e insira o CPF — NÃO selecione nenhuma operação e pressione F11. F12 para operações arquivadas. |\n| e) Consulta de cláusulas gerais ou documentos do CDC contratado | Cláusulas gerais consultáveis em: **App Alfa** (Menu > Empréstimos > Contratar empréstimo > Aderir ao contrato); **site institucional**, inclusive para não correntista (Página inicial > Pra você > Empréstimo > Empréstimo pessoal > Contrato de abertura de crédito rotativo); **site institucional (área logada)** (Menu > Empréstimos > Crédito consignado e pessoal > Aderir Contrato de Empréstimo). Documentos do CDC contratado: Extrato de Empréstimo (parcelas pagas/a pagar) — App, site, caixas eletrônicos ou agências; Consolidado Anual (valores por exercício) — site ou agências; 2ª via do comprovante (com taxas) — App ou agências. |\n\n---\n\n## 2. Débito da parcela CDC (data ou valor divergente, duplicidade)\n\nPara identificar o débito questionado, consulte o extrato em `Plataforma de Relacionamento (Operações Contratadas) > Contas > Consultas > Extrato Conta Corrente`. O número da operação consta no campo ""Documento"" (9 dígitos).\n\nSituações possíveis: débito antes/depois do vencimento contratual; valor divergente; duplicidade (folha + conta); débito em conta errada.\n\n**Consulta:** `CDC 15.13` (F4 – CPF) → selecione a operação → F2.4 (cronograma) → selecione a parcela com ""x"" → F9 (detalhar) → F12 (mais informações) → F3 (voltar) e copie o nº da operação → `CDC 13.61` (cole o nº como ""nº contrato"") para ver como ocorreu o pagamento.\n\nSiga então a orientação por modalidade:\n\n### CDC Consignação ou CDC Renovação Consignação\nDébito ocorre na folha de pagamento. a) Se não consignada (ou parcial), o débito ocorrerá total/parcial em conta. b) Se liquidado/renovado mas houve consignação, o estorno é automático em conta em até D+2 dias úteis, exceto para os convênios de código 900001 (INSS — devolução a partir do 5º dia útil) e código 900002 (MPDG — devolução até o 1º dia útil).\n\n1. Consulte a parcela: `CDC 15 > 13 > F2 > 4` (datas); `CDC 15 > 13 > F8 > F9` (mês/ano da folha). *Consig total* = debitada integralmente em folha; *Consig parcial* = debitada parcialmente (verifique o restante em conta); *Não consignada* = sem débito em folha; *Incluída* = ainda não vencida; *Enviada* = empregador não retornou (sem repasse, o débito ocorre em conta).\n2. Confirme a consignação em `SISCONSIG 22 > 01 > 01` (Convênio, Data Prevista, nº Operação — dados em `CDC 15.13`); selecione ""x"" e F9: ""Tipo Lançamento"" *Amortização* = consignado; *Devolução* = não consignado, devolvido à conta.\n3. Preste as informações.\n4. Se o cliente disser que a parcela foi consignada em folha mas também há débito agendado em conta: verifique o extrato (agendado ou debitado); se debitado, verifique devolução; se a data for hoje/próximo dia útil, oriente aguardar o processamento noturno (tende a ser excluído) e encerre em FCR. Se confirmada duplicidade sem estorno, ou se o sistema não mostra consignação mas o cliente afirma o desconto, registre ocorrência e oriente o envio de cópia do contracheque para `sacdocumentos@bancoalfa.com.br`.\n\n> **Crédito do Trabalhador** (identifique pelo campo ""Convênio"" = ""E-Consig PJ"" em `CDC > 15 > 13`): exigir contracheque da competência anterior ao débito (ex.: débito no mês 09 → contracheque do mês 08) e o documento ""Detalhe da guia emitida"" (com a instituição que recebeu o valor) + comprovante de pagamento da guia, fornecidos pela empresa.\n\n### CDC Salário, CDC Benefício e CDC Renovação\nDébito no dia do crédito do salário/benefício, mesmo que divergente do vencimento contratual (cobrança antecipada gera desconto proporcional). Renovação com convênio: débito na data de crédito de proventos; sem convênio: na data de vencimento.\n\n1. Verifique no extrato o recebimento de salário no dia do débito.\n2. Compare a data de débito (`CDC 15 > 13 > F2 > 4`) com a cadastrada em `CDC 24 > 14` e `SISPAG 11 > 13 > 36 > Consulta on line`.\n3. Se ambos ocorrerem após o vencimento do contrato, registre ocorrência.\n4. Preste as informações.\n\n### CDC Automático\nDébito em conta (corrente ou salário) na data de vencimento informada na autorização; há opção de boleto (gerado pelo cliente ou se a autorização foi cancelada).\n\n**Duplicidade:** 1. Verifique boleto pago + débito em conta (`CDC 13 > 61`, ""Forma Pagto"": Rcbto Autom e Boleto Banc); confira estorno (campo ""Dt. Canc."" preenchido = houve estorno). 2. Se confirmada duplicidade sem estorno, estorne em `CDC 13 > 91 > 11 > 6` (o sistema só estorna do mais recente para o mais antigo; se o pagamento em conta foi parcial e só for possível estornar o boleto mais recente, isso deixaria a operação em atraso — nesse caso, estorne primeiro o ""Boleto Bancário"" e depois o ""Recebimento Automático"", só se não houver débitos pendentes). Peça ao supervisor para receber o valor correto em `CDC 13.23`; confirme a data de recebimento retroativo em `CDC 13.61`.\n> Para recebimento por débito em conta em operações contratadas a partir de 01/03/21, é necessária autorização específica do cliente.\n\n### CDC 13º Salário\nDébito em parcela única. **Com convênio:** na data de cobrança (recebimento do 13º, informado pelo empregador) OU no vencimento (30 dias após o crédito do 13º), o que ocorrer primeiro — exceto convênios com 13º vinculado ao aniversário do cliente. **Sem convênio:** na data escolhida na contratação.\n\n- Convênio consta em `SISALFA > CDC 15.13`.\n- **Com convênio:** data de cobrança em `CDC 22 > 10 > 5d` (código de linha 3100; nº convênio em `CDC 15 > 13`); vencimento em `CDC 15 > 13 > F2 > 4`. 1. Informe que o débito ocorre na data de cobrança; se o 13º não for creditado, tenta-se o débito na data de cobrança ou vencimento (o que ocorrer primeiro). 2. Verifique como ocorreu em `CDC 15 > 13 > F2 > 4`. 3. Preste as informações.\n  > **Obs.:** se a data de cobrança mudar por solicitação do empregador, o vencimento pode ser antecipado. *Ex. 1:* cobrança cadastrada 30/06/26 → vencimento 30/07/26; se a cobrança mudar para 30/08/26, cobra-se em 30/07/26 (o que ocorrer primeiro). *Ex. 2:* se o 13º do convênio está vinculado ao mês de aniversário, cobrança e vencimento caem no mês de aniversário do cliente.\n- **Sem convênio:** débito no vencimento (`CDC 15 > 13 > F2 > 4`).\n\n### CDC Antecipação IRPF\nDébito (a) na data prevista do crédito da restituição, ou (b) no vencimento contratual, se o crédito não ocorrer antes.\n1. Informe a regra acima. 2. Consulte `CDC 15 > 13 > F2 > 4`. 3. Preste as informações.\n\n### CDC Antecipação Saque Aniversário FGTS\nLiquidação automática via repasse do FGTS; débito em conta só se o repasse for insuficiente.\n1. Consulte `CDC 15 > 13 > F2 > 4`. 2. Preste as informações.\n\n### Orientações complementares\na) Reclamação de saldo aprovisionado em fim de semana/feriado: explique que, pelas cláusulas gerais do contrato de conta, a liberação de débitos nesses períodos depende do saldo após deduzir débitos programados para o 1º dia útil seguinte.\nb) **Boleto:** algumas linhas permitem gerar boleto (rotina 50107); se houver duplicidade (conta + boleto), estorne como em ""CDC Automático"". Não aplicar esse procedimento a CDC Consignação/Renovação Consignação/FGTS Saque Aniversário se a forma de pagamento foi ""Cta Convênio"" — para forma de pagamento via `SISALFA` ou ""Boleto Bancário"", o estorno é permitido.\nc) Mais informações: ver rotinas auxiliares (item 9).\nd) Se não for possível identificar o motivo, ou o cliente permanecer insatisfeito, registre ocorrência.\n\n---\n\n## 3. Simulação/Contratação de Empréstimos\n\nCDC é um empréstimo pessoal automatizado, pré-aprovado, disponível em conta corrente. Solicitação exclusiva do titular.\n> Se o cliente quiser alterar o vencimento da prestação: após a confirmação do contrato isso não é possível. Alternativa: contratar CDC Renovação (se a linha permitir e houver limite), indicando o vencimento mais adequado.\n\n**Procedimento:** verifique se a Análise de Crédito (ANC) está vigente em `Plataforma de Relacionamento (Operações Contratadas) — aba Limite de Crédito`, campo ""Situação do limite"".\n\n| Status do limite | Procedimento |\n|---|---|\n| Vencida, Impedida, Cancelada, Suspensa, Em transferência, Em estudo, Indeferida, ou Vigente com Limite Total–Margem zerado | Informe que não há limite disponível; o cliente deve ir a qualquer agência com identificação (RG/CPF), comprovante de residência e de renda (emitidos há menos de 90 dias, mesmo que pela internet). Consulte a rotina 50105 para possibilidade de restabelecimento. |\n| Vigente (algum valor em Limite Total–Margem) | Não informe o valor ao cliente. Dentro do horário de atendimento (9h–18h), pergunte se autoriza transferência para a Central de Consultoria em Uso Responsável do Crédito (rotina 50106). Se não autorizar, ou fora do horário, informe as opções: Central de Consultoria; App Alfa > Empréstimo; site > Empréstimo; caixa eletrônico (TAA) > Empréstimo. |\n\n---\n\n## 4. Cancelamento de CDC\n\nCancelamento permitido em até 7 dias corridos (a partir do dia seguinte à liberação do crédito), se contratado por canal de autoatendimento (App, site, caixas eletrônicos ou telefone), pelo titular, autenticado (URA, Token ou Identificação Positiva).\n\n> **Atenção:** o cancelamento da linha 2881 – Crédito Renovação Consignação está restrito ao departamento **DOC – Diretoria de Operações de Crédito** (código 800020) para os convênios: Convênio Especial 01 (700001), 02 (700002), 03 (700003), 04 (700004), 05 (700005), 06 (700006), 07 (700007), 08 (700008), 09 (700009), 10 (700010), 11 (700011), 12 (700012), 13 (700013), 14 (700014), 15 (700015) e 16 (700016). É necessário haver margem suficiente para reaverbação das operações vinculadas à renovação cancelada.\n> O cancelamento da mesma linha para o Convênio Especial 17 (700017) está restrito à **Superintendência Regional III** (código 800030). Ver rotina 50108.\n\nAntes do procedimento, informe o número da operação e que, após o cancelamento, o comando não pode ser desfeito.\n\n### 4.1. Cancelamento de proposta CDC NÃO CONFIRMADA\n`SISRET Y09` — copie o nº da operação (documento, 9 dígitos). `CDC 11.13` → inclua o nº a cancelar. Em ""Exclusão de operação – Confirma?"", responda ""S"". Motivo: ""08 – Exclusão a pedido do cliente – Desistência"". Verifique a mensagem ""Cancelamento da Proposta efetuado em XX/XX/XX às XX:XX:XX por FXXXXX""; se diferente, registre ocorrência.\n> Atenção a operações via Correspondente – LOG 633 ""Operação Novo Fluxo Correspondente/Parceiro Comercial"" (`CDC 15.18.F2.8`). Se pendente de confirmação, registre ocorrência (motivo obrigatório; não oriente o cliente a excluir por autoatendimento).\n\n### 4.2. Cancelamento no MESMO DIA ou DIA ÚTIL SEGUINTE (contratação em dia não útil)\nPermitido para contratações presenciais e não presenciais, todos os canais. Uso do Limite Especial da Conta gera juros e IOF. Cancele em `CDC 14`; se falhar, registre ocorrência.\n\n### 4.3. Cancelamento em até 7 DIAS CORRIDOS (a partir do dia seguinte ao crédito)\n**Via TAA/internet/App/telefone (Duplo Sim):** consulte `CDC 15.18.F2.8` (log) — canal no log 201: *Duplo Sim* → campo ""Ocor"" LOG 201 e 493; *Correspondente* → registre ocorrência. (Contestação: ver item 7.2.)\n**Presencial na agência:** só cancela no mesmo dia (ver item 4.2)! A partir do dia seguinte, só liquidação. Se o cliente relatar falhas, registre ocorrência.\n\nVerifique saldo para o débito (ou ""troco"" nas Renovações — `CDC 15.18.F2.5 Contratos Vinculados` mostrará o `SISCLI`; informe o valor), considerando Limite Especial ou resgates automáticos. Oriente manter saldo (débito à noite); uso do Limite Especial gera juros/IOF. Se discordar, só liquidação/amortização/pagamento. Cancele em `CDC 14`; se falhar, registre ocorrência.\n> No cancelamento de CDC Antecipação Saque Aniversário FGTS, o desbloqueio da garantia é automático. Log ""1120 – Operação Contratada com Parcela Pix"" = produto Alfa Parcela Pix (mesmo procedimento de Duplo Sim).\n\n### 4.4. Cancelamento de REPACTUAÇÃO\n`CDC 15.13`, selecione a operação. Se constar ""Op"" pendente de confirmação, pode excluir; se confirmada, só liquida/paga total.\n> *Convênio Especial 17:* tem repactuação de CDCs consignados com suspensão de cobrança (rotina 50109).\n\n### 4.5. Cancelamento do produto de pagamento parcelado de contas\nVer item 10 da rotina 50110.\n\n### 4.6. Pedido após 7 dias, ou contratação presencial (pedido fora do mesmo dia)\nSó é possível a liquidação.\n> Obs. 1: presencial só cancela no mesmo dia (item 4.2). Obs. 2: exclusivamente para CDC Renovação, se a liquidação antecipada não puder ser feita, registre ocorrência para avaliar cancelamento (informar que o IOF será cobrado em conta). CDC Renovação sem ""troco"" é cancelável se a contratação não foi presencial e o pedido ocorreu em até 7 dias.\n\nCancele em `CDC > 14`. Em caso de erro, registre ocorrência.\n\n---\n\n## 5. Liquidação / Amortização\n\nSolicitação exclusiva do titular.\n\n### 5.1. Amortização/Liquidação ANTECIPADA ou operação EM ATRASO\n**Demanda:** quitação parcial/total antes do vencimento e/ou parcelas em atraso.\n> Pagamento via boleto: emitido em agência, pago no mesmo dia (saldo atualiza diariamente); se não pago no mesmo dia, o mesmo boleto ainda serve, pois o saldo é recalculado.\n\nSe não autenticado (URA/Token/IP), informe os canais. Cancelamento da amortização/liquidação só no mesmo dia, e só com margem disponível (item 5.3). Somente com recursos próprios; há redução proporcional de juros.\n\n**Tipos** (parcelas em atraso sempre em ordem crescente): **Crescente** (da próxima parcela em diante); **Decrescente** (da última parcela para trás); **Linear** (amortiza o saldo total sem alterar o cronograma; recalcula as parcelas a vencer).\n> Linear NÃO permitido para CDC Consignado, nem para operações fora do status ""Normal"", com pagamento parcial, em cobrança, ou com ""Pula-Parcela"". ""Em cobrança"" não aceita nenhuma amortização.\n\n| Necessidade do cliente | Tipo de amortização |\n|---|---|\n| Parar de pagar as próximas prestações por um período | Liquidação antecipada de parcelas integrais, ordem crescente |\n| Amortizar e continuar pagando as próximas prestações | Liquidação antecipada de parcelas integrais, ordem decrescente |\n| Reduzir o valor das prestações em toda a operação | Amortização linear |\n| Liquidar a operação | Quitação total, sempre em ordem crescente |\n\n> No CDC Consignado, pode haver desconto da próxima prestação em folha. Para Consignação/Renovação Consignação, prefira ordem decrescente (evita duplicidade em folha); se o cliente pedir crescente, informe o risco (o valor retorna no vencimento da parcela, se ocorrer).\n\n**Procedimento:** 1. Simule em `CDC 13.11.12`, informe o saldo atual (item 1b). 2. Verifique saldo suficiente (`Plataforma de Relacionamento > Contas > Extrato`), considerando saldo aprovisionado, tarifas pendentes, resgates automáticos e Limite Especial (a critério do cliente, com encargos). 3. Se insuficiente, oriente novo contato; se suficiente, execute em `CDC 13 > 21 > 12` (tipo: parcial/liquidação/linear; quantidade/valor; ordem).\n> Se o sistema indicar ausência de autorização de débito, siga a rotina 50104.\n\n**Leitura obrigatória ao cliente antes da confirmação** (""Sr(a). ___, para sua segurança, faremos a leitura das condições:""):\n- **Parcial/liquidação:** agência/conta; valor base da parcela; encargos por atraso; desconto de antecipação; variação Selic; valor a amortizar; total de parcelas; ordem escolhida.\n- **Linear:** valor base; desconto aproximado; variação Selic; valor da parcela inicial; novo valor da parcela; quantidade de parcelas.\n\nApós a leitura: ""Podemos confirmar a liquidação/amortização?"" (F3, sem impressão). Supervisor confirma em `CDC 13.21.52`. Informar necessidade de saldo em conta. Comprovante: ""o débito ocorre ainda hoje; confirme pelo extrato. Para comprovante detalhado, solicite em qualquer agência o documento \'Demonstrativo de Origem e Evolução de Dívida – Crédito Direto ao Consumidor\'.""\n\n### 5.2. Amortização/liquidação de operações ""EM PERDAS""\nIdentificação: `SISALFA > CDC > 15.13`. **Não informar ao cliente que a operação está em prejuízo.**\na) **Débito em conta:** verifique saldo suficiente (mesmas ressalvas do item 5.1); se insuficiente, oriente novo contato. Liquidação: comando em `CDC 13-34` + confirmação do supervisor em `CDC 13-36`. Amortização parcial: comando em `CDC 13-35` + confirmação do gerente de grupo em `CDC 13-36`.\nb) **Boleto bancário:** registre ocorrência.\n\n### 5.3. Cancelamento da amortização ou liquidação antecipada\nSe só houve o comando do atendente (`CDC 13.21.12`) no mesmo dia: cancele em `CDC 13.91.51`. Se já confirmado pelo supervisor (`CDC 13.21.52`): faça o estorno (item 5.5).\n> O registro do atendente fica pendente de confirmação apenas no mesmo dia; se não confirmado, é excluído automaticamente no dia seguinte.\n\n### 5.4. Liquidação – Desaverbação/Liberação de Margem Consignável\nSe o cliente relatar que liquidou/cancelou mas não houve liberação de margem, ou a parcela segue sendo debitada, registre ocorrência.\n\n### 5.5. Estorno de pagamento antecipado\n**Demanda:** pagamento antes do vencimento, ou débito indevido em conta (ex.: pela agência).\n> Não aplicar a Consignação/Renovação Consignação/FGTS Saque Aniversário se a forma de pagamento foi ""Cta Convênio""; para `SISALFA` ou ""Boleto Bancário"", o estorno é permitido (ver item 2).\n\n1. Analise o motivo (não é permitido estornar e deixar em atraso). 2. Verifique vencimento (`CDC 15.13.F2.4`) e pagamento de salário (`SISPAG 11 > 13 > 36 > Consulta on line`). 3. Se não venceu e não houve crédito de salário, estorno possível (pagamento dentro de 30 dias, operação não atualizada). 4. Estorne em `CDC 13.91.11`. 5. Informe crédito no processamento noturno.\n> Se impossível estornar, ou outra duplicidade não sanável, registre ocorrência.\n\n---\n\n## 6. Dificuldade para contratação\n\n| Situação | Procedimento |\n|---|---|\n| **Renda desatualizada** | Verifique a última atualização; se >12 meses, oriente atualizar via App ou canal de autoatendimento (online; às vezes exige foto do documento, validação em até 3 dias úteis). Após validação, o limite é recalculado automaticamente. |\n| **Contrato do CDC não assinado** | Pergunte se aderiu às Cláusulas Gerais (assinatura da Proposta/Contrato de Adesão). Se sim, prossiga a análise. Se não, informe os canais de adesão: App/site (Empréstimo > Solicitação de Crédito > Assinatura de contrato CDC); caixa eletrônico; agência. |\n| **Acordo de dívida vigente** | Contratação impossibilitada durante a vigência do acordo; após encerrado, pode verificar novamente. |\n| **Não correntista** | Exceto CDC Consignado e Crédito 13º Salário INSS (exigem ANC vigente), as demais linhas exigem conta corrente com ANC vigente. |\n| **Modalidade de conta simplificada (sem linhas de crédito)** | Não permite contratar linhas de crédito; se houver interesse, o cliente faz upgrade da conta pelo app (Menu > Upgrade de Conta), sujeito a análise de crédito na agência. |\n\n---\n\n## 7. Contratação não reconhecida\n\n### 7.1. Falsidade ideológica e fraude\nFraude com uso de documentos falsos para contratar produtos; a vítima costuma descobrir só quando seu CPF/CNPJ sofre restrição por inadimplência. Ver rotina 50111.\n- Falsidade em operação de não correntista: oriente comparecimento a qualquer agência com identificação e boletim de ocorrência.\n- Fraude – demais situações: ver rotina 50112.\n\n### 7.2. Contestação de operações via Correspondente (falha, suspeita de fraude/golpe)\nIndícios de falha ou fraude/golpe (presencial ou Duplo Sim): registre ocorrência e responsabilize a unidade de correspondentes/antifraude (código 800010):\n- **Assunto 50113** — contratação não reconhecida; divergente do solicitado; insatisfação com o contrato/descumprimento; falta de clareza.\n- **Assunto 50114** — suspeita de fraude/golpe: abordagem por suposta empresa vinculada ao banco, internalização por correspondente e transferência de recursos a terceiros pelo cliente.\n- **Assunto 50115** — contestação/suspeita de fraude em operação via Correspondente ainda pendente de confirmação.\n\n> No módulo de SAC e Ouvidoria (assuntos 50113/50114), é obrigatório selecionar o produto/modalidade — só aparecem operações contratadas via Correspondente; caso contrário, o registro não é possível. Ao selecionar a operação, os dados de identificação do correspondente, do CDC e da chave de operação são preenchidos automaticamente (não editáveis).\n\n---\n\n## 8. Limite Especial da Conta\n\n### 8.1. Cancelamento do Limite Especial da Conta\na) Pode ser solicitado a qualquer tempo por qualquer titular.\nb) Ao ser solicitado, sonde o motivo e, se cabível, argumente: sem tarifa; limite disponível para emergências sem custo se não usado; cancelar não garante nova contratação futura; é possível reduzir para R$ 100,00 em vez de cancelar. O cliente não pode estar usando o limite no momento (se estiver, oriente cobrir o saldo). Se aceitar reduzir, siga para 8.2. *(Em Ouvidoria, cancelar direto, sem sondagem.)*\nc) Se decidir manter, encerre em FCR.\nd) Se insistir no cancelamento, verifique viabilidade:\n\n**Procedimento (cliente autenticado por URA/Token/IP):**\n> Não cancelar se o cliente estiver usando o limite; se houver juros/IOF a cobrar, é necessário saldo. Falha de autenticação: registre ocorrência.\n- **Atendente:** confira saldo suficiente (extrato) para limite + juros + IOF (desconsiderar valores provisionados); se insuficiente, peça depósito equivalente e informe que o cancelamento pode ser pedido no SAC/agência após o depósito; encerre em FCR. Cancele na plataforma (`Contas > Limite Especial da Conta PF > Implantação, Alteração, Renovação e Cancelamento > Cancelar > Registrar`) e peça deferimento ao supervisor.\n  > Se aparecer ""(27) Já existe comando de implantação para esta conta."", registre ocorrência. Se aparecer ""já existe solicitação pendente de deferimento"", peça o deferimento ao supervisor; se não localizar ou houver erro, abra ocorrência.\n- **Supervisor:** confirme dados (nome, produto, valor); defira (`Deferimentos e Pendências > Limite Especial da Conta Pessoa > Cancelamento > Deferimento`); confirme para o atendente prosseguir.\n- **Atendente:** informe o cancelamento e a disponibilidade da agência para recontratação futura; encerre e registre FCR. *(Se o supervisor não conseguir deferir, registre ocorrência.)*\n\n### 8.2. Redução do Limite Especial da Conta\na) Se o pedido for por causa da tarifa, esclareça que ela não é cobrada; se insistir, siga abaixo.\nb) Identifique PF e titular da conta.\nc) Cliente autenticado:\n- **Atendente:** verifique saldo suficiente para que a redução não deixe o saldo excedido; se preciso, peça depósito e informe que a redução pode ser pedida via app, WhatsApp, SAC ou agência após o depósito. Modalidade ""Ouro"" (limite ≥ R$ 1.000,00) reduzida para entre R$ 100,00 e R$ 950,00 muda para ""Classic"" (diferenças na rotina 50116). Se o cliente concordar, altere modalidade/limite na plataforma e peça deferimento ao supervisor.\n- **Supervisor:** confirme dados; defira (`Deferimentos e Pendências > Limite Especial da Conta Pessoa Física > Alteração > Deferimento`); confirme para o atendente prosseguir.\n- **Atendente:** informe a redução realizada; para elevar no futuro, indicar app/agência. Encerre e registre FCR. *(Se o supervisor não conseguir deferir, registre ocorrência.)*\n\n### 8.3. Alterar data de débito dos juros\nFalha de autenticação: informe os canais. Acesse `Plataforma > Contas > Limite Especial da Conta PF > Alterar > Tipo de Alteração – ""Dia do débito""` e escolha um dia entre 1 e 28. A alteração só vale a partir do mês seguinte à solicitação.\n\n---\n\n## 9. Rotinas auxiliares (índice de empréstimos)\n\n| Código (anonimizado) | Assunto |\n|---|---|\n| 50107 | CDC – Condições Gerais / Contrato |\n| 50108 | Crédito Consignação e Renovação – Correntista e não correntista |\n| 50118 | Crédito Consignação – INSS |\n| 50119 | Crédito Automático |\n| 50120 | Crédito Benefício |\n| 50121 | Crédito Salário e Salário Funci |\n| 50122 | Crédito Renovação e Renovação Funci |\n| 50123 | Crédito 13º Décimo Terceiro Salário |\n| 50124 | Crédito 13º Décimo Terceiro Salário – Não Correntistas |\n| 50125 | CDC Antecipação Restituição IRPF |\n| 50126 | CDC Antecipação Saque Aniversário FGTS |\n| 50117 | Crédito Parcelamento Cheque Especial (Limite Especial da Conta) |\n| 50104 | Autorização de Débito – Empréstimos, CDC e outros (Resolução CMN 4.790/2020) |\n| 50127 | Crédito do Trabalhador – Novo modelo de Crédito Consignado do Setor Privado |\n| 50128 | Crédito do Trabalhador – Atendimento ao Empregador |\n\n---\n\n## 10. Fonte de informação\n\nDepartamento responsável: **DOC – Diretoria de Operações de Crédito** (código 800020).\n']","Com 'Op' pendente de confirmação, pode excluir a repactuação; se já confirmada, só liquidação/pagamento total. Convênio Especial 17 tem repactuação com suspensão (rotina 50109).",CONDITIONAL_WORKFLOW,10.8204,,0.4583333333333333,0.8208552330049047,1.0,0.9999999999
Operação contratada após 01/03/2021 sem débito em conta por falta de autorização. Qual norma e rotina?,"Para operações contratadas após 01/03/2021, a questão do débito em conta corrente ou poupança é regida principalmente pelas normas do **Banco Central do Brasil (BACEN)**, especificamente no que tange à transparência e à autorização do cliente.

Aqui está o panorama geral sobre a norma e a rotina aplicável:

### 1. A Norma (Base Legal)
A principal norma que rege a autorização para débitos em conta é a **Resolução CMN nº 4.790/2020**, que entrou em vigor em 01/03/2021.

*   **O que ela determina:** O débito em conta para pagamento de obrigações (empréstimos, financiamentos, cartões) só pode ser realizado se houver uma **autorização prévia e específica** do cliente.
*   **Formalização:** A autorização deve ser dada de forma clara, podendo ser feita por meio físico ou eletrônico (internet banking, app, biometria, etc.).
*   **Revogabilidade:** O cliente tem o direito de revogar essa autorização a qualquer momento, também por meio dos canais de atendimento do banco.

### 2. A Rotina (Procedimento Padrão)
Quando não há débito em conta por falta de autorização, a rotina bancária segue os seguintes passos:

1.  **Identificação da Pendência:** O sistema identifica que a parcela venceu e não houve o débito automático devido à ausência de autorização (ou revogação da mesma).
2.  **Notificação ao Cliente:** O banco deve notificar o cliente sobre o não pagamento da parcela. Isso ocorre via SMS, e-mail, notificação no app ou carta.
3.  **Cobrança Alternativa:** Como o débito automático não está ativo, a responsabilidade pelo pagamento recai sobre o cliente, que deve utilizar outros meios:
    *   Emissão de boleto bancário.
    *   Pagamento via PIX (se disponível para a modalidade).
    *   Pagamento manual via Internet Banking (opção ""pagar empréstimo"").
4.  **Gestão de Inadimplência:** Caso o cliente não efetue o pagamento manual após o vencimento, a operação entra no fluxo padrão de cobrança (juros de mora, multa e, eventualmente, negativação nos órgãos de proteção ao crédito, conforme previsto em contrato).

### O que você deve fazer (Orientação ao Cliente):
Se você é o cliente ou está orientando um:
*   **Verifique o contrato:** Confirme se a autorização de débito foi assinada no momento da contratação.
*   **Regularize a autorização:** Caso deseje que o débito ocorra automaticamente, acesse o Internet Banking ou App do banco e procure por ""Autorização de Débito em Conta"" ou ""Débito Automático"" para formalizar a permissão.
*   **Evite encargos:** Enquanto a autorização não estiver ativa, o pagamento deve ser feito manualmente até a data de vencimento para evitar a incidência de encargos por atraso.

**Nota:** Como não tenho acesso aos seus dados internos, se você for um funcionário do banco, consulte o **Manual de Produtos** ou o **Portal de Normativos Internos** da sua instituição para verificar se existe alguma regra específica de ""fluxo de contingência"" ou ""processo de cobrança"" que complemente a Resolução 4.790/2020.","['# POP – Atendimento de Operações de CDC (Crédito Direto ao Consumidor) – Pessoa Física\n### [Versão anonimizada/pseudonimizada para uso acadêmico]\n\n> **Nota metodológica de anonimização:** este documento é uma versão pseudonimizada de uma rotina real de atendimento (SAC) de operações de crédito pessoa física. Foram substituídos: (i) o nome da instituição financeira e de seus canais/site/e-mail; (ii) os nomes de sistemas internos claramente proprietários; (iii) nomes e códigos de convênios de consignação com órgãos públicos; (iv) códigos de prefixo/departamento interno; e (v) números de rotinas/assuntos auxiliares referenciados ao longo do texto — todos substituídos por identificadores fictícios e sequenciais. A lógica processual, as condições, exceções e o fluxo de decisão originais foram mantidos integralmente, o que preserva o valor do documento como exemplo de POP para fins de extração de árvore de decisão. Termos e siglas genéricas do setor bancário (CDC, SAC, Ouvidoria, TAA, URA, FCR, ANC, Token, Identificação Positiva) e referências a normas públicas (Resolução CMN 4.790/2020, INSS) foram mantidos, por não serem exclusivos de uma única instituição.\n\n**Sumário:** Observações iniciais · 1. Consulta geral CDC · 2. Débito da parcela CDC · 3. Simulação/Contratação · 4. Cancelamento de CDC · 5. Liquidação/Amortização · 6. Dificuldade para contratação · 7. Contratação não reconhecida · 8. Limite Especial da Conta · 9. Rotinas auxiliares · 10. Fonte de informação\n\n---\n\n## Observações iniciais\n\na) Esta rotina destina-se ao atendimento das operações de crédito PF listadas no item 2. Para os casos abaixo, consulte rotinas específicas:\n- **FIES:** rotina 50101 – SAC QC – Financiamento Estudantil (FIES)\n- **Financiamento imobiliário:** rotina 50102 – SAC QC – Financiamento Imobiliário\n- **Renegociação de dívidas:** rotina 50103 – SAC QC – Renegociação de Dívidas Pessoa Física e Jurídica\n\nb) **Autorização de Débito em Conta:** a partir de 01/03/2021, para que uma operação seja debitada em conta, é necessária autorização específica do cliente para o débito. Ver informações e procedimentos na rotina 50104.\n\nc) **Canais para contratação de CDC:** [link para os canais de contratação]\n\n---\n\n## 1. Consulta geral CDC\n\nPara verificar as informações da operação, identifique se o consumidor é PF e titular da operação. Em caso de FALHA, RECUSA ou INAPLICABILIDADE de Identificação Positiva (IP), registre ocorrência.\n\n| Demanda | Consulta |\n|---|---|\n| a) Informações gerais do CDC | `SISALFA > CDC > 15 > 18` — em ""Código do Cliente"" pressione F4, inclua o CPF e selecione a operação. Clique em F2 > Outros dados > 4. Cronograma. Principais informações: modalidade do CDC, data de vencimento, parcelas pagas e data de pagamento (mais detalhes no item 2), parcelas a vencer, parcelas em atraso, taxas de juros ou CET. |\n| b) Saldo atualizado total | `SISALFA > CDC > 15 > 18` — mesmo caminho acima; após selecionar a operação, verifique o campo ""Saldo devedor atual"". Esse é o saldo do dia, com atualização diária. |\n| c) Parcelas, valores pagos, juros, datas de pagamento | `SISALFA > CDC > 15 > 18` → Agência/Conta → selecione a operação → F2 → 4. Cronograma → selecione a parcela (""P"" indica pagamento parcial) → F9 (detalhe) → F12/F11 (pagamentos e parcelas). O ""total recebimento parcial"" é o valor recebido naquela parcela. |\n| d) Consultar CDC liquidado, renovado ou excluído | `SISALFA > CDC > 15 > 18`, em ""Código do Cliente"" pressione F4 e insira o CPF — NÃO selecione nenhuma operação e pressione F11. F12 para operações arquivadas. |\n| e) Consulta de cláusulas gerais ou documentos do CDC contratado | Cláusulas gerais consultáveis em: **App Alfa** (Menu > Empréstimos > Contratar empréstimo > Aderir ao contrato); **site institucional**, inclusive para não correntista (Página inicial > Pra você > Empréstimo > Empréstimo pessoal > Contrato de abertura de crédito rotativo); **site institucional (área logada)** (Menu > Empréstimos > Crédito consignado e pessoal > Aderir Contrato de Empréstimo). Documentos do CDC contratado: Extrato de Empréstimo (parcelas pagas/a pagar) — App, site, caixas eletrônicos ou agências; Consolidado Anual (valores por exercício) — site ou agências; 2ª via do comprovante (com taxas) — App ou agências. |\n\n---\n\n## 2. Débito da parcela CDC (data ou valor divergente, duplicidade)\n\nPara identificar o débito questionado, consulte o extrato em `Plataforma de Relacionamento (Operações Contratadas) > Contas > Consultas > Extrato Conta Corrente`. O número da operação consta no campo ""Documento"" (9 dígitos).\n\nSituações possíveis: débito antes/depois do vencimento contratual; valor divergente; duplicidade (folha + conta); débito em conta errada.\n\n**Consulta:** `CDC 15.13` (F4 – CPF) → selecione a operação → F2.4 (cronograma) → selecione a parcela com ""x"" → F9 (detalhar) → F12 (mais informações) → F3 (voltar) e copie o nº da operação → `CDC 13.61` (cole o nº como ""nº contrato"") para ver como ocorreu o pagamento.\n\nSiga então a orientação por modalidade:\n\n### CDC Consignação ou CDC Renovação Consignação\nDébito ocorre na folha de pagamento. a) Se não consignada (ou parcial), o débito ocorrerá total/parcial em conta. b) Se liquidado/renovado mas houve consignação, o estorno é automático em conta em até D+2 dias úteis, exceto para os convênios de código 900001 (INSS — devolução a partir do 5º dia útil) e código 900002 (MPDG — devolução até o 1º dia útil).\n\n1. Consulte a parcela: `CDC 15 > 13 > F2 > 4` (datas); `CDC 15 > 13 > F8 > F9` (mês/ano da folha). *Consig total* = debitada integralmente em folha; *Consig parcial* = debitada parcialmente (verifique o restante em conta); *Não consignada* = sem débito em folha; *Incluída* = ainda não vencida; *Enviada* = empregador não retornou (sem repasse, o débito ocorre em conta).\n2. Confirme a consignação em `SISCONSIG 22 > 01 > 01` (Convênio, Data Prevista, nº Operação — dados em `CDC 15.13`); selecione ""x"" e F9: ""Tipo Lançamento"" *Amortização* = consignado; *Devolução* = não consignado, devolvido à conta.\n3. Preste as informações.\n4. Se o cliente disser que a parcela foi consignada em folha mas também há débito agendado em conta: verifique o extrato (agendado ou debitado); se debitado, verifique devolução; se a data for hoje/próximo dia útil, oriente aguardar o processamento noturno (tende a ser excluído) e encerre em FCR. Se confirmada duplicidade sem estorno, ou se o sistema não mostra consignação mas o cliente afirma o desconto, registre ocorrência e oriente o envio de cópia do contracheque para `sacdocumentos@bancoalfa.com.br`.\n\n> **Crédito do Trabalhador** (identifique pelo campo ""Convênio"" = ""E-Consig PJ"" em `CDC > 15 > 13`): exigir contracheque da competência anterior ao débito (ex.: débito no mês 09 → contracheque do mês 08) e o documento ""Detalhe da guia emitida"" (com a instituição que recebeu o valor) + comprovante de pagamento da guia, fornecidos pela empresa.\n\n### CDC Salário, CDC Benefício e CDC Renovação\nDébito no dia do crédito do salário/benefício, mesmo que divergente do vencimento contratual (cobrança antecipada gera desconto proporcional). Renovação com convênio: débito na data de crédito de proventos; sem convênio: na data de vencimento.\n\n1. Verifique no extrato o recebimento de salário no dia do débito.\n2. Compare a data de débito (`CDC 15 > 13 > F2 > 4`) com a cadastrada em `CDC 24 > 14` e `SISPAG 11 > 13 > 36 > Consulta on line`.\n3. Se ambos ocorrerem após o vencimento do contrato, registre ocorrência.\n4. Preste as informações.\n\n### CDC Automático\nDébito em conta (corrente ou salário) na data de vencimento informada na autorização; há opção de boleto (gerado pelo cliente ou se a autorização foi cancelada).\n\n**Duplicidade:** 1. Verifique boleto pago + débito em conta (`CDC 13 > 61`, ""Forma Pagto"": Rcbto Autom e Boleto Banc); confira estorno (campo ""Dt. Canc."" preenchido = houve estorno). 2. Se confirmada duplicidade sem estorno, estorne em `CDC 13 > 91 > 11 > 6` (o sistema só estorna do mais recente para o mais antigo; se o pagamento em conta foi parcial e só for possível estornar o boleto mais recente, isso deixaria a operação em atraso — nesse caso, estorne primeiro o ""Boleto Bancário"" e depois o ""Recebimento Automático"", só se não houver débitos pendentes). Peça ao supervisor para receber o valor correto em `CDC 13.23`; confirme a data de recebimento retroativo em `CDC 13.61`.\n> Para recebimento por débito em conta em operações contratadas a partir de 01/03/21, é necessária autorização específica do cliente.\n\n### CDC 13º Salário\nDébito em parcela única. **Com convênio:** na data de cobrança (recebimento do 13º, informado pelo empregador) OU no vencimento (30 dias após o crédito do 13º), o que ocorrer primeiro — exceto convênios com 13º vinculado ao aniversário do cliente. **Sem convênio:** na data escolhida na contratação.\n\n- Convênio consta em `SISALFA > CDC 15.13`.\n- **Com convênio:** data de cobrança em `CDC 22 > 10 > 5d` (código de linha 3100; nº convênio em `CDC 15 > 13`); vencimento em `CDC 15 > 13 > F2 > 4`. 1. Informe que o débito ocorre na data de cobrança; se o 13º não for creditado, tenta-se o débito na data de cobrança ou vencimento (o que ocorrer primeiro). 2. Verifique como ocorreu em `CDC 15 > 13 > F2 > 4`. 3. Preste as informações.\n  > **Obs.:** se a data de cobrança mudar por solicitação do empregador, o vencimento pode ser antecipado. *Ex. 1:* cobrança cadastrada 30/06/26 → vencimento 30/07/26; se a cobrança mudar para 30/08/26, cobra-se em 30/07/26 (o que ocorrer primeiro). *Ex. 2:* se o 13º do convênio está vinculado ao mês de aniversário, cobrança e vencimento caem no mês de aniversário do cliente.\n- **Sem convênio:** débito no vencimento (`CDC 15 > 13 > F2 > 4`).\n\n### CDC Antecipação IRPF\nDébito (a) na data prevista do crédito da restituição, ou (b) no vencimento contratual, se o crédito não ocorrer antes.\n1. Informe a regra acima. 2. Consulte `CDC 15 > 13 > F2 > 4`. 3. Preste as informações.\n\n### CDC Antecipação Saque Aniversário FGTS\nLiquidação automática via repasse do FGTS; débito em conta só se o repasse for insuficiente.\n1. Consulte `CDC 15 > 13 > F2 > 4`. 2. Preste as informações.\n\n### Orientações complementares\na) Reclamação de saldo aprovisionado em fim de semana/feriado: explique que, pelas cláusulas gerais do contrato de conta, a liberação de débitos nesses períodos depende do saldo após deduzir débitos programados para o 1º dia útil seguinte.\nb) **Boleto:** algumas linhas permitem gerar boleto (rotina 50107); se houver duplicidade (conta + boleto), estorne como em ""CDC Automático"". Não aplicar esse procedimento a CDC Consignação/Renovação Consignação/FGTS Saque Aniversário se a forma de pagamento foi ""Cta Convênio"" — para forma de pagamento via `SISALFA` ou ""Boleto Bancário"", o estorno é permitido.\nc) Mais informações: ver rotinas auxiliares (item 9).\nd) Se não for possível identificar o motivo, ou o cliente permanecer insatisfeito, registre ocorrência.\n\n---\n\n## 3. Simulação/Contratação de Empréstimos\n\nCDC é um empréstimo pessoal automatizado, pré-aprovado, disponível em conta corrente. Solicitação exclusiva do titular.\n> Se o cliente quiser alterar o vencimento da prestação: após a confirmação do contrato isso não é possível. Alternativa: contratar CDC Renovação (se a linha permitir e houver limite), indicando o vencimento mais adequado.\n\n**Procedimento:** verifique se a Análise de Crédito (ANC) está vigente em `Plataforma de Relacionamento (Operações Contratadas) — aba Limite de Crédito`, campo ""Situação do limite"".\n\n| Status do limite | Procedimento |\n|---|---|\n| Vencida, Impedida, Cancelada, Suspensa, Em transferência, Em estudo, Indeferida, ou Vigente com Limite Total–Margem zerado | Informe que não há limite disponível; o cliente deve ir a qualquer agência com identificação (RG/CPF), comprovante de residência e de renda (emitidos há menos de 90 dias, mesmo que pela internet). Consulte a rotina 50105 para possibilidade de restabelecimento. |\n| Vigente (algum valor em Limite Total–Margem) | Não informe o valor ao cliente. Dentro do horário de atendimento (9h–18h), pergunte se autoriza transferência para a Central de Consultoria em Uso Responsável do Crédito (rotina 50106). Se não autorizar, ou fora do horário, informe as opções: Central de Consultoria; App Alfa > Empréstimo; site > Empréstimo; caixa eletrônico (TAA) > Empréstimo. |\n\n---\n\n## 4. Cancelamento de CDC\n\nCancelamento permitido em até 7 dias corridos (a partir do dia seguinte à liberação do crédito), se contratado por canal de autoatendimento (App, site, caixas eletrônicos ou telefone), pelo titular, autenticado (URA, Token ou Identificação Positiva).\n\n> **Atenção:** o cancelamento da linha 2881 – Crédito Renovação Consignação está restrito ao departamento **DOC – Diretoria de Operações de Crédito** (código 800020) para os convênios: Convênio Especial 01 (700001), 02 (700002), 03 (700003), 04 (700004), 05 (700005), 06 (700006), 07 (700007), 08 (700008), 09 (700009), 10 (700010), 11 (700011), 12 (700012), 13 (700013), 14 (700014), 15 (700015) e 16 (700016). É necessário haver margem suficiente para reaverbação das operações vinculadas à renovação cancelada.\n> O cancelamento da mesma linha para o Convênio Especial 17 (700017) está restrito à **Superintendência Regional III** (código 800030). Ver rotina 50108.\n\nAntes do procedimento, informe o número da operação e que, após o cancelamento, o comando não pode ser desfeito.\n\n### 4.1. Cancelamento de proposta CDC NÃO CONFIRMADA\n`SISRET Y09` — copie o nº da operação (documento, 9 dígitos). `CDC 11.13` → inclua o nº a cancelar. Em ""Exclusão de operação – Confirma?"", responda ""S"". Motivo: ""08 – Exclusão a pedido do cliente – Desistência"". Verifique a mensagem ""Cancelamento da Proposta efetuado em XX/XX/XX às XX:XX:XX por FXXXXX""; se diferente, registre ocorrência.\n> Atenção a operações via Correspondente – LOG 633 ""Operação Novo Fluxo Correspondente/Parceiro Comercial"" (`CDC 15.18.F2.8`). Se pendente de confirmação, registre ocorrência (motivo obrigatório; não oriente o cliente a excluir por autoatendimento).\n\n### 4.2. Cancelamento no MESMO DIA ou DIA ÚTIL SEGUINTE (contratação em dia não útil)\nPermitido para contratações presenciais e não presenciais, todos os canais. Uso do Limite Especial da Conta gera juros e IOF. Cancele em `CDC 14`; se falhar, registre ocorrência.\n\n### 4.3. Cancelamento em até 7 DIAS CORRIDOS (a partir do dia seguinte ao crédito)\n**Via TAA/internet/App/telefone (Duplo Sim):** consulte `CDC 15.18.F2.8` (log) — canal no log 201: *Duplo Sim* → campo ""Ocor"" LOG 201 e 493; *Correspondente* → registre ocorrência. (Contestação: ver item 7.2.)\n**Presencial na agência:** só cancela no mesmo dia (ver item 4.2)! A partir do dia seguinte, só liquidação. Se o cliente relatar falhas, registre ocorrência.\n\nVerifique saldo para o débito (ou ""troco"" nas Renovações — `CDC 15.18.F2.5 Contratos Vinculados` mostrará o `SISCLI`; informe o valor), considerando Limite Especial ou resgates automáticos. Oriente manter saldo (débito à noite); uso do Limite Especial gera juros/IOF. Se discordar, só liquidação/amortização/pagamento. Cancele em `CDC 14`; se falhar, registre ocorrência.\n> No cancelamento de CDC Antecipação Saque Aniversário FGTS, o desbloqueio da garantia é automático. Log ""1120 – Operação Contratada com Parcela Pix"" = produto Alfa Parcela Pix (mesmo procedimento de Duplo Sim).\n\n### 4.4. Cancelamento de REPACTUAÇÃO\n`CDC 15.13`, selecione a operação. Se constar ""Op"" pendente de confirmação, pode excluir; se confirmada, só liquida/paga total.\n> *Convênio Especial 17:* tem repactuação de CDCs consignados com suspensão de cobrança (rotina 50109).\n\n### 4.5. Cancelamento do produto de pagamento parcelado de contas\nVer item 10 da rotina 50110.\n\n### 4.6. Pedido após 7 dias, ou contratação presencial (pedido fora do mesmo dia)\nSó é possível a liquidação.\n> Obs. 1: presencial só cancela no mesmo dia (item 4.2). Obs. 2: exclusivamente para CDC Renovação, se a liquidação antecipada não puder ser feita, registre ocorrência para avaliar cancelamento (informar que o IOF será cobrado em conta). CDC Renovação sem ""troco"" é cancelável se a contratação não foi presencial e o pedido ocorreu em até 7 dias.\n\nCancele em `CDC > 14`. Em caso de erro, registre ocorrência.\n\n---\n\n## 5. Liquidação / Amortização\n\nSolicitação exclusiva do titular.\n\n### 5.1. Amortização/Liquidação ANTECIPADA ou operação EM ATRASO\n**Demanda:** quitação parcial/total antes do vencimento e/ou parcelas em atraso.\n> Pagamento via boleto: emitido em agência, pago no mesmo dia (saldo atualiza diariamente); se não pago no mesmo dia, o mesmo boleto ainda serve, pois o saldo é recalculado.\n\nSe não autenticado (URA/Token/IP), informe os canais. Cancelamento da amortização/liquidação só no mesmo dia, e só com margem disponível (item 5.3). Somente com recursos próprios; há redução proporcional de juros.\n\n**Tipos** (parcelas em atraso sempre em ordem crescente): **Crescente** (da próxima parcela em diante); **Decrescente** (da última parcela para trás); **Linear** (amortiza o saldo total sem alterar o cronograma; recalcula as parcelas a vencer).\n> Linear NÃO permitido para CDC Consignado, nem para operações fora do status ""Normal"", com pagamento parcial, em cobrança, ou com ""Pula-Parcela"". ""Em cobrança"" não aceita nenhuma amortização.\n\n| Necessidade do cliente | Tipo de amortização |\n|---|---|\n| Parar de pagar as próximas prestações por um período | Liquidação antecipada de parcelas integrais, ordem crescente |\n| Amortizar e continuar pagando as próximas prestações | Liquidação antecipada de parcelas integrais, ordem decrescente |\n| Reduzir o valor das prestações em toda a operação | Amortização linear |\n| Liquidar a operação | Quitação total, sempre em ordem crescente |\n\n> No CDC Consignado, pode haver desconto da próxima prestação em folha. Para Consignação/Renovação Consignação, prefira ordem decrescente (evita duplicidade em folha); se o cliente pedir crescente, informe o risco (o valor retorna no vencimento da parcela, se ocorrer).\n\n**Procedimento:** 1. Simule em `CDC 13.11.12`, informe o saldo atual (item 1b). 2. Verifique saldo suficiente (`Plataforma de Relacionamento > Contas > Extrato`), considerando saldo aprovisionado, tarifas pendentes, resgates automáticos e Limite Especial (a critério do cliente, com encargos). 3. Se insuficiente, oriente novo contato; se suficiente, execute em `CDC 13 > 21 > 12` (tipo: parcial/liquidação/linear; quantidade/valor; ordem).\n> Se o sistema indicar ausência de autorização de débito, siga a rotina 50104.\n\n**Leitura obrigatória ao cliente antes da confirmação** (""Sr(a). ___, para sua segurança, faremos a leitura das condições:""):\n- **Parcial/liquidação:** agência/conta; valor base da parcela; encargos por atraso; desconto de antecipação; variação Selic; valor a amortizar; total de parcelas; ordem escolhida.\n- **Linear:** valor base; desconto aproximado; variação Selic; valor da parcela inicial; novo valor da parcela; quantidade de parcelas.\n\nApós a leitura: ""Podemos confirmar a liquidação/amortização?"" (F3, sem impressão). Supervisor confirma em `CDC 13.21.52`. Informar necessidade de saldo em conta. Comprovante: ""o débito ocorre ainda hoje; confirme pelo extrato. Para comprovante detalhado, solicite em qualquer agência o documento \'Demonstrativo de Origem e Evolução de Dívida – Crédito Direto ao Consumidor\'.""\n\n### 5.2. Amortização/liquidação de operações ""EM PERDAS""\nIdentificação: `SISALFA > CDC > 15.13`. **Não informar ao cliente que a operação está em prejuízo.**\na) **Débito em conta:** verifique saldo suficiente (mesmas ressalvas do item 5.1); se insuficiente, oriente novo contato. Liquidação: comando em `CDC 13-34` + confirmação do supervisor em `CDC 13-36`. Amortização parcial: comando em `CDC 13-35` + confirmação do gerente de grupo em `CDC 13-36`.\nb) **Boleto bancário:** registre ocorrência.\n\n### 5.3. Cancelamento da amortização ou liquidação antecipada\nSe só houve o comando do atendente (`CDC 13.21.12`) no mesmo dia: cancele em `CDC 13.91.51`. Se já confirmado pelo supervisor (`CDC 13.21.52`): faça o estorno (item 5.5).\n> O registro do atendente fica pendente de confirmação apenas no mesmo dia; se não confirmado, é excluído automaticamente no dia seguinte.\n\n### 5.4. Liquidação – Desaverbação/Liberação de Margem Consignável\nSe o cliente relatar que liquidou/cancelou mas não houve liberação de margem, ou a parcela segue sendo debitada, registre ocorrência.\n\n### 5.5. Estorno de pagamento antecipado\n**Demanda:** pagamento antes do vencimento, ou débito indevido em conta (ex.: pela agência).\n> Não aplicar a Consignação/Renovação Consignação/FGTS Saque Aniversário se a forma de pagamento foi ""Cta Convênio""; para `SISALFA` ou ""Boleto Bancário"", o estorno é permitido (ver item 2).\n\n1. Analise o motivo (não é permitido estornar e deixar em atraso). 2. Verifique vencimento (`CDC 15.13.F2.4`) e pagamento de salário (`SISPAG 11 > 13 > 36 > Consulta on line`). 3. Se não venceu e não houve crédito de salário, estorno possível (pagamento dentro de 30 dias, operação não atualizada). 4. Estorne em `CDC 13.91.11`. 5. Informe crédito no processamento noturno.\n> Se impossível estornar, ou outra duplicidade não sanável, registre ocorrência.\n\n---\n\n## 6. Dificuldade para contratação\n\n| Situação | Procedimento |\n|---|---|\n| **Renda desatualizada** | Verifique a última atualização; se >12 meses, oriente atualizar via App ou canal de autoatendimento (online; às vezes exige foto do documento, validação em até 3 dias úteis). Após validação, o limite é recalculado automaticamente. |\n| **Contrato do CDC não assinado** | Pergunte se aderiu às Cláusulas Gerais (assinatura da Proposta/Contrato de Adesão). Se sim, prossiga a análise. Se não, informe os canais de adesão: App/site (Empréstimo > Solicitação de Crédito > Assinatura de contrato CDC); caixa eletrônico; agência. |\n| **Acordo de dívida vigente** | Contratação impossibilitada durante a vigência do acordo; após encerrado, pode verificar novamente. |\n| **Não correntista** | Exceto CDC Consignado e Crédito 13º Salário INSS (exigem ANC vigente), as demais linhas exigem conta corrente com ANC vigente. |\n| **Modalidade de conta simplificada (sem linhas de crédito)** | Não permite contratar linhas de crédito; se houver interesse, o cliente faz upgrade da conta pelo app (Menu > Upgrade de Conta), sujeito a análise de crédito na agência. |\n\n---\n\n## 7. Contratação não reconhecida\n\n### 7.1. Falsidade ideológica e fraude\nFraude com uso de documentos falsos para contratar produtos; a vítima costuma descobrir só quando seu CPF/CNPJ sofre restrição por inadimplência. Ver rotina 50111.\n- Falsidade em operação de não correntista: oriente comparecimento a qualquer agência com identificação e boletim de ocorrência.\n- Fraude – demais situações: ver rotina 50112.\n\n### 7.2. Contestação de operações via Correspondente (falha, suspeita de fraude/golpe)\nIndícios de falha ou fraude/golpe (presencial ou Duplo Sim): registre ocorrência e responsabilize a unidade de correspondentes/antifraude (código 800010):\n- **Assunto 50113** — contratação não reconhecida; divergente do solicitado; insatisfação com o contrato/descumprimento; falta de clareza.\n- **Assunto 50114** — suspeita de fraude/golpe: abordagem por suposta empresa vinculada ao banco, internalização por correspondente e transferência de recursos a terceiros pelo cliente.\n- **Assunto 50115** — contestação/suspeita de fraude em operação via Correspondente ainda pendente de confirmação.\n\n> No módulo de SAC e Ouvidoria (assuntos 50113/50114), é obrigatório selecionar o produto/modalidade — só aparecem operações contratadas via Correspondente; caso contrário, o registro não é possível. Ao selecionar a operação, os dados de identificação do correspondente, do CDC e da chave de operação são preenchidos automaticamente (não editáveis).\n\n---\n\n## 8. Limite Especial da Conta\n\n### 8.1. Cancelamento do Limite Especial da Conta\na) Pode ser solicitado a qualquer tempo por qualquer titular.\nb) Ao ser solicitado, sonde o motivo e, se cabível, argumente: sem tarifa; limite disponível para emergências sem custo se não usado; cancelar não garante nova contratação futura; é possível reduzir para R$ 100,00 em vez de cancelar. O cliente não pode estar usando o limite no momento (se estiver, oriente cobrir o saldo). Se aceitar reduzir, siga para 8.2. *(Em Ouvidoria, cancelar direto, sem sondagem.)*\nc) Se decidir manter, encerre em FCR.\nd) Se insistir no cancelamento, verifique viabilidade:\n\n**Procedimento (cliente autenticado por URA/Token/IP):**\n> Não cancelar se o cliente estiver usando o limite; se houver juros/IOF a cobrar, é necessário saldo. Falha de autenticação: registre ocorrência.\n- **Atendente:** confira saldo suficiente (extrato) para limite + juros + IOF (desconsiderar valores provisionados); se insuficiente, peça depósito equivalente e informe que o cancelamento pode ser pedido no SAC/agência após o depósito; encerre em FCR. Cancele na plataforma (`Contas > Limite Especial da Conta PF > Implantação, Alteração, Renovação e Cancelamento > Cancelar > Registrar`) e peça deferimento ao supervisor.\n  > Se aparecer ""(27) Já existe comando de implantação para esta conta."", registre ocorrência. Se aparecer ""já existe solicitação pendente de deferimento"", peça o deferimento ao supervisor; se não localizar ou houver erro, abra ocorrência.\n- **Supervisor:** confirme dados (nome, produto, valor); defira (`Deferimentos e Pendências > Limite Especial da Conta Pessoa > Cancelamento > Deferimento`); confirme para o atendente prosseguir.\n- **Atendente:** informe o cancelamento e a disponibilidade da agência para recontratação futura; encerre e registre FCR. *(Se o supervisor não conseguir deferir, registre ocorrência.)*\n\n### 8.2. Redução do Limite Especial da Conta\na) Se o pedido for por causa da tarifa, esclareça que ela não é cobrada; se insistir, siga abaixo.\nb) Identifique PF e titular da conta.\nc) Cliente autenticado:\n- **Atendente:** verifique saldo suficiente para que a redução não deixe o saldo excedido; se preciso, peça depósito e informe que a redução pode ser pedida via app, WhatsApp, SAC ou agência após o depósito. Modalidade ""Ouro"" (limite ≥ R$ 1.000,00) reduzida para entre R$ 100,00 e R$ 950,00 muda para ""Classic"" (diferenças na rotina 50116). Se o cliente concordar, altere modalidade/limite na plataforma e peça deferimento ao supervisor.\n- **Supervisor:** confirme dados; defira (`Deferimentos e Pendências > Limite Especial da Conta Pessoa Física > Alteração > Deferimento`); confirme para o atendente prosseguir.\n- **Atendente:** informe a redução realizada; para elevar no futuro, indicar app/agência. Encerre e registre FCR. *(Se o supervisor não conseguir deferir, registre ocorrência.)*\n\n### 8.3. Alterar data de débito dos juros\nFalha de autenticação: informe os canais. Acesse `Plataforma > Contas > Limite Especial da Conta PF > Alterar > Tipo de Alteração – ""Dia do débito""` e escolha um dia entre 1 e 28. A alteração só vale a partir do mês seguinte à solicitação.\n\n---\n\n## 9. Rotinas auxiliares (índice de empréstimos)\n\n| Código (anonimizado) | Assunto |\n|---|---|\n| 50107 | CDC – Condições Gerais / Contrato |\n| 50108 | Crédito Consignação e Renovação – Correntista e não correntista |\n| 50118 | Crédito Consignação – INSS |\n| 50119 | Crédito Automático |\n| 50120 | Crédito Benefício |\n| 50121 | Crédito Salário e Salário Funci |\n| 50122 | Crédito Renovação e Renovação Funci |\n| 50123 | Crédito 13º Décimo Terceiro Salário |\n| 50124 | Crédito 13º Décimo Terceiro Salário – Não Correntistas |\n| 50125 | CDC Antecipação Restituição IRPF |\n| 50126 | CDC Antecipação Saque Aniversário FGTS |\n| 50117 | Crédito Parcelamento Cheque Especial (Limite Especial da Conta) |\n| 50104 | Autorização de Débito – Empréstimos, CDC e outros (Resolução CMN 4.790/2020) |\n| 50127 | Crédito do Trabalhador – Novo modelo de Crédito Consignado do Setor Privado |\n| 50128 | Crédito do Trabalhador – Atendimento ao Empregador |\n\n---\n\n## 10. Fonte de informação\n\nDepartamento responsável: **DOC – Diretoria de Operações de Crédito** (código 800020).\n']","Desde 01/03/2021, o débito em conta exige autorização específica do cliente (Resolução CMN 4.790/2020). Sem autorização indicada pelo sistema, seguir a rotina 50104 de Autorização de Débito.",REGULATORY_TIMELINE,11.0309,,0.14814814814814814,0.813592534419423,1.0,0.9999999999
